architecture,batch_size,depth,budget,method,batch_latency_ms,batch_latency_iqr_ms,per_image_latency_ms,img_per_sec,speedup_vs_clean,vram_allocated_mb,vram_reserved_mb,flops_suffix,token_count_suffix,top1_acc,retention_pp
deit_tiny,1,12,196,Clean,3.839871883392334,0.4475839138031006,3.839871883392334,260.42535542007465,1.0,885.9150390625,920.0,1224589824.0,197,67.9,0.0
deit_tiny,2,12,196,Clean,3.5997440814971924,0.3700480461120605,1.7998720407485962,555.5950519594069,1.0,886.6611328125,920.0,1224589824.0,197,67.9,0.0
deit_tiny,4,12,196,Clean,3.331583976745605,0.2800319194793701,0.8328959941864014,1200.6300990519603,1.0,887.6376953125,920.0,1224589824.0,197,67.9,0.0
deit_tiny,8,12,196,Clean,4.441311836242676,0.0152959823608398,0.5551639795303345,1801.2696011834091,1.0,889.9345703125,940.0,1224589824.0,197,67.9,0.0
deit_tiny,16,12,196,Clean,6.687039852142334,0.0279040336608886,0.4179399907588959,2392.687998543042,1.0,894.5283203125,960.0,1224589824.0,197,67.9,0.0
deit_tiny,32,12,196,Clean,12.605664253234863,0.1228799819946289,0.3939270079135895,2538.541353882892,1.0,903.7158203125,1000.0,1224589824.0,197,67.9,0.0
deit_tiny,64,12,196,Clean,26.479808807373047,0.2641925811767578,0.4137470126152038,2416.9358799214524,1.0,922.0908203125,1142.0,1224589824.0,197,67.9,0.0
deit_tiny,96,12,196,Clean,40.20467376708984,0.5734062194824219,0.4187986850738525,2387.782091110568,1.0,941.3408203125,1352.0,1224589824.0,197,67.9,0.0
deit_tiny,128,12,196,Clean,54.93574523925781,0.4126396179199219,0.4291855096817016,2329.994786500675,1.0,959.3408203125,1574.0,1224589824.0,197,67.9,0.0
deit_tiny,1,6,98,Spatial_Group_Mean,5.762144088745117,2.1942079067230225,5.762144088745117,173.54651056943294,0.6663963663964161,885.99169921875,1574.0,285348096.0,99,65.2,-2.700000000000003
deit_tiny,1,6,98,Fast_Amortized_Operator,9.924256324768066,1.096751689910889,9.924256324768066,100.76321764324948,0.3869178463084561,885.99169921875,1578.0,285348096.0,99,65.2,-2.700000000000003
deit_tiny,1,6,98,Fast_Operator_Diagonal,9.698176383972168,1.81001615524292,9.698176383972168,103.11216876325992,0.3959375176696471,885.99169921875,1578.0,285348096.0,99,65.2,-2.700000000000003
deit_tiny,1,6,98,Fast_Operator_One_Step,12.172896385192873,5.599152088165283,12.172896385192873,82.14971756568974,0.3154443907091134,885.99169921875,1578.0,285348096.0,99,,
deit_tiny,1,6,98,Hybrid_Group_Mean,23.730239868164062,2.119152069091797,23.730239868164062,42.14032414150085,0.1618134458279883,885.99169921875,1578.0,285348096.0,99,64.60000000000001,-3.299999999999997
deit_tiny,1,6,98,Hybrid_Amortized_Operator,27.832576751708984,1.7289133071899414,27.832576751708984,35.92912035852368,0.1379632190597141,885.99169921875,1578.0,285348096.0,99,64.60000000000001,-3.299999999999997
deit_tiny,1,6,98,Attention_Pruning_EViT,3.9027199745178223,0.2175521850585937,3.9027199745178223,256.23155300132674,0.9838963360077472,885.99169921875,1578.0,285348096.0,99,65.60000000000001,-2.299999999999997
deit_tiny,1,6,98,Token_Merging_ToMe,30.36636734008789,0.2074079513549804,30.36636734008789,32.931169830111976,0.1264514731178649,885.99169921875,1578.0,285348096.0,99,66.3,-1.6000000000000085
deit_tiny,2,6,98,Spatial_Group_Mean,4.812736034393311,0.5720479488372803,2.4063680171966557,415.5640337860579,0.7479620855522306,886.73779296875,1578.0,285348096.0,99,65.2,-2.700000000000003
deit_tiny,2,6,98,Fast_Amortized_Operator,10.8472318649292,0.8963198661804199,5.4236159324646,184.3788373756731,0.3318583142982063,886.73779296875,1584.0,285348096.0,99,65.2,-2.700000000000003
deit_tiny,2,6,98,Fast_Operator_Diagonal,9.396032333374023,0.8104162216186523,4.698016166687012,212.85580221942675,0.3831132071258592,886.73779296875,1584.0,285348096.0,99,65.2,-2.700000000000003
deit_tiny,2,6,98,Fast_Operator_One_Step,8.529696464538574,0.1804475784301757,4.264848232269287,234.47493217546668,0.4220248746790458,886.73779296875,1584.0,285348096.0,99,,
deit_tiny,2,6,98,Hybrid_Group_Mean,26.769664764404297,4.589312553405762,13.384832382202148,74.71143242179879,0.1344710183402738,886.73779296875,1584.0,285348096.0,99,64.60000000000001,-3.299999999999997
deit_tiny,2,6,98,Hybrid_Amortized_Operator,29.103391647338867,1.0005435943603516,14.551695823669434,68.72051286101131,0.1236881297244385,886.73779296875,1584.0,285348096.0,99,64.60000000000001,-3.299999999999997
deit_tiny,2,6,98,Attention_Pruning_EViT,4.343520164489746,0.5877759456634521,2.171760082244873,460.4560182201777,0.8287619131889241,886.73779296875,1584.0,285348096.0,99,65.60000000000001,-2.299999999999997
deit_tiny,2,6,98,Token_Merging_ToMe,45.66115188598633,0.8625602722167969,22.830575942993164,43.80090990682632,0.0788360331006449,886.73779296875,1584.0,285348096.0,99,66.3,-1.6000000000000085
deit_tiny,4,6,98,Spatial_Group_Mean,4.74454402923584,0.7604320049285889,1.18613600730896,843.0736389739528,0.7021926567055576,887.71435546875,1584.0,285348096.0,99,65.2,-2.700000000000003
deit_tiny,4,6,98,Fast_Amortized_Operator,13.029120445251465,0.7326397895812988,3.257280111312866,307.0046068580034,0.255702907248802,887.71435546875,1590.0,285348096.0,99,65.2,-2.700000000000003
deit_tiny,4,6,98,Fast_Operator_Diagonal,12.015104293823242,0.7513279914855957,3.0037760734558105,332.9142970532791,0.2772829844230578,887.71435546875,1590.0,285348096.0,99,65.2,-2.700000000000003
deit_tiny,4,6,98,Fast_Operator_One_Step,11.924192428588867,0.8024153709411621,2.981048107147217,335.4524865272883,0.2793970322684462,887.71435546875,1590.0,285348096.0,99,,
deit_tiny,4,6,98,Hybrid_Group_Mean,29.64374351501465,3.45072078704834,7.410935878753662,134.9357242270696,0.1123874241813672,887.71435546875,1590.0,285348096.0,99,64.60000000000001,-3.299999999999997
deit_tiny,4,6,98,Hybrid_Amortized_Operator,39.27360153198242,2.6848316192626958,9.818400382995604,101.84958455471936,0.0848301109851749,887.71435546875,1590.0,285348096.0,99,64.60000000000001,-3.299999999999997
deit_tiny,4,6,98,Attention_Pruning_EViT,3.951328039169312,0.4355040788650512,0.987832009792328,1012.317873977611,0.8431555020792465,887.71435546875,1590.0,285348096.0,99,65.60000000000001,-2.299999999999997
deit_tiny,4,6,98,Token_Merging_ToMe,91.3625946044922,7.110736846923828,22.840648651123047,43.78159373993221,0.0364655140450859,887.71435546875,1590.0,285348096.0,99,66.3,-1.6000000000000085
deit_tiny,8,6,98,Spatial_Group_Mean,3.67142391204834,0.0393279790878295,0.4589279890060425,2178.9910921881765,1.209697366100338,890.01123046875,1590.0,285348096.0,99,65.2,-2.700000000000003
deit_tiny,8,6,98,Fast_Amortized_Operator,19.461055755615234,0.4942235946655273,2.4326319694519043,411.0773896576348,0.2282153595372744,890.01123046875,1590.0,285348096.0,99,65.2,-2.700000000000003
deit_tiny,8,6,98,Fast_Operator_Diagonal,17.957887649536133,0.428318977355957,2.2447359561920166,445.48669398801184,0.2473181658621969,890.01123046875,1590.0,285348096.0,99,65.2,-2.700000000000003
deit_tiny,8,6,98,Fast_Operator_One_Step,18.165376663208008,0.6112642288208008,2.270672082901001,440.3982448766465,0.2444932422038938,890.01123046875,1590.0,285348096.0,99,,
deit_tiny,8,6,98,Hybrid_Group_Mean,30.73548889160156,1.8237438201904297,3.8419361114501953,260.2854318737058,0.1445010961727783,890.01123046875,1590.0,285348096.0,99,64.60000000000001,-3.299999999999997
deit_tiny,8,6,98,Hybrid_Amortized_Operator,46.58838272094727,3.7126731872558594,5.823547840118408,171.71662832594973,0.0953308867329656,890.01123046875,1590.0,285348096.0,99,64.60000000000001,-3.299999999999997
deit_tiny,8,6,98,Attention_Pruning_EViT,4.376224040985107,0.5543839931488037,0.5470280051231384,1828.0599724960985,1.0148730491510478,890.01123046875,1590.0,285348096.0,99,65.60000000000001,-2.299999999999997
deit_tiny,8,6,98,Token_Merging_ToMe,207.49058532714844,0.8801422119140625,25.936323165893555,38.55596622558309,0.0214048836444318,890.01123046875,1590.0,285348096.0,99,66.3,-1.6000000000000085
deit_tiny,16,6,98,Spatial_Group_Mean,6.005983829498291,0.0138559341430664,0.3753739893436432,2664.0098365593763,1.1133962464732334,894.60498046875,1590.0,285348096.0,99,65.2,-2.700000000000003
deit_tiny,16,6,98,Fast_Amortized_Operator,32.674495697021484,0.4381923675537109,2.0421559810638428,489.6785599496954,0.2046562528202051,894.60498046875,1590.0,285348096.0,99,65.2,-2.700000000000003
deit_tiny,16,6,98,Fast_Operator_Diagonal,31.30303955078125,0.361663818359375,1.956439971923828,511.1324724247322,0.2136227008017641,894.60498046875,1590.0,285348096.0,99,65.2,-2.700000000000003
deit_tiny,16,6,98,Fast_Operator_One_Step,30.813535690307617,0.385904312133789,1.925845980644226,519.2523234207359,0.2170163112519975,894.60498046875,1590.0,285348096.0,99,,
deit_tiny,16,6,98,Hybrid_Group_Mean,50.80393600463867,3.2711219787597656,3.175246000289917,314.9362285343229,0.1316244444432764,894.60498046875,1590.0,285348096.0,99,64.60000000000001,-3.299999999999997
deit_tiny,16,6,98,Hybrid_Amortized_Operator,72.74662780761719,1.896575927734375,4.546664237976074,219.94146645962692,0.0919223344596344,894.60498046875,1590.0,285348096.0,99,64.60000000000001,-3.299999999999997
deit_tiny,16,6,98,Attention_Pruning_EViT,5.461184024810791,0.0262882709503173,0.3413240015506744,2929.767597522836,1.2244670426344064,894.60498046875,1590.0,285348096.0,99,65.60000000000001,-2.299999999999997
deit_tiny,16,6,98,Token_Merging_ToMe,341.2554626464844,19.822769165039062,21.328466415405277,46.88569635169424,0.0195954074999514,894.60498046875,1590.0,285348096.0,99,66.3,-1.6000000000000085
deit_tiny,32,6,98,Spatial_Group_Mean,9.687295913696287,0.0347518920898437,0.302727997303009,3303.295396887496,1.3012572719506244,903.79248046875,1590.0,285348096.0,99,65.2,-2.700000000000003
deit_tiny,32,6,98,Fast_Amortized_Operator,60.47779083251953,0.4544811248779297,1.8899309635162356,529.1198563885582,0.2084346018548129,903.79248046875,1886.0,285348096.0,99,65.2,-2.700000000000003
deit_tiny,32,6,98,Fast_Operator_Diagonal,59.46412658691406,0.3386383056640625,1.8582539558410645,538.1395782081842,0.211987713883431,903.79248046875,1886.0,285348096.0,99,65.2,-2.700000000000003
deit_tiny,32,6,98,Fast_Operator_One_Step,58.29254531860352,0.3331031799316406,1.82164204120636,548.9552707829264,0.2162483072979125,903.79248046875,1886.0,285348096.0,99,,
deit_tiny,32,6,98,Hybrid_Group_Mean,75.12566375732422,6.430194854736328,2.347676992416382,425.952975315712,0.1677943810780094,903.79248046875,1886.0,285348096.0,99,64.60000000000001,-3.299999999999997
deit_tiny,32,6,98,Hybrid_Amortized_Operator,127.13196563720705,13.296852111816406,3.97287392616272,251.7069553641412,0.0991541677976355,903.79248046875,1886.0,285348096.0,99,64.60000000000001,-3.299999999999997
deit_tiny,32,6,98,Attention_Pruning_EViT,9.767071723937988,0.0398402214050293,0.3052209913730621,3276.314631904629,1.2906288199297038,903.79248046875,1886.0,285348096.0,99,65.60000000000001,-2.299999999999997
deit_tiny,32,6,98,Token_Merging_ToMe,661.2769775390625,5.78387451171875,20.664905548095703,48.39122045211338,0.0190626086819879,903.79248046875,1886.0,285348096.0,99,66.3,-1.6000000000000085
deit_tiny,64,6,98,Spatial_Group_Mean,18.90118408203125,0.0884323120117187,0.2953310012817383,3386.0312519173203,1.40096031510251,922.16748046875,1886.0,285348096.0,99,65.2,-2.700000000000003
deit_tiny,64,6,98,Fast_Amortized_Operator,120.56771087646484,0.6744613647460938,1.8838704824447632,530.8220545513648,0.2196260393008919,922.16748046875,2622.0,285348096.0,99,65.2,-2.700000000000003
deit_tiny,64,6,98,Fast_Operator_Diagonal,118.91741180419922,0.9342079162597656,1.8580845594406128,538.1886388965289,0.2226739415668815,922.16748046875,2622.0,285348096.0,99,65.2,-2.700000000000003
deit_tiny,64,6,98,Fast_Operator_One_Step,116.0819854736328,0.4319190979003906,1.8137810230255127,551.3344705370941,0.2281129901365078,922.16748046875,2622.0,285348096.0,99,,
deit_tiny,64,6,98,Hybrid_Group_Mean,115.75299072265624,18.299789428710938,1.808640480041504,552.9014809936425,0.2287613360316415,922.16748046875,2622.0,285348096.0,99,64.60000000000001,-3.299999999999997
deit_tiny,64,6,98,Hybrid_Amortized_Operator,212.1926422119141,9.049552917480469,3.315510034561157,301.6127200870802,0.1247913619027751,922.16748046875,2622.0,285348096.0,99,64.60000000000001,-3.299999999999997
deit_tiny,64,6,98,Attention_Pruning_EViT,19.28636741638184,0.0416641235351562,0.3013494908809662,3318.4061372614115,1.3729806259358672,922.16748046875,2622.0,285348096.0,99,65.60000000000001,-2.299999999999997
deit_tiny,64,6,98,Token_Merging_ToMe,1392.9332275390625,100.73297119140624,21.76458168029785,45.94620814170019,0.0190101063596248,922.16748046875,2622.0,285348096.0,99,66.3,-1.6000000000000085
deit_tiny,96,6,98,Spatial_Group_Mean,28.52649688720703,0.0521755218505859,0.2971510092417399,3365.29228876512,1.4093799854240077,941.41748046875,2622.0,285348096.0,99,65.2,-2.700000000000003
deit_tiny,96,6,98,Fast_Amortized_Operator,179.53369140625,0.9739227294921876,1.870142618815104,534.7185770428492,0.2239394369501067,941.41748046875,3728.0,285348096.0,99,65.2,-2.700000000000003
deit_tiny,96,6,98,Fast_Operator_Diagonal,177.9722900390625,0.8001937866210938,1.8538780212402344,539.4098147466063,0.2259041211318091,941.41748046875,3728.0,285348096.0,99,65.2,-2.700000000000003
deit_tiny,96,6,98,Fast_Operator_One_Step,173.98704528808594,0.6648406982421875,1.8123650550842283,551.7652181577324,0.2310785478339457,941.41748046875,3728.0,285348096.0,99,,
deit_tiny,96,6,98,Hybrid_Group_Mean,170.5045166015625,27.78012084960937,1.7760887145996094,563.0349383901321,0.2357982918484249,941.41748046875,3728.0,285348096.0,99,64.60000000000001,-3.299999999999997
deit_tiny,96,6,98,Hybrid_Amortized_Operator,336.9383544921875,35.875579833984375,3.5097745259602866,284.9185873917062,0.119323529752746,941.41748046875,3728.0,285348096.0,99,64.60000000000001,-3.299999999999997
deit_tiny,96,6,98,Attention_Pruning_EViT,28.241600036621094,0.1035671234130859,0.294183333714803,3399.240831805425,1.423597590609461,941.41748046875,3728.0,285348096.0,99,65.60000000000001,-2.299999999999997
deit_tiny,96,6,98,Token_Merging_ToMe,2024.6702880859373,10.5909423828125,21.090315500895183,47.41512757158871,0.0198573930795903,941.41748046875,3728.0,285348096.0,99,66.3,-1.6000000000000085
deit_tiny,128,6,98,Spatial_Group_Mean,38.22972869873047,0.062509536743164,0.2986697554588318,3348.179659047662,1.4369901934742768,959.41748046875,3728.0,285348096.0,99,65.2,-2.700000000000003
deit_tiny,128,6,98,Fast_Amortized_Operator,239.07574462890625,1.2716140747070312,1.86777925491333,535.3951744401415,0.2297838508232157,959.41748046875,4904.0,285348096.0,99,65.2,-2.700000000000003
deit_tiny,128,6,98,Fast_Operator_Diagonal,237.91357421875,0.9102401733398438,1.8586997985839844,538.0104957034112,0.2309063088125735,959.41748046875,4904.0,285348096.0,99,65.2,-2.700000000000003
deit_tiny,128,6,98,Fast_Operator_One_Step,235.32684326171875,1.82525634765625,1.8384909629821775,543.9243489007533,0.2334444489112575,959.41748046875,4904.0,285348096.0,99,,
deit_tiny,128,6,98,Hybrid_Group_Mean,195.63449096679688,16.837982177734375,1.5283944606781006,654.2813558460108,0.2808080771840049,959.41748046875,4904.0,285348096.0,99,64.60000000000001,-3.299999999999997
deit_tiny,128,6,98,Hybrid_Amortized_Operator,405.4587707519531,21.707351684570312,3.167646646499634,315.6917773972791,0.1354903363845735,959.41748046875,4904.0,285348096.0,99,64.60000000000001,-3.299999999999997
deit_tiny,128,6,98,Attention_Pruning_EViT,38.16371154785156,0.1850872039794922,0.2981539964675903,3353.971477315754,1.4394759579496517,959.41748046875,4904.0,285348096.0,99,65.60000000000001,-2.299999999999997
deit_tiny,128,6,98,Token_Merging_ToMe,2746.697509765625,35.6588134765625,21.458574295043945,46.60141844702885,0.0200006535280783,959.41748046875,4904.0,285348096.0,99,66.3,-1.6000000000000085
deit_tiny,1,6,49,Spatial_Group_Mean,4.963168144226074,0.6619999408721924,4.963168144226074,201.4842074539334,0.773673543149947,1867.865234375,4904.0,138470400.0,50,61.5,-6.400000000000006
deit_tiny,1,6,49,Fast_Amortized_Operator,7.968160152435303,0.5190556049346924,7.968160152435303,125.49948556121464,0.4819019459867102,1867.865234375,4904.0,138470400.0,50,61.4,-6.500000000000007
deit_tiny,1,6,49,Fast_Operator_Diagonal,8.467488288879395,0.8072319030761719,8.467488288879395,118.0987756798353,0.4534841681960579,1867.865234375,4904.0,138470400.0,50,61.4,-6.500000000000007
deit_tiny,1,6,49,Fast_Operator_One_Step,9.127455711364746,1.73148775100708,9.127455711364746,109.559556531716,0.4206946606830692,1867.865234375,4904.0,138470400.0,50,,
deit_tiny,1,6,49,Hybrid_Group_Mean,10.62492847442627,5.1146559715271,10.62492847442627,94.11828064602558,0.3614021395659025,1867.865234375,4904.0,138470400.0,50,60.099999999999994,-7.800000000000011
deit_tiny,1,6,49,Hybrid_Amortized_Operator,15.091520309448242,3.979599475860596,15.091520309448242,66.2623764534801,0.2544390362704765,1867.865234375,4904.0,138470400.0,50,60.099999999999994,-7.800000000000011
deit_tiny,1,6,49,Attention_Pruning_EViT,7.456672191619873,3.502079725265503,7.456672191619873,134.1080812327841,0.5149578504614627,1867.865234375,4904.0,138470400.0,50,57.49999999999999,-10.400000000000013
deit_tiny,1,6,49,Token_Merging_ToMe,34.75862503051758,1.3969593048095703,34.75862503051758,28.769837676893555,0.1104724907852649,1867.865234375,4904.0,138470400.0,50,63.2,-4.700000000000003
deit_tiny,2,6,49,Spatial_Group_Mean,4.356959819793701,0.439903974533081,2.1784799098968506,459.0356768758769,0.8262054805149976,1868.447265625,4904.0,138470400.0,50,61.5,-6.400000000000006
deit_tiny,2,6,49,Fast_Amortized_Operator,9.30668830871582,0.6746559143066406,4.65334415435791,214.89921373287825,0.3867910863766642,1868.447265625,4904.0,138470400.0,50,61.4,-6.500000000000007
deit_tiny,2,6,49,Fast_Operator_Diagonal,8.519328117370605,0.5447521209716797,4.259664058685303,234.7602971086501,0.4225384950436928,1868.447265625,4904.0,138470400.0,50,61.4,-6.500000000000007
deit_tiny,2,6,49,Fast_Operator_One_Step,8.478303909301758,0.7562556266784668,4.239151954650879,235.8962383744879,0.4245830439680068,1868.447265625,4904.0,138470400.0,50,,
deit_tiny,2,6,49,Hybrid_Group_Mean,7.156256198883057,0.6791996955871582,3.5781280994415283,279.4757404454243,0.5030205712952308,1868.447265625,4904.0,138470400.0,50,60.099999999999994,-7.800000000000011
deit_tiny,2,6,49,Hybrid_Amortized_Operator,11.992416381835938,1.1855039596557615,5.996208190917969,166.7720613027795,0.3001683703168837,1868.447265625,4904.0,138470400.0,50,60.099999999999994,-7.800000000000011
deit_tiny,2,6,49,Attention_Pruning_EViT,4.3448638916015625,0.8739359378814697,2.172431945800781,460.3136139352754,0.8285056036980456,1868.447265625,4904.0,138470400.0,50,57.49999999999999,-10.400000000000013
deit_tiny,2,6,49,Token_Merging_ToMe,67.55366516113281,3.740047454833984,33.776832580566406,29.60609161959588,0.0532871765419519,1868.447265625,4904.0,138470400.0,50,63.2,-4.700000000000003
deit_tiny,4,6,49,Spatial_Group_Mean,4.928224086761475,0.4199841022491455,1.2320560216903689,811.6514041528809,0.6760212031947024,1870.447265625,4904.0,138470400.0,50,61.5,-6.400000000000006
deit_tiny,4,6,49,Fast_Amortized_Operator,12.594976425170898,0.3884963989257812,3.1487441062927246,317.58693823404474,0.2645168886610599,1870.447265625,4904.0,138470400.0,50,61.4,-6.500000000000007
deit_tiny,4,6,49,Fast_Operator_Diagonal,11.557600021362305,0.2985119819641113,2.889400005340576,346.09261374391434,0.2882591516048077,1870.447265625,4904.0,138470400.0,50,61.4,-6.500000000000007
deit_tiny,4,6,49,Fast_Operator_One_Step,10.934944152832031,0.5818238258361816,2.733736038208008,365.7997648725114,0.3046731588366422,1870.447265625,4904.0,138470400.0,50,,
deit_tiny,4,6,49,Hybrid_Group_Mean,6.657472133636475,0.5429120063781738,1.6643680334091189,600.8286508313331,0.5004277764698375,1870.447265625,4904.0,138470400.0,50,60.099999999999994,-7.800000000000011
deit_tiny,4,6,49,Hybrid_Amortized_Operator,14.54310417175293,0.7416481971740723,3.635776042938232,275.0444439344112,0.2290834155761973,1870.447265625,4904.0,138470400.0,50,60.099999999999994,-7.800000000000011
deit_tiny,4,6,49,Attention_Pruning_EViT,4.77564811706543,0.454927921295166,1.1939120292663574,837.5826488778124,0.6976192330503651,1870.447265625,4904.0,138470400.0,50,57.49999999999999,-10.400000000000013
deit_tiny,4,6,49,Token_Merging_ToMe,171.2256622314453,31.61727905273437,42.80641555786133,23.360984258266203,0.0194572702089615,1870.447265625,4904.0,138470400.0,50,63.2,-4.700000000000003
deit_tiny,8,6,49,Spatial_Group_Mean,5.177343845367432,0.7810239791870117,0.647167980670929,1545.1938752644787,0.8578359809377273,1871.884765625,4904.0,138470400.0,50,61.5,-6.400000000000006
deit_tiny,8,6,49,Fast_Amortized_Operator,21.08278465270996,1.317744255065918,2.635348081588745,379.4565154357675,0.2106605891680344,1871.884765625,4904.0,138470400.0,50,61.4,-6.500000000000007
deit_tiny,8,6,49,Fast_Operator_Diagonal,19.33782386779785,1.172016143798828,2.4172279834747314,413.6970144464876,0.2296696808599303,1871.884765625,4904.0,138470400.0,50,61.4,-6.500000000000007
deit_tiny,8,6,49,Fast_Operator_One_Step,18.470016479492188,0.6515846252441406,2.3087520599365234,433.1344267549864,0.2404606320288884,1871.884765625,4904.0,138470400.0,50,,
deit_tiny,8,6,49,Hybrid_Group_Mean,8.524224281311035,0.7592477798461914,1.0655280351638794,938.5018197538076,0.5210224050509845,1871.884765625,4904.0,138470400.0,50,60.099999999999994,-7.800000000000011
deit_tiny,8,6,49,Hybrid_Amortized_Operator,23.110111236572266,1.5394401550292969,2.888763904571533,346.1688227333074,0.1921804612179538,1871.884765625,4904.0,138470400.0,50,60.099999999999994,-7.800000000000011
deit_tiny,8,6,49,Attention_Pruning_EViT,5.15558385848999,2.060511827468872,0.6444479823112488,1551.7156193329974,0.8614566183282845,1871.884765625,4904.0,138470400.0,50,57.49999999999999,-10.400000000000013
deit_tiny,8,6,49,Token_Merging_ToMe,275.3139953613281,32.52287292480469,34.414249420166016,29.057730935547337,0.0161318055423001,1871.884765625,4904.0,138470400.0,50,63.2,-4.700000000000003
deit_tiny,16,6,49,Spatial_Group_Mean,4.678592205047607,0.0341918468475341,0.2924120128154754,3419.8321415442083,1.4292846136339616,1876.525390625,4904.0,138470400.0,50,61.5,-6.400000000000006
deit_tiny,16,6,49,Fast_Amortized_Operator,32.03385543823242,1.148880958557129,2.0021159648895264,499.4715678495568,0.208749142451375,1876.525390625,4904.0,138470400.0,50,61.4,-6.500000000000007
deit_tiny,16,6,49,Fast_Operator_Diagonal,31.157567977905277,0.6668310165405273,1.94734799861908,513.5188988866545,0.2146200838552067,1876.525390625,4904.0,138470400.0,50,61.4,-6.500000000000007
deit_tiny,16,6,49,Fast_Operator_One_Step,31.055648803710938,0.2873430252075195,1.9409780502319336,515.2041775436393,0.2153244292015331,1876.525390625,4904.0,138470400.0,50,,
deit_tiny,16,6,49,Hybrid_Group_Mean,9.74614429473877,0.6538243293762207,0.6091340184211731,1641.6748527555897,0.6861215727897829,1876.525390625,4904.0,138470400.0,50,60.099999999999994,-7.800000000000011
deit_tiny,16,6,49,Hybrid_Amortized_Operator,34.888702392578125,0.4948635101318359,2.180543899536133,458.60117753773727,0.1916677719021406,1876.525390625,4906.0,138470400.0,50,60.099999999999994,-7.800000000000011
deit_tiny,16,6,49,Attention_Pruning_EViT,4.619935989379883,0.0237441062927246,0.2887459993362427,3463.251446942152,1.4474312777307357,1876.525390625,4906.0,138470400.0,50,57.49999999999999,-10.400000000000013
deit_tiny,16,6,49,Token_Merging_ToMe,510.1223449707031,12.996551513671877,31.882646560668945,31.365024797960768,0.0131086981742122,1876.525390625,4906.0,138470400.0,50,63.2,-4.700000000000003
deit_tiny,32,6,49,Spatial_Group_Mean,8.397151947021484,0.0285916328430175,0.2624109983444214,3810.815881609785,1.5011832979521302,1885.666015625,4906.0,138470400.0,50,61.5,-6.400000000000006
deit_tiny,32,6,49,Fast_Amortized_Operator,57.85478210449219,0.8046703338623047,1.8079619407653809,553.108988332277,0.2178845688238463,1885.666015625,4906.0,138470400.0,50,61.4,-6.500000000000007
deit_tiny,32,6,49,Fast_Operator_Diagonal,57.627967834472656,0.9414882659912108,1.8008739948272705,555.2859349806505,0.2187421269034276,1885.666015625,4906.0,138470400.0,50,61.4,-6.500000000000007
deit_tiny,32,6,49,Fast_Operator_One_Step,57.09695816040039,0.7427349090576172,1.7842799425125122,560.450171620414,0.2207764591910874,1885.666015625,4906.0,138470400.0,50,,
deit_tiny,32,6,49,Hybrid_Group_Mean,12.399968147277832,0.6691679954528809,0.3874990046024322,2580.651790385846,1.016588438253544,1885.666015625,4906.0,138470400.0,50,60.099999999999994,-7.800000000000011
deit_tiny,32,6,49,Hybrid_Amortized_Operator,62.54963302612305,0.8755340576171875,1.9546760320663448,511.5937288814407,0.201530586885622,1885.666015625,4906.0,138470400.0,50,60.099999999999994,-7.800000000000011
deit_tiny,32,6,49,Attention_Pruning_EViT,8.37446403503418,0.0404481887817382,0.2617020010948181,3821.140059367321,1.5052502704053243,1885.666015625,4906.0,138470400.0,50,57.49999999999999,-10.400000000000013
deit_tiny,32,6,49,Token_Merging_ToMe,1047.9908447265625,20.14404296875,32.74971389770508,30.53461789387035,0.012028410664717,1885.666015625,4906.0,138470400.0,50,63.2,-4.700000000000003
deit_tiny,64,6,49,Spatial_Group_Mean,16.102848052978516,0.0480642318725585,0.2516070008277893,3974.45220804664,1.644417727861198,1904.041015625,4906.0,138470400.0,50,61.5,-6.400000000000006
deit_tiny,64,6,49,Fast_Amortized_Operator,113.43081665039062,0.8862266540527344,1.7723565101623535,564.2205697703544,0.2334445751985323,1904.041015625,4906.0,138470400.0,50,61.4,-6.500000000000007
deit_tiny,64,6,49,Fast_Operator_Diagonal,112.4818878173828,0.5505905151367188,1.7575294971466064,568.9804931430882,0.2354139792742782,1904.041015625,4906.0,138470400.0,50,61.4,-6.500000000000007
deit_tiny,64,6,49,Fast_Operator_One_Step,111.1531219482422,0.5698356628417969,1.7367675304412842,575.7822981328517,0.238228205769184,1904.041015625,4906.0,138470400.0,50,,
deit_tiny,64,6,49,Hybrid_Group_Mean,22.50783920288086,1.132512092590332,0.3516849875450134,2843.4537595154143,1.176470498508973,1904.041015625,4906.0,138470400.0,50,60.099999999999994,-7.800000000000011
deit_tiny,64,6,49,Hybrid_Amortized_Operator,120.6424331665039,1.0433921813964844,1.8850380182266235,530.4932793561184,0.2194900095460367,1904.041015625,4906.0,138470400.0,50,60.099999999999994,-7.800000000000011
deit_tiny,64,6,49,Attention_Pruning_EViT,16.014751434326172,0.0674238204956054,0.2502304911613464,3996.315538361825,1.6534636154649252,1904.041015625,4906.0,138470400.0,50,57.49999999999999,-10.400000000000013
deit_tiny,64,6,49,Token_Merging_ToMe,2057.056396484375,47.48455810546875,32.14150619506836,31.112418750103107,0.0128726703130884,1904.041015625,4906.0,138470400.0,50,63.2,-4.700000000000003
deit_tiny,96,6,49,Spatial_Group_Mean,24.052736282348636,0.0730552673339843,0.2505493362744649,3991.229890565535,1.6715218299963024,1923.291015625,4906.0,138470400.0,50,61.5,-6.400000000000006
deit_tiny,96,6,49,Fast_Amortized_Operator,169.3904571533203,0.526214599609375,1.76448392868042,566.7379474223129,0.2373491071619188,1923.291015625,4906.0,138470400.0,50,61.4,-6.500000000000007
deit_tiny,96,6,49,Fast_Operator_Diagonal,168.50770568847656,0.8954086303710938,1.7552886009216309,569.7068843692944,0.2385924940513818,1923.291015625,4906.0,138470400.0,50,61.4,-6.500000000000007
deit_tiny,96,6,49,Fast_Operator_One_Step,166.8263702392578,0.804473876953125,1.7377746899922688,575.4485928233014,0.2409971140019974,1923.291015625,4906.0,138470400.0,50,,
deit_tiny,96,6,49,Hybrid_Group_Mean,32.57158279418945,0.7360000610351562,0.3392873207728068,2947.3544655964874,1.2343481746383562,1923.291015625,4906.0,138470400.0,50,60.099999999999994,-7.800000000000011
deit_tiny,96,6,49,Hybrid_Amortized_Operator,179.24636840820312,1.85479736328125,1.8671496709187825,535.5757042808049,0.2242984007103035,1923.291015625,4906.0,138470400.0,50,60.099999999999994,-7.800000000000011
deit_tiny,96,6,49,Attention_Pruning_EViT,23.89430427551269,1.1441125869750977,0.2488990028699239,4017.693877715557,1.6826049130165428,1923.291015625,4906.0,138470400.0,50,57.49999999999999,-10.400000000000013
deit_tiny,96,6,49,Token_Merging_ToMe,2989.11865234375,76.279296875,31.13665262858073,32.11649023190397,0.0134503438783086,1923.291015625,4906.0,138470400.0,50,63.2,-4.700000000000003
deit_tiny,128,6,49,Spatial_Group_Mean,32.14553451538086,0.1705741882324218,0.2511369884014129,3981.890546531591,1.7089697237099104,1941.291015625,4906.0,138470400.0,50,61.5,-6.400000000000006
deit_tiny,128,6,49,Fast_Amortized_Operator,228.6646728515625,2.234130859375,1.786442756652832,559.771644669796,0.2402458786229708,1941.291015625,4906.0,138470400.0,50,61.4,-6.500000000000007
deit_tiny,128,6,49,Fast_Operator_Diagonal,225.37548828125,1.3928680419921875,1.7607460021972656,567.9410878980174,0.2437520852786907,1941.291015625,4906.0,138470400.0,50,61.4,-6.500000000000007
deit_tiny,128,6,49,Fast_Operator_One_Step,223.1293792724609,1.0666885375976562,1.743198275566101,573.6582086023757,0.2462057906421025,1941.291015625,4906.0,138470400.0,50,,
deit_tiny,128,6,49,Hybrid_Group_Mean,43.20793533325195,0.8925285339355469,0.3375619947910309,2962.418801379148,1.2714272231605654,1941.291015625,4906.0,138470400.0,50,60.099999999999994,-7.800000000000011
deit_tiny,128,6,49,Hybrid_Amortized_Operator,237.0401611328125,2.3226089477539062,1.8518762588500977,539.9928830131119,0.2317571207204739,1941.291015625,4906.0,138470400.0,50,60.099999999999994,-7.800000000000011
deit_tiny,128,6,49,Attention_Pruning_EViT,33.6324462890625,0.0683364868164062,0.2627534866333008,3805.848640918709,1.6334150887241077,1941.291015625,4906.0,138470400.0,50,57.49999999999999,-10.400000000000013
deit_tiny,128,6,49,Token_Merging_ToMe,4037.98779296875,37.7449951171875,31.54677963256836,31.698956649369592,0.0136047328659378,1941.291015625,4906.0,138470400.0,50,63.2,-4.700000000000003
deit_tiny,1,6,32,Spatial_Group_Mean,4.627456188201904,0.127295970916748,4.627456188201904,216.101451711112,0.829801888385765,1712.7333984375,4906.0,90097920.0,33,55.60000000000001,-12.299999999999997
deit_tiny,1,6,32,Fast_Amortized_Operator,7.803103923797607,0.2899198532104492,7.803103923797607,128.15413068512882,0.4920954431584128,1712.7333984375,4906.0,90097920.0,33,55.50000000000001,-12.399999999999999
deit_tiny,1,6,32,Fast_Operator_Diagonal,7.923456192016602,1.0321760177612305,7.923456192016602,126.20755081697368,0.4846208258539064,1712.7333984375,4906.0,90097920.0,33,55.50000000000001,-12.399999999999999
deit_tiny,1,6,32,Fast_Operator_One_Step,8.02892780303955,1.0063519477844238,8.02892780303955,124.54963159855852,0.4782546284621783,1712.7333984375,4906.0,90097920.0,33,,
deit_tiny,1,6,32,Hybrid_Group_Mean,6.4337921142578125,0.3422081470489502,6.4337921142578125,155.42933036084858,0.5968287155071209,1712.7333984375,4906.0,90097920.0,33,56.39999999999999,-11.500000000000014
deit_tiny,1,6,32,Hybrid_Amortized_Operator,9.28927993774414,0.3775997161865234,9.28927993774414,107.65097044140168,0.4133659346178375,1712.7333984375,4906.0,90097920.0,33,56.39999999999999,-11.500000000000014
deit_tiny,1,6,32,Attention_Pruning_EViT,4.912000179290772,0.7287840843200684,4.912000179290772,203.58305445835447,0.7817328467497656,1712.7333984375,4906.0,90097920.0,33,48.5,-19.400000000000006
deit_tiny,1,6,32,Token_Merging_ToMe,39.10675048828125,1.103679656982422,39.10675048828125,25.571032814389948,0.0981894899332787,1712.7333984375,4906.0,90097920.0,33,59.699999999999996,-8.20000000000001
deit_tiny,2,6,32,Spatial_Group_Mean,4.658400058746338,0.5396637916564941,2.329200029373169,429.3319540568264,0.7727425803068426,1713.4794921875,4906.0,90097920.0,33,55.60000000000001,-12.299999999999997
deit_tiny,2,6,32,Fast_Amortized_Operator,9.59939193725586,0.4278879165649414,4.79969596862793,208.3465299752864,0.3749970940895072,1713.4794921875,4906.0,90097920.0,33,55.50000000000001,-12.399999999999999
deit_tiny,2,6,32,Fast_Operator_Diagonal,8.616671562194824,0.4190082550048828,4.308335781097412,232.10818534327,0.4177650332282447,1713.4794921875,4906.0,90097920.0,33,55.50000000000001,-12.399999999999999
deit_tiny,2,6,32,Fast_Operator_One_Step,8.571647644042969,0.5540957450866699,4.285823822021484,233.32736984235916,0.4199594093206694,1713.4794921875,4906.0,90097920.0,33,,
deit_tiny,2,6,32,Hybrid_Group_Mean,6.112415790557861,0.2743840217590332,3.0562078952789307,327.20287174990534,0.5889233005153033,1713.4794921875,4906.0,90097920.0,33,56.39999999999999,-11.500000000000014
deit_tiny,2,6,32,Hybrid_Amortized_Operator,10.643712043762209,0.4596800804138183,5.321856021881104,187.90436943210133,0.3382038208753343,1713.4794921875,4906.0,90097920.0,33,56.39999999999999,-11.500000000000014
deit_tiny,2,6,32,Attention_Pruning_EViT,4.045919895172119,0.2137598991394043,2.02295994758606,494.3251601166259,0.889722034732488,1713.4794921875,4906.0,90097920.0,33,48.5,-19.400000000000006
deit_tiny,2,6,32,Token_Merging_ToMe,74.166015625,0.4813461303710937,37.0830078125,26.96652884944566,0.0485363013121576,1713.4794921875,4906.0,90097920.0,33,59.699999999999996,-8.20000000000001
deit_tiny,4,6,32,Spatial_Group_Mean,4.19593620300293,0.2624478340148926,1.0489840507507324,953.3033407746516,0.7940025337757213,1714.4560546875,4906.0,90097920.0,33,55.60000000000001,-12.299999999999997
deit_tiny,4,6,32,Fast_Amortized_Operator,12.15670394897461,0.3396315574645996,3.0391759872436523,329.0365560261415,0.2740532294550627,1714.4560546875,4906.0,90097920.0,33,55.50000000000001,-12.399999999999999
deit_tiny,4,6,32,Fast_Operator_Diagonal,11.568639755249023,0.5125436782836914,2.892159938812256,345.7623441152695,0.287984071354108,1714.4560546875,4906.0,90097920.0,33,55.50000000000001,-12.399999999999999
deit_tiny,4,6,32,Fast_Operator_One_Step,11.534591674804688,2.277088165283203,2.883647918701172,346.7829735782763,0.288834149545395,1714.4560546875,4906.0,90097920.0,33,,
deit_tiny,4,6,32,Hybrid_Group_Mean,7.170368194580078,0.7693440914154053,1.7925920486450195,557.8514089448728,0.4646322038614245,1714.4560546875,4906.0,90097920.0,33,56.39999999999999,-11.500000000000014
deit_tiny,4,6,32,Hybrid_Amortized_Operator,15.592512130737305,0.5444478988647461,3.898128032684326,256.5333902876917,0.213665633145675,1714.4560546875,4906.0,90097920.0,33,56.39999999999999,-11.500000000000014
deit_tiny,4,6,32,Attention_Pruning_EViT,5.326240062713623,0.7288320064544678,1.3315600156784058,750.9988195992188,0.6255039084829053,1714.4560546875,4906.0,90097920.0,33,48.5,-19.400000000000006
deit_tiny,4,6,32,Token_Merging_ToMe,177.74557495117188,13.69970703125,44.43639373779297,22.50407640864664,0.0187435550936264,1714.4560546875,4906.0,90097920.0,33,59.699999999999996,-8.20000000000001
deit_tiny,8,6,32,Spatial_Group_Mean,3.637216091156006,0.0944640636444091,0.4546520113945007,2199.484385723528,1.221074504493107,1716.7529296875,4906.0,90097920.0,33,55.60000000000001,-12.299999999999997
deit_tiny,8,6,32,Fast_Amortized_Operator,20.207231521606445,0.3945608139038086,2.5259039402008057,395.8978740579111,0.2197882392495891,1716.7529296875,4906.0,90097920.0,33,55.50000000000001,-12.399999999999999
deit_tiny,8,6,32,Fast_Operator_Diagonal,19.07439994812012,0.9356794357299804,2.384299993515014,419.4103102461392,0.2328414968922988,1716.7529296875,4906.0,90097920.0,33,55.50000000000001,-12.399999999999999
deit_tiny,8,6,32,Fast_Operator_One_Step,17.858911514282227,0.5376319885253906,2.2323639392852783,447.9556323240751,0.2486888314940608,1716.7529296875,4906.0,90097920.0,33,,
deit_tiny,8,6,32,Hybrid_Group_Mean,6.565408229827881,0.2216958999633789,0.8206760287284851,1218.5076266323397,0.6764715430892725,1716.7529296875,4906.0,90097920.0,33,56.39999999999999,-11.500000000000014
deit_tiny,8,6,32,Hybrid_Amortized_Operator,20.20368003845215,0.3505115509033203,2.5254600048065186,395.9674665592704,0.2198268744995891,1716.7529296875,4906.0,90097920.0,33,56.39999999999999,-11.500000000000014
deit_tiny,8,6,32,Attention_Pruning_EViT,3.2325758934021,0.2194560766220092,0.4040719866752624,2474.80655174362,1.3739234538337324,1716.7529296875,4906.0,90097920.0,33,48.5,-19.400000000000006
deit_tiny,8,6,32,Token_Merging_ToMe,284.6380310058594,0.697052001953125,35.57975387573242,28.10587176888993,0.0156033676193862,1716.7529296875,4906.0,90097920.0,33,59.699999999999996,-8.20000000000001
deit_tiny,16,6,32,Spatial_Group_Mean,4.431168079376221,0.0297760963439941,0.2769480049610138,3610.7860756778905,1.5090918991011677,1721.3466796875,4906.0,90097920.0,33,55.60000000000001,-12.299999999999997
deit_tiny,16,6,32,Fast_Amortized_Operator,31.70019149780273,0.8555831909179688,1.981261968612671,504.7288121621922,0.2109463550908151,1721.3466796875,4906.0,90097920.0,33,55.50000000000001,-12.399999999999999
deit_tiny,16,6,32,Fast_Operator_Diagonal,30.66057586669922,0.4697275161743164,1.9162859916687007,521.8427752160314,0.2180989646513847,1721.3466796875,4906.0,90097920.0,33,55.50000000000001,-12.399999999999999
deit_tiny,16,6,32,Fast_Operator_One_Step,30.388351440429688,0.2836322784423828,1.8992719650268557,526.5175385168496,0.2200527351821287,1721.3466796875,4906.0,90097920.0,33,,
deit_tiny,16,6,32,Hybrid_Group_Mean,8.077024459838867,0.131296157836914,0.5048140287399292,1980.9275160124,0.8279088277362648,1721.3466796875,4906.0,90097920.0,33,56.39999999999999,-11.500000000000014
deit_tiny,16,6,32,Hybrid_Amortized_Operator,34.533695220947266,0.7302570343017578,2.158355951309204,463.3156080642886,0.193638120952841,1721.3466796875,4906.0,90097920.0,33,56.39999999999999,-11.500000000000014
deit_tiny,16,6,32,Attention_Pruning_EViT,4.412928104400635,0.0383839607238769,0.2758080065250397,3625.710553508581,1.5153294352278075,1721.3466796875,4906.0,90097920.0,33,48.5,-19.400000000000006
deit_tiny,16,6,32,Token_Merging_ToMe,662.8252563476562,9.168853759765623,41.42657852172852,24.13909223701623,0.0100886919864666,1721.3466796875,4906.0,90097920.0,33,59.699999999999996,-8.20000000000001
deit_tiny,32,6,32,Spatial_Group_Mean,8.11190414428711,0.037872314453125,0.2534970045089721,3944.819789634266,1.5539710564889415,1730.5341796875,4906.0,90097920.0,33,55.60000000000001,-12.299999999999997
deit_tiny,32,6,32,Fast_Amortized_Operator,60.51299285888672,2.649520874023437,1.89103102684021,528.8120532167761,0.2083133498723265,1730.5341796875,4910.0,90097920.0,33,55.50000000000001,-12.399999999999999
deit_tiny,32,6,32,Fast_Operator_Diagonal,57.57958221435547,0.8429756164550781,1.7993619441986084,555.7525561903419,0.2189259416003904,1730.5341796875,4910.0,90097920.0,33,55.50000000000001,-12.399999999999999
deit_tiny,32,6,32,Fast_Operator_One_Step,56.69414520263672,0.5150699615478516,1.7716920375823977,564.4321805298468,0.2223450800462655,1730.5341796875,4910.0,90097920.0,33,,
deit_tiny,32,6,32,Hybrid_Group_Mean,12.145183563232422,0.4927840232849121,0.3795369863510132,2634.789324788373,1.0379146751965505,1730.5341796875,4910.0,90097920.0,33,56.39999999999999,-11.500000000000014
deit_tiny,32,6,32,Hybrid_Amortized_Operator,63.2646713256836,1.2554874420166016,1.9770209789276123,505.8115268672698,0.1992528213470277,1730.5341796875,4912.0,90097920.0,33,56.39999999999999,-11.500000000000014
deit_tiny,32,6,32,Attention_Pruning_EViT,7.89680004119873,0.0562560558319091,0.2467750012874603,4052.274317831456,1.5963002972684277,1730.5341796875,4912.0,90097920.0,33,48.5,-19.400000000000006
deit_tiny,32,6,32,Token_Merging_ToMe,1122.1158447265625,5.26922607421875,35.06612014770508,28.517554716284906,0.0112338350023981,1730.5341796875,4912.0,90097920.0,33,59.699999999999996,-8.20000000000001
deit_tiny,64,6,32,Spatial_Group_Mean,15.534015655517578,0.0509595870971679,0.2427189946174621,4119.990697786353,1.7046338432115329,1748.9091796875,4912.0,90097920.0,33,55.60000000000001,-12.299999999999997
deit_tiny,64,6,32,Fast_Amortized_Operator,111.71369934082033,0.5495033264160156,1.7455265522003174,572.8930326149742,0.2370327807925101,1748.9091796875,4912.0,90097920.0,33,55.50000000000001,-12.399999999999999
deit_tiny,64,6,32,Fast_Operator_Diagonal,111.06851196289062,0.8046417236328125,1.735445499420166,576.2209186829044,0.23840968371144,1748.9091796875,4912.0,90097920.0,33,55.50000000000001,-12.399999999999999
deit_tiny,64,6,32,Fast_Operator_One_Step,110.48191833496094,0.3679161071777344,1.7262799739837646,579.2803108827611,0.239675498094549,1748.9091796875,4912.0,90097920.0,33,,
deit_tiny,64,6,32,Hybrid_Group_Mean,22.256895065307617,4.165200233459473,0.3477639853954315,2875.5133998793217,1.1897350789350574,1748.9091796875,4912.0,90097920.0,33,56.39999999999999,-11.500000000000014
deit_tiny,64,6,32,Hybrid_Amortized_Operator,118.4636459350586,0.8585739135742188,1.8509944677352903,540.2501290149773,0.2235268769449253,1748.9091796875,4912.0,90097920.0,33,56.39999999999999,-11.500000000000014
deit_tiny,64,6,32,Attention_Pruning_EViT,15.483200073242188,0.1848483085632324,0.2419250011444091,4133.512432652973,1.7102284206179714,1748.9091796875,4912.0,90097920.0,33,48.5,-19.400000000000006
deit_tiny,64,6,32,Token_Merging_ToMe,2344.002685546875,45.825439453125,36.62504196166992,27.30372298403245,0.0112968338179165,1748.9091796875,4912.0,90097920.0,33,59.699999999999996,-8.20000000000001
deit_tiny,96,6,32,Spatial_Group_Mean,23.14726448059082,0.0439682006835937,0.2411173383394877,4147.358323075145,1.7369082122339683,1768.1591796875,4912.0,90097920.0,33,55.60000000000001,-12.299999999999997
deit_tiny,96,6,32,Fast_Amortized_Operator,168.44749450683594,0.6622695922851562,1.7546614011128745,569.9105248259073,0.2386777784068391,1768.1591796875,4912.0,90097920.0,33,55.50000000000001,-12.399999999999999
deit_tiny,96,6,32,Fast_Operator_Diagonal,166.55763244628906,1.4585800170898438,1.7349753379821775,576.3770689461364,0.2413859585813632,1768.1591796875,4912.0,90097920.0,33,55.50000000000001,-12.399999999999999
deit_tiny,96,6,32,Fast_Operator_One_Step,165.357666015625,1.8071212768554688,1.7224756876627605,580.5597182953027,0.243137646628919,1768.1591796875,4912.0,90097920.0,33,,
deit_tiny,96,6,32,Hybrid_Group_Mean,30.465280532836918,0.6965436935424805,0.3173466722170512,3151.128048748039,1.3196882833150134,1768.1591796875,4912.0,90097920.0,33,56.39999999999999,-11.500000000000014
deit_tiny,96,6,32,Hybrid_Amortized_Operator,175.40687561035156,0.9858474731445312,1.8271549542744956,547.298956588533,0.2292080833615691,1768.1591796875,4912.0,90097920.0,33,56.39999999999999,-11.500000000000014
deit_tiny,96,6,32,Attention_Pruning_EViT,22.91584014892578,0.0921440124511718,0.2387066682179769,4189.241999250905,1.7544490407424362,1768.1591796875,4912.0,90097920.0,33,48.5,-19.400000000000006
deit_tiny,96,6,32,Token_Merging_ToMe,3385.760009765625,11.171142578125,35.268333435058594,28.354047458504148,0.0118746377921431,1768.1591796875,4912.0,90097920.0,33,59.699999999999996,-8.20000000000001
deit_tiny,128,6,32,Spatial_Group_Mean,30.60835266113281,0.0574560165405273,0.2391277551651001,4181.865042431288,1.794795879655963,1786.1591796875,4912.0,90097920.0,33,55.60000000000001,-12.299999999999997
deit_tiny,128,6,32,Fast_Amortized_Operator,222.8943328857422,0.9491958618164062,1.7413619756698608,574.2631422828235,0.2464654194120691,1786.1591796875,4912.0,90097920.0,33,55.50000000000001,-12.399999999999999
deit_tiny,128,6,32,Fast_Operator_Diagonal,221.7473602294922,0.7754135131835938,1.7324012517929075,577.2334780785188,0.2477402444944704,1786.1591796875,4912.0,90097920.0,33,55.50000000000001,-12.399999999999999
deit_tiny,128,6,32,Fast_Operator_One_Step,220.12448120117188,0.67889404296875,1.7197225093841553,581.4891615032166,0.2495667221541433,1786.1591796875,4912.0,90097920.0,33,,
deit_tiny,128,6,32,Hybrid_Group_Mean,40.32867050170898,0.7165756225585938,0.3150677382946014,3173.92064770833,1.3622007508759764,1786.1591796875,4912.0,90097920.0,33,56.39999999999999,-11.500000000000014
deit_tiny,128,6,32,Hybrid_Amortized_Operator,232.95651245117188,1.4925384521484375,1.8199727535247805,549.4587751730231,0.2358197444717174,1786.1591796875,4912.0,90097920.0,33,56.39999999999999,-11.500000000000014
deit_tiny,128,6,32,Attention_Pruning_EViT,31.387615203857425,0.9495506286621094,0.2452157437801361,4078.0415832378776,1.750236355405122,1786.1591796875,4912.0,90097920.0,33,48.5,-19.400000000000006
deit_tiny,128,6,32,Token_Merging_ToMe,4642.38818359375,50.34423828125,36.26865768432617,27.572015725085933,0.0118335096219229,1786.1591796875,4912.0,90097920.0,33,59.699999999999996,-8.20000000000001
deit_tiny,1,8,98,Spatial_Group_Mean,4.2842559814453125,0.3762239217758178,4.2842559814453125,233.41275692463307,0.8962750825399878,1657.515625,4912.0,190232064.0,99,66.4,-1.5
deit_tiny,1,8,98,Fast_Amortized_Operator,8.098336219787598,1.5425920486450195,8.098336219787598,123.48215397090884,0.4741556511336159,1657.515625,4912.0,190232064.0,99,66.5,-1.4000000000000057
deit_tiny,1,8,98,Fast_Operator_Diagonal,7.587423801422119,0.4505760669708252,7.587423801422119,131.79704023025167,0.5060837490944716,1657.515625,4912.0,190232064.0,99,66.5,-1.4000000000000057
deit_tiny,1,8,98,Fast_Operator_One_Step,6.829631805419922,1.280383825302124,6.829631805419922,146.4207776481319,0.5622370272355024,1657.515625,4912.0,190232064.0,99,,
deit_tiny,1,8,98,Hybrid_Group_Mean,25.195232391357425,3.1058406829833984,25.195232391357425,39.69004867536067,0.1524047019589906,1657.515625,4912.0,190232064.0,99,65.8,-2.1000000000000085
deit_tiny,1,8,98,Hybrid_Amortized_Operator,24.95020866394043,3.4174394607543945,24.95020866394043,40.079825121673686,0.1539013935759965,1657.515625,4912.0,190232064.0,99,65.8,-2.1000000000000085
deit_tiny,1,8,98,Attention_Pruning_EViT,4.922624111175537,0.626528263092041,4.922624111175537,203.1436846314876,0.7800457229051684,1657.515625,4912.0,190232064.0,99,65.2,-2.700000000000003
deit_tiny,1,8,98,Token_Merging_ToMe,25.841407775878903,0.7634563446044922,25.841407775878903,38.697582139214106,0.1485937576116336,1657.515625,4912.0,190232064.0,99,66.2,-1.7000000000000028
deit_tiny,2,8,98,Spatial_Group_Mean,4.489120006561279,0.3124959468841553,2.24456000328064,445.5216160576701,0.8018819002913313,1658.26171875,4912.0,190232064.0,99,66.4,-1.5
deit_tiny,2,8,98,Fast_Amortized_Operator,9.960000038146973,0.5835361480712891,4.980000019073486,200.80321208232584,0.361420087119489,1658.26171875,4912.0,190232064.0,99,66.5,-1.4000000000000057
deit_tiny,2,8,98,Fast_Operator_Diagonal,8.04700756072998,1.0458719730377195,4.02350378036499,248.53959498685632,0.4473394680358226,1658.26171875,4912.0,190232064.0,99,66.5,-1.4000000000000057
deit_tiny,2,8,98,Fast_Operator_One_Step,7.516384124755859,0.1839041709899902,3.7581920623779297,266.08538983696,0.4789196536192349,1658.26171875,4912.0,190232064.0,99,,
deit_tiny,2,8,98,Hybrid_Group_Mean,21.196063995361328,1.5870075225830078,10.598031997680664,94.35714104456808,0.1698307800110898,1658.26171875,4912.0,190232064.0,99,65.8,-2.1000000000000085
deit_tiny,2,8,98,Hybrid_Amortized_Operator,29.807071685791016,1.4445915222167969,14.903535842895508,67.09817123543192,0.1207681223920156,1658.26171875,4912.0,190232064.0,99,65.8,-2.1000000000000085
deit_tiny,2,8,98,Attention_Pruning_EViT,3.6072640419006343,0.1557601690292358,1.8036320209503172,554.4368188102521,0.9979153285381682,1658.26171875,4912.0,190232064.0,99,65.2,-2.700000000000003
deit_tiny,2,8,98,Token_Merging_ToMe,42.74729537963867,0.4479045867919922,21.373647689819336,46.78658572988075,0.0842098675372996,1658.26171875,4912.0,190232064.0,99,66.2,-1.7000000000000028
deit_tiny,4,8,98,Spatial_Group_Mean,3.410304069519043,0.2005760669708252,0.8525760173797607,1172.9159390071989,0.9769169871164776,1659.23828125,4912.0,190232064.0,99,66.4,-1.5
deit_tiny,4,8,98,Fast_Amortized_Operator,11.251263618469238,0.1864161491394043,2.8128159046173096,355.51562345707526,0.296107538648079,1659.23828125,4912.0,190232064.0,99,66.5,-1.4000000000000057
deit_tiny,4,8,98,Fast_Operator_Diagonal,10.210463523864746,0.1868958473205566,2.5526158809661865,391.7549865048601,0.3262911589624457,1659.23828125,4912.0,190232064.0,99,66.5,-1.4000000000000057
deit_tiny,4,8,98,Fast_Operator_One_Step,12.219584465026855,0.8903360366821289,3.054896116256714,327.3433733731476,0.2726429844059581,1659.23828125,4912.0,190232064.0,99,,
deit_tiny,4,8,98,Hybrid_Group_Mean,25.52739143371582,3.940287590026856,6.381847858428955,156.69442803767717,0.1305101614239106,1659.23828125,4912.0,190232064.0,99,65.8,-2.1000000000000085
deit_tiny,4,8,98,Hybrid_Amortized_Operator,34.829952239990234,3.321870803833008,8.707488059997559,114.84368317356962,0.0956528436728783,1659.23828125,4912.0,190232064.0,99,65.8,-2.1000000000000085
deit_tiny,4,8,98,Attention_Pruning_EViT,4.1960320472717285,0.4285759925842285,1.049008011817932,953.2815657594444,0.7939843974527817,1659.23828125,4912.0,190232064.0,99,65.2,-2.700000000000003
deit_tiny,4,8,98,Token_Merging_ToMe,94.28988647460938,11.915985107421877,23.572471618652344,42.422365213867664,0.0353334180505429,1659.23828125,4912.0,190232064.0,99,66.2,-1.7000000000000028
deit_tiny,8,8,98,Spatial_Group_Mean,4.351232051849365,0.012063980102539,0.5439040064811707,1838.5597239291872,1.0207021329407209,1661.53515625,4912.0,190232064.0,99,66.4,-1.5
deit_tiny,8,8,98,Fast_Amortized_Operator,20.90003204345703,1.5631999969482422,2.612504005432129,382.77453275505775,0.2125026328671622,1661.53515625,4912.0,190232064.0,99,66.5,-1.4000000000000057
deit_tiny,8,8,98,Fast_Operator_Diagonal,18.816511154174805,0.8428153991699219,2.3520638942718506,425.1585181998548,0.2360326948950515,1661.53515625,4912.0,190232064.0,99,66.5,-1.4000000000000057
deit_tiny,8,8,98,Fast_Operator_One_Step,18.415136337280277,0.5635356903076172,2.301892042160034,434.4252387534329,0.2411772443547714,1661.53515625,4912.0,190232064.0,99,,
deit_tiny,8,8,98,Hybrid_Group_Mean,31.76873588562012,1.5497102737426758,3.971091985702514,251.8199033415472,0.1398013396640375,1661.53515625,4912.0,190232064.0,99,65.8,-2.1000000000000085
deit_tiny,8,8,98,Hybrid_Amortized_Operator,49.11603164672852,3.36297607421875,6.1395039558410645,162.87960838409586,0.0904248915748571,1661.53515625,4912.0,190232064.0,99,65.8,-2.1000000000000085
deit_tiny,8,8,98,Attention_Pruning_EViT,3.938528060913086,0.0154719352722167,0.4923160076141357,2031.2156918199853,1.1276577867552446,1661.53515625,4912.0,190232064.0,99,65.2,-2.700000000000003
deit_tiny,8,8,98,Token_Merging_ToMe,215.60330200195312,6.053726196289063,26.95041275024414,37.10518311044944,0.0205994611167988,1661.53515625,4912.0,190232064.0,99,66.2,-1.7000000000000028
deit_tiny,16,8,98,Spatial_Group_Mean,6.412511825561523,0.0169918537139892,0.4007819890975952,2495.1221042931847,1.0428113092106104,1666.12890625,4912.0,190232064.0,99,66.4,-1.5
deit_tiny,16,8,98,Fast_Amortized_Operator,32.97536087036133,1.9692802429199217,2.060960054397583,485.2107627541084,0.2027889817015689,1666.12890625,4912.0,190232064.0,99,66.5,-1.4000000000000057
deit_tiny,16,8,98,Fast_Operator_Diagonal,31.33990478515625,0.3979682922363281,1.9587440490722656,510.5312255951141,0.2133714157073497,1666.12890625,4912.0,190232064.0,99,66.5,-1.4000000000000057
deit_tiny,16,8,98,Fast_Operator_One_Step,31.068511962890625,0.5102729797363281,1.941781997680664,514.990869827013,0.2152352793764175,1666.12890625,4912.0,190232064.0,99,,
deit_tiny,16,8,98,Hybrid_Group_Mean,41.81564712524414,1.5335197448730469,2.613477945327759,382.63188782126457,0.1599171676600781,1666.12890625,4912.0,190232064.0,99,65.8,-2.1000000000000085
deit_tiny,16,8,98,Hybrid_Amortized_Operator,68.58512115478516,2.0186996459960938,4.286570072174072,233.2867498169271,0.0974998620626593,1666.12890625,4912.0,190232064.0,99,65.8,-2.1000000000000085
deit_tiny,16,8,98,Attention_Pruning_EViT,5.871840000152588,0.0497441291809082,0.3669900000095367,2724.8698873920644,1.1388320955558329,1666.12890625,4912.0,190232064.0,99,65.2,-2.700000000000003
deit_tiny,16,8,98,Token_Merging_ToMe,329.4090270996094,9.041732788085938,20.588064193725582,48.5718322320347,0.0203001111141992,1666.12890625,4912.0,190232064.0,99,66.2,-1.7000000000000028
deit_tiny,32,8,98,Spatial_Group_Mean,10.606911659240724,0.0353765487670898,0.3314659893512726,3016.900774517308,1.188438695277794,1675.31640625,4912.0,190232064.0,99,66.4,-1.5
deit_tiny,32,8,98,Fast_Amortized_Operator,61.77475357055664,0.449615478515625,1.930461049079895,518.010969698987,0.204058511359939,1675.31640625,4912.0,190232064.0,99,66.5,-1.4000000000000057
deit_tiny,32,8,98,Fast_Operator_Diagonal,60.70979309082031,0.5157299041748047,1.8971810340881348,527.0978267398937,0.2076380697654019,1675.31640625,4912.0,190232064.0,99,66.5,-1.4000000000000057
deit_tiny,32,8,98,Fast_Operator_One_Step,59.57561492919922,0.3894233703613281,1.861737966537476,537.1325170210899,0.2115910052832131,1675.31640625,4912.0,190232064.0,99,,
deit_tiny,32,8,98,Hybrid_Group_Mean,58.21263885498047,0.6763687133789062,1.81914496421814,549.7088025801152,0.2165451438241468,1675.31640625,4912.0,190232064.0,99,65.8,-2.1000000000000085
deit_tiny,32,8,98,Hybrid_Amortized_Operator,111.93321228027344,7.551647186279297,3.497912883758545,285.88476420987627,0.1126177297732786,1675.31640625,4912.0,190232064.0,99,65.8,-2.1000000000000085
deit_tiny,32,8,98,Attention_Pruning_EViT,10.548576354980469,0.0276637077331542,0.3296430110931396,3033.584715428573,1.1950109502011756,1675.31640625,4912.0,190232064.0,99,65.2,-2.700000000000003
deit_tiny,32,8,98,Token_Merging_ToMe,654.2174682617188,0.8426513671875,20.44429588317871,48.91339891156567,0.0192683088801168,1675.31640625,4912.0,190232064.0,99,66.2,-1.7000000000000028
deit_tiny,64,8,98,Spatial_Group_Mean,21.20639991760254,0.0565595626831054,0.3313499987125397,3017.9568549434125,1.248670632934413,1693.69140625,4912.0,190232064.0,99,66.4,-1.5
deit_tiny,64,8,98,Fast_Amortized_Operator,121.71414184570312,0.6579971313476562,1.9017834663391116,525.8222177759156,0.2175573717714862,1693.69140625,4912.0,190232064.0,99,66.5,-1.4000000000000057
deit_tiny,64,8,98,Fast_Operator_Diagonal,120.48210906982422,0.7127342224121094,1.8825329542160036,531.1992003967115,0.2197820822677243,1693.69140625,4912.0,190232064.0,99,66.5,-1.4000000000000057
deit_tiny,64,8,98,Fast_Operator_One_Step,118.42272186279295,0.3593254089355469,1.85035502910614,540.4368265927187,0.2236041225099783,1693.69140625,4912.0,190232064.0,99,,
deit_tiny,64,8,98,Hybrid_Group_Mean,117.55657958984376,2.2498092651367188,1.8368215560913088,544.4186979860824,0.2252516099036005,1693.69140625,4912.0,190232064.0,99,65.8,-2.1000000000000085
deit_tiny,64,8,98,Hybrid_Amortized_Operator,219.7718048095703,24.251304626464844,3.433934450149536,291.2111499264214,0.1204877433222951,1693.69140625,4912.0,190232064.0,99,65.8,-2.1000000000000085
deit_tiny,64,8,98,Attention_Pruning_EViT,21.13673591613769,0.0518407821655273,0.3302614986896515,3027.903658063713,1.252786093010509,1693.69140625,4912.0,190232064.0,99,65.2,-2.700000000000003
deit_tiny,64,8,98,Token_Merging_ToMe,1315.369873046875,26.3797607421875,20.552654266357425,48.65551607302114,0.0201310744224635,1693.69140625,4912.0,190232064.0,99,66.2,-1.7000000000000028
deit_tiny,96,8,98,Spatial_Group_Mean,31.78796768188477,0.0493278503417968,0.3311246633529663,3020.0106203929545,1.264776476729639,1712.94140625,4912.0,190232064.0,99,66.4,-1.5
deit_tiny,96,8,98,Fast_Amortized_Operator,182.4495086669922,0.4893798828125,1.9005157152811687,526.1729708202158,0.2203605483009089,1712.94140625,4912.0,190232064.0,99,66.5,-1.4000000000000057
deit_tiny,96,8,98,Fast_Operator_Diagonal,180.4261474609375,0.7972259521484375,1.8794390360514324,532.0736564570506,0.2228317476866495,1712.94140625,4912.0,190232064.0,99,66.5,-1.4000000000000057
deit_tiny,96,8,98,Fast_Operator_One_Step,177.56198120117188,0.9602432250976562,1.8496039708455403,540.6562787291451,0.2264261386086882,1712.94140625,4912.0,190232064.0,99,,
deit_tiny,96,8,98,Hybrid_Group_Mean,151.61587524414062,3.6149215698242183,1.5793320337931316,633.1790773585897,0.2651745650140525,1712.94140625,4912.0,190232064.0,99,65.8,-2.1000000000000085
deit_tiny,96,8,98,Hybrid_Amortized_Operator,304.5361633300781,7.6045379638671875,3.1722517013549805,315.23349788822395,0.1320193744068192,1712.94140625,4912.0,190232064.0,99,65.8,-2.1000000000000085
deit_tiny,96,8,98,Attention_Pruning_EViT,31.68694305419922,0.5845766067504883,0.3300723234812419,3029.639048354899,1.2688088496994296,1712.94140625,4912.0,190232064.0,99,65.2,-2.700000000000003
deit_tiny,96,8,98,Token_Merging_ToMe,2011.5579833984373,5.6064453125,20.953728993733723,47.7242022314526,0.0199868331407309,1712.94140625,4912.0,190232064.0,99,66.2,-1.7000000000000028
deit_tiny,128,8,98,Spatial_Group_Mean,42.85663986206055,0.0939369201660156,0.334817498922348,2986.7017202464776,1.2818491000711996,1730.94140625,4912.0,190232064.0,99,66.4,-1.5
deit_tiny,128,8,98,Fast_Amortized_Operator,243.8563232421875,1.158416748046875,1.9051275253295896,524.8992451710017,0.2252791500702568,1730.94140625,5206.0,190232064.0,99,66.5,-1.4000000000000057
deit_tiny,128,8,98,Fast_Operator_Diagonal,241.38482666015625,1.139984130859375,1.8858189582824707,530.2735957807745,0.2275857434759203,1730.94140625,5206.0,190232064.0,99,66.5,-1.4000000000000057
deit_tiny,128,8,98,Fast_Operator_One_Step,236.88128662109372,0.970733642578125,1.850635051727295,540.3550522112112,0.2319125584923512,1730.94140625,5206.0,190232064.0,99,,
deit_tiny,128,8,98,Hybrid_Group_Mean,203.78355407714844,5.487663269042969,1.5920590162277222,628.1174188940768,0.2695788945680092,1730.94140625,5206.0,190232064.0,99,65.8,-2.1000000000000085
deit_tiny,128,8,98,Hybrid_Amortized_Operator,398.8820495605469,2.1212310791015625,3.1162660121917725,320.89686698365875,0.1377242854116428,1730.94140625,5206.0,190232064.0,99,65.8,-2.1000000000000085
deit_tiny,128,8,98,Attention_Pruning_EViT,42.80559921264648,2.438304901123047,0.3344187438488006,2990.2630112507263,1.283377554565983,1730.94140625,5206.0,190232064.0,99,65.2,-2.700000000000003
deit_tiny,128,8,98,Token_Merging_ToMe,2668.593505859375,33.886962890625,20.848386764526367,47.96534193722389,0.0205860297263845,1730.94140625,5206.0,190232064.0,99,66.2,-1.7000000000000028
deit_tiny,1,8,49,Spatial_Group_Mean,4.393280029296875,0.4825758934020996,4.393280029296875,227.6203641314541,0.8740330363158955,1867.076171875,5206.0,92313600.0,50,63.9,-4.000000000000007
deit_tiny,1,8,49,Fast_Amortized_Operator,7.373824119567871,0.5012640953063965,7.373824119567871,135.61484296137553,0.5207436224580526,1867.076171875,5206.0,92313600.0,50,64.0,-3.9000000000000057
deit_tiny,1,8,49,Fast_Operator_Diagonal,6.985951900482178,0.7398879528045654,6.985951900482178,143.14441528447668,0.5496562155154979,1867.076171875,5206.0,92313600.0,50,64.0,-3.9000000000000057
deit_tiny,1,8,49,Fast_Operator_One_Step,6.32371187210083,0.3889603614807129,6.32371187210083,158.13497202676714,0.6072180328666164,1867.076171875,5206.0,92313600.0,50,,
deit_tiny,1,8,49,Hybrid_Group_Mean,6.636223793029785,0.1909918785095214,6.636223793029785,150.68810684930915,0.578623024652282,1867.076171875,5206.0,92313600.0,50,64.1,-3.8000000000000114
deit_tiny,1,8,49,Hybrid_Amortized_Operator,10.487808227539062,2.099423885345459,10.487808227539062,95.34880675775356,0.3661272021841069,1867.076171875,5206.0,92313600.0,50,64.0,-3.9000000000000057
deit_tiny,1,8,49,Attention_Pruning_EViT,4.8724799156188965,0.5797760486602783,4.8724799156188965,205.2342990259368,0.7880734143374295,1867.076171875,5206.0,92313600.0,50,59.3,-8.600000000000009
deit_tiny,1,8,49,Token_Merging_ToMe,35.922752380371094,1.6037445068359375,35.922752380371094,27.837510595274427,0.1068924742384304,1867.076171875,5206.0,92313600.0,50,64.5,-3.4000000000000057
deit_tiny,2,8,49,Spatial_Group_Mean,4.20304012298584,0.2278399467468261,2.10152006149292,475.8460403607092,0.8564619837461684,1867.822265625,5206.0,92313600.0,50,63.9,-4.000000000000007
deit_tiny,2,8,49,Fast_Amortized_Operator,8.552255630493164,0.8040642738342285,4.276127815246582,233.8564334851004,0.420911656179016,1867.822265625,5206.0,92313600.0,50,64.0,-3.9000000000000057
deit_tiny,2,8,49,Fast_Operator_Diagonal,7.594399929046631,0.2689757347106933,3.797199964523315,263.35194599780203,0.4739998044781781,1867.822265625,5206.0,92313600.0,50,64.0,-3.9000000000000057
deit_tiny,2,8,49,Fast_Operator_One_Step,7.631519794464111,0.2526719570159912,3.815759897232056,262.07099684794053,0.4716942599177217,1867.822265625,5206.0,92313600.0,50,,
deit_tiny,2,8,49,Hybrid_Group_Mean,6.086368083953857,0.7146561145782471,3.0431840419769287,328.6031952738471,0.5914437036740486,1867.822265625,5206.0,92313600.0,50,64.1,-3.8000000000000114
deit_tiny,2,8,49,Hybrid_Amortized_Operator,10.272576332092283,0.5680956840515137,5.136288166046143,194.69312617827453,0.3504227143342149,1867.822265625,5206.0,92313600.0,50,64.0,-3.9000000000000057
deit_tiny,2,8,49,Attention_Pruning_EViT,3.741663932800293,0.2383999824523925,1.8708319664001465,534.5215486798631,0.9620703906465254,1867.822265625,5206.0,92313600.0,50,59.3,-8.600000000000009
deit_tiny,2,8,49,Token_Merging_ToMe,64.08134460449219,1.9579830169677732,32.040672302246094,31.21033137403608,0.0561746028226262,1867.822265625,5206.0,92313600.0,50,64.5,-3.4000000000000057
deit_tiny,4,8,49,Spatial_Group_Mean,3.6955199241638175,0.2888959646224975,0.9238799810409546,1082.3916748074564,0.9015196900878404,1869.611328125,5206.0,92313600.0,50,63.9,-4.000000000000007
deit_tiny,4,8,49,Fast_Amortized_Operator,11.124992370605469,0.2656164169311523,2.781248092651367,359.5508083734805,0.2994684280007543,1869.611328125,5206.0,92313600.0,50,64.0,-3.9000000000000057
deit_tiny,4,8,49,Fast_Operator_Diagonal,10.406720161437988,0.3316478729248047,2.601680040359497,384.3670184216124,0.3201377499407317,1869.611328125,5206.0,92313600.0,50,64.0,-3.9000000000000057
deit_tiny,4,8,49,Fast_Operator_One_Step,10.578720092773438,0.5193920135498047,2.64468002319336,378.1175761264816,0.3149326144872181,1869.611328125,5206.0,92313600.0,50,,
deit_tiny,4,8,49,Hybrid_Group_Mean,6.291840076446533,1.3697278499603271,1.5729600191116333,635.7440671408634,0.5295086868493958,1869.611328125,5206.0,92313600.0,50,64.1,-3.8000000000000114
deit_tiny,4,8,49,Hybrid_Amortized_Operator,13.920000076293944,0.724639892578125,3.4800000190734863,287.356320264113,0.2393379280521243,1869.611328125,5206.0,92313600.0,50,64.0,-3.9000000000000057
deit_tiny,4,8,49,Attention_Pruning_EViT,3.767231941223145,1.0185760259628296,0.941807985305786,1061.7875571264349,0.8843586030075725,1869.611328125,5206.0,92313600.0,50,59.3,-8.600000000000009
deit_tiny,4,8,49,Token_Merging_ToMe,158.62445068359375,21.03121566772461,39.65611267089844,25.216793393212445,0.0210029662034327,1869.611328125,5206.0,92313600.0,50,64.5,-3.4000000000000057
deit_tiny,8,8,49,Spatial_Group_Mean,4.409311771392822,0.8747680187225342,0.5511639714241028,1814.3421047935888,1.0072573831266518,1871.119140625,5206.0,92313600.0,50,63.9,-4.000000000000007
deit_tiny,8,8,49,Fast_Amortized_Operator,19.302175521850582,1.205007553100586,2.4127719402313232,414.4610534156517,0.2300938477745677,1871.119140625,5206.0,92313600.0,50,64.0,-3.9000000000000057
deit_tiny,8,8,49,Fast_Operator_Diagonal,17.335071563720703,0.4891204833984375,2.166883945465088,461.4921819384127,0.2562038362470664,1871.119140625,5206.0,92313600.0,50,64.0,-3.9000000000000057
deit_tiny,8,8,49,Fast_Operator_One_Step,17.119647979736328,0.1012325286865234,2.139955997467041,467.2993282028463,0.2594277546769439,1871.119140625,5206.0,92313600.0,50,,
deit_tiny,8,8,49,Hybrid_Group_Mean,7.011871814727783,0.2007679939270019,0.8764839768409729,1140.9221690557356,0.6333988917073633,1871.119140625,5206.0,92313600.0,50,64.1,-3.8000000000000114
deit_tiny,8,8,49,Hybrid_Amortized_Operator,20.66489601135254,0.5088644027709961,2.5831120014190674,387.1299422753007,0.2149205993489046,1871.119140625,5206.0,92313600.0,50,64.0,-3.9000000000000057
deit_tiny,8,8,49,Attention_Pruning_EViT,3.670464038848877,0.0161279439926147,0.4588080048561096,2179.5609261735044,1.2100137174033043,1871.119140625,5206.0,92313600.0,50,59.3,-8.600000000000009
deit_tiny,8,8,49,Token_Merging_ToMe,252.09298706054688,9.93914794921875,31.51162338256836,31.734321899556,0.0176177524334541,1871.119140625,5206.0,92313600.0,50,64.5,-3.4000000000000057
deit_tiny,16,8,49,Spatial_Group_Mean,5.29750394821167,0.010416030883789,0.3310939967632293,3020.2903398309454,1.2623001167181278,1875.736328125,5206.0,92313600.0,50,63.9,-4.000000000000007
deit_tiny,16,8,49,Fast_Amortized_Operator,31.441823959350582,0.3871192932128906,1.965113997459412,508.8763304789673,0.2126797688578004,1875.736328125,5206.0,92313600.0,50,64.0,-3.9000000000000057
deit_tiny,16,8,49,Fast_Operator_Diagonal,30.849119186401367,0.6404962539672852,1.9280699491500852,518.6533820729953,0.2167659897106577,1875.736328125,5206.0,92313600.0,50,64.0,-3.9000000000000057
deit_tiny,16,8,49,Fast_Operator_One_Step,30.61568069458008,0.4124956130981445,1.9134800434112549,522.6080112219257,0.2184187873806166,1875.736328125,5206.0,92313600.0,50,,
deit_tiny,16,8,49,Hybrid_Group_Mean,9.042271614074709,0.6127839088439941,0.5651419758796692,1769.4668643989053,0.7395309649550509,1875.736328125,5206.0,92313600.0,50,64.1,-3.8000000000000114
deit_tiny,16,8,49,Hybrid_Amortized_Operator,34.481727600097656,0.4019012451171875,2.1551079750061035,464.0138738279078,0.1939299541396352,1875.736328125,5206.0,92313600.0,50,64.0,-3.9000000000000057
deit_tiny,16,8,49,Attention_Pruning_EViT,5.272863864898682,0.0293917655944824,0.3295539915561676,3034.404151131529,1.2681988428826667,1875.736328125,5206.0,92313600.0,50,59.3,-8.600000000000009
deit_tiny,16,8,49,Token_Merging_ToMe,495.5185852050781,7.098480224609375,30.969911575317383,32.289404429458784,0.0134950333888582,1875.736328125,5206.0,92313600.0,50,64.5,-3.4000000000000057
deit_tiny,32,8,49,Spatial_Group_Mean,9.777503967285156,0.023263931274414,0.3055469989776611,3272.818922607422,1.2892517656257194,1884.876953125,5206.0,92313600.0,50,63.9,-4.000000000000007
deit_tiny,32,8,49,Fast_Amortized_Operator,58.923038482666016,0.2955379486083984,1.841344952583313,543.081294244759,0.2139343892956776,1884.876953125,5206.0,92313600.0,50,64.0,-3.9000000000000057
deit_tiny,32,8,49,Fast_Operator_Diagonal,58.53401565551758,0.6465435028076172,1.8291879892349243,546.6906659595221,0.2153562182957221,1884.876953125,5206.0,92313600.0,50,64.0,-3.9000000000000057
deit_tiny,32,8,49,Fast_Operator_One_Step,58.27545547485352,0.4605274200439453,1.8211079835891724,549.1162572518775,0.216311724215941,1884.876953125,5206.0,92313600.0,50,,
deit_tiny,32,8,49,Hybrid_Group_Mean,13.816096305847168,0.293583869934082,0.431753009557724,2316.139037512148,0.9123897209590214,1884.876953125,5206.0,92313600.0,50,64.1,-3.8000000000000114
deit_tiny,32,8,49,Hybrid_Amortized_Operator,63.33302307128906,0.6456165313720703,1.9791569709777832,505.2656331276037,0.1990377790595223,1884.876953125,5206.0,92313600.0,50,64.0,-3.9000000000000057
deit_tiny,32,8,49,Attention_Pruning_EViT,9.765119552612305,0.018416404724121,0.3051599860191345,3276.969608778579,1.2908868330099117,1884.876953125,5206.0,92313600.0,50,59.3,-8.600000000000009
deit_tiny,32,8,49,Token_Merging_ToMe,967.1304931640624,6.11474609375,30.222827911376957,33.08757217995356,0.013034088307974,1884.876953125,5206.0,92313600.0,50,64.5,-3.4000000000000057
deit_tiny,64,8,49,Spatial_Group_Mean,19.20649528503418,0.0160789489746093,0.300101488828659,3332.206061033384,1.3786903031708382,1903.251953125,5206.0,92313600.0,50,63.9,-4.000000000000007
deit_tiny,64,8,49,Fast_Amortized_Operator,116.53155517578124,0.7268791198730469,1.820805549621582,549.2074649090508,0.2272329479120891,1903.251953125,5206.0,92313600.0,50,64.0,-3.9000000000000057
deit_tiny,64,8,49,Fast_Operator_Diagonal,115.7041244506836,0.8549919128417969,1.8078769445419312,553.1349924114298,0.2288579506831625,1903.251953125,5206.0,92313600.0,50,64.0,-3.9000000000000057
deit_tiny,64,8,49,Fast_Operator_One_Step,114.45692443847656,0.8031845092773438,1.7883894443511963,559.1623251627873,0.2313517416030744,1903.251953125,5206.0,92313600.0,50,,
deit_tiny,64,8,49,Hybrid_Group_Mean,25.500959396362305,0.4499835968017578,0.398452490568161,2509.709497797544,1.0383848072457371,1903.251953125,5206.0,92313600.0,50,64.1,-3.8000000000000114
deit_tiny,64,8,49,Hybrid_Amortized_Operator,122.34268951416016,0.6655197143554688,1.9116045236587524,523.1207541223174,0.2164396492551214,1903.251953125,5206.0,92313600.0,50,64.0,-3.9000000000000057
deit_tiny,64,8,49,Attention_Pruning_EViT,19.18489646911621,0.0301923751831054,0.2997640073299408,3335.957538422321,1.3802424657334047,1903.251953125,5206.0,92313600.0,50,59.3,-8.600000000000009
deit_tiny,64,8,49,Token_Merging_ToMe,1939.3896484375,11.7366943359375,30.302963256835938,33.00007301346721,0.0136536816254056,1903.251953125,5206.0,92313600.0,50,64.5,-3.4000000000000057
deit_tiny,96,8,49,Spatial_Group_Mean,28.58684730529785,0.0846395492553711,0.297779659430186,3358.18773489614,1.4064046076056425,1922.501953125,5206.0,92313600.0,50,63.9,-4.000000000000007
deit_tiny,96,8,49,Fast_Amortized_Operator,174.24415588378906,0.5062484741210938,1.815043290456136,550.9510463239096,0.2307375737405165,1922.501953125,5206.0,92313600.0,50,64.0,-3.9000000000000057
deit_tiny,96,8,49,Fast_Operator_Diagonal,173.14451599121094,0.57940673828125,1.8035887082417803,554.450133464655,0.2322029868340195,1922.501953125,5206.0,92313600.0,50,64.0,-3.9000000000000057
deit_tiny,96,8,49,Fast_Operator_One_Step,171.57359313964844,0.6345443725585938,1.7872249285380046,559.5266628347812,0.2343290306589672,1922.501953125,5206.0,92313600.0,50,,
deit_tiny,96,8,49,Hybrid_Group_Mean,36.52384185791016,0.4530715942382812,0.3804566860198974,2628.420098123078,1.1007788809156316,1922.501953125,5206.0,92313600.0,50,64.1,-3.8000000000000114
deit_tiny,96,8,49,Hybrid_Amortized_Operator,182.59085083007807,0.8407363891601562,1.9019880294799805,525.7656643997956,0.2201899689076148,1922.501953125,5206.0,92313600.0,50,64.0,-3.9000000000000057
deit_tiny,96,8,49,Attention_Pruning_EViT,28.61180877685547,0.0564155578613281,0.2980396747589111,3355.2579897589653,1.4051776341945923,1922.501953125,5206.0,92313600.0,50,59.3,-8.600000000000009
deit_tiny,96,8,49,Token_Merging_ToMe,3006.3681640625,12.3795166015625,31.316335042317707,31.93221680150956,0.0133731704079653,1922.501953125,5206.0,92313600.0,50,64.5,-3.4000000000000057
deit_tiny,128,8,49,Spatial_Group_Mean,38.60924911499024,0.0739517211914062,0.3016347587108612,3315.267790336367,1.4228648963268424,1940.501953125,5206.0,92313600.0,50,63.9,-4.000000000000007
deit_tiny,128,8,49,Fast_Amortized_Operator,232.3633575439453,0.7434844970703125,1.8153387308120728,550.861380868936,0.2364217225122002,1940.501953125,5206.0,92313600.0,50,64.0,-3.9000000000000057
deit_tiny,128,8,49,Fast_Operator_Diagonal,231.0100555419922,0.553497314453125,1.804766058921814,554.0884343743757,0.2378067271157025,1940.501953125,5206.0,92313600.0,50,64.0,-3.9000000000000057
deit_tiny,128,8,49,Fast_Operator_One_Step,228.98927307128903,0.6632461547851562,1.7889786958694458,558.9781489901974,0.239905321775292,1940.501953125,5206.0,92313600.0,50,,
deit_tiny,128,8,49,Hybrid_Group_Mean,48.13804626464844,0.4251346588134765,0.3760784864425659,2659.0194229382446,1.1412126062872947,1940.501953125,5206.0,92313600.0,50,64.1,-3.8000000000000114
deit_tiny,128,8,49,Hybrid_Amortized_Operator,247.61024475097656,6.064933776855469,1.9344550371170044,516.9414542145885,0.2218637815026882,1940.501953125,5206.0,92313600.0,50,64.0,-3.9000000000000057
deit_tiny,128,8,49,Attention_Pruning_EViT,38.704193115234375,0.1162242889404296,0.3023765087127685,3307.135214494831,1.4193745126192678,1940.501953125,5206.0,92313600.0,50,59.3,-8.600000000000009
deit_tiny,128,8,49,Token_Merging_ToMe,4006.151611328125,93.1639404296875,31.298059463500977,31.950862677801968,0.0137128472831424,1940.501953125,5206.0,92313600.0,50,64.5,-3.4000000000000057
deit_tiny,1,8,32,Spatial_Group_Mean,4.209951877593994,0.1336479187011718,4.209951877593994,237.53240632562867,0.912094008444305,1712.6435546875,5206.0,60065280.0,33,61.8,-6.1000000000000085
deit_tiny,1,8,32,Fast_Amortized_Operator,7.462944030761719,0.3794081211090088,7.462944030761719,133.9953771431317,0.5145250811964632,1712.6435546875,5206.0,60065280.0,33,61.8,-6.1000000000000085
deit_tiny,1,8,32,Fast_Operator_Diagonal,7.96563196182251,0.8314878940582275,7.96563196182251,125.53931750710754,0.4820548955558052,1712.6435546875,5206.0,60065280.0,33,61.8,-6.1000000000000085
deit_tiny,1,8,32,Fast_Operator_One_Step,7.029376029968262,0.3209917545318603,7.029376029968262,142.26013741998025,0.5462607018065118,1712.6435546875,5206.0,60065280.0,33,,
deit_tiny,1,8,32,Hybrid_Group_Mean,5.889376163482666,0.1455519199371338,5.889376163482666,169.7972709232845,0.6519997664950707,1712.6435546875,5206.0,60065280.0,33,62.4,-5.500000000000007
deit_tiny,1,8,32,Hybrid_Amortized_Operator,8.394847869873047,0.1959199905395507,8.394847869873047,119.1206815776547,0.4574081559205674,1712.6435546875,5206.0,60065280.0,33,62.4,-5.500000000000007
deit_tiny,1,8,32,Attention_Pruning_EViT,4.166592121124268,0.2490240335464477,4.166592121124268,240.00429390006408,0.9215857400402864,1712.6435546875,5206.0,60065280.0,33,50.4,-17.500000000000007
deit_tiny,1,8,32,Token_Merging_ToMe,39.23926544189453,0.3531684875488281,39.23926544189453,25.48467685973376,0.0978578941310308,1712.6435546875,5206.0,60065280.0,33,62.6,-5.300000000000004
deit_tiny,2,8,32,Spatial_Group_Mean,4.209887981414795,0.0786080360412597,2.104943990707397,475.0720230156505,0.8550688515677429,1713.2607421875,5206.0,60065280.0,33,61.8,-6.1000000000000085
deit_tiny,2,8,32,Fast_Amortized_Operator,8.94655990600586,0.9078717231750488,4.47327995300293,223.54961247813168,0.4023606972195727,1713.2607421875,5206.0,60065280.0,33,61.8,-6.1000000000000085
deit_tiny,2,8,32,Fast_Operator_Diagonal,8.000320434570312,0.2178080081939697,4.000160217285156,249.98998682074884,0.4499499877457759,1713.2607421875,5206.0,60065280.0,33,61.8,-6.1000000000000085
deit_tiny,2,8,32,Fast_Operator_One_Step,7.943039894104004,0.2141280174255371,3.971519947052002,251.79276784000157,0.4531947628979211,1713.2607421875,5206.0,60065280.0,33,,
deit_tiny,2,8,32,Hybrid_Group_Mean,5.93942403793335,0.4381599426269531,2.969712018966675,336.73298744568325,0.6060762893012334,1713.2607421875,5206.0,60065280.0,33,62.4,-5.500000000000007
deit_tiny,2,8,32,Hybrid_Amortized_Operator,10.386207580566406,0.1656956672668457,5.193103790283203,192.56306832748004,0.3465888827633928,1713.2607421875,5206.0,60065280.0,33,62.4,-5.500000000000007
deit_tiny,2,8,32,Attention_Pruning_EViT,3.782144069671631,0.0828959941864013,1.8910720348358157,528.8005858998496,0.9517733896926156,1713.2607421875,5206.0,60065280.0,33,50.4,-17.500000000000007
deit_tiny,2,8,32,Token_Merging_ToMe,71.53119659423828,0.6167831420898438,35.76559829711914,27.95982865133696,0.0503241138536629,1713.2607421875,5206.0,60065280.0,33,62.6,-5.300000000000004
deit_tiny,4,8,32,Spatial_Group_Mean,4.183616161346436,0.1219358444213867,1.0459040403366089,956.1106577981712,0.7963407368790218,1714.7099609375,5206.0,60065280.0,33,61.8,-6.1000000000000085
deit_tiny,4,8,32,Fast_Amortized_Operator,11.658592224121094,0.3600320816040039,2.914648056030273,343.0945969380577,0.2857621154167062,1714.7099609375,5206.0,60065280.0,33,61.8,-6.1000000000000085
deit_tiny,4,8,32,Fast_Operator_Diagonal,11.03228759765625,0.1315522193908691,2.7580718994140625,362.5721288166725,0.3019848736950424,1714.7099609375,5206.0,60065280.0,33,61.8,-6.1000000000000085
deit_tiny,4,8,32,Fast_Operator_One_Step,10.293375968933104,0.1562557220458984,2.5733439922332764,388.5994266674585,0.3236629058144584,1714.7099609375,5206.0,60065280.0,33,,
deit_tiny,4,8,32,Hybrid_Group_Mean,5.5348801612854,0.2553439140319824,1.38372004032135,722.6895404129318,0.6019252232503424,1714.7099609375,5206.0,60065280.0,33,62.4,-5.500000000000007
deit_tiny,4,8,32,Hybrid_Amortized_Operator,12.515199661254885,0.3486723899841308,3.1287999153137207,319.6113612460678,0.2662030224783127,1714.7099609375,5206.0,60065280.0,33,62.4,-5.500000000000007
deit_tiny,4,8,32,Attention_Pruning_EViT,3.869663953781128,0.0784159898757934,0.967415988445282,1033.681489601059,0.8609491719533544,1714.7099609375,5206.0,60065280.0,33,50.4,-17.500000000000007
deit_tiny,4,8,32,Token_Merging_ToMe,169.93959045410156,12.198463439941406,42.48489761352539,23.537775919733942,0.0196045192756035,1714.7099609375,5206.0,60065280.0,33,62.6,-5.300000000000004
deit_tiny,8,8,32,Spatial_Group_Mean,4.0867838859558105,0.0184319019317626,0.5108479857444763,1957.5294958688455,1.0867498649745575,1716.6630859375,5206.0,60065280.0,33,61.8,-6.1000000000000085
deit_tiny,8,8,32,Fast_Amortized_Operator,18.2194881439209,0.2219676971435547,2.2774360179901123,439.0902717357224,0.2437671026298596,1716.6630859375,5206.0,60065280.0,33,61.8,-6.1000000000000085
deit_tiny,8,8,32,Fast_Operator_Diagonal,17.36835289001465,0.276127815246582,2.171044111251831,460.6078682682301,0.2557128971507746,1716.6630859375,5206.0,60065280.0,33,61.8,-6.1000000000000085
deit_tiny,8,8,32,Fast_Operator_One_Step,17.216064453125,0.2737760543823242,2.152008056640625,464.682275196052,0.2579748611150502,1716.6630859375,5206.0,60065280.0,33,,
deit_tiny,8,8,32,Hybrid_Group_Mean,6.62278413772583,0.1682081222534179,0.8278480172157288,1207.9511929777443,0.6706109913719397,1716.6630859375,5206.0,60065280.0,33,62.4,-5.500000000000007
deit_tiny,8,8,32,Hybrid_Amortized_Operator,20.08358383178711,0.5495033264160156,2.5104479789733887,398.3352805457994,0.2211413995351382,1716.6630859375,5206.0,60065280.0,33,62.4,-5.500000000000007
deit_tiny,8,8,32,Attention_Pruning_EViT,3.539328098297119,0.0266400575637817,0.4424160122871399,2260.316019825641,1.254846036562569,1716.6630859375,5206.0,60065280.0,33,50.4,-17.500000000000007
deit_tiny,8,8,32,Token_Merging_ToMe,274.02960205078125,0.8310546875,34.253700256347656,29.19392627705052,0.0162074162900825,1716.6630859375,5206.0,60065280.0,33,62.6,-5.300000000000004
deit_tiny,16,8,32,Spatial_Group_Mean,5.209472179412842,0.0730557441711425,0.3255920112133026,3071.32842809487,1.283630974855504,1721.3037109375,5206.0,60065280.0,33,61.8,-6.1000000000000085
deit_tiny,16,8,32,Fast_Amortized_Operator,31.32851219177246,0.3823680877685547,1.9580320119857788,510.7168799481624,0.2134490080859471,1721.3037109375,5206.0,60065280.0,33,61.8,-6.1000000000000085
deit_tiny,16,8,32,Fast_Operator_Diagonal,31.081024169921875,0.3547677993774414,1.9425640106201167,514.7835512924868,0.2151486326700135,1721.3037109375,5206.0,60065280.0,33,61.8,-6.1000000000000085
deit_tiny,16,8,32,Fast_Operator_One_Step,30.506784439086918,0.1324481964111328,1.906674027442932,524.4734997209325,0.2191984496266523,1721.3037109375,5206.0,60065280.0,33,,
deit_tiny,16,8,32,Hybrid_Group_Mean,8.485152244567871,0.3292160034179687,0.5303220152854919,1885.646779083201,0.7880871974245748,1721.3037109375,5206.0,60065280.0,33,62.4,-5.500000000000007
deit_tiny,16,8,32,Hybrid_Amortized_Operator,33.7716178894043,0.3016643524169922,2.110726118087769,473.7706097586735,0.1980076842643764,1721.3037109375,5206.0,60065280.0,33,62.4,-5.500000000000007
deit_tiny,16,8,32,Attention_Pruning_EViT,5.184768199920654,0.036992073059082,0.3240480124950409,3085.9624544535777,1.289747119696628,1721.3037109375,5206.0,60065280.0,33,50.4,-17.500000000000007
deit_tiny,16,8,32,Token_Merging_ToMe,579.1583251953125,20.8055419921875,36.19739532470703,27.62629716943849,0.0115461343836976,1721.3037109375,5206.0,60065280.0,33,62.6,-5.300000000000004
deit_tiny,32,8,32,Spatial_Group_Mean,9.428288459777832,0.0487518310546875,0.2946340143680572,3394.0412553684264,1.3370045164625672,1730.4443359375,5206.0,60065280.0,33,61.8,-6.1000000000000085
deit_tiny,32,8,32,Fast_Amortized_Operator,58.89110565185547,0.2585926055908203,1.8403470516204836,543.3757720422725,0.214050392053349,1730.4443359375,5206.0,60065280.0,33,61.8,-6.1000000000000085
deit_tiny,32,8,32,Fast_Operator_Diagonal,58.18156814575195,0.6218738555908203,1.8181740045547483,550.0023636323463,0.2166607854510921,1730.4443359375,5206.0,60065280.0,33,61.8,-6.1000000000000085
deit_tiny,32,8,32,Fast_Operator_One_Step,57.94278335571289,0.9901752471923828,1.810711979866028,552.2689478610445,0.2175536541944874,1730.4443359375,5206.0,60065280.0,33,,
deit_tiny,32,8,32,Hybrid_Group_Mean,13.568896293640137,1.278656005859375,0.4240280091762543,2358.334775909422,0.9290117619325642,1730.4443359375,5206.0,60065280.0,33,62.4,-5.500000000000007
deit_tiny,32,8,32,Hybrid_Amortized_Operator,62.51955032348633,1.657888412475586,1.953735947608948,511.839893832038,0.201627557908064,1730.4443359375,5206.0,60065280.0,33,62.4,-5.500000000000007
deit_tiny,32,8,32,Attention_Pruning_EViT,9.43446445465088,0.0646243095397949,0.2948270142078399,3391.819446012652,1.3361292857508926,1730.4443359375,5206.0,60065280.0,33,50.4,-17.500000000000007
deit_tiny,32,8,32,Token_Merging_ToMe,1104.41357421875,13.89654541015625,34.51292419433594,28.97465292622508,0.0114138983325625,1730.4443359375,5206.0,60065280.0,33,62.6,-5.300000000000004
deit_tiny,64,8,32,Spatial_Group_Mean,18.85183906555176,0.0997276306152343,0.2945599853992462,3394.8942475828862,1.4046273530819595,1748.8193359375,5206.0,60065280.0,33,61.8,-6.1000000000000085
deit_tiny,64,8,32,Fast_Amortized_Operator,115.85926055908205,0.6601753234863281,1.8103009462356567,552.3943419901547,0.2285515087839677,1748.8193359375,5206.0,60065280.0,33,61.8,-6.1000000000000085
deit_tiny,64,8,32,Fast_Operator_Diagonal,114.5885772705078,0.5842208862304688,1.7904465198516846,558.519893731781,0.2310859375176855,1748.8193359375,5206.0,60065280.0,33,61.8,-6.1000000000000085
deit_tiny,64,8,32,Fast_Operator_One_Step,114.47058868408205,0.5815658569335938,1.7886029481887815,559.0955784863511,0.231324125365097,1748.8193359375,5206.0,60065280.0,33,,
deit_tiny,64,8,32,Hybrid_Group_Mean,25.47225570678711,3.086880683898926,0.3980039954185486,2512.5375913585517,1.0395549225080003,1748.8193359375,5206.0,60065280.0,33,62.4,-5.500000000000007
deit_tiny,64,8,32,Hybrid_Amortized_Operator,122.02416229248048,5.564525604248047,1.9066275358200075,524.4862885974829,0.2170046350648442,1748.8193359375,5206.0,60065280.0,33,62.4,-5.500000000000007
deit_tiny,64,8,32,Attention_Pruning_EViT,18.907360076904297,0.0658397674560546,0.2954275012016296,3384.925221695927,1.4005026984025466,1748.8193359375,5206.0,60065280.0,33,50.4,-17.500000000000007
deit_tiny,64,8,32,Token_Merging_ToMe,2199.744384765625,26.72998046875,34.37100601196289,29.094289519833904,0.0120376753729931,1748.8193359375,5206.0,60065280.0,33,62.6,-5.300000000000004
deit_tiny,96,8,32,Spatial_Group_Mean,27.85120010375977,0.0722246170043945,0.2901166677474975,3446.8891696713818,1.443552651853678,1768.0693359375,5206.0,60065280.0,33,61.8,-6.1000000000000085
deit_tiny,96,8,32,Fast_Amortized_Operator,172.3877716064453,0.438720703125,1.7957059542338054,556.8840475481308,0.2332223068517619,1768.0693359375,5206.0,60065280.0,33,61.8,-6.1000000000000085
deit_tiny,96,8,32,Fast_Operator_Diagonal,171.24755859375,0.6797103881835938,1.7838287353515625,560.5919336213165,0.2347751646636157,1768.0693359375,5206.0,60065280.0,33,61.8,-6.1000000000000085
deit_tiny,96,8,32,Fast_Operator_One_Step,170.0162811279297,0.7411575317382812,1.7710029284159343,564.6518048925225,0.2364754334135659,1768.0693359375,5206.0,60065280.0,33,,
deit_tiny,96,8,32,Hybrid_Group_Mean,34.887935638427734,0.5522575378417969,0.3634159962336222,2751.6675390291557,1.152394747105814,1768.0693359375,5206.0,60065280.0,33,62.4,-5.500000000000007
deit_tiny,96,8,32,Hybrid_Amortized_Operator,179.1607666015625,1.1381759643554688,1.8662579854329424,535.8315987422369,0.224405568974269,1768.0693359375,5206.0,60065280.0,33,62.4,-5.500000000000007
deit_tiny,96,8,32,Attention_Pruning_EViT,27.92892837524414,0.0317916870117187,0.2909263372421264,3437.296222403335,1.439535138151837,1768.0693359375,5206.0,60065280.0,33,50.4,-17.500000000000007
deit_tiny,96,8,32,Token_Merging_ToMe,3377.424560546875,6.5166015625,35.181505839029946,28.424024957186788,0.0119039442765761,1768.0693359375,5206.0,60065280.0,33,62.6,-5.300000000000004
deit_tiny,128,8,32,Spatial_Group_Mean,37.33571243286133,0.1084804534912109,0.2916852533817291,3428.352953761765,1.4713994098290106,1786.0693359375,5206.0,60065280.0,33,61.8,-6.1000000000000085
deit_tiny,128,8,32,Fast_Amortized_Operator,229.44595336914065,0.8676376342773438,1.7925465106964111,557.8655806322683,0.2394278235575385,1786.0693359375,5206.0,60065280.0,33,61.8,-6.1000000000000085
deit_tiny,128,8,32,Fast_Operator_Diagonal,228.26824951171875,0.4959487915039062,1.7833456993103027,560.7437752460129,0.2406631029798016,1786.0693359375,5206.0,60065280.0,33,61.8,-6.1000000000000085
deit_tiny,128,8,32,Fast_Operator_One_Step,227.45315551757807,0.6886444091796875,1.776977777481079,562.7532390514928,0.2415255357273434,1786.0693359375,5206.0,60065280.0,33,,
deit_tiny,128,8,32,Hybrid_Group_Mean,49.050880432128906,3.234960556030273,0.3832100033760071,2609.535218783932,1.1199747029061329,1786.0693359375,5206.0,60065280.0,33,62.4,-5.500000000000007
deit_tiny,128,8,32,Hybrid_Amortized_Operator,239.3495635986328,5.856269836425781,1.8699184656143188,534.7826754956789,0.229520975151557,1786.0693359375,5206.0,60065280.0,33,62.4,-5.500000000000007
deit_tiny,128,8,32,Attention_Pruning_EViT,37.64156723022461,0.1592006683349609,0.2940747439861297,3400.496031876732,1.459443622611619,1786.0693359375,5206.0,60065280.0,33,50.4,-17.500000000000007
deit_tiny,128,8,32,Token_Merging_ToMe,4501.52294921875,30.874755859375,35.168148040771484,28.43482115807378,0.0122038132114359,1786.0693359375,5206.0,60065280.0,33,62.6,-5.300000000000004
deit_small,1,12,196,Clean,3.142911911010742,0.1537280082702636,3.142911911010742,318.1762735686747,1.0,1657.64306640625,5206.0,4540695552.0,197,76.1,0.0
deit_small,2,12,196,Clean,4.236639976501465,0.007552146911621,2.1183199882507324,472.0722107833107,1.0,1658.38916015625,5206.0,4540695552.0,197,76.1,0.0
deit_small,4,12,196,Clean,5.884255886077881,0.0215039253234863,1.4710639715194702,679.7800907101915,1.0,1659.58447265625,5206.0,4540695552.0,197,76.1,0.0
deit_small,8,12,196,Clean,10.320735931396484,0.0664634704589843,1.2900919914245603,775.1385224054978,1.0,1661.75634765625,5206.0,4540695552.0,197,76.1,0.0
deit_small,16,12,196,Clean,20.12928009033203,0.1018543243408203,1.258080005645752,794.8620083877069,1.0,1666.25634765625,5206.0,4540695552.0,197,76.1,0.0
deit_small,32,12,196,Clean,39.491329193115234,0.0550727844238281,1.234104037284851,810.3044555304245,1.0,1675.44384765625,5206.0,4540695552.0,197,76.1,0.0
deit_small,64,12,196,Clean,78.72525024414062,0.1288909912109375,1.2300820350646973,812.9539099783732,1.0,1693.81884765625,5206.0,4540695552.0,197,76.1,0.0
deit_small,96,12,196,Clean,121.14873504638672,0.1537628173828125,1.2619659900665283,792.4143819020685,1.0,1713.06884765625,5206.0,4540695552.0,197,76.1,0.0
deit_small,1,6,98,Spatial_Group_Mean,3.874336004257202,0.2713919878005981,3.874336004257202,258.108744027668,0.8112130459405803,1657.71875,5206.0,1096229376.0,99,74.8,-1.2999999999999972
deit_small,1,6,98,Fast_Amortized_Operator,7.768127918243408,0.2452161312103271,7.768127918243408,128.731144816952,0.4045906483632472,1657.71875,5206.0,1096229376.0,99,74.8,-1.2999999999999972
deit_small,1,6,98,Fast_Operator_Diagonal,7.145535945892334,0.3486237525939941,7.145535945892334,139.94751514403305,0.4398427122625377,1657.71875,5206.0,1096229376.0,99,74.8,-1.2999999999999972
deit_small,1,6,98,Fast_Operator_One_Step,7.419295787811279,0.3064160346984863,7.419295787811279,134.78368144357322,0.4236132378188837,1657.71875,5206.0,1096229376.0,99,,
deit_small,1,6,98,Hybrid_Group_Mean,20.98758316040039,0.9322566986083984,20.98758316040039,47.64722037584639,0.1497510164458013,1657.71875,5206.0,1096229376.0,99,73.2,-2.8999999999999915
deit_small,1,6,98,Hybrid_Amortized_Operator,27.173791885375977,1.572159767150879,27.173791885375977,36.80016407788,0.1156596740075187,1657.71875,5206.0,1096229376.0,99,73.2,-2.8999999999999915
deit_small,1,6,98,Attention_Pruning_EViT,3.714560031890869,0.1934398412704467,3.714560031890869,269.2108867307651,0.8461061024798854,1657.71875,5206.0,1096229376.0,99,73.3,-2.799999999999997
deit_small,1,6,98,Token_Merging_ToMe,23.77846336364746,0.1399192810058593,23.77846336364746,42.0548621963857,0.132174727312936,1657.71875,5206.0,1096229376.0,99,75.1,-1.0
deit_small,2,6,98,Spatial_Group_Mean,3.693504095077514,0.0085600614547729,1.846752047538757,541.4912095712801,1.147051652696909,1658.46484375,5206.0,1096229376.0,99,74.8,-1.2999999999999972
deit_small,2,6,98,Fast_Amortized_Operator,11.781536102294922,0.2900643348693847,5.890768051147461,169.75715073439537,0.3595999655491622,1658.46484375,5206.0,1096229376.0,99,74.8,-1.2999999999999972
deit_small,2,6,98,Fast_Operator_Diagonal,10.122783660888672,0.3830242156982422,5.061391830444336,197.57411271440935,0.4185251921238365,1658.46484375,5206.0,1096229376.0,99,74.8,-1.2999999999999972
deit_small,2,6,98,Fast_Operator_One_Step,10.157695770263672,0.1796798706054687,5.078847885131836,196.89504836864043,0.4170867165468858,1658.46484375,5206.0,1096229376.0,99,,
deit_small,2,6,98,Hybrid_Group_Mean,22.55267143249512,0.969696044921875,11.27633571624756,88.68129019599385,0.1878553496060375,1658.46484375,5206.0,1096229376.0,99,73.2,-2.8999999999999915
deit_small,2,6,98,Hybrid_Amortized_Operator,29.5548152923584,0.5515518188476562,14.7774076461792,67.67086785066506,0.1433485519903376,1658.46484375,5206.0,1096229376.0,99,73.2,-2.8999999999999915
deit_small,2,6,98,Attention_Pruning_EViT,3.646752119064331,0.0089280605316162,1.8233760595321653,548.4332180255651,1.1617570479642263,1658.46484375,5206.0,1096229376.0,99,73.3,-2.799999999999997
deit_small,2,6,98,Token_Merging_ToMe,43.29654312133789,0.4045753479003906,21.648271560668945,46.19306429141539,0.0978516914070563,1658.46484375,5206.0,1096229376.0,99,75.1,-1.0
deit_small,4,6,98,Spatial_Group_Mean,5.026144027709961,0.0128641128540039,1.2565360069274902,795.8387141210718,1.170729659483892,1659.66015625,5206.0,1096229376.0,99,74.8,-1.2999999999999972
deit_small,4,6,98,Fast_Amortized_Operator,17.712543487548828,0.2328481674194336,4.428135871887207,225.8286622026832,0.332208408702808,1659.66015625,5206.0,1096229376.0,99,74.8,-1.2999999999999972
deit_small,4,6,98,Fast_Operator_Diagonal,15.96070384979248,0.261807918548584,3.99017596244812,250.6155140552907,0.3686714534305695,1659.66015625,5206.0,1096229376.0,99,74.8,-1.2999999999999972
deit_small,4,6,98,Fast_Operator_One_Step,15.683263778686523,0.1883521080017089,3.920815944671631,255.0489525933996,0.3751933251339275,1659.66015625,5206.0,1096229376.0,99,,
deit_small,4,6,98,Hybrid_Group_Mean,26.51955223083496,0.4594078063964844,6.62988805770874,150.83210927479757,0.2218836817024424,1659.66015625,5206.0,1096229376.0,99,73.2,-2.8999999999999915
deit_small,4,6,98,Hybrid_Amortized_Operator,40.35728073120117,0.5648479461669922,10.089320182800291,99.11470563742678,0.1458040725109762,1659.66015625,5206.0,1096229376.0,99,73.2,-2.8999999999999915
deit_small,4,6,98,Attention_Pruning_EViT,5.013663768768311,0.0242080688476562,1.2534159421920776,797.8197550695878,1.1736438974493588,1659.66015625,5206.0,1096229376.0,99,73.3,-2.799999999999997
deit_small,4,6,98,Token_Merging_ToMe,85.79193878173828,1.1472625732421875,21.44798469543457,46.62442715248955,0.0685875149767615,1659.66015625,5206.0,1096229376.0,99,75.1,-1.0
deit_small,8,6,98,Spatial_Group_Mean,8.089599609375,0.0379042625427246,1.011199951171875,988.9240983853932,1.2758030594537495,1661.83203125,5206.0,1096229376.0,99,74.8,-1.2999999999999972
deit_small,8,6,98,Fast_Amortized_Operator,30.54697608947754,0.6141443252563477,3.818372011184693,261.89171643591084,0.3378644059944005,1661.83203125,5206.0,1096229376.0,99,74.8,-1.2999999999999972
deit_small,8,6,98,Fast_Operator_Diagonal,28.708480834960938,0.1173114776611328,3.588560104370117,278.663299740252,0.3595012912988409,1661.83203125,5206.0,1096229376.0,99,74.8,-1.2999999999999972
deit_small,8,6,98,Fast_Operator_One_Step,28.126399993896484,0.1080961227416992,3.5157999992370605,284.4302861985901,0.3669412343433968,1661.83203125,5206.0,1096229376.0,99,,
deit_small,8,6,98,Hybrid_Group_Mean,33.146976470947266,0.8714408874511719,4.143372058868408,241.3493130214111,0.3113628158647418,1661.83203125,5206.0,1096229376.0,99,73.2,-2.8999999999999915
deit_small,8,6,98,Hybrid_Amortized_Operator,56.287841796875,1.3638076782226562,7.035980224609375,142.12660753399405,0.1833563981479473,1661.83203125,5206.0,1096229376.0,99,73.2,-2.8999999999999915
deit_small,8,6,98,Attention_Pruning_EViT,7.996032238006592,0.0267043113708496,0.999504029750824,1000.4962163577268,1.2907321561736775,1661.83203125,5206.0,1096229376.0,99,73.3,-2.799999999999997
deit_small,8,6,98,Token_Merging_ToMe,167.0957794189453,0.7950592041015625,20.886972427368164,47.87673290025038,0.0617653896901857,1661.83203125,5206.0,1096229376.0,99,75.1,-1.0
deit_small,16,6,98,Spatial_Group_Mean,14.859647750854492,0.0943837165832519,0.9287279844284058,1076.7415397905334,1.3546270024586895,1666.33203125,5206.0,1096229376.0,99,74.8,-1.2999999999999972
deit_small,16,6,98,Fast_Amortized_Operator,57.05936050415039,0.309152603149414,3.5662100315093994,280.4097322267779,0.3527778775029885,1666.33203125,5206.0,1096229376.0,99,74.8,-1.2999999999999972
deit_small,16,6,98,Fast_Operator_Diagonal,55.48227310180664,0.4761428833007812,3.467642068862915,288.38039801723625,0.3628056127656487,1666.33203125,5206.0,1096229376.0,99,74.8,-1.2999999999999972
deit_small,16,6,98,Fast_Operator_One_Step,54.43324661254883,0.5083827972412109,3.4020779132843018,293.9380065621774,0.3697975289552452,1666.33203125,5206.0,1096229376.0,99,,
deit_small,16,6,98,Hybrid_Group_Mean,45.069278717041016,1.1358718872070312,2.8168299198150635,355.009009583956,0.4466297367816762,1666.33203125,5206.0,1096229376.0,99,73.2,-2.8999999999999915
deit_small,16,6,98,Hybrid_Amortized_Operator,88.7525405883789,1.1050872802734375,5.547033786773682,180.27652948218827,0.2268022972287479,1666.33203125,5206.0,1096229376.0,99,73.2,-2.8999999999999915
deit_small,16,6,98,Attention_Pruning_EViT,14.754400253295898,0.0735998153686523,0.9221500158309937,1084.422255416709,1.3642899572170322,1666.33203125,5206.0,1096229376.0,99,73.3,-2.799999999999997
deit_small,16,6,98,Token_Merging_ToMe,331.6390380859375,0.8802490234375,20.727439880371094,48.245224966108864,0.0606963528977428,1666.33203125,5206.0,1096229376.0,99,75.1,-1.0
deit_small,32,6,98,Spatial_Group_Mean,29.07062339782715,0.0808801651000976,0.9084569811820984,1100.7675880246793,1.3584617244935646,1675.51953125,5206.0,1096229376.0,99,74.8,-1.2999999999999972
deit_small,32,6,98,Fast_Amortized_Operator,112.59363555908205,0.850494384765625,3.518551111221313,284.20789364429413,0.3507421089746469,1675.51953125,5206.0,1096229376.0,99,74.8,-1.2999999999999972
deit_small,32,6,98,Fast_Operator_Diagonal,111.26976013183594,0.6391868591308594,3.477180004119873,287.58936805548416,0.3549152001974719,1675.51953125,5206.0,1096229376.0,99,74.8,-1.2999999999999972
deit_small,32,6,98,Fast_Operator_One_Step,109.13721466064452,0.5368804931640625,3.4105379581451416,293.20887562965606,0.3618502571823103,1675.51953125,5206.0,1096229376.0,99,,
deit_small,32,6,98,Hybrid_Group_Mean,76.82083129882812,1.981426239013672,2.400650978088379,416.55368028395895,0.5140705785842968,1675.51953125,5206.0,1096229376.0,99,73.2,-2.8999999999999915
deit_small,32,6,98,Hybrid_Amortized_Operator,160.8768310546875,1.9457550048828125,5.027400970458984,198.90993494968905,0.2454755537774783,1675.51953125,5206.0,1096229376.0,99,73.2,-2.8999999999999915
deit_small,32,6,98,Attention_Pruning_EViT,29.01548767089844,0.1217765808105468,0.9067339897155762,1102.859285459983,1.3610430967432512,1675.51953125,5206.0,1096229376.0,99,73.3,-2.799999999999997
deit_small,32,6,98,Token_Merging_ToMe,735.0018310546875,46.61245727539063,22.968807220458984,43.53730650450455,0.053729565729717,1675.51953125,5206.0,1096229376.0,99,75.1,-1.0
deit_small,64,6,98,Spatial_Group_Mean,57.55510330200195,1.422624588012695,0.8992984890937805,1111.9778495432545,1.3678239761130322,1693.89453125,5206.0,1096229376.0,99,74.8,-1.2999999999999972
deit_small,64,6,98,Fast_Amortized_Operator,224.3095703125,0.9368972778320312,3.5048370361328125,285.3199705694122,0.3509669700426221,1693.89453125,5206.0,1096229376.0,99,74.8,-1.2999999999999972
deit_small,64,6,98,Fast_Operator_Diagonal,221.58876037597656,0.7394256591796875,3.462324380874634,288.82331347225914,0.3552763692100855,1693.89453125,5206.0,1096229376.0,99,74.8,-1.2999999999999972
deit_small,64,6,98,Fast_Operator_One_Step,217.2104949951172,1.11871337890625,3.393913984298706,294.6450630824201,0.3624375988181894,1693.89453125,5206.0,1096229376.0,99,,
deit_small,64,6,98,Hybrid_Group_Mean,135.8790740966797,7.810523986816406,2.12311053276062,471.0070364069687,0.579377293873276,1693.89453125,5206.0,1096229376.0,99,73.2,-2.8999999999999915
deit_small,64,6,98,Hybrid_Amortized_Operator,337.34002685546875,51.68083190917969,5.270937919616699,189.71955565599217,0.2333706171128929,1693.89453125,5206.0,1096229376.0,99,73.2,-2.8999999999999915
deit_small,64,6,98,Attention_Pruning_EViT,58.398624420166016,0.2902545928955078,0.912478506565094,1095.9162246619585,1.348066859892602,1693.89453125,5206.0,1096229376.0,99,73.3,-2.799999999999997
deit_small,64,6,98,Token_Merging_ToMe,1425.1790771484375,17.1715087890625,22.268423080444336,44.90663736662068,0.0552388478798451,1693.89453125,5206.0,1096229376.0,99,75.1,-1.0
deit_small,96,6,98,Spatial_Group_Mean,89.06694030761719,0.3137893676757812,0.9277806282043456,1077.84099990903,1.360198684584496,1713.14453125,5206.0,1096229376.0,99,74.8,-1.2999999999999972
deit_small,96,6,98,Fast_Amortized_Operator,335.65008544921875,0.7183380126953125,3.4963550567626958,286.01214229252463,0.3609375963192346,1713.14453125,6970.0,1096229376.0,99,74.8,-1.2999999999999972
deit_small,96,6,98,Fast_Operator_Diagonal,331.8056030273437,0.94610595703125,3.456308364868164,289.3260364626475,0.3651196180566094,1713.14453125,6970.0,1096229376.0,99,74.8,-1.2999999999999972
deit_small,96,6,98,Fast_Operator_One_Step,325.5583190917969,1.0657958984375,3.391232490539551,294.8780429503665,0.3721260614207395,1713.14453125,6970.0,1096229376.0,99,,
deit_small,96,6,98,Hybrid_Group_Mean,195.50743103027344,2.413604736328125,2.0365357398986816,491.0299291137166,0.6196630706462886,1713.14453125,6970.0,1096229376.0,99,73.2,-2.8999999999999915
deit_small,96,6,98,Hybrid_Amortized_Operator,445.462646484375,2.873260498046875,4.640235900878906,215.5062848874968,0.2719616021736092,1713.14453125,6970.0,1096229376.0,99,73.2,-2.8999999999999915
deit_small,96,6,98,Attention_Pruning_EViT,89.5893783569336,1.7672195434570312,0.9332226912180582,1071.5555991194158,1.3522667225540654,1713.14453125,6970.0,1096229376.0,99,73.3,-2.799999999999997
deit_small,96,6,98,Token_Merging_ToMe,2048.17822265625,18.3026123046875,21.335189819335938,46.87092116207501,0.0591495084296281,1713.14453125,6970.0,1096229376.0,99,75.1,-1.0
deit_small,1,6,49,Spatial_Group_Mean,5.093183994293213,1.4494881629943848,5.093183994293213,196.34083534395683,0.6170819500203207,2808.951171875,6970.0,542361600.0,50,72.8,-3.299999999999997
deit_small,1,6,49,Fast_Amortized_Operator,10.539775848388672,2.041696071624756,10.539775848388672,94.8786781032806,0.2981953275117547,2808.951171875,6970.0,542361600.0,50,72.8,-3.299999999999997
deit_small,1,6,49,Fast_Operator_Diagonal,9.531840324401855,1.1720643043518066,9.531840324401855,104.91153502015386,0.3297277130172621,2808.951171875,6970.0,542361600.0,50,72.8,-3.299999999999997
deit_small,1,6,49,Fast_Operator_One_Step,7.549280166625977,2.892784357070923,7.549280166625977,132.46296043175374,0.4163194161087035,2808.951171875,6970.0,542361600.0,50,,
deit_small,1,6,49,Hybrid_Group_Mean,8.978912353515625,3.798815727233887,8.978912353515625,111.37206385676072,0.3500325860492623,2808.951171875,6970.0,542361600.0,50,71.0,-5.099999999999994
deit_small,1,6,49,Hybrid_Amortized_Operator,10.436415672302246,2.1643199920654297,10.436415672302246,95.81833757867204,0.3011485944692565,2808.951171875,6970.0,542361600.0,50,70.89999999999999,-5.200000000000003
deit_small,1,6,49,Attention_Pruning_EViT,4.31279993057251,3.8116320371627808,4.31279993057251,231.86793176080704,0.7287404845124664,2808.951171875,6970.0,542361600.0,50,67.80000000000001,-8.299999999999983
deit_small,1,6,49,Token_Merging_ToMe,34.63014221191406,9.980592727661133,34.63014221191406,28.876577921067927,0.0907565406973542,2808.951171875,6970.0,542361600.0,50,72.2,-3.8999999999999915
deit_small,2,6,49,Spatial_Group_Mean,3.7592639923095694,0.7776001691818237,1.8796319961547847,532.0190346013089,1.1269865551258107,2809.697265625,6970.0,542361600.0,50,72.8,-3.299999999999997
deit_small,2,6,49,Fast_Amortized_Operator,12.502304077148438,0.4798717498779297,6.251152038574219,159.97051324768017,0.3388687357432895,2809.697265625,6970.0,542361600.0,50,72.8,-3.299999999999997
deit_small,2,6,49,Fast_Operator_Diagonal,10.572704315185549,1.0338077545166016,5.286352157592773,189.16636088341232,0.4007148833639838,2809.697265625,6970.0,542361600.0,50,72.8,-3.299999999999997
deit_small,2,6,49,Fast_Operator_One_Step,10.440223693847656,0.6494240760803223,5.220111846923828,191.56677659872216,0.4057997319538358,2809.697265625,6970.0,542361600.0,50,,
deit_small,2,6,49,Hybrid_Group_Mean,6.868192195892334,0.3729119300842285,3.434096097946167,291.1974422026428,0.6168493623453456,2809.697265625,6970.0,542361600.0,50,71.0,-5.099999999999994
deit_small,2,6,49,Hybrid_Amortized_Operator,13.79379177093506,0.4883522987365722,6.896895885467529,144.9927643691277,0.3071410709148519,2809.697265625,6970.0,542361600.0,50,70.89999999999999,-5.200000000000003
deit_small,2,6,49,Attention_Pruning_EViT,3.434560060501098,0.378943920135498,1.717280030250549,582.3162107429276,1.2335320686991695,2809.697265625,6970.0,542361600.0,50,67.80000000000001,-8.299999999999983
deit_small,2,6,49,Token_Merging_ToMe,64.15727996826172,0.5809917449951172,32.07863998413086,31.17339140607878,0.0660352181170602,2809.697265625,6970.0,542361600.0,50,72.2,-3.8999999999999915
deit_small,4,6,49,Spatial_Group_Mean,4.455743789672852,0.0175037384033203,1.113935947418213,897.7176850407925,1.320600143059373,2810.970703125,6970.0,542361600.0,50,72.8,-3.299999999999997
deit_small,4,6,49,Fast_Amortized_Operator,17.24064064025879,0.446624755859375,4.310160160064697,232.00993997053456,0.3413014637250484,2810.970703125,6970.0,542361600.0,50,72.8,-3.299999999999997
deit_small,4,6,49,Fast_Operator_Diagonal,16.38921546936035,2.0640316009521484,4.097303867340088,244.06293318176228,0.3590321877870543,2810.970703125,6970.0,542361600.0,50,72.8,-3.299999999999997
deit_small,4,6,49,Fast_Operator_One_Step,15.922271728515623,0.1877760887145996,3.980567932128906,251.2204331267813,0.3695613280823244,2810.970703125,6970.0,542361600.0,50,,
deit_small,4,6,49,Hybrid_Group_Mean,7.473824024200439,0.381199836730957,1.8684560060501096,535.2012553477168,0.7873152842540184,2810.970703125,6970.0,542361600.0,50,71.0,-5.099999999999994
deit_small,4,6,49,Hybrid_Amortized_Operator,19.239776611328125,0.2127361297607422,4.809944152832031,207.9026217822536,0.3058380564883123,2810.970703125,6970.0,542361600.0,50,70.89999999999999,-5.200000000000003
deit_small,4,6,49,Attention_Pruning_EViT,4.430528163909912,0.0117278099060058,1.107632040977478,902.8268982879066,1.3281161225900129,2810.970703125,6970.0,542361600.0,50,67.80000000000001,-8.299999999999983
deit_small,4,6,49,Token_Merging_ToMe,125.70950317382812,3.942081451416016,31.42737579345703,31.81939232127021,0.0468083616394638,2810.970703125,6970.0,542361600.0,50,72.2,-3.8999999999999915
deit_small,8,6,49,Spatial_Group_Mean,7.130559921264648,0.0265600681304931,0.891319990158081,1121.931529688506,1.447394881377848,2812.994140625,6970.0,542361600.0,50,72.8,-3.299999999999997
deit_small,8,6,49,Fast_Amortized_Operator,28.544864654541016,0.5370550155639648,3.568108081817627,280.26056864583285,0.3615619151220822,2812.994140625,6970.0,542361600.0,50,72.8,-3.299999999999997
deit_small,8,6,49,Fast_Operator_Diagonal,28.8786563873291,0.5643520355224609,3.6098320484161377,277.021198379233,0.357382829483883,2812.994140625,6970.0,542361600.0,50,72.8,-3.299999999999997
deit_small,8,6,49,Fast_Operator_One_Step,28.54038429260254,0.686335563659668,3.5675480365753174,280.30456485736744,0.3616186742822361,2812.994140625,6970.0,542361600.0,50,,
deit_small,8,6,49,Hybrid_Group_Mean,11.809503555297852,1.5633277893066406,1.4761879444122314,677.4205166660987,0.873934783377622,2812.994140625,6970.0,542361600.0,50,71.0,-5.099999999999994
deit_small,8,6,49,Hybrid_Amortized_Operator,33.09356689453125,1.3969764709472656,4.136695861816406,241.7388257208989,0.3118653230789093,2812.994140625,6970.0,542361600.0,50,70.89999999999999,-5.200000000000003
deit_small,8,6,49,Attention_Pruning_EViT,7.109248161315918,0.0229279994964599,0.8886560201644897,1125.2948017106785,1.451733811678635,2812.994140625,6970.0,542361600.0,50,67.80000000000001,-8.299999999999983
deit_small,8,6,49,Token_Merging_ToMe,247.9481658935547,0.2423095703125,30.993520736694336,32.26480813507787,0.0416245705799139,2812.994140625,6970.0,542361600.0,50,72.2,-3.8999999999999915
deit_small,16,6,49,Spatial_Group_Mean,12.689663887023926,0.0461597442626953,0.7931039929389954,1260.868699316861,1.5862737003551084,2817.564453125,6970.0,542361600.0,50,72.8,-3.299999999999997
deit_small,16,6,49,Fast_Amortized_Operator,53.353790283203125,0.7200336456298828,3.3346118927001958,299.8849737773388,0.3772792895028705,2817.564453125,6970.0,542361600.0,50,72.8,-3.299999999999997
deit_small,16,6,49,Fast_Operator_Diagonal,52.24208068847656,0.8126087188720703,3.265130043029785,306.26651521422355,0.3853077791898151,2817.564453125,6970.0,542361600.0,50,72.8,-3.299999999999997
deit_small,16,6,49,Fast_Operator_One_Step,51.99599838256836,0.5011024475097656,3.2497498989105225,307.7159877242398,0.3871313315733998,2817.564453125,6970.0,542361600.0,50,,
deit_small,16,6,49,Hybrid_Group_Mean,16.285823822021484,1.77801513671875,1.0178639888763428,982.4495324802054,1.2360001133693632,2817.564453125,6970.0,542361600.0,50,71.0,-5.099999999999994
deit_small,16,6,49,Hybrid_Amortized_Operator,58.59084701538086,2.066560745239258,3.661927938461304,273.0801962258677,0.3435567348095827,2817.564453125,6970.0,542361600.0,50,70.89999999999999,-5.200000000000003
deit_small,16,6,49,Attention_Pruning_EViT,12.68832015991211,0.0415840148925781,0.7930200099945068,1261.002228691464,1.5864416909914625,2817.564453125,6970.0,542361600.0,50,67.80000000000001,-8.299999999999983
deit_small,16,6,49,Token_Merging_ToMe,603.0838623046875,32.92254638671875,37.69274139404297,26.53030697730152,0.033377248751787,2817.564453125,6970.0,542361600.0,50,72.2,-3.8999999999999915
deit_small,32,6,49,Spatial_Group_Mean,24.28620719909668,0.1158885955810546,0.7589439749717712,1317.6203158305525,1.6260805513750252,2826.751953125,6970.0,542361600.0,50,72.8,-3.299999999999997
deit_small,32,6,49,Fast_Amortized_Operator,104.50032043457033,0.3661270141601562,3.2656350135803223,306.2191567157521,0.3779062975968722,2826.751953125,6970.0,542361600.0,50,72.8,-3.299999999999997
deit_small,32,6,49,Fast_Operator_Diagonal,103.66226959228516,0.9040145874023438,3.239445924758911,308.69476547117324,0.3809614563566751,2826.751953125,6970.0,542361600.0,50,72.8,-3.299999999999997
deit_small,32,6,49,Fast_Operator_One_Step,102.22390747070312,0.58856201171875,3.1944971084594727,313.038317471586,0.3863218514165412,2826.751953125,6970.0,542361600.0,50,,
deit_small,32,6,49,Hybrid_Group_Mean,29.8024959564209,2.487025260925293,0.9313279986381532,1073.735570564037,1.3251014026094312,2826.751953125,6970.0,542361600.0,50,71.0,-5.099999999999994
deit_small,32,6,49,Hybrid_Amortized_Operator,110.83916473388672,2.0999069213867188,3.46372389793396,288.7066144609504,0.3562939984970998,2826.751953125,6970.0,542361600.0,50,70.89999999999999,-5.200000000000003
deit_small,32,6,49,Attention_Pruning_EViT,24.317184448242188,0.0427827835083007,0.7599120140075684,1315.9418216409993,1.6240091149191385,2826.751953125,6970.0,542361600.0,50,67.80000000000001,-8.299999999999983
deit_small,32,6,49,Token_Merging_ToMe,1028.6954345703125,43.92108154296875,32.146732330322266,31.107360764526423,0.0383897195087784,2826.751953125,6970.0,542361600.0,50,72.2,-3.8999999999999915
deit_small,64,6,49,Spatial_Group_Mean,47.377471923828125,0.5214881896972656,0.7402729988098145,1350.852998296258,1.661660005217509,2845.126953125,6970.0,542361600.0,50,72.8,-3.299999999999997
deit_small,64,6,49,Fast_Amortized_Operator,207.67344665527344,0.4454345703125,3.2448976039886475,308.1761343626973,0.3790819265152383,2845.126953125,6970.0,542361600.0,50,72.8,-3.299999999999997
deit_small,64,6,49,Fast_Operator_Diagonal,206.1433258056641,0.858062744140625,3.220989465713501,310.4636046297916,0.3818957025965356,2845.126953125,6970.0,542361600.0,50,72.8,-3.299999999999997
deit_small,64,6,49,Fast_Operator_One_Step,203.6486358642578,1.2007064819335938,3.1820099353790283,314.2667748712997,0.3865739139869074,2845.126953125,6970.0,542361600.0,50,,
deit_small,64,6,49,Hybrid_Group_Mean,54.689918518066406,1.4293270111083984,0.8545299768447876,1170.233961472407,1.439483772829801,2845.126953125,6970.0,542361600.0,50,71.0,-5.099999999999994
deit_small,64,6,49,Hybrid_Amortized_Operator,214.26255798339844,1.3581771850585938,3.3478524684906006,298.69894489432386,0.3674242060072877,2845.126953125,6970.0,542361600.0,50,70.89999999999999,-5.200000000000003
deit_small,64,6,49,Attention_Pruning_EViT,48.977569580078125,0.6279201507568359,0.7652745246887207,1306.7206182078974,1.6073735573061698,2845.126953125,6970.0,542361600.0,50,67.80000000000001,-8.299999999999983
deit_small,64,6,49,Token_Merging_ToMe,2086.085205078125,21.8984375,32.5950813293457,30.679475528710807,0.0377382716930741,2845.126953125,6970.0,542361600.0,50,72.2,-3.8999999999999915
deit_small,96,6,49,Spatial_Group_Mean,74.5453109741211,2.4185447692871094,0.7765136559804281,1287.8073583102637,1.6251690879449725,2864.376953125,6970.0,542361600.0,50,72.8,-3.299999999999997
deit_small,96,6,49,Fast_Amortized_Operator,311.360595703125,1.2974700927734375,3.2433395385742188,308.32417886152086,0.3890946276384285,2864.376953125,6970.0,542361600.0,50,72.8,-3.299999999999997
deit_small,96,6,49,Fast_Operator_Diagonal,309.15087890625,1.69757080078125,3.220321655273437,310.5279866570005,0.3918757581249674,2864.376953125,6970.0,542361600.0,50,72.8,-3.299999999999997
deit_small,96,6,49,Fast_Operator_One_Step,306.35888671875,1.6758880615234375,3.1912384033203125,313.35797380714445,0.3954471056607743,2864.376953125,6970.0,542361600.0,50,,
deit_small,96,6,49,Hybrid_Group_Mean,83.7541732788086,0.9364128112792968,0.8724393049875895,1146.21154077214,1.4464799818761946,2864.376953125,6970.0,542361600.0,50,71.0,-5.099999999999994
deit_small,96,6,49,Hybrid_Amortized_Operator,319.9222412109375,2.4421539306640625,3.3325233459472656,300.07291658319986,0.3786818152680686,2864.376953125,6970.0,542361600.0,50,70.89999999999999,-5.200000000000003
deit_small,96,6,49,Attention_Pruning_EViT,77.15433502197266,1.0951690673828125,0.8036909898122152,1244.259314433341,1.5702129376383709,2864.376953125,6970.0,542361600.0,50,67.80000000000001,-8.299999999999983
deit_small,96,6,49,Token_Merging_ToMe,2937.988525390625,29.6927490234375,30.60404713948568,32.67541692908286,0.0412352648757466,2864.376953125,6970.0,542361600.0,50,72.2,-3.8999999999999915
deit_small,1,6,32,Spatial_Group_Mean,5.6526079177856445,2.9479517936706543,5.6526079177856445,176.90949284728393,0.5560109522405984,2498.0107421875,6970.0,355373568.0,33,67.7,-8.399999999999991
deit_small,1,6,32,Fast_Amortized_Operator,7.815231800079346,0.6671037673950195,7.815231800079346,127.95525783251206,0.4021521039182527,2498.0107421875,6970.0,355373568.0,33,67.7,-8.399999999999991
deit_small,1,6,32,Fast_Operator_Diagonal,7.397312164306641,0.4609756469726562,7.397312164306641,135.18423689420322,0.4248721483156891,2498.0107421875,6970.0,355373568.0,33,67.7,-8.399999999999991
deit_small,1,6,32,Fast_Operator_One_Step,7.332448005676269,0.4806880950927734,7.332448005676269,136.3801010557279,0.4286306440328958,2498.0107421875,6970.0,355373568.0,33,,
deit_small,1,6,32,Hybrid_Group_Mean,5.456992149353027,0.3464479446411133,5.456992149353027,183.2511340736597,0.5759421719863316,2498.0107421875,6970.0,355373568.0,33,67.4,-8.699999999999989
deit_small,1,6,32,Hybrid_Amortized_Operator,9.19871997833252,0.4641757011413574,9.19871997833252,108.7107774076707,0.3416683971698057,2498.0107421875,6970.0,355373568.0,33,67.4,-8.699999999999989
deit_small,1,6,32,Attention_Pruning_EViT,3.913952112197876,0.2264319658279419,3.913952112197876,255.4962276833916,0.803002137204444,2498.0107421875,6970.0,355373568.0,33,61.4,-14.699999999999996
deit_small,1,6,32,Token_Merging_ToMe,37.9167366027832,4.15123176574707,37.9167366027832,26.37357772837964,0.0828898315784919,2498.0107421875,6970.0,355373568.0,33,70.6,-5.5
deit_small,2,6,32,Spatial_Group_Mean,3.691807985305786,0.2997920513153076,1.845903992652893,541.7399843004954,1.1475786371783774,2498.7568359375,6970.0,355373568.0,33,67.7,-8.399999999999991
deit_small,2,6,32,Fast_Amortized_Operator,10.971839904785156,0.3122234344482422,5.485919952392578,182.2848325673927,0.386137604382446,2498.7568359375,6970.0,355373568.0,33,67.7,-8.399999999999991
deit_small,2,6,32,Fast_Operator_Diagonal,9.970335960388184,0.2153444290161132,4.985167980194092,200.5950459388665,0.4249244953563747,2498.7568359375,6970.0,355373568.0,33,67.7,-8.399999999999991
deit_small,2,6,32,Fast_Operator_One_Step,9.746623992919922,0.3148479461669922,4.873311996459961,205.19925683527205,0.4346776873283525,2498.7568359375,6970.0,355373568.0,33,,
deit_small,2,6,32,Hybrid_Group_Mean,5.8976640701293945,0.1524000167846679,2.9488320350646973,339.1173142820459,0.7183589852055634,2498.7568359375,6970.0,355373568.0,33,67.4,-8.699999999999989
deit_small,2,6,32,Hybrid_Amortized_Operator,12.346112251281738,0.3344635963439941,6.173056125640869,161.9943152381727,0.3431557959520114,2498.7568359375,6970.0,355373568.0,33,67.4,-8.699999999999989
deit_small,2,6,32,Attention_Pruning_EViT,3.2334721088409424,0.0097759962081909,1.6167360544204712,618.5301535558666,1.310244787613187,2498.7568359375,6970.0,355373568.0,33,61.4,-14.699999999999996
deit_small,2,6,32,Token_Merging_ToMe,71.33859252929688,0.7235870361328125,35.66929626464844,28.035316216515664,0.059387770718375,2498.7568359375,6970.0,355373568.0,33,70.6,-5.5
deit_small,4,6,32,Spatial_Group_Mean,4.380352020263672,0.0452320575714111,1.095088005065918,913.168617840724,1.3433294536277207,2499.7333984375,6970.0,355373568.0,33,67.7,-8.399999999999991
deit_small,4,6,32,Fast_Amortized_Operator,16.590784072875977,0.2282562255859375,4.147696018218994,241.09770716258916,0.3546701506228366,2499.7333984375,6970.0,355373568.0,33,67.7,-8.399999999999991
deit_small,4,6,32,Fast_Operator_Diagonal,15.666624069213867,0.2209596633911132,3.916656017303467,255.31984314733836,0.3755918224680517,2499.7333984375,6970.0,355373568.0,33,67.7,-8.399999999999991
deit_small,4,6,32,Fast_Operator_One_Step,15.485471725463867,0.1215839385986328,3.871367931365967,258.3066290077889,0.3799855755380043,2499.7333984375,6970.0,355373568.0,33,,
deit_small,4,6,32,Hybrid_Group_Mean,6.722911834716797,0.257824182510376,1.6807279586791992,594.9802850818585,0.8752540611483053,2499.7333984375,6970.0,355373568.0,33,67.4,-8.699999999999989
deit_small,4,6,32,Hybrid_Amortized_Operator,18.25449562072754,0.5011672973632812,4.563623905181885,219.12410417180172,0.3223455749386167,2499.7333984375,6970.0,355373568.0,33,67.4,-8.699999999999989
deit_small,4,6,32,Attention_Pruning_EViT,4.330239772796631,0.0074079036712646,1.0825599431991575,923.7363771698606,1.3588753036365024,2499.7333984375,6970.0,355373568.0,33,61.4,-14.699999999999996
deit_small,4,6,32,Token_Merging_ToMe,140.80026245117188,1.837615966796875,35.20006561279297,28.40903795464984,0.0417915122006145,2499.7333984375,6970.0,355373568.0,33,70.6,-5.5
deit_small,8,6,32,Spatial_Group_Mean,6.743199825286865,0.01910400390625,0.8428999781608582,1186.380384279902,1.5305398325426944,2502.0302734375,6970.0,355373568.0,33,67.7,-8.399999999999991
deit_small,8,6,32,Fast_Amortized_Operator,28.378143310546875,0.4061279296875,3.54726791381836,281.9070970378376,0.3636860882142607,2502.0302734375,6970.0,355373568.0,33,67.7,-8.399999999999991
deit_small,8,6,32,Fast_Operator_Diagonal,27.61676788330078,0.4003677368164062,3.4520959854125977,289.67908314996606,0.3737126652549806,2502.0302734375,6970.0,355373568.0,33,67.7,-8.399999999999991
deit_small,8,6,32,Fast_Operator_One_Step,27.46063995361328,0.4744319915771484,3.43257999420166,291.3260584426896,0.3758374148901973,2502.0302734375,6970.0,355373568.0,33,,
deit_small,8,6,32,Hybrid_Group_Mean,9.10921573638916,0.1753439903259277,1.138651967048645,878.2314780450192,1.132999396442834,2502.0302734375,6970.0,355373568.0,33,67.4,-8.699999999999989
deit_small,8,6,32,Hybrid_Amortized_Operator,30.356672286987305,0.2697114944458008,3.794584035873413,263.53349683289497,0.3399824537362276,2502.0302734375,6970.0,355373568.0,33,67.4,-8.699999999999989
deit_small,8,6,32,Attention_Pruning_EViT,6.750207901000977,0.0404319763183593,0.8437759876251221,1185.1486824300173,1.528950823850335,2502.0302734375,6970.0,355373568.0,33,61.4,-14.699999999999996
deit_small,8,6,32,Token_Merging_ToMe,280.3687438964844,3.774368286132813,35.04609298706055,28.53385113054435,0.0368112928280159,2502.0302734375,6970.0,355373568.0,33,70.6,-5.5
deit_small,16,6,32,Spatial_Group_Mean,11.934816360473633,0.0715036392211914,0.745926022529602,1340.6155165478424,1.6866015766272924,2506.6240234375,6970.0,355373568.0,33,67.7,-8.399999999999991
deit_small,16,6,32,Fast_Amortized_Operator,52.369407653808594,0.0984325408935546,3.273087978363037,305.5218822746488,0.3843709713769909,2506.6240234375,6970.0,355373568.0,33,67.7,-8.399999999999991
deit_small,16,6,32,Fast_Operator_Diagonal,51.547454833984375,0.448944091796875,3.2217159271240234,310.3935985109292,0.390499980167035,2506.6240234375,6970.0,355373568.0,33,67.7,-8.399999999999991
deit_small,16,6,32,Fast_Operator_One_Step,51.09884643554688,0.4063854217529297,3.19367790222168,313.1186145303979,0.393928268336193,2506.6240234375,6970.0,355373568.0,33,,
deit_small,16,6,32,Hybrid_Group_Mean,13.953439712524414,0.2090396881103515,0.8720899820327759,1146.6706654158272,1.4426034372201622,2506.6240234375,6970.0,355373568.0,33,67.4,-8.699999999999989
deit_small,16,6,32,Hybrid_Amortized_Operator,54.687103271484375,0.3277130126953125,3.417943954467773,292.5735510358055,0.3680809347389239,2506.6240234375,6970.0,355373568.0,33,67.4,-8.699999999999989
deit_small,16,6,32,Attention_Pruning_EViT,11.94313621520996,0.0450401306152343,0.7464460134506226,1339.68161391507,1.6854266523977812,2506.6240234375,6970.0,355373568.0,33,61.4,-14.699999999999996
deit_small,16,6,32,Token_Merging_ToMe,548.9590454101562,5.837371826171875,34.309940338134766,29.14607225033619,0.0366680907412544,2506.6240234375,6970.0,355373568.0,33,70.6,-5.5
deit_small,32,6,32,Spatial_Group_Mean,23.39580726623535,0.2550086975097656,0.7311189770698547,1367.76643933899,1.687966084850973,2515.8115234375,6970.0,355373568.0,33,67.7,-8.399999999999991
deit_small,32,6,32,Fast_Amortized_Operator,102.36851501464844,0.7630043029785156,3.199016094207764,312.59611410228,0.3857761264531796,2515.8115234375,6970.0,355373568.0,33,67.7,-8.399999999999991
deit_small,32,6,32,Fast_Operator_Diagonal,101.6190414428711,0.805267333984375,3.1755950450897217,314.9016123911185,0.3886213511993886,2515.8115234375,6970.0,355373568.0,33,67.7,-8.399999999999991
deit_small,32,6,32,Fast_Operator_One_Step,100.61036682128906,0.75,3.144073963165283,318.05867537329,0.392517495371649,2515.8115234375,6970.0,355373568.0,33,,
deit_small,32,6,32,Hybrid_Group_Mean,26.379552841186523,0.4739208221435547,0.8243610262870789,1213.0607441547777,1.4970431618331768,2515.8115234375,6970.0,355373568.0,33,67.4,-8.699999999999989
deit_small,32,6,32,Hybrid_Amortized_Operator,105.85430145263672,0.9807510375976562,3.307946920394897,302.3023113927782,0.3730725029703698,2515.8115234375,6970.0,355373568.0,33,67.4,-8.699999999999989
deit_small,32,6,32,Attention_Pruning_EViT,23.40390396118164,0.1599044799804687,0.7313719987869263,1367.2932538552575,1.6873821247351142,2515.8115234375,6970.0,355373568.0,33,61.4,-14.699999999999996
deit_small,32,6,32,Token_Merging_ToMe,1103.4739990234375,21.23675537109375,34.48356246948242,28.999323978924423,0.035788182800922,2515.8115234375,6970.0,355373568.0,33,70.6,-5.5
deit_small,64,6,32,Spatial_Group_Mean,44.99593734741211,0.1605281829833984,0.7030615210533142,1422.3506336996195,1.74960796207679,2534.1865234375,6970.0,355373568.0,33,67.7,-8.399999999999991
deit_small,64,6,32,Fast_Amortized_Operator,202.65737915039065,1.0861053466796875,3.166521549224853,315.80394589286607,0.3884647604453582,2534.1865234375,6970.0,355373568.0,33,67.7,-8.399999999999991
deit_small,64,6,32,Fast_Operator_Diagonal,201.9061737060547,1.5903396606445312,3.1547839641571045,316.97891562827823,0.3899100696086334,2534.1865234375,6970.0,355373568.0,33,67.7,-8.399999999999991
deit_small,64,6,32,Fast_Operator_One_Step,200.51593017578125,1.5088348388671875,3.133061408996582,319.17663571116134,0.3926134456006889,2534.1865234375,6970.0,355373568.0,33,,
deit_small,64,6,32,Hybrid_Group_Mean,49.90742492675781,0.3591651916503906,0.7798035144805908,1282.374317928122,1.5774256107117273,2534.1865234375,6970.0,355373568.0,33,67.4,-8.699999999999989
deit_small,64,6,32,Hybrid_Amortized_Operator,208.82861328125,2.5814437866210938,3.2629470825195312,306.4714121038812,0.3769849782898936,2534.1865234375,6970.0,355373568.0,33,67.4,-8.699999999999989
deit_small,64,6,32,Attention_Pruning_EViT,45.89744186401367,1.034832000732422,0.7171475291252136,1394.4132265502103,1.7152426594360133,2534.1865234375,6970.0,355373568.0,33,61.4,-14.699999999999996
deit_small,64,6,32,Token_Merging_ToMe,2261.546142578125,10.2540283203125,35.3366584777832,28.299223613028325,0.0348103665726648,2534.1865234375,6970.0,355373568.0,33,70.6,-5.5
deit_small,96,6,32,Spatial_Group_Mean,70.20633697509766,2.706367492675781,0.7313160101572672,1367.397932099084,1.725609685196344,2553.4365234375,6970.0,355373568.0,33,67.7,-8.399999999999991
deit_small,96,6,32,Fast_Amortized_Operator,1491.0804443359375,5.80877685546875,15.532087961832682,64.38284424201824,0.0812489597771776,2553.4365234375,7852.0,355373568.0,33,67.7,-8.399999999999991
deit_small,96,6,32,Fast_Operator_Diagonal,1486.81103515625,3.26177978515625,15.487614949544271,64.56772093429566,0.0814822678751877,2553.4365234375,7852.0,355373568.0,33,67.7,-8.399999999999991
deit_small,96,6,32,Fast_Operator_One_Step,1488.74658203125,9.39337158203125,15.507776896158854,64.48377525006126,0.081376331276671,2553.4365234375,7852.0,355373568.0,33,,
deit_small,96,6,32,Hybrid_Group_Mean,75.88985443115234,2.1315994262695312,0.7905193169911703,1264.9912260286608,1.5963759049807305,2553.4365234375,7852.0,355373568.0,33,67.4,-8.699999999999989
deit_small,96,6,32,Hybrid_Amortized_Operator,1500.7518310546875,11.73870849609375,15.632831573486328,63.96793794516567,0.0807253621414852,2553.4365234375,7852.0,355373568.0,33,67.4,-8.699999999999989
deit_small,96,6,32,Attention_Pruning_EViT,69.51593780517578,2.327674865722656,0.7241243521372477,1380.978276795287,1.7427476183363326,2553.4365234375,7852.0,355373568.0,33,61.4,-14.699999999999996
deit_small,96,6,32,Token_Merging_ToMe,3275.888916015625,49.697998046875,34.12384287516276,29.305022991061065,0.0369819423528367,2553.4365234375,7852.0,355373568.0,33,70.6,-5.5
deit_small,1,8,98,Spatial_Group_Mean,4.0484161376953125,0.4905600547790527,4.0484161376953125,247.0101802749164,0.7763312377269455,2387.109375,7852.0,730819584.0,99,76.4,0.30000000000001137
deit_small,1,8,98,Fast_Amortized_Operator,7.522463798522949,0.4643201828002929,7.522463798522949,132.93516948481056,0.4178035275660428,2387.109375,7852.0,730819584.0,99,76.4,0.30000000000001137
deit_small,1,8,98,Fast_Operator_Diagonal,7.029151916503906,0.2008478641510009,7.029151916503906,142.2646731609367,0.4471253357935582,2387.109375,7852.0,730819584.0,99,76.4,0.30000000000001137
deit_small,1,8,98,Fast_Operator_One_Step,7.860000133514404,1.5808637142181396,7.860000133514404,127.2264609431851,0.3998615594940794,2387.109375,7852.0,730819584.0,99,,
deit_small,1,8,98,Hybrid_Group_Mean,21.2674560546875,1.260784149169922,21.2674560546875,47.02019825166597,0.1477803411432474,2387.109375,7852.0,730819584.0,99,75.0,-1.0999999999999943
deit_small,1,8,98,Hybrid_Amortized_Operator,24.134239196777344,0.9966726303100586,24.134239196777344,41.43490879685697,0.1302262683892855,2387.109375,7852.0,730819584.0,99,75.0,-1.0999999999999943
deit_small,1,8,98,Attention_Pruning_EViT,3.749792098999024,0.3959361314773559,3.749792098999024,266.6814515575255,0.8381563105457812,2387.109375,7852.0,730819584.0,99,75.1,-1.0
deit_small,1,8,98,Token_Merging_ToMe,23.579456329345703,1.4113759994506836,23.579456329345703,42.40979885339657,0.1332902619599098,2387.109375,7852.0,730819584.0,99,75.8,-0.29999999999999716
deit_small,2,8,98,Spatial_Group_Mean,3.8868160247802734,0.0054880380630493,1.9434080123901367,514.5599861812503,1.0900027038817632,2387.78515625,7852.0,730819584.0,99,76.4,0.30000000000001137
deit_small,2,8,98,Fast_Amortized_Operator,11.89299201965332,0.3491520881652832,5.94649600982666,168.16626099596928,0.3562299520171512,2387.78515625,7852.0,730819584.0,99,76.4,0.30000000000001137
deit_small,2,8,98,Fast_Operator_Diagonal,10.088383674621582,0.3304958343505859,5.044191837310791,198.2478129803108,0.4199523048631853,2387.78515625,7852.0,730819584.0,99,76.4,0.30000000000001137
deit_small,2,8,98,Fast_Operator_One_Step,9.87657642364502,0.1550884246826172,4.93828821182251,202.49931901624328,0.4289583550792697,2387.78515625,7852.0,730819584.0,99,,
deit_small,2,8,98,Hybrid_Group_Mean,23.30572891235352,1.4560794830322266,11.652864456176758,85.81580981746824,0.1817853452442664,2387.78515625,7852.0,730819584.0,99,75.0,-1.0999999999999943
deit_small,2,8,98,Hybrid_Amortized_Operator,33.569087982177734,1.8506717681884768,16.784543991088867,59.57862188754803,0.1262065856168255,2387.78515625,7852.0,730819584.0,99,75.0,-1.0999999999999943
deit_small,2,8,98,Attention_Pruning_EViT,3.856127977371216,0.0095360279083251,1.928063988685608,518.6549854508283,1.0986772226863823,2387.78515625,7852.0,730819584.0,99,75.1,-1.0
deit_small,2,8,98,Token_Merging_ToMe,52.875038146972656,2.7153453826904297,26.437519073486328,37.82503181256824,0.0801255209447831,2387.78515625,7852.0,730819584.0,99,75.8,-0.29999999999999716
deit_small,4,8,98,Spatial_Group_Mean,5.319808006286621,0.0183358192443847,1.3299520015716553,751.9068348468679,1.106103054682468,2388.83203125,7852.0,730819584.0,99,76.4,0.30000000000001137
deit_small,4,8,98,Fast_Amortized_Operator,18.284223556518555,0.53094482421875,4.571055889129639,218.76783488429564,0.3218214800256076,2388.83203125,7852.0,730819584.0,99,76.4,0.30000000000001137
deit_small,4,8,98,Fast_Operator_Diagonal,16.578144073486328,0.5327520370483398,4.144536018371582,241.2815320140244,0.3549405687388529,2388.83203125,7852.0,730819584.0,99,76.4,0.30000000000001137
deit_small,4,8,98,Fast_Operator_One_Step,16.249536514282227,0.7767043113708496,4.062384128570557,246.1608672028445,0.3621183829400933,2388.83203125,7852.0,730819584.0,99,,
deit_small,4,8,98,Hybrid_Group_Mean,29.30934333801269,1.3631210327148438,7.327335834503174,136.4752513855269,0.2007638253173112,2388.83203125,7852.0,730819584.0,99,75.0,-1.0999999999999943
deit_small,4,8,98,Hybrid_Amortized_Operator,42.16307067871094,2.870782852172852,10.540767669677734,94.86975060428148,0.1395594721009959,2388.83203125,7852.0,730819584.0,99,75.0,-1.0999999999999943
deit_small,4,8,98,Attention_Pruning_EViT,5.307775974273682,0.0168318748474121,1.3269439935684204,753.6113090280458,1.1086104452407837,2388.83203125,7852.0,730819584.0,99,75.1,-1.0
deit_small,4,8,98,Token_Merging_ToMe,103.9072036743164,5.4749298095703125,25.9768009185791,38.4958872778203,0.0566299128260761,2388.83203125,7852.0,730819584.0,99,75.8,-0.29999999999999716
deit_small,8,8,98,Spatial_Group_Mean,9.117823600769045,0.0279040336608886,1.1397279500961304,877.4023659906339,1.1319297656214782,2391.12890625,7852.0,730819584.0,99,76.4,0.30000000000001137
deit_small,8,8,98,Fast_Amortized_Operator,31.262624740600582,0.3100166320800781,3.907828092575073,255.8966198897064,0.3301301799523252,2391.12890625,7852.0,730819584.0,99,76.4,0.30000000000001137
deit_small,8,8,98,Fast_Operator_Diagonal,29.74950408935547,0.3288154602050781,3.7186880111694336,268.9120455914572,0.3469212764151352,2391.12890625,7852.0,730819584.0,99,76.4,0.30000000000001137
deit_small,8,8,98,Fast_Operator_One_Step,28.82470321655273,0.1934080123901367,3.603087902069092,277.53971792521213,0.3580517673975477,2391.12890625,7852.0,730819584.0,99,,
deit_small,8,8,98,Hybrid_Group_Mean,33.32428741455078,1.666767120361328,4.165535926818848,240.06514829501995,0.3097061252355547,2391.12890625,7852.0,730819584.0,99,75.0,-1.0999999999999943
deit_small,8,8,98,Hybrid_Amortized_Operator,57.64435195922852,2.614992141723633,7.2055439949035645,138.78202682646773,0.1790415813624945,2391.12890625,7852.0,730819584.0,99,75.0,-1.0999999999999943
deit_small,8,8,98,Attention_Pruning_EViT,8.779840469360352,0.0242881774902343,1.097480058670044,911.1782871133232,1.175503810964847,2391.12890625,7852.0,730819584.0,99,75.1,-1.0
deit_small,8,8,98,Token_Merging_ToMe,181.6133728027344,3.962974548339844,22.7016716003418,44.049619675801495,0.0568280615690492,2391.12890625,7852.0,730819584.0,99,75.8,-0.29999999999999716
deit_small,16,8,98,Spatial_Group_Mean,16.406784057617188,0.0539522171020507,1.0254240036010742,975.206350239715,1.226887610615354,2395.72265625,7852.0,730819584.0,99,76.4,0.30000000000001137
deit_small,16,8,98,Fast_Amortized_Operator,58.708927154541016,0.7417926788330078,3.6693079471588135,272.5309552648235,0.3428657457382113,2395.72265625,7852.0,730819584.0,99,76.4,0.30000000000001137
deit_small,16,8,98,Fast_Operator_Diagonal,57.05558395385742,0.3754558563232422,3.565973997116089,280.4282927493948,0.3528012281253871,2395.72265625,7852.0,730819584.0,99,76.4,0.30000000000001137
deit_small,16,8,98,Fast_Operator_One_Step,56.07097625732422,0.69927978515625,3.504436016082764,285.35262033911914,0.358996426207269,2395.72265625,7852.0,730819584.0,99,,
deit_small,16,8,98,Hybrid_Group_Mean,49.42144012451172,2.6777114868164062,3.0888400077819824,323.74613041809005,0.4072985335841811,2395.72265625,7852.0,730819584.0,99,75.0,-1.0999999999999943
deit_small,16,8,98,Hybrid_Amortized_Operator,92.30780792236328,2.47988510131836,5.769237995147705,173.33311623494532,0.2180669278514557,2395.72265625,7852.0,730819584.0,99,75.0,-1.0999999999999943
deit_small,16,8,98,Attention_Pruning_EViT,16.40892791748047,0.0566082000732421,1.0255579948425293,975.0789375432116,1.2267273152494176,2395.72265625,7852.0,730819584.0,99,75.1,-1.0
deit_small,16,8,98,Token_Merging_ToMe,370.9689331054688,17.809402465820312,23.1855583190918,43.130296292091664,0.0542613634026576,2395.72265625,7852.0,730819584.0,99,75.8,-0.29999999999999716
deit_small,32,8,98,Spatial_Group_Mean,32.17033767700195,0.0734729766845703,1.005323052406311,994.705132451136,1.2275696198659096,2404.91015625,7852.0,730819584.0,99,76.4,0.30000000000001137
deit_small,32,8,98,Fast_Amortized_Operator,115.998046875,1.065582275390625,3.62493896484375,275.86671381185704,0.3404482252677173,2404.91015625,7852.0,730819584.0,99,76.4,0.30000000000001137
deit_small,32,8,98,Fast_Operator_Diagonal,114.47510528564452,1.5947647094726562,3.577347040176392,279.5367597186467,0.3449774437383072,2404.91015625,7852.0,730819584.0,99,76.4,0.30000000000001137
deit_small,32,8,98,Fast_Operator_One_Step,112.50006103515624,0.5799827575683594,3.515626907348633,284.4442901235405,0.3510338468240848,2404.91015625,7852.0,730819584.0,99,,
deit_small,32,8,98,Hybrid_Group_Mean,88.02275085449219,3.4397430419921875,2.750710964202881,363.542376139758,0.4486491141182032,2404.91015625,7852.0,730819584.0,99,75.0,-1.0999999999999943
deit_small,32,8,98,Hybrid_Amortized_Operator,173.11378479003906,4.741294860839844,5.409805774688721,184.84951986239096,0.2281235387523429,2404.91015625,7852.0,730819584.0,99,75.0,-1.0999999999999943
deit_small,32,8,98,Attention_Pruning_EViT,32.22028732299805,0.0964813232421875,1.006883978843689,993.1630863254032,1.225666574516463,2404.91015625,7852.0,730819584.0,99,75.1,-1.0
deit_small,32,8,98,Token_Merging_ToMe,762.4525146484375,1.613677978515625,23.826641082763672,41.969826822271045,0.0517951327255107,2404.91015625,7852.0,730819584.0,99,75.8,-0.29999999999999716
deit_small,64,8,98,Spatial_Group_Mean,63.89859390258789,1.102193832397461,0.9984155297279358,1001.5869848023056,1.2320341565599342,2423.28515625,7852.0,730819584.0,99,76.4,0.30000000000001137
deit_small,64,8,98,Fast_Amortized_Operator,230.48182678222656,0.8607635498046875,3.60127854347229,277.6791597563618,0.3415681459281607,2423.28515625,7852.0,730819584.0,99,76.4,0.30000000000001137
deit_small,64,8,98,Fast_Operator_Diagonal,228.1219482421875,1.4141464233398438,3.56440544128418,280.5516983050394,0.3451016039919198,2423.28515625,7852.0,730819584.0,99,76.4,0.30000000000001137
deit_small,64,8,98,Fast_Operator_One_Step,223.92410278320312,1.0095596313476562,3.498814105987549,285.8111262009296,0.3515711317613725,2423.28515625,7852.0,730819584.0,99,,
deit_small,64,8,98,Hybrid_Group_Mean,143.5926055908203,2.0241470336914062,2.2436344623565674,445.7054020063791,0.5482542079393358,2423.28515625,7852.0,730819584.0,99,75.0,-1.0999999999999943
deit_small,64,8,98,Hybrid_Amortized_Operator,312.0920715332031,3.14630126953125,4.876438617706299,205.0676894340493,0.2522500807450507,2423.28515625,7852.0,730819584.0,99,75.0,-1.0999999999999943
deit_small,64,8,98,Attention_Pruning_EViT,64.29318237304688,1.1794071197509766,1.0045809745788574,995.439915054356,1.2244727564946916,2423.28515625,7852.0,730819584.0,99,75.1,-1.0
deit_small,64,8,98,Token_Merging_ToMe,1420.267822265625,45.452880859375,22.19168472290039,45.06192353066662,0.0554298626005321,2423.28515625,7852.0,730819584.0,99,75.8,-0.29999999999999716
deit_small,96,8,98,Spatial_Group_Mean,99.57091522216795,0.7871856689453125,1.0371970335642495,964.1369649540696,1.2167080595380002,2442.53515625,7852.0,730819584.0,99,76.4,0.30000000000001137
deit_small,96,8,98,Fast_Amortized_Operator,1537.20068359375,7.221435546875,16.01250712076823,62.451182220115896,0.0788112680012337,2442.53515625,7852.0,730819584.0,99,76.4,0.30000000000001137
deit_small,96,8,98,Fast_Operator_Diagonal,1533.7537841796875,10.32806396484375,15.976601918538412,62.59153261117763,0.0789883854214461,2442.53515625,7852.0,730819584.0,99,76.4,0.30000000000001137
deit_small,96,8,98,Fast_Operator_One_Step,1517.0128173828125,7.83807373046875,15.80221684773763,63.28226030787369,0.0798600602830735,2442.53515625,7852.0,730819584.0,99,,
deit_small,96,8,98,Hybrid_Group_Mean,208.7938232421875,2.3541793823242188,2.1749356587727866,459.7837163441666,0.580231412812734,2442.53515625,7852.0,730819584.0,99,75.0,-1.0999999999999943
deit_small,96,8,98,Hybrid_Amortized_Operator,1685.5526123046875,49.07379150390625,17.55783971150716,56.95461494301113,0.0718747870354149,2442.53515625,7852.0,730819584.0,99,75.0,-1.0999999999999943
deit_small,96,8,98,Attention_Pruning_EViT,98.57852935791016,1.3333282470703125,1.0268596808115642,973.8428907926972,1.2289566078484562,2442.53515625,7852.0,730819584.0,99,75.1,-1.0
deit_small,96,8,98,Token_Merging_ToMe,2181.89404296875,63.6663818359375,22.728062947591145,43.998470186654686,0.0555245729905143,2442.53515625,7852.0,730819584.0,99,75.8,-0.29999999999999716
deit_small,1,8,49,Spatial_Group_Mean,3.724767923355103,0.1569119691848755,3.724767923355103,268.47310237230704,0.8437873112319302,2808.498046875,7852.0,361574400.0,50,75.5,-0.5999999999999943
deit_small,1,8,49,Fast_Amortized_Operator,7.445536136627197,0.3401119709014892,7.445536136627197,134.30866248578798,0.4221202950785047,2808.498046875,7852.0,361574400.0,50,75.5,-0.5999999999999943
deit_small,1,8,49,Fast_Operator_Diagonal,7.14521598815918,0.3754076957702636,7.14521598815918,139.95378189507042,0.4398624081090164,2808.498046875,7852.0,361574400.0,50,75.5,-0.5999999999999943
deit_small,1,8,49,Fast_Operator_One_Step,6.785344123840332,0.2821760177612304,6.785344123840332,147.3764604637363,0.4631912329940805,2808.498046875,7852.0,361574400.0,50,,
deit_small,1,8,49,Hybrid_Group_Mean,6.277472019195557,0.2093122005462646,6.277472019195557,159.29979407987034,0.500665220235183,2808.498046875,7852.0,361574400.0,50,73.7,-2.3999999999999915
deit_small,1,8,49,Hybrid_Amortized_Operator,10.042176246643066,1.1042723655700684,10.042176246643066,99.58000889839823,0.3129711960653315,2808.498046875,7852.0,361574400.0,50,73.8,-2.299999999999997
deit_small,1,8,49,Attention_Pruning_EViT,3.992608070373535,0.5396159887313843,3.992608070373535,250.46285094205183,0.7871826774914829,2808.498046875,7852.0,361574400.0,50,71.7,-4.3999999999999915
deit_small,1,8,49,Token_Merging_ToMe,35.019744873046875,1.14593505859375,35.019744873046875,28.55531939553492,0.0897468534509427,2808.498046875,7852.0,361574400.0,50,74.3,-1.7999999999999972
deit_small,2,8,49,Spatial_Group_Mean,3.701535940170288,0.4116801023483276,1.850767970085144,540.316245020166,1.144562701802798,2809.173828125,7852.0,361574400.0,50,75.5,-0.5999999999999943
deit_small,2,8,49,Fast_Amortized_Operator,11.376511573791504,0.2932639122009277,5.688255786895752,175.80081442605612,0.3724023791494724,2809.173828125,7852.0,361574400.0,50,75.5,-0.5999999999999943
deit_small,2,8,49,Fast_Operator_Diagonal,10.095647811889648,0.247744083404541,5.047823905944824,198.10516742121283,0.419650135924113,2809.173828125,7852.0,361574400.0,50,75.5,-0.5999999999999943
deit_small,2,8,49,Fast_Operator_One_Step,9.77235221862793,0.3211841583251953,4.886176109313965,204.65901711848107,0.4335332867378272,2809.173828125,7852.0,361574400.0,50,,
deit_small,2,8,49,Hybrid_Group_Mean,6.685919761657715,0.3672480583190918,3.3429598808288574,299.1361056214826,0.6336659917454689,2809.173828125,7852.0,361574400.0,50,73.7,-2.3999999999999915
deit_small,2,8,49,Hybrid_Amortized_Operator,13.291232109069824,0.3566718101501465,6.645616054534912,150.47513906819947,0.3187544948229756,2809.173828125,7852.0,361574400.0,50,73.8,-2.299999999999997
deit_small,2,8,49,Attention_Pruning_EViT,3.6031360626220703,0.0562880039215087,1.8015680313110352,555.0720164990279,1.175820147468531,2809.173828125,7852.0,361574400.0,50,71.7,-4.3999999999999915
deit_small,2,8,49,Token_Merging_ToMe,65.22988891601562,0.8948936462402344,32.61494445800781,30.66079113786361,0.0649493667229174,2809.173828125,7852.0,361574400.0,50,74.3,-1.7999999999999972
deit_small,4,8,49,Spatial_Group_Mean,4.910463809967041,0.0161757469177246,1.2276159524917605,814.5870033459931,1.1983095922903009,2810.220703125,7852.0,361574400.0,50,75.5,-0.5999999999999943
deit_small,4,8,49,Fast_Amortized_Operator,16.908063888549805,0.1249284744262695,4.227015972137451,236.57350873323895,0.3480147653134146,2810.220703125,7852.0,361574400.0,50,75.5,-0.5999999999999943
deit_small,4,8,49,Fast_Operator_Diagonal,15.89299201965332,0.1803841590881347,3.97324800491333,251.6832573157772,0.3702421720719039,2810.220703125,7852.0,361574400.0,50,75.5,-0.5999999999999943
deit_small,4,8,49,Fast_Operator_One_Step,15.971551895141602,0.4457597732543945,3.9928879737854,250.44529337294787,0.3684210479175676,2810.220703125,7852.0,361574400.0,50,,
deit_small,4,8,49,Hybrid_Group_Mean,7.715072154998779,0.2890398502349853,1.9287680387496948,518.4656630085183,0.7626961573217862,2810.220703125,7852.0,361574400.0,50,73.7,-2.3999999999999915
deit_small,4,8,49,Hybrid_Amortized_Operator,19.43222427368164,0.2762079238891601,4.85805606842041,205.84365143507875,0.3028091793921564,2810.220703125,7852.0,361574400.0,50,73.8,-2.299999999999997
deit_small,4,8,49,Attention_Pruning_EViT,4.896416187286377,0.0090401172637939,1.2241040468215942,816.9240209576269,1.2017474946995816,2810.220703125,7852.0,361574400.0,50,71.7,-4.3999999999999915
deit_small,4,8,49,Token_Merging_ToMe,126.77603149414062,1.31683349609375,31.69400787353516,31.55170541984408,0.0464145770831282,2810.220703125,7852.0,361574400.0,50,74.3,-1.7999999999999972
deit_small,8,8,49,Spatial_Group_Mean,8.157504081726074,0.0344958305358886,1.0196880102157593,980.6921234549052,1.2651830545223195,2812.517578125,7852.0,361574400.0,50,75.5,-0.5999999999999943
deit_small,8,8,49,Fast_Amortized_Operator,29.352031707763672,0.1826391220092773,3.669003963470459,272.5535349528797,0.3516191326771641,2812.517578125,7852.0,361574400.0,50,75.5,-0.5999999999999943
deit_small,8,8,49,Fast_Operator_Diagonal,28.496543884277344,0.3559198379516601,3.562067985534668,280.7357984353293,0.362175005267598,2812.517578125,7852.0,361574400.0,50,75.5,-0.5999999999999943
deit_small,8,8,49,Fast_Operator_One_Step,28.11859130859375,0.262176513671875,3.5148239135742188,284.50927403162615,0.3670431359142165,2812.517578125,7852.0,361574400.0,50,,
deit_small,8,8,49,Hybrid_Group_Mean,10.730175971984863,0.3299999237060547,1.341271996498108,745.560932168027,0.9618421877090017,2812.517578125,7852.0,361574400.0,50,73.7,-2.3999999999999915
deit_small,8,8,49,Hybrid_Amortized_Operator,32.37071990966797,0.3619518280029297,4.046339988708496,247.1369194853985,0.3188293606134491,2812.517578125,7852.0,361574400.0,50,73.8,-2.299999999999997
deit_small,8,8,49,Attention_Pruning_EViT,8.139264106750488,0.0463838577270507,1.017408013343811,982.8898405403768,1.2680183117337034,2812.517578125,7852.0,361574400.0,50,71.7,-4.3999999999999915
deit_small,8,8,49,Token_Merging_ToMe,272.1825866699219,24.7435302734375,34.022823333740234,29.39203458192448,0.0379184284258145,2812.517578125,7852.0,361574400.0,50,74.3,-1.7999999999999972
deit_small,16,8,49,Spatial_Group_Mean,14.95411205291748,0.0823359489440918,0.9346320033073424,1069.9398227980023,1.3460698983063255,2817.111328125,7852.0,361574400.0,50,75.5,-0.5999999999999943
deit_small,16,8,49,Fast_Amortized_Operator,54.92473602294922,0.5274066925048828,3.432796001434326,291.3077268740029,0.3664884266702967,2817.111328125,7852.0,361574400.0,50,75.5,-0.5999999999999943
deit_small,16,8,49,Fast_Operator_Diagonal,54.17276763916016,0.409311294555664,3.3857979774475098,295.35134897619656,0.3715756267874538,2817.111328125,7852.0,361574400.0,50,75.5,-0.5999999999999943
deit_small,16,8,49,Fast_Operator_One_Step,53.7883186340332,0.446146011352539,3.361769914627075,297.46235625733806,0.3742314428396305,2817.111328125,7852.0,361574400.0,50,,
deit_small,16,8,49,Hybrid_Group_Mean,17.392671585083008,0.1457595825195312,1.087041974067688,919.92767883472,1.157342619382068,2817.111328125,7852.0,361574400.0,50,73.7,-2.3999999999999915
deit_small,16,8,49,Hybrid_Amortized_Operator,58.24127960205078,0.2023353576660156,3.640079975128174,274.7192388169406,0.3456187815218133,2817.111328125,7852.0,361574400.0,50,73.8,-2.299999999999997
deit_small,16,8,49,Attention_Pruning_EViT,15.016511917114258,0.0871357917785644,0.9385319948196412,1065.4937770045565,1.3404764169894057,2817.111328125,7852.0,361574400.0,50,71.7,-4.3999999999999915
deit_small,16,8,49,Token_Merging_ToMe,493.6384582519531,14.117904663085938,30.85240364074707,32.412385486856856,0.0407773741162971,2817.111328125,7852.0,361574400.0,50,74.3,-1.7999999999999972
deit_small,32,8,49,Spatial_Group_Mean,29.13004875183105,0.0886564254760742,0.9103140234947203,1098.5220200837648,1.3556904600316844,2826.298828125,7852.0,361574400.0,50,75.5,-0.5999999999999943
deit_small,32,8,49,Fast_Amortized_Operator,109.27648162841795,0.8634567260742188,3.414890050888061,292.8351967700818,0.3613890985930617,2826.298828125,7852.0,361574400.0,50,75.5,-0.5999999999999943
deit_small,32,8,49,Fast_Operator_Diagonal,108.3476791381836,0.5757904052734375,3.3858649730682373,295.3455049017533,0.3644870799931866,2826.298828125,7852.0,361574400.0,50,75.5,-0.5999999999999943
deit_small,32,8,49,Fast_Operator_One_Step,107.2957763671875,0.5207061767578125,3.3529930114746094,298.24100335962555,0.3680604263299987,2826.298828125,7852.0,361574400.0,50,,
deit_small,32,8,49,Hybrid_Group_Mean,32.93475341796875,0.6601600646972656,1.0292110443115234,971.618022879784,1.199077724734666,2826.298828125,7852.0,361574400.0,50,73.7,-2.3999999999999915
deit_small,32,8,49,Hybrid_Amortized_Operator,113.50150299072266,0.4499664306640625,3.546921968460083,281.9345925543876,0.3479366189216292,2826.298828125,7852.0,361574400.0,50,73.8,-2.299999999999997
deit_small,32,8,49,Attention_Pruning_EViT,29.16886329650879,0.0388002395629882,0.9115269780158995,1097.0602342200311,1.3538864641956048,2826.298828125,7852.0,361574400.0,50,71.7,-4.3999999999999915
deit_small,32,8,49,Token_Merging_ToMe,1050.7122802734375,12.00732421875,32.83475875854492,30.455530596513363,0.0375852932668094,2826.298828125,7852.0,361574400.0,50,74.3,-1.7999999999999972
deit_small,64,8,49,Spatial_Group_Mean,57.91936111450195,1.5330238342285156,0.904990017414093,1104.9845642025834,1.3592216614493915,2844.673828125,7852.0,361574400.0,50,75.5,-0.5999999999999943
deit_small,64,8,49,Fast_Amortized_Operator,217.0420837402344,1.3431625366210938,3.391282558441162,294.8736894573775,0.3627188280147665,2844.673828125,7852.0,361574400.0,50,75.5,-0.5999999999999943
deit_small,64,8,49,Fast_Operator_Diagonal,215.5714569091797,0.7684783935546875,3.3683040142059326,296.885315512634,0.3651932930866056,2844.673828125,7852.0,361574400.0,50,75.5,-0.5999999999999943
deit_small,64,8,49,Fast_Operator_One_Step,213.67724609375,0.9627838134765624,3.338706970214844,299.51715107709816,0.3684306667336973,2844.673828125,7852.0,361574400.0,50,,
deit_small,64,8,49,Hybrid_Group_Mean,68.02355194091797,2.3033447265625,1.0628679990768433,940.8506050314362,1.1573234269289208,2844.673828125,7852.0,361574400.0,50,73.7,-2.3999999999999915
deit_small,64,8,49,Hybrid_Amortized_Operator,224.65869140625,1.9376449584960935,3.510292053222656,284.87658144624766,0.3504215650476743,2844.673828125,7852.0,361574400.0,50,73.8,-2.299999999999997
deit_small,64,8,49,Attention_Pruning_EViT,58.01385498046875,1.1852130889892578,0.9064664840698242,1103.1847482217236,1.3570077401449134,2844.673828125,7852.0,361574400.0,50,71.7,-4.3999999999999915
deit_small,64,8,49,Token_Merging_ToMe,1970.89111328125,54.17095947265625,30.79517364501953,32.47262092193881,0.0399439876275429,2844.673828125,7852.0,361574400.0,50,74.3,-1.7999999999999972
deit_small,96,8,49,Spatial_Group_Mean,89.75395202636719,0.4338226318359375,0.9349370002746582,1069.5907849472512,1.349787193891993,2863.923828125,7852.0,361574400.0,50,75.5,-0.5999999999999943
deit_small,96,8,49,Fast_Amortized_Operator,1512.906982421875,12.0789794921875,15.759447733561196,63.45400022301592,0.08007679021512,2863.923828125,7852.0,361574400.0,50,75.5,-0.5999999999999943
deit_small,96,8,49,Fast_Operator_Diagonal,1500.4713134765625,11.64208984375,15.62990951538086,63.97989694156158,0.0807404539882122,2863.923828125,7852.0,361574400.0,50,75.5,-0.5999999999999943
deit_small,96,8,49,Fast_Operator_One_Step,1500.5550537109375,8.566650390625,15.630781809488932,63.97632646838772,0.0807359481724983,2863.923828125,7852.0,361574400.0,50,,
deit_small,96,8,49,Hybrid_Group_Mean,96.50291442871094,0.3913612365722656,1.005238691965739,994.7886089069108,1.255389391746114,2863.923828125,7852.0,361574400.0,50,73.7,-2.3999999999999915
deit_small,96,8,49,Hybrid_Amortized_Operator,1519.5733642578125,11.5985107421875,15.82888921101888,63.17562696085303,0.0797254926257265,2863.923828125,7852.0,361574400.0,50,73.8,-2.299999999999997
deit_small,96,8,49,Attention_Pruning_EViT,89.21405029296875,0.7626876831054688,0.9293130238850912,1076.0636882278852,1.357955777689143,2863.923828125,7852.0,361574400.0,50,71.7,-4.3999999999999915
deit_small,96,8,49,Token_Merging_ToMe,3012.1689453125,9.418701171875,31.376759847005207,31.870722307722485,0.0402197676312003,2863.923828125,7852.0,361574400.0,50,74.3,-1.7999999999999972
deit_small,1,8,32,Spatial_Group_Mean,3.855423927307129,0.0984638929367065,3.855423927307129,259.3748492655289,0.8151923031732466,2497.7646484375,7852.0,236915712.0,33,73.1,-3.0
deit_small,1,8,32,Fast_Amortized_Operator,7.315392017364502,0.3839840888977051,7.315392017364502,136.69807409176514,0.4296300052752376,2497.7646484375,7852.0,236915712.0,33,73.3,-2.799999999999997
deit_small,1,8,32,Fast_Operator_Diagonal,6.943808078765869,0.3142399787902832,6.943808078765869,144.01319688802965,0.4526207918421235,2497.7646484375,7852.0,236915712.0,33,73.3,-2.799999999999997
deit_small,1,8,32,Fast_Operator_One_Step,6.959392070770264,0.258159875869751,6.959392070770264,143.69071175053372,0.4516072494623637,2497.7646484375,7852.0,236915712.0,33,,
deit_small,1,8,32,Hybrid_Group_Mean,5.188960075378418,0.1793601512908935,5.188960075378418,192.71684219444924,0.6056920587853121,2497.7646484375,7852.0,236915712.0,33,72.6,-3.5
deit_small,1,8,32,Hybrid_Amortized_Operator,9.022368431091309,1.317552089691162,9.022368431091309,110.83564228589633,0.3483466603048695,2497.7646484375,7852.0,236915712.0,33,72.6,-3.5
deit_small,1,8,32,Attention_Pruning_EViT,3.892832040786743,0.2358720302581787,3.892832040786743,256.88239038381414,0.8073587244662007,2497.7646484375,7852.0,236915712.0,33,64.2,-11.899999999999991
deit_small,1,8,32,Token_Merging_ToMe,37.35417556762695,0.2763690948486328,37.35417556762695,26.77076885794399,0.0841381683105476,2497.7646484375,7852.0,236915712.0,33,73.7,-2.3999999999999915
deit_small,2,8,32,Spatial_Group_Mean,3.570208072662353,0.01363205909729,1.7851040363311768,560.1914396290557,1.186664723813182,2498.4404296875,7852.0,236915712.0,33,73.1,-3.0
deit_small,2,8,32,Fast_Amortized_Operator,10.644448280334473,0.141024112701416,5.322224140167236,187.89137279148449,0.3980140506040713,2498.4404296875,7852.0,236915712.0,33,73.3,-2.799999999999997
deit_small,2,8,32,Fast_Operator_Diagonal,9.877599716186523,0.1597757339477539,4.938799858093262,202.47834063599277,0.4289139161570639,2498.4404296875,7852.0,236915712.0,33,73.3,-2.799999999999997
deit_small,2,8,32,Fast_Operator_One_Step,9.734944343566896,0.3092641830444336,4.867472171783447,205.445447802858,0.4351991985759166,2498.4404296875,7852.0,236915712.0,33,,
deit_small,2,8,32,Hybrid_Group_Mean,5.844831943511963,0.1156480312347412,2.922415971755981,342.182635759116,0.7248523169608553,2498.4404296875,7852.0,236915712.0,33,72.6,-3.5
deit_small,2,8,32,Hybrid_Amortized_Operator,12.495712280273438,0.4023680686950683,6.247856140136719,160.0549016447292,0.3390474973715349,2498.4404296875,7852.0,236915712.0,33,72.6,-3.5
deit_small,2,8,32,Attention_Pruning_EViT,3.593055963516236,0.009552001953125,1.7965279817581177,556.6292371474116,1.179118839094119,2498.4404296875,7852.0,236915712.0,33,64.2,-11.899999999999991
deit_small,2,8,32,Token_Merging_ToMe,70.53683471679688,0.6833572387695312,35.26841735839844,28.35397998832717,0.0600628025557347,2498.4404296875,7852.0,236915712.0,33,73.7,-2.3999999999999915
deit_small,4,8,32,Spatial_Group_Mean,4.856128215789795,0.0221760272979736,1.2140320539474487,823.7014803262242,1.2117175709951622,2499.5576171875,7852.0,236915712.0,33,73.1,-3.0
deit_small,4,8,32,Fast_Amortized_Operator,16.9616641998291,0.7231988906860352,4.240416049957275,235.82591618812395,0.3469150088549193,2499.5576171875,7852.0,236915712.0,33,73.3,-2.799999999999997
deit_small,4,8,32,Fast_Operator_Diagonal,15.812928199768066,0.2208795547485351,3.9532320499420166,252.9575768299934,0.3721167775974716,2499.5576171875,7852.0,236915712.0,33,73.3,-2.799999999999997
deit_small,4,8,32,Fast_Operator_One_Step,15.7708158493042,0.1491518020629882,3.94270396232605,253.6330420836458,0.3731104301961329,2499.5576171875,7852.0,236915712.0,33,,
deit_small,4,8,32,Hybrid_Group_Mean,7.001120090484619,0.1555681228637695,1.7502800226211548,571.3371500992378,0.8404734971016004,2499.5576171875,7852.0,236915712.0,33,72.6,-3.5
deit_small,4,8,32,Hybrid_Amortized_Operator,18.634016036987305,1.1100645065307615,4.658504009246826,214.6611869422169,0.315780338194301,2499.5576171875,7852.0,236915712.0,33,72.6,-3.5
deit_small,4,8,32,Attention_Pruning_EViT,4.833920001983643,0.0070879459381103,1.2084800004959106,827.4857669052371,1.2172844986394529,2499.5576171875,7852.0,236915712.0,33,64.2,-11.899999999999991
deit_small,4,8,32,Token_Merging_ToMe,139.2261505126953,1.7899169921875,34.80653762817383,28.73023483928948,0.0422640133653722,2499.5576171875,7852.0,236915712.0,33,73.7,-2.3999999999999915
deit_small,8,8,32,Spatial_Group_Mean,7.888415813446045,0.0496001243591308,0.9860519766807556,1014.1453226088508,1.3083407588383558,2502.2529296875,7852.0,236915712.0,33,73.1,-3.0
deit_small,8,8,32,Fast_Amortized_Operator,29.167999267578125,0.2207527160644531,3.6459999084472656,274.27318297050465,0.3538376368127712,2502.2529296875,7852.0,236915712.0,33,73.3,-2.799999999999997
deit_small,8,8,32,Fast_Operator_Diagonal,28.33990478515625,0.2655525207519531,3.5424880981445312,282.28746922926166,0.3641768033321775,2502.2529296875,7852.0,236915712.0,33,73.3,-2.799999999999997
deit_small,8,8,32,Fast_Operator_One_Step,28.173599243164062,0.2446403503417968,3.521699905395508,283.95377995380164,0.3663264974531314,2502.2529296875,7852.0,236915712.0,33,,
deit_small,8,8,32,Hybrid_Group_Mean,9.92246437072754,0.1775040626525879,1.2403080463409424,806.2513203474895,1.040138371455774,2502.2529296875,7852.0,236915712.0,33,72.6,-3.5
deit_small,8,8,32,Hybrid_Amortized_Operator,30.977888107299805,0.310159683227539,3.872236013412476,258.24872154905984,0.3331646074660734,2502.2529296875,7852.0,236915712.0,33,72.6,-3.5
deit_small,8,8,32,Attention_Pruning_EViT,7.946400165557861,0.02569580078125,0.9933000206947328,1006.7451718168508,1.2987938835662622,2502.2529296875,7852.0,236915712.0,33,64.2,-11.899999999999991
deit_small,8,8,32,Token_Merging_ToMe,273.81573486328125,30.07392883300781,34.22696685791016,29.216728556503423,0.0376922675263703,2502.2529296875,7852.0,236915712.0,33,73.7,-2.3999999999999915
deit_small,16,8,32,Spatial_Group_Mean,14.462847709655762,0.1288323402404785,0.9039279818534852,1106.282823493882,1.3917923008269817,2506.3779296875,7852.0,236915712.0,33,73.1,-3.0
deit_small,16,8,32,Fast_Amortized_Operator,54.44668960571289,0.4441909790039062,3.402918100357056,293.8654326987986,0.3697062252287959,2506.3779296875,7852.0,236915712.0,33,73.3,-2.799999999999997
deit_small,16,8,32,Fast_Operator_Diagonal,53.712833404541016,0.4009132385253906,3.357052087783813,297.8803944207367,0.3747573682945992,2506.3779296875,7852.0,236915712.0,33,73.3,-2.799999999999997
deit_small,16,8,32,Fast_Operator_One_Step,53.43967819213867,0.2278709411621093,3.339979887008667,299.40300056585494,0.3766729286422458,2506.3779296875,7852.0,236915712.0,33,,
deit_small,16,8,32,Hybrid_Group_Mean,16.671104431152344,0.922032356262207,1.0419440269470217,959.74445280912,1.2074353066085766,2506.3779296875,7852.0,236915712.0,33,72.6,-3.5
deit_small,16,8,32,Hybrid_Amortized_Operator,57.25382232666016,0.570465087890625,3.57836389541626,279.45732441604383,0.3515796722790831,2506.3779296875,7852.0,236915712.0,33,72.6,-3.5
deit_small,16,8,32,Attention_Pruning_EViT,14.530847549438477,0.0601444244384765,0.9081779718399048,1101.1057645166952,1.3852791464397338,2506.3779296875,7852.0,236915712.0,33,64.2,-11.899999999999991
deit_small,16,8,32,Token_Merging_ToMe,558.8970947265625,4.60394287109375,34.93106842041016,28.62781029095869,0.0360160757324748,2506.3779296875,7852.0,236915712.0,33,73.7,-2.3999999999999915
deit_small,32,8,32,Spatial_Group_Mean,28.52351951599121,0.1691522598266601,0.8913599848747253,1121.8811893833704,1.3845181051719482,2515.5654296875,7852.0,236915712.0,33,73.1,-3.0
deit_small,32,8,32,Fast_Amortized_Operator,107.77638244628906,0.3329124450683594,3.368011951446533,296.9110604166676,0.3664191383747358,2515.5654296875,7852.0,236915712.0,33,73.3,-2.799999999999997
deit_small,32,8,32,Fast_Operator_Diagonal,106.98284912109376,0.7979507446289062,3.34321403503418,299.1133650196513,0.369137011376609,2515.5654296875,7852.0,236915712.0,33,73.3,-2.799999999999997
deit_small,32,8,32,Fast_Operator_One_Step,106.48908996582033,0.3365898132324219,3.3277840614318848,300.5002673069232,0.3708485930886509,2515.5654296875,7852.0,236915712.0,33,,
deit_small,32,8,32,Hybrid_Group_Mean,31.83635139465332,0.505375862121582,0.9948859810829164,1005.140306541979,1.240447710341189,2515.5654296875,7852.0,236915712.0,33,72.6,-3.5
deit_small,32,8,32,Hybrid_Amortized_Operator,110.7825927734375,0.4864311218261719,3.461956024169922,288.8540446552239,0.3564759426950705,2515.5654296875,7852.0,236915712.0,33,72.6,-3.5
deit_small,32,8,32,Attention_Pruning_EViT,28.614879608154297,0.1253595352172851,0.8942149877548218,1118.2993057528383,1.3800976881224238,2515.5654296875,7852.0,236915712.0,33,64.2,-11.899999999999991
deit_small,32,8,32,Token_Merging_ToMe,1185.4852294921875,11.4390869140625,37.04641342163086,26.99316634565533,0.0333123755662748,2515.5654296875,7852.0,236915712.0,33,73.7,-2.3999999999999915
deit_small,64,8,32,Spatial_Group_Mean,55.57843017578125,1.6258392333984375,0.868412971496582,1151.525867095982,1.4164712820270655,2533.9404296875,7852.0,236915712.0,33,73.1,-3.0
deit_small,64,8,32,Fast_Amortized_Operator,213.5551300048828,1.1447601318359375,3.336798906326294,299.6884223691404,0.3686413444731607,2533.9404296875,7852.0,236915712.0,33,73.3,-2.799999999999997
deit_small,64,8,32,Fast_Operator_Diagonal,212.88624572753903,0.706146240234375,3.326347589492798,300.6300373294663,0.3697996081198058,2533.9404296875,7852.0,236915712.0,33,73.3,-2.799999999999997
deit_small,64,8,32,Fast_Operator_One_Step,211.01731872558597,0.9124374389648438,3.2971456050872803,303.2926415069645,0.3730748296850345,2533.9404296875,7852.0,236915712.0,33,,
deit_small,64,8,32,Hybrid_Group_Mean,63.52726364135742,2.3470230102539062,0.9926134943962096,1007.4414720790024,1.2392356561835136,2533.9404296875,7852.0,236915712.0,33,72.6,-3.5
deit_small,64,8,32,Hybrid_Amortized_Operator,220.74403381347656,1.9105758666992188,3.4491255283355717,289.9285606698592,0.356635913932159,2533.9404296875,7852.0,236915712.0,33,72.6,-3.5
deit_small,64,8,32,Attention_Pruning_EViT,55.69740676879883,1.8070087432861328,0.8702719807624817,1149.0660645237117,1.4134455230731098,2533.9404296875,7852.0,236915712.0,33,64.2,-11.899999999999991
deit_small,64,8,32,Token_Merging_ToMe,2343.798583984375,254.278076171875,36.62185287475586,27.30610063395561,0.0335887438374975,2533.9404296875,7852.0,236915712.0,33,73.7,-2.3999999999999915
deit_small,96,8,32,Spatial_Group_Mean,85.98889923095703,2.616683959960937,0.8957177003224691,1116.4231762306226,1.408888078925096,2553.1904296875,7852.0,236915712.0,33,73.1,-3.0
deit_small,96,8,32,Fast_Amortized_Operator,1502.8414306640625,8.2584228515625,15.654598236083984,63.87899484350811,0.0806131189721423,2553.1904296875,7852.0,236915712.0,33,73.3,-2.799999999999997
deit_small,96,8,32,Fast_Operator_Diagonal,1502.556884765625,10.245849609375,15.651634216308594,63.89109189365198,0.080628385038004,2553.1904296875,7852.0,236915712.0,33,73.3,-2.799999999999997
deit_small,96,8,32,Fast_Operator_One_Step,1503.23681640625,13.73687744140625,15.658716837565104,63.86219320353313,0.0805919158739166,2553.1904296875,7852.0,236915712.0,33,,
deit_small,96,8,32,Hybrid_Group_Mean,94.56729888916016,3.058189392089844,0.9850760300954184,1015.1500690795776,1.2810848619921138,2553.1904296875,7852.0,236915712.0,33,72.6,-3.5
deit_small,96,8,32,Hybrid_Amortized_Operator,1516.1434326171875,15.5318603515625,15.793160756429035,63.31854752969083,0.0799058535228808,2553.1904296875,7852.0,236915712.0,33,72.6,-3.5
deit_small,96,8,32,Attention_Pruning_EViT,86.1717758178711,1.3011550903320312,0.8976226647694906,1114.053866116226,1.405898090140807,2553.1904296875,7852.0,236915712.0,33,64.2,-11.899999999999991
deit_small,96,8,32,Token_Merging_ToMe,3609.38330078125,150.5052490234375,37.59774271647135,26.59734142927431,0.0335649403099316,2553.1904296875,7852.0,236915712.0,33,73.7,-2.3999999999999915
vit_base,1,12,196,Clean,6.3809919357299805,0.0223360061645507,6.3809919357299805,156.71544644972204,1.0,2387.03369140625,7852.0,17447454720.0,197,71.39999999999999,0.0
vit_base,2,12,196,Clean,10.083935737609863,0.0317115783691406,5.041967868804932,198.33525837938836,1.0,2387.70947265625,7852.0,17447454720.0,197,71.39999999999999,0.0
vit_base,4,12,196,Clean,18.36899185180664,0.1382408142089843,4.59224796295166,217.7582761356927,1.0,2388.75634765625,7852.0,17447454720.0,197,71.39999999999999,0.0
vit_base,8,12,196,Clean,35.07049560546875,0.1622390747070312,4.383811950683594,228.1119745211845,1.0,2391.05322265625,7852.0,17447454720.0,197,71.39999999999999,0.0
vit_base,16,12,196,Clean,66.37980651855469,0.1478042602539062,4.148737907409668,241.03715932838145,1.0,2395.69384765625,7852.0,17447454720.0,197,71.39999999999999,0.0
vit_base,32,12,196,Clean,130.182373046875,0.163848876953125,4.068199157714844,245.80900817100408,1.0,2404.83447265625,7852.0,17447454720.0,197,71.39999999999999,0.0
vit_base,64,12,196,Clean,266.8998413085937,2.929718017578125,4.170310020446777,239.7903261620984,1.0,2423.20947265625,7852.0,17447454720.0,197,71.39999999999999,0.0
vit_base,1,5,98,Spatial_Group_Mean,5.5371198654174805,0.1536641120910644,5.5371198654174805,180.59930510906565,1.152402709499386,2387.109375,7852.0,5010356736.0,99,67.2,-4.199999999999989
vit_base,1,5,98,Fast_Amortized_Operator,12.60217571258545,0.7279834747314453,12.60217571258545,79.35137731822984,0.5063404987566915,2387.109375,7852.0,5010356736.0,99,67.2,-4.199999999999989
vit_base,1,5,98,Fast_Operator_Diagonal,12.123007774353027,0.7613120079040527,12.123007774353027,82.48778014607578,0.5263538599083771,2387.109375,7852.0,5010356736.0,99,67.2,-4.199999999999989
vit_base,1,5,98,Fast_Operator_One_Step,12.074399948120115,1.0433759689331057,12.074399948120115,82.81985061756147,0.5284727989090213,2387.109375,7852.0,5010356736.0,99,,
vit_base,1,5,98,Hybrid_Group_Mean,33.07516860961914,6.765807151794434,33.07516860961914,30.23416182099744,0.1929239427633399,2387.109375,7852.0,5010356736.0,99,64.2,-7.199999999999989
vit_base,1,5,98,Hybrid_Amortized_Operator,29.12272071838379,1.4019689559936523,29.12272071838379,34.3374511492241,0.2191069988767211,2387.109375,7852.0,5010356736.0,99,64.2,-7.199999999999989
vit_base,1,5,98,Attention_Pruning_EViT,5.246399879455566,0.0199360847473144,5.246399879455566,190.6068967247256,1.2162610708949912,2387.109375,7852.0,5010356736.0,99,67.10000000000001,-4.299999999999983
vit_base,1,5,98,Token_Merging_ToMe,24.974655151367188,0.2730712890625,24.974655151367188,40.04059291065955,0.2554987004647656,2387.109375,7852.0,5010356736.0,99,70.1,-1.2999999999999972
vit_base,2,5,98,Spatial_Group_Mean,7.924384117126465,0.0289599895477294,3.962192058563232,252.3855444712136,1.2725198057746971,2387.78515625,7852.0,5010356736.0,99,67.2,-4.199999999999989
vit_base,2,5,98,Fast_Amortized_Operator,20.2938232421875,0.1294879913330078,10.14691162109375,98.55215432458932,0.4968967955060843,2387.78515625,7852.0,5010356736.0,99,67.2,-4.199999999999989
vit_base,2,5,98,Fast_Operator_Diagonal,17.566015243530273,0.1585454940795898,8.783007621765137,113.85621452973623,0.5740593753226914,2387.78515625,7852.0,5010356736.0,99,67.2,-4.199999999999989
vit_base,2,5,98,Fast_Operator_One_Step,17.37353515625,0.2145118713378906,8.686767578125,115.11761895393607,0.5804193358990754,2387.78515625,7852.0,5010356736.0,99,,
vit_base,2,5,98,Hybrid_Group_Mean,24.5567684173584,0.3873119354248047,12.2783842086792,81.44394107598717,0.4106377340139694,2387.78515625,7852.0,5010356736.0,99,64.2,-7.199999999999989
vit_base,2,5,98,Hybrid_Amortized_Operator,51.895904541015625,10.06148910522461,25.94795227050781,38.53868658208494,0.194310819452816,2387.78515625,7852.0,5010356736.0,99,64.2,-7.199999999999989
vit_base,2,5,98,Attention_Pruning_EViT,7.875904083251953,0.0391359329223632,3.937952041625977,253.9391006872448,1.2803527862983084,2387.78515625,7852.0,5010356736.0,99,67.10000000000001,-4.299999999999983
vit_base,2,5,98,Token_Merging_ToMe,78.39430236816406,15.816495895385742,39.19715118408203,25.512058141768733,0.1286309774178812,2387.78515625,7852.0,5010356736.0,99,70.1,-1.2999999999999972
vit_base,4,5,98,Spatial_Group_Mean,13.539135932922363,0.0711040496826171,3.384783983230591,295.4398286432314,1.356732951261667,2388.83203125,7852.0,5010356736.0,99,67.2,-4.199999999999989
vit_base,4,5,98,Fast_Amortized_Operator,34.558048248291016,0.3426551818847656,8.639512062072754,115.7472774868821,0.5315401992563349,2388.83203125,7852.0,5010356736.0,99,67.2,-4.199999999999989
vit_base,4,5,98,Fast_Operator_Diagonal,31.2740478515625,0.1947202682495117,7.818511962890625,127.9015757405434,0.587355750652818,2388.83203125,7852.0,5010356736.0,99,67.2,-4.199999999999989
vit_base,4,5,98,Fast_Operator_One_Step,30.89878463745117,0.2977447509765625,7.724696159362793,129.4549299247117,0.5944891382408073,2388.83203125,7852.0,5010356736.0,99,,
vit_base,4,5,98,Hybrid_Group_Mean,36.24835205078125,3.6548805236816406,9.062088012695312,110.34984416384768,0.5067538470734627,2388.83203125,7852.0,5010356736.0,99,64.2,-7.199999999999989
vit_base,4,5,98,Hybrid_Amortized_Operator,55.38560104370117,1.3570079803466797,13.846400260925291,72.22093693347952,0.3316564505152317,2388.83203125,7852.0,5010356736.0,99,64.2,-7.199999999999989
vit_base,4,5,98,Attention_Pruning_EViT,13.472928047180176,0.0528326034545898,3.368232011795044,296.89166200491826,1.3634001300594183,2388.83203125,7852.0,5010356736.0,99,67.10000000000001,-4.299999999999983
vit_base,4,5,98,Token_Merging_ToMe,99.71014404296876,5.88275146484375,24.927536010742188,40.11627942565456,0.1842239024736617,2388.83203125,7852.0,5010356736.0,99,70.1,-1.2999999999999972
vit_base,8,5,98,Spatial_Group_Mean,25.070880889892575,0.0510568618774414,3.1338601112365723,319.0952896762886,1.398853744289757,2391.12890625,7852.0,5010356736.0,99,67.2,-4.199999999999989
vit_base,8,5,98,Fast_Amortized_Operator,64.1114273071289,0.8046398162841797,8.013928413391113,124.78274678982908,0.5470240966163775,2391.12890625,7852.0,5010356736.0,99,67.2,-4.199999999999989
vit_base,8,5,98,Fast_Operator_Diagonal,61.38041687011719,0.5834884643554688,7.672552108764648,130.33472902160702,0.5713629426740287,2391.12890625,7852.0,5010356736.0,99,67.2,-4.199999999999989
vit_base,8,5,98,Fast_Operator_One_Step,59.8070068359375,0.6859836578369141,7.4758758544921875,133.7635909776523,0.5863944286941843,2391.12890625,7852.0,5010356736.0,99,,
vit_base,8,5,98,Hybrid_Group_Mean,67.41276550292969,15.290349960327148,8.426595687866211,118.67188566314384,0.520235230580247,2391.12890625,7852.0,5010356736.0,99,64.2,-7.199999999999989
vit_base,8,5,98,Hybrid_Amortized_Operator,90.1674575805664,4.956703186035156,11.2709321975708,88.72380584593773,0.3889484803775527,2391.12890625,7852.0,5010356736.0,99,64.2,-7.199999999999989
vit_base,8,5,98,Attention_Pruning_EViT,24.91721534729004,0.0891838073730468,3.114651918411255,321.06316410152425,1.4074805357125495,2391.12890625,7852.0,5010356736.0,99,67.10000000000001,-4.299999999999983
vit_base,8,5,98,Token_Merging_ToMe,238.84515380859372,72.8510513305664,29.85564422607422,33.4945041690528,0.1468336076585151,2391.12890625,7852.0,5010356736.0,99,70.1,-1.2999999999999972
vit_base,16,5,98,Spatial_Group_Mean,47.21769714355469,0.1235198974609375,2.951106071472168,338.85600035418145,1.4058247338226164,2395.76953125,7852.0,5010356736.0,99,67.2,-4.199999999999989
vit_base,16,5,98,Fast_Amortized_Operator,126.61587524414062,1.149505615234375,7.913492202758789,126.36646051807335,0.5242613249765181,2395.76953125,7852.0,5010356736.0,99,67.2,-4.199999999999989
vit_base,16,5,98,Fast_Operator_Diagonal,123.66400146484376,0.9565277099609376,7.729000091552734,129.38284230232205,0.5367755024280506,2395.76953125,7852.0,5010356736.0,99,67.2,-4.199999999999989
vit_base,16,5,98,Fast_Operator_One_Step,121.19945526123048,0.5621261596679688,7.574965953826904,132.01379466198074,0.5476906342151555,2395.76953125,7852.0,5010356736.0,99,,
vit_base,16,5,98,Hybrid_Group_Mean,108.78173065185548,21.264080047607425,6.798858165740967,147.08352132405693,0.6102109804724132,2395.76953125,7852.0,5010356736.0,99,64.2,-7.199999999999989
vit_base,16,5,98,Hybrid_Amortized_Operator,154.1292724609375,0.8889617919921875,9.633079528808594,103.80896337556538,0.43067618148511,2395.76953125,7852.0,5010356736.0,99,64.2,-7.199999999999989
vit_base,16,5,98,Attention_Pruning_EViT,47.69363021850586,0.3459186553955078,2.980851888656616,335.4745681277949,1.39179605776367,2395.76953125,7852.0,5010356736.0,99,67.10000000000001,-4.299999999999983
vit_base,16,5,98,Token_Merging_ToMe,368.6886901855469,0.2705535888671875,23.04304313659668,43.39704587072583,0.1800429692734764,2395.76953125,7852.0,5010356736.0,99,70.1,-1.2999999999999972
vit_base,32,5,98,Spatial_Group_Mean,93.30611419677734,3.146270751953125,2.915816068649292,342.95716069060387,1.3952180322537888,2404.91015625,7852.0,5010356736.0,99,67.2,-4.199999999999989
vit_base,32,5,98,Fast_Amortized_Operator,243.1327667236328,4.254158020019531,7.597898960113525,131.61533277155587,0.5354373859236025,2404.91015625,7852.0,5010356736.0,99,67.2,-4.199999999999989
vit_base,32,5,98,Fast_Operator_Diagonal,239.2379913330078,7.699897766113281,7.476187229156494,133.75801987677423,0.5441542638002983,2404.91015625,7852.0,5010356736.0,99,67.2,-4.199999999999989
vit_base,32,5,98,Fast_Operator_One_Step,235.13424682617188,3.94232177734375,7.347945213317871,136.0924681620568,0.5536512643482137,2404.91015625,7852.0,5010356736.0,99,,
vit_base,32,5,98,Hybrid_Group_Mean,137.1374969482422,3.34912109375,4.285546779632568,233.3424534653516,0.9492835726468584,2404.91015625,7852.0,5010356736.0,99,64.2,-7.199999999999989
vit_base,32,5,98,Hybrid_Amortized_Operator,283.4217224121094,2.504547119140625,8.856928825378418,112.90595416490484,0.4593239076346566,2404.91015625,7852.0,5010356736.0,99,64.2,-7.199999999999989
vit_base,32,5,98,Attention_Pruning_EViT,97.5444793701172,0.8807220458984375,3.048264980316162,328.0554697368473,1.3345949856671897,2404.91015625,7852.0,5010356736.0,99,67.10000000000001,-4.299999999999983
vit_base,32,5,98,Token_Merging_ToMe,809.342041015625,34.605010986328125,25.29193878173828,39.5382895961316,0.1608496364324681,2404.91015625,7852.0,5010356736.0,99,70.1,-1.2999999999999972
vit_base,64,5,98,Spatial_Group_Mean,189.78623962402344,2.1939239501953125,2.965409994125366,337.22149786405686,1.4063181916525478,2423.28515625,7852.0,5010356736.0,99,67.2,-4.199999999999989
vit_base,64,5,98,Fast_Amortized_Operator,10634.8193359375,62.63232421875,166.16905212402344,6.017967769676094,0.0250967912926059,2423.28515625,10204.0,5010356736.0,99,67.2,-4.199999999999989
vit_base,64,5,98,Fast_Operator_Diagonal,10603.8369140625,64.4873046875,165.68495178222656,6.035551142353487,0.0251701194078757,2423.28515625,10204.0,5010356736.0,99,67.2,-4.199999999999989
vit_base,64,5,98,Fast_Operator_One_Step,10575.48046875,36.140625,165.24188232421875,6.051734499356006,0.0252376090237478,2423.28515625,10204.0,5010356736.0,99,,
vit_base,64,5,98,Hybrid_Group_Mean,347.2370910644531,33.604278564453125,5.42557954788208,184.31210733798167,0.768638628121247,2423.28515625,10204.0,5010356736.0,99,64.2,-7.199999999999989
vit_base,64,5,98,Hybrid_Amortized_Operator,10730.8828125,57.44873046875,167.6700439453125,5.964094578075983,0.0248721233818425,2423.28515625,10204.0,5010356736.0,99,64.2,-7.199999999999989
vit_base,64,5,98,Attention_Pruning_EViT,193.08729553222656,0.4642181396484375,3.01698899269104,331.4562971302185,1.3822755172623349,2423.28515625,10204.0,5010356736.0,99,67.10000000000001,-4.299999999999983
vit_base,64,5,98,Token_Merging_ToMe,1942.154541015625,155.684814453125,30.34616470336914,32.95309340652779,0.1374246156379614,2423.28515625,10204.0,5010356736.0,99,70.1,-1.2999999999999972
vit_base,1,5,49,Spatial_Group_Mean,9.525440216064451,0.8969764709472656,9.525440216064451,104.98202469566932,0.6698894529796715,4688.982421875,12556.0,2504140800.0,50,60.6,-10.79999999999999
vit_base,1,5,49,Fast_Amortized_Operator,13.850591659545898,2.138751983642578,13.850591659545898,72.19908178513045,0.4607017586380267,4688.982421875,12556.0,2504140800.0,50,60.5,-10.899999999999991
vit_base,1,5,49,Fast_Operator_Diagonal,15.964192390441896,0.9745755195617676,15.964192390441896,62.64018721039227,0.3997065294421293,4688.982421875,12556.0,2504140800.0,50,60.5,-10.899999999999991
vit_base,1,5,49,Fast_Operator_One_Step,15.676159858703612,0.9201116561889648,15.676159858703612,63.79113309722895,0.4070507058644958,4688.982421875,12556.0,2504140800.0,50,,
vit_base,1,5,49,Hybrid_Group_Mean,14.237728118896484,1.5578880310058594,14.237728118896484,70.23592469593432,0.448174869083295,4688.982421875,12556.0,2504140800.0,50,53.400000000000006,-17.999999999999986
vit_base,1,5,49,Hybrid_Amortized_Operator,20.55014419555664,1.1628313064575195,20.55014419555664,48.66145903814243,0.3105083777032416,4688.982421875,12556.0,2504140800.0,50,53.400000000000006,-17.999999999999986
vit_base,1,5,49,Attention_Pruning_EViT,8.953632354736328,0.8092799186706543,8.953632354736328,111.6865156375352,0.7126707556128925,4688.982421875,12556.0,2504140800.0,50,59.099999999999994,-12.299999999999997
vit_base,1,5,49,Token_Merging_ToMe,69.24665832519531,5.120143890380859,69.24665832519531,14.44113007307605,0.0921487345391259,4688.982421875,12556.0,2504140800.0,50,66.60000000000001,-4.799999999999983
vit_base,2,5,49,Spatial_Group_Mean,8.76255989074707,0.9993271827697754,4.381279945373535,228.243803744146,1.150797924731803,4689.728515625,12556.0,2504140800.0,50,60.6,-10.79999999999999
vit_base,2,5,49,Fast_Amortized_Operator,24.08358383178711,1.358048439025879,12.041791915893556,83.04411893051679,0.418705779340881,4689.728515625,12556.0,2504140800.0,50,60.5,-10.899999999999991
vit_base,2,5,49,Fast_Operator_Diagonal,18.258495330810547,2.572959899902344,9.129247665405272,109.5380513981934,0.5522873355611942,4689.728515625,12556.0,2504140800.0,50,60.5,-10.899999999999991
vit_base,2,5,49,Fast_Operator_One_Step,21.481216430664062,2.917295455932617,10.740608215332031,93.10459705368616,0.4694303867827159,4689.728515625,12556.0,2504140800.0,50,,
vit_base,2,5,49,Hybrid_Group_Mean,15.229984283447266,2.2226719856262207,7.614992141723633,131.31989913960078,0.6621107119965716,4689.728515625,12556.0,2504140800.0,50,53.400000000000006,-17.999999999999986
vit_base,2,5,49,Hybrid_Amortized_Operator,27.627872467041016,1.278304100036621,13.813936233520508,72.39066281292281,0.3649913959042488,4689.728515625,12556.0,2504140800.0,50,53.400000000000006,-17.999999999999986
vit_base,2,5,49,Attention_Pruning_EViT,8.070207595825195,0.295743465423584,4.035103797912598,247.8250994478285,1.249526188499338,4689.728515625,12556.0,2504140800.0,50,59.099999999999994,-12.299999999999997
vit_base,2,5,49,Token_Merging_ToMe,136.2139892578125,4.510704040527344,68.10699462890625,14.682779726938294,0.0740301036079633,4689.728515625,12556.0,2504140800.0,50,66.60000000000001,-4.799999999999983
vit_base,4,5,49,Spatial_Group_Mean,12.395359992980955,0.0925278663635253,3.0988399982452397,322.70139812519,1.4819248381820564,4690.705078125,12556.0,2504140800.0,50,60.6,-10.79999999999999
vit_base,4,5,49,Fast_Amortized_Operator,35.5489616394043,1.6462898254394531,8.887240409851074,112.52086743276897,0.5167237242576871,4690.705078125,12556.0,2504140800.0,50,60.5,-10.899999999999991
vit_base,4,5,49,Fast_Operator_Diagonal,32.88137435913086,0.7252960205078125,8.220343589782715,121.64941636295188,0.5586442844870241,4690.705078125,12556.0,2504140800.0,50,60.5,-10.899999999999991
vit_base,4,5,49,Fast_Operator_One_Step,32.965023040771484,1.5391349792480469,8.241255760192871,121.34073120630792,0.5572267257052325,4690.705078125,12556.0,2504140800.0,50,,
vit_base,4,5,49,Hybrid_Group_Mean,18.173887252807617,0.8919353485107422,4.543471813201904,220.0960061190021,1.0107354357537837,4690.705078125,12556.0,2504140800.0,50,53.400000000000006,-17.999999999999986
vit_base,4,5,49,Hybrid_Amortized_Operator,37.829856872558594,3.1681442260742188,9.457464218139648,105.73658825819034,0.485568632038133,4690.705078125,12556.0,2504140800.0,50,53.400000000000006,-17.999999999999986
vit_base,4,5,49,Attention_Pruning_EViT,12.389535903930664,0.1788153648376464,3.097383975982666,322.85309401548875,1.482621463325269,4690.705078125,12556.0,2504140800.0,50,59.099999999999994,-12.299999999999997
vit_base,4,5,49,Token_Merging_ToMe,253.28256225585935,6.3148193359375,63.32064056396485,15.792638720857951,0.0725237129954914,4690.705078125,12556.0,2504140800.0,50,66.60000000000001,-4.799999999999983
vit_base,8,5,49,Spatial_Group_Mean,22.08188819885254,0.1691675186157226,2.7602360248565674,362.2878590797191,1.5882018462212462,4693.658203125,12556.0,2504140800.0,50,60.6,-10.79999999999999
vit_base,8,5,49,Fast_Amortized_Operator,59.65462493896485,0.7328319549560547,7.456828117370605,134.10527697031264,0.5878923158321898,4693.658203125,12556.0,2504140800.0,50,60.5,-10.899999999999991
vit_base,8,5,49,Fast_Operator_Diagonal,57.51984024047852,0.6679039001464844,7.189980030059815,139.08244471044532,0.6097112832519404,4693.658203125,12556.0,2504140800.0,50,60.5,-10.899999999999991
vit_base,8,5,49,Fast_Operator_One_Step,56.841793060302734,1.0232810974121094,7.105224132537842,140.74151375754283,0.6169843299676157,4693.658203125,12556.0,2504140800.0,50,,
vit_base,8,5,49,Hybrid_Group_Mean,26.40966415405273,1.3448801040649414,3.301208019256592,302.91941439824586,1.3279417489331062,4693.658203125,12556.0,2504140800.0,50,53.400000000000006,-17.999999999999986
vit_base,8,5,49,Hybrid_Amortized_Operator,64.0316162109375,1.2961101531982422,8.003952026367188,124.93828007785766,0.5477059253031663,4693.658203125,12556.0,2504140800.0,50,53.400000000000006,-17.999999999999986
vit_base,8,5,49,Attention_Pruning_EViT,22.099008560180664,0.1929759979248047,2.762376070022583,362.0071904227815,1.5869714476087808,4693.658203125,12556.0,2504140800.0,50,59.099999999999994,-12.299999999999997
vit_base,8,5,49,Token_Merging_ToMe,480.0564880371094,15.201171875,60.00706100463867,16.664705507285184,0.0730549351574594,4693.658203125,12556.0,2504140800.0,50,66.60000000000001,-4.799999999999983
vit_base,16,5,49,Spatial_Group_Mean,40.81731033325195,0.3635845184326172,2.551081895828247,391.9905517871801,1.6262660615459066,4697.619140625,12556.0,2504140800.0,50,60.6,-10.79999999999999
vit_base,16,5,49,Fast_Amortized_Operator,114.70118713378906,0.4780158996582031,7.168824195861816,139.49288930495007,0.5787194376735469,4697.619140625,12556.0,2504140800.0,50,60.5,-10.899999999999991
vit_base,16,5,49,Fast_Operator_Diagonal,113.04156494140624,0.7544631958007812,7.065097808837891,141.54085719083426,0.5872159196748724,4697.619140625,12556.0,2504140800.0,50,60.5,-10.899999999999991
vit_base,16,5,49,Fast_Operator_One_Step,112.36608123779295,0.6924476623535156,7.0228800773620605,142.39172376351053,0.5907459420790822,4697.619140625,12556.0,2504140800.0,50,,
vit_base,16,5,49,Hybrid_Group_Mean,46.57462310791016,3.729217529296875,2.9109139442443848,343.5347176708036,1.4252355057121406,4697.619140625,12556.0,2504140800.0,50,53.400000000000006,-17.999999999999986
vit_base,16,5,49,Hybrid_Amortized_Operator,121.65853118896484,2.3467369079589844,7.603658199310303,131.51564336370433,0.5456239350403709,4697.619140625,12556.0,2504140800.0,50,53.400000000000006,-17.999999999999986
vit_base,16,5,49,Attention_Pruning_EViT,42.91062545776367,0.2275047302246093,2.681914091110229,372.86802113263474,1.546931693733791,4697.619140625,12556.0,2504140800.0,50,59.099999999999994,-12.299999999999997
vit_base,16,5,49,Token_Merging_ToMe,1049.418701171875,32.490447998046875,65.58866882324219,15.2465359938154,0.0632538818342278,4697.619140625,12556.0,2504140800.0,50,66.60000000000001,-4.799999999999983
vit_base,32,5,49,Spatial_Group_Mean,79.48140716552734,3.4284324645996094,2.483793973922729,402.6098825019171,1.6378971848819717,4706.876953125,12556.0,2504140800.0,50,60.6,-10.79999999999999
vit_base,32,5,49,Fast_Amortized_Operator,225.0614471435547,1.4080352783203125,7.033170223236084,142.1833921630696,0.5784303562388391,4706.876953125,12556.0,2504140800.0,50,60.5,-10.899999999999991
vit_base,32,5,49,Fast_Operator_Diagonal,224.34019470214844,4.21484375,7.010631084442139,142.64051095473863,0.5802900065220826,4706.876953125,12556.0,2504140800.0,50,60.5,-10.899999999999991
vit_base,32,5,49,Fast_Operator_One_Step,222.30096435546875,2.784126281738281,6.946905136108398,143.94899317139547,0.5856131727737709,4706.876953125,12556.0,2504140800.0,50,,
vit_base,32,5,49,Hybrid_Group_Mean,93.1934051513672,1.4206886291503906,2.9122939109802246,343.3719365444878,1.3969054230332003,4706.876953125,12556.0,2504140800.0,50,53.400000000000006,-17.999999999999986
vit_base,32,5,49,Hybrid_Amortized_Operator,232.780029296875,5.110710144042969,7.274375915527344,137.46883741125808,0.5592506085685189,4706.876953125,12556.0,2504140800.0,50,53.400000000000006,-17.999999999999986
vit_base,32,5,49,Attention_Pruning_EViT,90.6924819946289,0.4957771301269531,2.8341400623321533,352.84071288174846,1.4354262909530342,4706.876953125,12556.0,2504140800.0,50,59.099999999999994,-12.299999999999997
vit_base,32,5,49,Token_Merging_ToMe,1937.70361328125,64.71331787109375,60.55323791503906,16.514393522656516,0.0671838418190427,4706.876953125,12556.0,2504140800.0,50,66.60000000000001,-4.799999999999983
vit_base,64,5,49,Spatial_Group_Mean,166.70640563964844,3.33990478515625,2.604787588119507,383.908463231713,1.6010173111495358,4725.658203125,12556.0,2504140800.0,50,60.6,-10.79999999999999
vit_base,64,5,49,Fast_Amortized_Operator,10497.9619140625,375.88232421875,164.03065490722656,6.096421431503678,0.0254239673846662,4725.658203125,12556.0,2504140800.0,50,60.5,-10.899999999999991
vit_base,64,5,49,Fast_Operator_Diagonal,10981.5634765625,313.52001953125,171.58692932128906,5.827949739269146,0.0243043571963343,4725.658203125,12556.0,2504140800.0,50,60.5,-10.899999999999991
vit_base,64,5,49,Fast_Operator_One_Step,11151.95703125,42.30419921875,174.24932861328125,5.738903030262696,0.0239330048134768,4725.658203125,12556.0,2504140800.0,50,,
vit_base,64,5,49,Hybrid_Group_Mean,165.88006591796875,3.34259033203125,2.5918760299682617,385.820922157394,1.608992857770996,4725.658203125,12556.0,2504140800.0,50,53.400000000000006,-17.999999999999986
vit_base,64,5,49,Hybrid_Amortized_Operator,10855.1826171875,452.673828125,169.6122283935547,5.895801319700133,0.0245873193221087,4725.658203125,12556.0,2504140800.0,50,53.400000000000006,-17.999999999999986
vit_base,64,5,49,Attention_Pruning_EViT,155.6383056640625,0.5733871459960938,2.431848526000977,411.2098222023876,1.714872442036755,4725.658203125,12556.0,2504140800.0,50,59.099999999999994,-12.299999999999997
vit_base,64,5,49,Token_Merging_ToMe,3988.4228515625,68.96240234375,62.31910705566406,16.04644301316432,0.0669186420903273,4725.658203125,12556.0,2504140800.0,50,66.60000000000001,-4.799999999999983
vit_base,1,5,32,Spatial_Group_Mean,5.55836820602417,0.0746879577636718,5.55836820602417,179.90891623843814,1.1479973436833943,4064.1552734375,12556.0,1646701056.0,33,50.3,-21.099999999999994
vit_base,1,5,32,Fast_Amortized_Operator,12.358880043029783,0.5905442237854004,12.358880043029783,80.91348055149903,0.5163082668909599,4064.1552734375,12556.0,1646701056.0,33,50.3,-21.099999999999994
vit_base,1,5,32,Fast_Operator_Diagonal,11.848544120788574,0.5566239356994629,11.848544120788574,84.39855477648722,0.5385464974160299,4064.1552734375,12556.0,1646701056.0,33,50.3,-21.099999999999994
vit_base,1,5,32,Fast_Operator_One_Step,11.946528434753418,0.4006557464599609,11.946528434753418,83.70632568796464,0.5341293891844897,4064.1552734375,12556.0,1646701056.0,33,,
vit_base,1,5,32,Hybrid_Group_Mean,8.155200004577637,0.4345600605010986,8.155200004577637,122.62114962707044,0.7824445669202759,4064.1552734375,12556.0,1646701056.0,33,45.7,-25.69999999999999
vit_base,1,5,32,Hybrid_Amortized_Operator,14.498208045959473,0.4316797256469726,14.498208045959473,68.9740412628919,0.4401228010732201,4064.1552734375,12556.0,1646701056.0,33,45.5,-25.89999999999999
vit_base,1,5,32,Attention_Pruning_EViT,5.483839988708496,0.0947520732879638,5.483839988708496,182.35397131554723,1.1635992204128431,4064.1552734375,12556.0,1646701056.0,33,50.1,-21.29999999999999
vit_base,1,5,32,Token_Merging_ToMe,42.50694274902344,0.4536972045898437,42.50694274902344,23.525568656027943,0.1501164638775763,4064.1552734375,12556.0,1646701056.0,33,61.6,-9.79999999999999
vit_base,2,5,32,Spatial_Group_Mean,7.796063899993896,0.0578880310058593,3.898031949996948,256.539713585668,1.293464992971358,4064.8310546875,12556.0,1646701056.0,33,50.3,-21.099999999999994
vit_base,2,5,32,Fast_Amortized_Operator,19.10633659362793,0.6653270721435547,9.553168296813965,104.67731426164715,0.5277796551000212,4064.8310546875,12556.0,1646701056.0,33,50.3,-21.099999999999994
vit_base,2,5,32,Fast_Operator_Diagonal,17.920703887939453,0.7883510589599609,8.960351943969727,111.60275916092728,0.5626975257593706,4064.8310546875,12556.0,1646701056.0,33,50.3,-21.099999999999994
vit_base,2,5,32,Fast_Operator_One_Step,17.685951232910156,0.3530073165893554,8.842975616455078,113.08410690844744,0.5701664335048938,4064.8310546875,12556.0,1646701056.0,33,,
vit_base,2,5,32,Hybrid_Group_Mean,9.886655807495115,0.4339518547058105,4.943327903747559,202.2928722251857,1.019954161847648,4064.8310546875,12556.0,1646701056.0,33,45.7,-25.69999999999999
vit_base,2,5,32,Hybrid_Amortized_Operator,22.265119552612305,1.384927749633789,11.132559776306152,89.8266005387492,0.4529028336803493,4064.8310546875,12556.0,1646701056.0,33,45.5,-25.89999999999999
vit_base,2,5,32,Attention_Pruning_EViT,7.869952201843262,0.0932159423828125,3.934976100921631,254.13114955533908,1.2813210905204804,4064.8310546875,12556.0,1646701056.0,33,50.1,-21.29999999999999
vit_base,2,5,32,Token_Merging_ToMe,98.39126586914062,16.690319061279297,49.19563293457031,20.32700750755641,0.102488118722056,4064.8310546875,12556.0,1646701056.0,33,61.6,-9.79999999999999
vit_base,4,5,32,Spatial_Group_Mean,11.883711814880373,0.1048316955566406,2.9709279537200928,336.59517012111814,1.5457284843280723,4065.8779296875,12556.0,1646701056.0,33,50.3,-21.099999999999994
vit_base,4,5,32,Fast_Amortized_Operator,31.478368759155277,0.951329231262207,7.869592189788818,127.071387675914,0.5835433212041568,4065.8779296875,12556.0,1646701056.0,33,50.3,-21.099999999999994
vit_base,4,5,32,Fast_Operator_Diagonal,30.408447265625,0.9736642837524414,7.60211181640625,131.54239560668952,0.6040752982666013,4065.8779296875,12556.0,1646701056.0,33,50.3,-21.099999999999994
vit_base,4,5,32,Fast_Operator_One_Step,30.15872001647949,0.7517271041870117,7.539680004119873,132.63162355081045,0.6090773030741807,4065.8779296875,12556.0,1646701056.0,33,,
vit_base,4,5,32,Hybrid_Group_Mean,15.448479652404783,1.7334728240966797,3.862119913101196,258.9251557435518,1.189048519020267,4065.8779296875,12556.0,1646701056.0,33,45.7,-25.69999999999999
vit_base,4,5,32,Hybrid_Amortized_Operator,35.06991958618164,0.8695354461669922,8.76747989654541,114.05786061671188,0.5237819780757196,4065.8779296875,12556.0,1646701056.0,33,45.5,-25.89999999999999
vit_base,4,5,32,Attention_Pruning_EViT,11.879424095153809,0.1197757720947265,2.969856023788452,336.71665965960364,1.5462863944137022,4065.8779296875,12556.0,1646701056.0,33,50.1,-21.29999999999999
vit_base,4,5,32,Token_Merging_ToMe,176.22735595703125,17.653778076171875,44.05683898925781,22.697951622081323,0.1042346220996782,4065.8779296875,12556.0,1646701056.0,33,61.6,-9.79999999999999
vit_base,8,5,32,Spatial_Group_Mean,20.585567474365234,0.1520156860351562,2.5731959342956543,388.62178611117855,1.703644830250188,4068.1748046875,12556.0,1646701056.0,33,50.3,-21.099999999999994
vit_base,8,5,32,Fast_Amortized_Operator,56.33910369873047,0.8638401031494141,7.042387962341309,141.9972891791012,0.622489413268018,4068.1748046875,12560.0,1646701056.0,33,50.3,-21.099999999999994
vit_base,8,5,32,Fast_Operator_Diagonal,54.91315078735352,0.546417236328125,6.8641438484191895,145.68459258474016,0.6386538580034543,4068.1748046875,12560.0,1646701056.0,33,50.3,-21.099999999999994
vit_base,8,5,32,Fast_Operator_One_Step,54.64262390136719,0.7850723266601562,6.830327987670898,146.4058536874148,0.6418157310449227,4068.1748046875,12560.0,1646701056.0,33,,
vit_base,8,5,32,Hybrid_Group_Mean,22.804672241210938,1.2815523147583008,2.850584030151367,350.8053049560162,1.5378644882293864,4068.1748046875,12560.0,1646701056.0,33,45.7,-25.69999999999999
vit_base,8,5,32,Hybrid_Amortized_Operator,59.63183975219727,1.2151374816894531,7.453979969024658,134.156518283594,0.5881169481137214,4068.1748046875,12560.0,1646701056.0,33,45.5,-25.89999999999999
vit_base,8,5,32,Attention_Pruning_EViT,20.586719512939453,0.0723676681518554,2.573339939117432,388.6000387274781,1.7035494938096256,4068.1748046875,12560.0,1646701056.0,33,50.1,-21.29999999999999
vit_base,8,5,32,Token_Merging_ToMe,388.0027770996094,25.240768432617188,48.50034713745117,20.61840912531977,0.0903872283276604,4068.1748046875,12560.0,1646701056.0,33,61.6,-9.79999999999999
vit_base,16,5,32,Spatial_Group_Mean,37.4600944519043,0.1276149749755859,2.3412559032440186,427.1211868016695,1.7720138587418923,4072.7685546875,12560.0,1646701056.0,33,50.3,-21.099999999999994
vit_base,16,5,32,Fast_Amortized_Operator,107.5417251586914,0.5481414794921875,6.721357822418213,148.77946189155864,0.6172469933935214,4072.7685546875,12560.0,1646701056.0,33,50.3,-21.099999999999994
vit_base,16,5,32,Fast_Operator_Diagonal,106.37696075439452,0.2015838623046875,6.648560047149658,150.40850844518064,0.6240054805834682,4072.7685546875,12560.0,1646701056.0,33,50.3,-21.099999999999994
vit_base,16,5,32,Fast_Operator_One_Step,105.93545532226562,0.6769943237304688,6.620965957641602,151.03536347983302,0.626606137828181,4072.7685546875,12560.0,1646701056.0,33,,
vit_base,16,5,32,Hybrid_Group_Mean,41.45609664916992,1.949359893798828,2.59100604057312,385.9504703349916,1.60120734666137,4072.7685546875,12560.0,1646701056.0,33,45.7,-25.69999999999999
vit_base,16,5,32,Hybrid_Amortized_Operator,111.57936096191406,1.4444961547851562,6.973710060119629,143.39569488537722,0.5949111551303151,4072.7685546875,12560.0,1646701056.0,33,45.5,-25.89999999999999
vit_base,16,5,32,Attention_Pruning_EViT,37.71971130371094,0.2028312683105468,2.3574819564819336,424.1814013678808,1.7598174594730822,4072.7685546875,12560.0,1646701056.0,33,50.1,-21.29999999999999
vit_base,16,5,32,Token_Merging_ToMe,721.41845703125,63.79937744140625,45.088653564453125,22.17852876379474,0.0920129030129309,4072.7685546875,12560.0,1646701056.0,33,61.6,-9.79999999999999
vit_base,32,5,32,Spatial_Group_Mean,71.8891830444336,0.713775634765625,2.24653697013855,445.1295541948404,1.8108756774494328,4082.8310546875,12560.0,1646701056.0,33,50.3,-21.099999999999994
vit_base,32,5,32,Fast_Amortized_Operator,215.4335021972656,0.7882614135742188,6.732296943664551,148.53771429987995,0.6042810042036597,4082.8310546875,12560.0,1646701056.0,33,50.3,-21.099999999999994
vit_base,32,5,32,Fast_Operator_Diagonal,214.5590057373047,0.53485107421875,6.704968929290772,149.14312214505318,0.6067439238894674,4082.8310546875,12560.0,1646701056.0,33,50.3,-21.099999999999994
vit_base,32,5,32,Fast_Operator_One_Step,212.9146270751953,0.9477462768554688,6.6535820960998535,150.29498179426875,0.6114299183442119,4082.8310546875,12560.0,1646701056.0,33,,
vit_base,32,5,32,Hybrid_Group_Mean,77.81494140625,0.5134201049804688,2.4317169189453125,411.2320773068114,1.6729739905248957,4082.8310546875,12560.0,1646701056.0,33,45.7,-25.69999999999999
vit_base,32,5,32,Hybrid_Amortized_Operator,219.6662750244141,1.0129470825195312,6.86457109451294,145.67552527780364,0.5926370492348283,4082.8310546875,12560.0,1646701056.0,33,45.5,-25.89999999999999
vit_base,32,5,32,Attention_Pruning_EViT,73.93014526367188,0.7799530029296875,2.310317039489746,432.8410269704191,1.7608835013454869,4082.8310546875,12560.0,1646701056.0,33,50.1,-21.29999999999999
vit_base,32,5,32,Token_Merging_ToMe,1321.8275146484375,18.13360595703125,41.30710983276367,24.20890747497486,0.0984866569988893,4082.8310546875,12560.0,1646701056.0,33,61.6,-9.79999999999999
vit_base,64,5,32,Spatial_Group_Mean,145.08953857421875,1.9330596923828125,2.267024040222168,441.1069235516357,1.8395526233758368,4100.5185546875,12560.0,1646701056.0,33,50.3,-21.099999999999994
vit_base,64,5,32,Fast_Amortized_Operator,9716.3857421875,39.90185546875,151.8185272216797,6.586811361566153,0.027469045423932,4100.5185546875,12560.0,1646701056.0,33,50.3,-21.099999999999994
vit_base,64,5,32,Fast_Operator_Diagonal,9721.7216796875,296.53271484375,151.9019012451172,6.5831960745925455,0.0274539685564391,4100.5185546875,12560.0,1646701056.0,33,50.3,-21.099999999999994
vit_base,64,5,32,Fast_Operator_One_Step,9387.5087890625,27.51953125,146.67982482910156,6.817570181619129,0.0284313812435054,4100.5185546875,12560.0,1646701056.0,33,,
vit_base,64,5,32,Hybrid_Group_Mean,147.9437713623047,0.7076644897460938,2.3116214275360107,432.5967859996495,1.8040627114674088,4100.5185546875,12560.0,1646701056.0,33,45.7,-25.69999999999999
vit_base,64,5,32,Hybrid_Amortized_Operator,9425.9453125,58.2138671875,147.2803955078125,6.7897699252644585,0.0283154455558585,4100.5185546875,12560.0,1646701056.0,33,45.5,-25.89999999999999
vit_base,64,5,32,Attention_Pruning_EViT,142.55442810058594,0.3479843139648437,2.2274129390716557,448.9513293465834,1.872266227466958,4100.5185546875,12560.0,1646701056.0,33,50.1,-21.29999999999999
vit_base,64,5,32,Token_Merging_ToMe,2544.99169921875,43.9278564453125,39.76549530029297,25.147429761616287,0.1048725783233499,4100.5185546875,12560.0,1646701056.0,33,61.6,-9.79999999999999
vit_base,1,7,98,Spatial_Group_Mean,6.98089599609375,0.0241119861602783,6.98089599609375,143.248087431694,0.9140648907103824,3847.453125,12560.0,3578826240.0,99,69.39999999999999,-2.0
vit_base,1,7,98,Fast_Amortized_Operator,13.686464309692385,0.2968482971191406,13.686464309692385,73.06488932220626,0.4662264695500017,3847.453125,12560.0,3578826240.0,99,69.39999999999999,-2.0
vit_base,1,7,98,Fast_Operator_Diagonal,13.008671760559082,0.3525924682617187,13.008671760559082,76.87179893583712,0.4905183290946331,3847.453125,12560.0,3578826240.0,99,69.39999999999999,-2.0
vit_base,1,7,98,Fast_Operator_One_Step,11.894368171691896,0.3612957000732422,11.894368171691896,84.0734022661211,0.5364717018695014,3847.453125,12560.0,3578826240.0,99,,
vit_base,1,7,98,Hybrid_Group_Mean,23.694015502929688,0.2980642318725586,23.694015502929688,42.20474996635134,0.2693081691847881,3847.453125,12560.0,3578826240.0,99,67.80000000000001,-3.59999999999998
vit_base,1,7,98,Hybrid_Amortized_Operator,29.42086410522461,0.6783523559570312,29.42086410522461,33.989484347688425,0.2168866255222202,3847.453125,12560.0,3578826240.0,99,67.80000000000001,-3.59999999999998
vit_base,1,7,98,Attention_Pruning_EViT,7.01580810546875,0.0216162204742431,7.01580810546875,142.53525537856578,0.9095163151278416,3847.453125,12560.0,3578826240.0,99,68.60000000000001,-2.799999999999983
vit_base,1,7,98,Token_Merging_ToMe,27.898080825805664,1.146559715270996,27.898080825805664,35.84475958199254,0.2287251218308743,3847.453125,12560.0,3578826240.0,99,71.1,-0.29999999999999716
vit_base,2,7,98,Spatial_Group_Mean,10.227616310119627,0.0387353897094726,5.113808155059815,195.54898613287995,0.9859517048593618,3848.19921875,12560.0,3578826240.0,99,69.39999999999999,-2.0
vit_base,2,7,98,Fast_Amortized_Operator,23.0152645111084,0.4959831237792969,11.5076322555542,86.89884919787444,0.4381412054918081,3848.19921875,12560.0,3578826240.0,99,69.39999999999999,-2.0
vit_base,2,7,98,Fast_Operator_Diagonal,19.90415954589844,0.415008544921875,9.95207977294922,100.481509675807,0.5066245431944307,3848.19921875,12560.0,3578826240.0,99,69.39999999999999,-2.0
vit_base,2,7,98,Fast_Operator_One_Step,19.76755142211914,0.395904541015625,9.88377571105957,101.17590981764567,0.510125686397675,3848.19921875,12560.0,3578826240.0,99,,
vit_base,2,7,98,Hybrid_Group_Mean,28.81849670410156,0.4967679977416992,14.40924835205078,69.39987260735055,0.3499119277854169,3848.19921875,12560.0,3578826240.0,99,67.80000000000001,-3.59999999999998
vit_base,2,7,98,Hybrid_Amortized_Operator,54.24252700805664,6.658079147338867,27.12126350402832,36.87143852466424,0.1859046083179734,3848.19921875,12560.0,3578826240.0,99,67.80000000000001,-3.59999999999998
vit_base,2,7,98,Attention_Pruning_EViT,10.272992134094238,0.0479035377502441,5.136496067047119,194.6852459238584,0.9815967544784804,3848.19921875,12560.0,3578826240.0,99,68.60000000000001,-2.799999999999983
vit_base,2,7,98,Token_Merging_ToMe,86.03372955322266,17.427886962890625,43.01686477661133,23.24669650363988,0.1172090968272122,3848.19921875,12560.0,3578826240.0,99,71.1,-0.29999999999999716
vit_base,4,7,98,Spatial_Group_Mean,16.46816062927246,0.0244626998901367,4.117040157318115,242.8929429368041,1.1154246224168725,3849.87890625,12560.0,3578826240.0,99,69.39999999999999,-2.0
vit_base,4,7,98,Fast_Amortized_Operator,37.46326446533203,0.2209110260009765,9.365816116333008,106.771261316577,0.4903201072828301,3849.87890625,12560.0,3578826240.0,99,69.39999999999999,-2.0
vit_base,4,7,98,Fast_Operator_Diagonal,34.22963333129883,0.1373443603515625,8.557408332824707,116.85781034477186,0.53664004151077,3849.87890625,12560.0,3578826240.0,99,69.39999999999999,-2.0
vit_base,4,7,98,Fast_Operator_One_Step,33.5318717956543,0.1337909698486328,8.382967948913574,119.2894934221476,0.5478069331693928,3849.87890625,12560.0,3578826240.0,99,,
vit_base,4,7,98,Hybrid_Group_Mean,53.69363021850586,6.078447341918945,13.423407554626465,74.49673236326223,0.3421074674417459,3849.87890625,12560.0,3578826240.0,99,67.80000000000001,-3.59999999999998
vit_base,4,7,98,Hybrid_Amortized_Operator,70.46742248535156,7.362766265869141,17.61685562133789,56.76381878209752,0.2606735311714445,3849.87890625,12560.0,3578826240.0,99,67.80000000000001,-3.59999999999998
vit_base,4,7,98,Attention_Pruning_EViT,16.164608001708984,0.0522565841674804,4.041152000427246,247.4541912539484,1.136371005709795,3849.87890625,12560.0,3578826240.0,99,68.60000000000001,-2.799999999999983
vit_base,4,7,98,Token_Merging_ToMe,97.05270385742188,10.51321792602539,24.26317596435547,41.21471984826221,0.1892682132668055,3849.87890625,12560.0,3578826240.0,99,71.1,-0.29999999999999716
vit_base,8,7,98,Spatial_Group_Mean,29.70185661315918,0.0981607437133789,3.7127320766448975,269.34343210234414,1.1807509564883911,3852.12890625,12560.0,3578826240.0,99,69.39999999999999,-2.0
vit_base,8,7,98,Fast_Amortized_Operator,68.64246368408203,0.2653732299804687,8.580307960510254,116.54593338635038,0.5109154555826568,3852.12890625,12560.0,3578826240.0,99,69.39999999999999,-2.0
vit_base,8,7,98,Fast_Operator_Diagonal,65.88483428955078,0.4142417907714844,8.235604286193848,121.42399819724196,0.5322999743968525,3852.12890625,12560.0,3578826240.0,99,69.39999999999999,-2.0
vit_base,8,7,98,Fast_Operator_One_Step,65.97449493408203,0.6605606079101562,8.246811866760254,121.2589805801946,0.5315765681951669,3852.12890625,12560.0,3578826240.0,99,,
vit_base,8,7,98,Hybrid_Group_Mean,60.25667190551758,9.322431564331056,7.532083988189697,132.765380944769,0.5820184636227381,3852.12890625,12560.0,3578826240.0,99,67.80000000000001,-3.59999999999998
vit_base,8,7,98,Hybrid_Amortized_Operator,103.69564819335938,4.909103393554688,12.961956024169922,77.14884992167218,0.3382060502681215,3852.12890625,12560.0,3578826240.0,99,67.80000000000001,-3.59999999999998
vit_base,8,7,98,Attention_Pruning_EViT,29.677152633666992,0.1208639144897461,3.709644079208374,269.56764008837115,1.1817338421369752,3852.12890625,12560.0,3578826240.0,99,68.60000000000001,-2.799999999999983
vit_base,8,7,98,Token_Merging_ToMe,191.1498870849609,0.4037704467773437,23.89373588562012,41.85197345392214,0.1834711813869964,3852.12890625,12560.0,3578826240.0,99,71.1,-0.29999999999999716
vit_base,16,7,98,Spatial_Group_Mean,56.48310470581055,0.1433258056640625,3.530194044113159,283.27054759711257,1.1752152588688356,3856.06640625,12560.0,3578826240.0,99,69.39999999999999,-2.0
vit_base,16,7,98,Fast_Amortized_Operator,134.5726776123047,0.687591552734375,8.410792350769043,118.89486249277869,0.4932636230200508,3856.06640625,12560.0,3578826240.0,99,69.39999999999999,-2.0
vit_base,16,7,98,Fast_Operator_Diagonal,132.1829071044922,0.4820632934570312,8.261431694030762,121.04439485017384,0.5021814693943798,3856.06640625,12560.0,3578826240.0,99,69.39999999999999,-2.0
vit_base,16,7,98,Fast_Operator_One_Step,129.2374725341797,0.5413589477539062,8.07734203338623,123.80310204355358,0.5136266225029981,3856.06640625,12560.0,3578826240.0,99,,
vit_base,16,7,98,Hybrid_Group_Mean,85.21123504638672,1.0208816528320312,5.32570219039917,187.7686667877778,0.7790029857262284,3856.06640625,12560.0,3578826240.0,99,67.80000000000001,-3.59999999999998
vit_base,16,7,98,Hybrid_Amortized_Operator,160.74578857421875,1.2082748413085938,10.046611785888672,99.53604471953278,0.4129489618815495,3856.06640625,12560.0,3578826240.0,99,67.80000000000001,-3.59999999999998
vit_base,16,7,98,Attention_Pruning_EViT,56.02025604248047,0.1871185302734375,3.5012660026550293,285.6109759274772,1.184925082602595,3856.06640625,12560.0,3578826240.0,99,68.60000000000001,-2.799999999999983
vit_base,16,7,98,Token_Merging_ToMe,381.4772033691406,1.87139892578125,23.84232521057129,41.94221793252852,0.1740072694575186,3856.06640625,12560.0,3578826240.0,99,71.1,-0.29999999999999716
vit_base,32,7,98,Spatial_Group_Mean,109.43824005126952,0.1797599792480468,3.419945001602173,292.40236305891494,1.1895510471101076,3865.94140625,12560.0,3578826240.0,99,69.39999999999999,-2.0
vit_base,32,7,98,Fast_Amortized_Operator,262.3359680175781,0.549713134765625,8.197999000549316,121.98098583971452,0.4962429438503529,3865.94140625,12560.0,3578826240.0,99,69.39999999999999,-2.0
vit_base,32,7,98,Fast_Operator_Diagonal,259.9785461425781,0.7528076171875,8.124329566955566,123.08707958713822,0.5007427535019756,3865.94140625,12560.0,3578826240.0,99,69.39999999999999,-2.0
vit_base,32,7,98,Fast_Operator_One_Step,254.51866149902344,0.8208541870117188,7.953708171844482,125.72751959141816,0.5114845893033839,3865.94140625,12560.0,3578826240.0,99,,
vit_base,32,7,98,Hybrid_Group_Mean,206.19705200195312,29.874351501464844,6.443657875061035,155.19135549860766,0.6313493417240607,3865.94140625,12560.0,3578826240.0,99,67.80000000000001,-3.59999999999998
vit_base,32,7,98,Hybrid_Amortized_Operator,319.8467712402344,20.8297119140625,9.995211601257324,100.04790692717374,0.4070148106922613,3865.94140625,12560.0,3578826240.0,99,67.80000000000001,-3.59999999999998
vit_base,32,7,98,Attention_Pruning_EViT,109.66957092285156,0.78131103515625,3.4271740913391118,291.7855858350244,1.1870418745273783,3865.94140625,12560.0,3578826240.0,99,68.60000000000001,-2.799999999999983
vit_base,32,7,98,Token_Merging_ToMe,861.3726196289062,48.50823974609375,26.91789436340332,37.15000833644577,0.1511336326234281,3865.94140625,12560.0,3578826240.0,99,71.1,-0.29999999999999716
vit_base,64,7,98,Spatial_Group_Mean,219.5018310546875,0.8487091064453125,3.429716110229492,291.56932173406244,1.215934464082431,3883.81640625,12560.0,3578826240.0,99,69.39999999999999,-2.0
vit_base,64,7,98,Fast_Amortized_Operator,8984.5693359375,28.666015625,140.38389587402344,7.123324180270449,0.0297064702078726,3883.81640625,12560.0,3578826240.0,99,69.39999999999999,-2.0
vit_base,64,7,98,Fast_Operator_Diagonal,8996.2412109375,35.28955078125,140.56626892089844,7.114082259398484,0.0296679285326521,3883.81640625,12560.0,3578826240.0,99,69.39999999999999,-2.0
vit_base,64,7,98,Fast_Operator_One_Step,8965.2138671875,24.27490234375,140.0814666748047,7.138703097116143,0.0297706050588978,3883.81640625,12560.0,3578826240.0,99,,
vit_base,64,7,98,Hybrid_Group_Mean,311.6516418457031,30.60946655273437,4.869556903839111,205.3574934531743,0.8564044127216063,3883.81640625,12560.0,3578826240.0,99,67.80000000000001,-3.59999999999998
vit_base,64,7,98,Hybrid_Amortized_Operator,9165.28515625,79.66796875,143.20758056640625,6.982870571829078,0.0291207351171817,3883.81640625,12560.0,3578826240.0,99,67.80000000000001,-3.59999999999998
vit_base,64,7,98,Attention_Pruning_EViT,217.0845184326172,0.5851821899414062,3.391945600509644,294.81604889233745,1.229474322884242,3883.81640625,12560.0,3578826240.0,99,68.60000000000001,-2.799999999999983
vit_base,64,7,98,Token_Merging_ToMe,1620.003662109375,42.71234130859375,25.312557220458984,39.50608353358094,0.1647526160287,3883.81640625,12560.0,3578826240.0,99,71.1,-0.29999999999999716
vit_base,1,7,49,Spatial_Group_Mean,6.484032154083252,0.0890240669250488,6.484032154083252,154.2250217513589,0.984108620083202,4689.294921875,12560.0,1788672000.0,50,67.80000000000001,-3.59999999999998
vit_base,1,7,49,Fast_Amortized_Operator,13.169183731079102,0.4988160133361816,13.169183731079102,75.93485066504259,0.4845396697344971,4689.294921875,12560.0,1788672000.0,50,67.9,-3.499999999999986
vit_base,1,7,49,Fast_Operator_Diagonal,12.583104133605955,0.3496637344360351,12.583104133605955,79.47164621560107,0.5071079336209364,4689.294921875,12560.0,1788672000.0,50,67.9,-3.499999999999986
vit_base,1,7,49,Fast_Operator_One_Step,12.598943710327148,0.4847683906555176,12.598943710327148,79.37173329699984,0.5064703900930667,4689.294921875,12560.0,1788672000.0,50,,
vit_base,1,7,49,Hybrid_Group_Mean,9.721856117248535,0.4861116409301758,9.721856117248535,102.86101624419211,0.6563553151551804,4689.294921875,12560.0,1788672000.0,50,63.3,-8.099999999999994
vit_base,1,7,49,Hybrid_Amortized_Operator,15.734784126281738,0.5522398948669434,15.734784126281738,63.55346167919168,0.4055341264626464,4689.294921875,12560.0,1788672000.0,50,63.3,-8.099999999999994
vit_base,1,7,49,Attention_Pruning_EViT,6.45359992980957,0.0739362239837646,6.45359992980957,154.95227638467938,0.9887492260336422,4689.294921875,12560.0,1788672000.0,50,61.8,-9.599999999999994
vit_base,1,7,49,Token_Merging_ToMe,39.69977569580078,0.8256320953369141,39.69977569580078,25.18905919425067,0.1607311835871386,4689.294921875,12560.0,1788672000.0,50,70.1,-1.2999999999999972
vit_base,2,7,49,Spatial_Group_Mean,9.169119834899902,0.0691361427307128,4.584559917449951,218.1234443449537,1.0997713978203174,4690.041015625,12560.0,1788672000.0,50,67.80000000000001,-3.59999999999998
vit_base,2,7,49,Fast_Amortized_Operator,21.116256713867188,0.423710823059082,10.558128356933594,94.7137566615482,0.477543717821335,4690.041015625,12560.0,1788672000.0,50,67.9,-3.499999999999986
vit_base,2,7,49,Fast_Operator_Diagonal,19.10281562805176,0.3665599822998047,9.55140781402588,104.69660802583869,0.5278769336391431,4690.041015625,12560.0,1788672000.0,50,67.9,-3.499999999999986
vit_base,2,7,49,Fast_Operator_One_Step,19.095359802246094,0.3850240707397461,9.547679901123049,104.73748704985124,0.5280830443647225,4690.041015625,12560.0,1788672000.0,50,,
vit_base,2,7,49,Hybrid_Group_Mean,12.094176292419434,0.4336161613464355,6.047088146209717,165.3688479184473,0.8337844177061006,4690.041015625,12560.0,1788672000.0,50,63.3,-8.099999999999994
vit_base,2,7,49,Hybrid_Amortized_Operator,24.12681579589844,0.3163518905639648,12.06340789794922,82.89531519281547,0.4179555156766328,4690.041015625,12560.0,1788672000.0,50,63.3,-8.099999999999994
vit_base,2,7,49,Attention_Pruning_EViT,9.223999977111816,0.1159682273864746,4.611999988555908,216.82567269760904,1.0932280748733596,4690.041015625,12560.0,1788672000.0,50,61.8,-9.599999999999994
vit_base,2,7,49,Token_Merging_ToMe,72.4334716796875,0.638336181640625,36.21673583984375,27.61154413313672,0.1392165183273646,4690.041015625,12560.0,1788672000.0,50,70.1,-1.2999999999999972
vit_base,4,7,49,Spatial_Group_Mean,14.492927551269531,0.0829920768737793,3.623231887817383,275.99668775337346,1.2674452271168346,4691.017578125,12560.0,1788672000.0,50,67.80000000000001,-3.59999999999998
vit_base,4,7,49,Fast_Amortized_Operator,34.0153923034668,0.576080322265625,8.5038480758667,117.59382235883623,0.5400199911830651,4691.017578125,12560.0,1788672000.0,50,67.9,-3.499999999999986
vit_base,4,7,49,Fast_Operator_Diagonal,32.23660659790039,0.218606948852539,8.059151649475098,124.08253914233408,0.5698177876142533,4691.017578125,12560.0,1788672000.0,50,67.9,-3.499999999999986
vit_base,4,7,49,Fast_Operator_One_Step,31.94892883300781,0.2315177917480468,7.987232208251953,125.19981564663377,0.5749485983651773,4691.017578125,12560.0,1788672000.0,50,,
vit_base,4,7,49,Hybrid_Group_Mean,17.19615936279297,0.2504329681396484,4.299039840698242,232.6100797050492,1.0682031646875354,4691.017578125,12560.0,1788672000.0,50,63.3,-8.099999999999994
vit_base,4,7,49,Hybrid_Amortized_Operator,37.421119689941406,0.4506893157958984,9.355279922485352,106.89151027929232,0.4908723203369066,4691.017578125,12560.0,1788672000.0,50,63.3,-8.099999999999994
vit_base,4,7,49,Attention_Pruning_EViT,14.540703773498535,0.1080799102783203,3.635175943374634,275.0898486282544,1.263280796991782,4691.017578125,12560.0,1788672000.0,50,61.8,-9.599999999999994
vit_base,4,7,49,Token_Merging_ToMe,172.66586303710938,13.683250427246094,43.166465759277344,23.166130986414608,0.1063846178318338,4691.017578125,12560.0,1788672000.0,50,70.1,-1.2999999999999972
vit_base,8,7,49,Spatial_Group_Mean,26.429119110107425,0.1048316955566406,3.303639888763428,302.6964298988126,1.3269642268196733,4693.314453125,12560.0,1788672000.0,50,67.80000000000001,-3.59999999999998
vit_base,8,7,49,Fast_Amortized_Operator,62.71491241455078,0.8576946258544922,7.839364051818848,127.56136765557984,0.5592050479740746,4693.314453125,12560.0,1788672000.0,50,67.9,-3.499999999999986
vit_base,8,7,49,Fast_Operator_Diagonal,61.048641204833984,0.7339839935302734,7.631080150604248,131.04304767665394,0.5744680784589155,4693.314453125,12560.0,1788672000.0,50,67.9,-3.499999999999986
vit_base,8,7,49,Fast_Operator_One_Step,60.19225692749024,0.2718391418457031,7.524032115936279,132.90746033392782,0.5826413129468785,4693.314453125,12560.0,1788672000.0,50,,
vit_base,8,7,49,Hybrid_Group_Mean,29.018688201904297,0.4449434280395508,3.627336025238037,275.68441220837184,1.2085486208562424,4693.314453125,12560.0,1788672000.0,50,63.3,-8.099999999999994
vit_base,8,7,49,Hybrid_Amortized_Operator,66.00019073486328,0.59356689453125,8.25002384185791,121.21177091953706,0.5313696099205887,4693.314453125,12560.0,1788672000.0,50,63.3,-8.099999999999994
vit_base,8,7,49,Attention_Pruning_EViT,26.55401611328125,0.2503194808959961,3.319252014160156,301.2726950933317,1.3207228411648022,4693.314453125,12560.0,1788672000.0,50,61.8,-9.599999999999994
vit_base,8,7,49,Token_Merging_ToMe,343.237060546875,3.91546630859375,42.904632568359375,23.307506442496937,0.1021757252832529,4693.314453125,12560.0,1788672000.0,50,70.1,-1.2999999999999972
vit_base,16,7,49,Spatial_Group_Mean,49.58639907836914,0.133890151977539,3.0991499423980717,322.6691249492164,1.3386696302275207,4697.908203125,12560.0,1788672000.0,50,67.80000000000001,-3.59999999999998
vit_base,16,7,49,Fast_Amortized_Operator,123.52169799804688,0.6357460021972656,7.72010612487793,129.53189811439438,0.5373938959259148,4697.908203125,12560.0,1788672000.0,50,67.9,-3.499999999999986
vit_base,16,7,49,Fast_Operator_Diagonal,122.0297622680664,0.6820526123046875,7.62686014175415,131.11555494840945,0.5439640730655214,4697.908203125,12560.0,1788672000.0,50,67.9,-3.499999999999986
vit_base,16,7,49,Fast_Operator_One_Step,120.65542602539062,0.5223884582519531,7.540964126586914,132.60903820962824,0.5501601436854218,4697.908203125,12560.0,1788672000.0,50,,
vit_base,16,7,49,Hybrid_Group_Mean,53.0280647277832,0.6351051330566406,3.31425404548645,301.72702100548383,1.251786329735244,4697.908203125,12560.0,1788672000.0,50,63.3,-8.099999999999994
vit_base,16,7,49,Hybrid_Amortized_Operator,128.50006103515625,2.8927993774414062,8.031253814697266,124.51355953537306,0.5165741244309128,4697.908203125,12560.0,1788672000.0,50,63.3,-8.099999999999994
vit_base,16,7,49,Attention_Pruning_EViT,52.4857292175293,1.6814250946044922,3.280358076095581,304.84476901687566,1.2647210490958565,4697.908203125,12560.0,1788672000.0,50,61.8,-9.599999999999994
vit_base,16,7,49,Token_Merging_ToMe,642.0210571289062,56.465362548828125,40.12631607055664,24.921300979677195,0.1033919460763524,4697.908203125,12560.0,1788672000.0,50,70.1,-1.2999999999999972
vit_base,32,7,49,Spatial_Group_Mean,96.853759765625,3.4947509765625,3.026679992675781,330.3950210857723,1.344112746494317,4707.095703125,12560.0,1788672000.0,50,67.80000000000001,-3.59999999999998
vit_base,32,7,49,Fast_Amortized_Operator,242.20281982421875,1.3714218139648438,7.568838119506836,132.12067482626475,0.5374932180449271,4707.095703125,12560.0,1788672000.0,50,67.9,-3.499999999999986
vit_base,32,7,49,Fast_Operator_Diagonal,240.9093475341797,2.2595367431640625,7.528417110443115,132.83004718386823,0.5403790860726357,4707.095703125,12560.0,1788672000.0,50,67.9,-3.499999999999986
vit_base,32,7,49,Fast_Operator_One_Step,237.8467254638672,0.9743804931640624,7.43271017074585,134.54042698124647,0.5473372517237024,4707.095703125,12560.0,1788672000.0,50,,
vit_base,32,7,49,Hybrid_Group_Mean,100.9010238647461,5.706462860107422,3.1531569957733154,317.14247065416066,1.2901987319908608,4707.095703125,12560.0,1788672000.0,50,63.3,-8.099999999999994
vit_base,32,7,49,Hybrid_Amortized_Operator,247.5153961181641,2.4172515869140625,7.734856128692627,129.2848869276931,0.5259566681044997,4707.095703125,12560.0,1788672000.0,50,63.3,-8.099999999999994
vit_base,32,7,49,Attention_Pruning_EViT,99.64163208007812,1.0132484436035156,3.1138010025024414,321.1509018066147,1.3065058282290325,4707.095703125,12560.0,1788672000.0,50,61.8,-9.599999999999994
vit_base,32,7,49,Token_Merging_ToMe,1127.8148193359375,43.6258544921875,35.24421310424805,28.37345231803369,0.1154288548216869,4707.095703125,12560.0,1788672000.0,50,70.1,-1.2999999999999972
vit_base,64,7,49,Spatial_Group_Mean,193.9299774169922,6.220237731933594,3.030155897140503,330.0160235794072,1.3762691300412018,4726.345703125,12560.0,1788672000.0,50,67.80000000000001,-3.59999999999998
vit_base,64,7,49,Fast_Amortized_Operator,9437.888671875,64.85791015625,147.46701049804688,6.781177679147734,0.0282796132257798,4726.345703125,12560.0,1788672000.0,50,67.9,-3.499999999999986
vit_base,64,7,49,Fast_Operator_Diagonal,9391.44921875,43.82861328125,146.74139404296875,6.814709690621996,0.0284194521092366,4726.345703125,12560.0,1788672000.0,50,67.9,-3.499999999999986
vit_base,64,7,49,Fast_Operator_One_Step,9390.7578125,31.87109375,146.7305908203125,6.815211432117849,0.0284215445268244,4726.345703125,12560.0,1788672000.0,50,,
vit_base,64,7,49,Hybrid_Group_Mean,195.49725341796875,0.5560302734375,3.0546445846557617,327.3703281302343,1.3652357597984657,4726.345703125,12560.0,1788672000.0,50,63.3,-8.099999999999994
vit_base,64,7,49,Hybrid_Amortized_Operator,9416.326171875,345.65966796875,147.13009643554688,6.796705937306776,0.0283443708763805,4726.345703125,12560.0,1788672000.0,50,63.3,-8.099999999999994
vit_base,64,7,49,Attention_Pruning_EViT,190.00294494628903,0.4179611206054687,2.9687960147857666,336.83688438667,1.4047142342138026,4726.345703125,12560.0,1788672000.0,50,61.8,-9.599999999999994
vit_base,64,7,49,Token_Merging_ToMe,2244.7216796875,65.400634765625,35.07377624511719,28.51132974708463,0.1189010841405293,4726.345703125,12560.0,1788672000.0,50,70.1,-1.2999999999999972
vit_base,1,7,32,Spatial_Group_Mean,8.103072166442871,0.3071680068969726,8.103072166442871,123.40998320874948,0.7874781076436027,4063.4208984375,12560.0,1176215040.0,33,63.9,-7.499999999999993
vit_base,1,7,32,Fast_Amortized_Operator,14.679072380065918,0.3623361587524414,14.679072380065918,68.12419573310322,0.4346999436010224,4063.4208984375,12560.0,1176215040.0,33,63.9,-7.499999999999993
vit_base,1,7,32,Fast_Operator_Diagonal,14.188192367553713,0.2823996543884277,14.188192367553713,70.48114193086721,0.4497395982819038,4063.4208984375,12560.0,1176215040.0,33,63.9,-7.499999999999993
vit_base,1,7,32,Fast_Operator_One_Step,14.0632963180542,0.2211356163024902,14.0632963180542,71.1070845258532,0.4537337329327393,4063.4208984375,12560.0,1176215040.0,33,,
vit_base,1,7,32,Hybrid_Group_Mean,11.14025592803955,0.2937121391296386,11.14025592803955,89.76454459031255,0.5727868351452586,4063.4208984375,12560.0,1176215040.0,33,61.4,-9.999999999999993
vit_base,1,7,32,Hybrid_Amortized_Operator,18.00489616394043,3.2426881790161133,18.00489616394043,55.54044804783516,0.3544031511000661,4063.4208984375,12560.0,1176215040.0,33,61.3,-10.099999999999994
vit_base,1,7,32,Attention_Pruning_EViT,7.785056114196777,0.2006239891052246,7.785056114196777,128.45122569847717,0.8196462353166145,4063.4208984375,12560.0,1176215040.0,33,54.7,-16.69999999999999
vit_base,1,7,32,Token_Merging_ToMe,68.65071868896484,0.98974609375,68.65071868896484,14.566489894019762,0.0929486545456323,4063.4208984375,12560.0,1176215040.0,33,69.39999999999999,-2.0
vit_base,2,7,32,Spatial_Group_Mean,8.974335670471191,0.01416015625,4.487167835235596,222.85772155600583,1.1236414714004577,4064.0966796875,12560.0,1176215040.0,33,63.9,-7.499999999999993
vit_base,2,7,32,Fast_Amortized_Operator,22.27507209777832,0.5181283950805664,11.13753604888916,89.78646584041705,0.4527004758209343,4064.0966796875,12560.0,1176215040.0,33,63.9,-7.499999999999993
vit_base,2,7,32,Fast_Operator_Diagonal,20.442943572998047,0.1276473999023437,10.221471786499023,97.83326911109266,0.4932721993582752,4064.0966796875,12560.0,1176215040.0,33,63.9,-7.499999999999993
vit_base,2,7,32,Fast_Operator_One_Step,20.589439392089844,0.2788314819335937,10.294719696044922,97.13717609855712,0.4897625207553714,4064.0966796875,12560.0,1176215040.0,33,,
vit_base,2,7,32,Hybrid_Group_Mean,13.20905590057373,0.2704477310180664,6.604527950286865,151.4112753442985,0.7634107852607295,4064.0966796875,12560.0,1176215040.0,33,61.4,-9.999999999999993
vit_base,2,7,32,Hybrid_Amortized_Operator,24.647647857666016,0.3715038299560547,12.323823928833008,81.14364549305063,0.4091236533336593,4064.0966796875,12560.0,1176215040.0,33,61.3,-10.099999999999994
vit_base,2,7,32,Attention_Pruning_EViT,8.970111846923828,0.0357599258422851,4.485055923461914,222.96266023548765,1.1241705688505996,4064.0966796875,12560.0,1176215040.0,33,54.7,-16.69999999999999
vit_base,2,7,32,Token_Merging_ToMe,138.04400634765625,1.2259292602539062,69.02200317382812,14.488133551869756,0.0730487038474819,4064.0966796875,12560.0,1176215040.0,33,69.39999999999999,-2.0
vit_base,4,7,32,Spatial_Group_Mean,14.277215957641602,0.0485444068908691,3.5693039894104004,280.1666663772133,1.286594802957715,4065.5341796875,12560.0,1176215040.0,33,63.9,-7.499999999999993
vit_base,4,7,32,Fast_Amortized_Operator,34.24918365478516,0.4400157928466797,8.562295913696289,116.79110487181308,0.5363337134384574,4065.5341796875,12560.0,1176215040.0,33,63.9,-7.499999999999993
vit_base,4,7,32,Fast_Operator_Diagonal,32.97600173950195,0.4317760467529297,8.244000434875488,121.30033324229238,0.5570412082372748,4065.5341796875,12560.0,1176215040.0,33,63.9,-7.499999999999993
vit_base,4,7,32,Fast_Operator_One_Step,32.64527893066406,0.3922710418701172,8.161319732666016,122.52920272164552,0.5626844816005676,4065.5341796875,12560.0,1176215040.0,33,,
vit_base,4,7,32,Hybrid_Group_Mean,17.54684829711914,0.2536640167236328,4.386712074279785,227.96116614610068,1.0468542008665158,4065.5341796875,12560.0,1176215040.0,33,61.4,-9.999999999999993
vit_base,4,7,32,Hybrid_Amortized_Operator,37.81078338623047,1.708353042602539,9.452695846557615,105.78992662333144,0.4858135750367993,4065.5341796875,12560.0,1176215040.0,33,61.3,-10.099999999999994
vit_base,4,7,32,Attention_Pruning_EViT,14.032383918762209,0.0442237854003906,3.508095979690552,285.05491462870685,1.3090428510330383,4065.5341796875,12560.0,1176215040.0,33,54.7,-16.69999999999999
vit_base,4,7,32,Token_Merging_ToMe,254.7804107666016,33.03358459472656,63.69510269165039,15.69979414023438,0.0720973476592517,4065.5341796875,12560.0,1176215040.0,33,69.39999999999999,-2.0
vit_base,8,7,32,Spatial_Group_Mean,25.244672775268555,0.1977748870849609,3.1555840969085693,316.8985421683643,1.389223616311884,4067.4404296875,12560.0,1176215040.0,33,63.9,-7.499999999999993
vit_base,8,7,32,Fast_Amortized_Operator,61.18646240234375,1.072031021118164,7.648307800292969,130.74787601535792,0.5731741014026229,4067.4404296875,12560.0,1176215040.0,33,63.9,-7.499999999999993
vit_base,8,7,32,Fast_Operator_Diagonal,60.24249649047852,3.252063751220703,7.5303120613098145,132.79662142262683,0.5821554160029164,4067.4404296875,12560.0,1176215040.0,33,63.9,-7.499999999999993
vit_base,8,7,32,Fast_Operator_One_Step,59.76057434082031,1.1569595336914062,7.470071792602539,133.86752199493984,0.5868500427298161,4067.4404296875,12560.0,1176215040.0,33,,
vit_base,8,7,32,Hybrid_Group_Mean,28.454111099243164,1.043471336364746,3.5567638874053955,281.15445153416823,1.2325282446233778,4067.4404296875,12560.0,1176215040.0,33,61.4,-9.999999999999993
vit_base,8,7,32,Hybrid_Amortized_Operator,65.3116455078125,3.177841186523437,8.163955688476562,122.48964082589298,0.5369715512874906,4067.4404296875,12560.0,1176215040.0,33,61.3,-10.099999999999994
vit_base,8,7,32,Attention_Pruning_EViT,25.381088256835938,0.186431884765625,3.172636032104492,315.19531073870894,1.3817569700157812,4067.4404296875,12560.0,1176215040.0,33,54.7,-16.69999999999999
vit_base,8,7,32,Token_Merging_ToMe,517.6989135742188,10.865936279296877,64.71236419677734,15.452997466746853,0.0677430349686081,4067.4404296875,12560.0,1176215040.0,33,69.39999999999999,-2.0
vit_base,16,7,32,Spatial_Group_Mean,46.77635192871094,0.1774234771728515,2.9235219955444336,342.0531815816815,1.4190890007780046,4072.7216796875,12560.0,1176215040.0,33,63.9,-7.499999999999993
vit_base,16,7,32,Fast_Amortized_Operator,119.61587524414062,0.6271171569824219,7.475992202758789,133.7615092256223,0.5549414438766672,4072.7216796875,12560.0,1176215040.0,33,63.9,-7.499999999999993
vit_base,16,7,32,Fast_Operator_Diagonal,118.65440368652344,0.8162117004394531,7.415900230407715,134.84539555961928,0.5594382041978437,4072.7216796875,12560.0,1176215040.0,33,63.9,-7.499999999999993
vit_base,16,7,32,Fast_Operator_One_Step,117.9031982421875,0.5690536499023438,7.368949890136719,135.7045460898699,0.5630025945708657,4072.7216796875,12560.0,1176215040.0,33,,
vit_base,16,7,32,Hybrid_Group_Mean,50.62176132202149,0.1823978424072265,3.1638600826263428,316.069602916793,1.3112899430008205,4072.7216796875,12560.0,1176215040.0,33,61.4,-9.999999999999993
vit_base,16,7,32,Hybrid_Amortized_Operator,123.59481811523438,0.6796798706054688,7.724676132202148,129.4552655523333,0.5370759675107502,4072.7216796875,12560.0,1176215040.0,33,61.3,-10.099999999999994
vit_base,16,7,32,Attention_Pruning_EViT,47.31808090209961,0.0921745300292968,2.9573800563812256,338.1371284499842,1.4028423227031015,4072.7216796875,12560.0,1176215040.0,33,54.7,-16.69999999999999
vit_base,16,7,32,Token_Merging_ToMe,1085.2281494140625,7.62933349609375,67.8267593383789,14.743443587082345,0.0611666832954845,4072.7216796875,12560.0,1176215040.0,33,69.39999999999999,-2.0
vit_base,32,7,32,Spatial_Group_Mean,90.96812438964844,0.735198974609375,2.8427538871765137,351.7715706980256,1.4310768076217353,4081.2216796875,12560.0,1176215040.0,33,63.9,-7.499999999999993
vit_base,32,7,32,Fast_Amortized_Operator,234.1563262939453,0.9381790161132812,7.317385196685791,136.6608389637493,0.5559635099649288,4081.2216796875,12560.0,1176215040.0,33,63.9,-7.499999999999993
vit_base,32,7,32,Fast_Operator_Diagonal,233.5736389160156,0.5969619750976562,7.299176216125488,137.00176162219233,0.5573504512368527,4081.2216796875,12560.0,1176215040.0,33,63.9,-7.499999999999993
vit_base,32,7,32,Fast_Operator_One_Step,231.29136657714844,0.3495635986328125,7.227855205535889,138.35362933586296,0.5628501183309494,4081.2216796875,12560.0,1176215040.0,33,,
vit_base,32,7,32,Hybrid_Group_Mean,96.87680053710938,0.4030532836914062,3.027400016784668,330.3164413211826,1.3437930683621997,4081.2216796875,12560.0,1176215040.0,33,61.4,-9.999999999999993
vit_base,32,7,32,Hybrid_Amortized_Operator,239.38595581054688,2.582603454589844,7.48081111907959,133.67534403448968,0.5438179220083529,4081.2216796875,12560.0,1176215040.0,33,61.3,-10.099999999999994
vit_base,32,7,32,Attention_Pruning_EViT,91.30118560791016,0.1287040710449218,2.8531620502471924,350.4883292252405,1.425856325743006,4081.2216796875,12560.0,1176215040.0,33,54.7,-16.69999999999999
vit_base,32,7,32,Token_Merging_ToMe,2117.354736328125,58.28564453125,66.1673355102539,15.113197354683123,0.0614834967487,4081.2216796875,12560.0,1176215040.0,33,69.39999999999999,-2.0
vit_base,64,7,32,Spatial_Group_Mean,181.96424865722656,0.3530807495117187,2.843191385269165,351.7174415978789,1.4667707710615383,4099.7841796875,12560.0,1176215040.0,33,63.9,-7.499999999999993
vit_base,64,7,32,Fast_Amortized_Operator,8902.458984375,45.68310546875,139.10092163085938,7.1890249775178425,0.0299804629009848,4099.7841796875,12560.0,1176215040.0,33,63.9,-7.499999999999993
vit_base,64,7,32,Fast_Operator_Diagonal,8886.7265625,46.2060546875,138.8551025390625,7.201751910547771,0.030033538157329,4099.7841796875,12560.0,1176215040.0,33,63.9,-7.499999999999993
vit_base,64,7,32,Fast_Operator_One_Step,8896.490234375,47.94677734375,139.00765991210938,7.1938481709013145,0.0300005771126824,4099.7841796875,12560.0,1176215040.0,33,,
vit_base,64,7,32,Hybrid_Group_Mean,188.8509826660156,0.7743682861328125,2.950796604156494,338.8915381668121,1.413282777461678,4099.7841796875,12560.0,1176215040.0,33,61.4,-9.999999999999993
vit_base,64,7,32,Hybrid_Amortized_Operator,8896.3271484375,44.04150390625,139.00511169433594,7.193980047287334,0.0300011270780965,4099.7841796875,12560.0,1176215040.0,33,61.3,-10.099999999999994
vit_base,64,7,32,Attention_Pruning_EViT,180.44534301757807,0.5924530029296875,2.819458484649658,354.6780367380577,1.4791173706411125,4099.7841796875,12560.0,1176215040.0,33,54.7,-16.69999999999999
vit_base,64,7,32,Token_Merging_ToMe,4256.58056640625,32.52783203125,66.50907135009766,15.035542967305792,0.0627028754994134,4099.7841796875,12560.0,1176215040.0,33,69.39999999999999,-2.0
dinov2,1,12,256,Clean,8.73136043548584,0.6567678451538086,8.73136043548584,114.52968954709712,1.0,3846.72119140625,12560.0,6065759232.0,257,78.8,0.0
dinov2,2,12,256,Clean,8.237343788146973,0.0277118682861328,4.118671894073486,242.7967135325681,1.0,3847.46728515625,12560.0,6065759232.0,257,78.8,0.0
dinov2,4,12,256,Clean,11.39641571044922,0.046208381652832,2.8491039276123047,350.9875474560352,1.0,3848.44384765625,12560.0,6065759232.0,257,78.8,0.0
dinov2,8,12,256,Clean,16.285247802734375,0.0600643157958984,2.035655975341797,491.2421411639042,1.0,3851.39697265625,12560.0,6065759232.0,257,78.8,0.0
dinov2,16,12,256,Clean,31.147872924804688,0.139871597290039,1.946742057800293,513.6787362214503,1.0,3855.33447265625,12560.0,6065759232.0,257,78.8,0.0
dinov2,32,12,256,Clean,61.95737457275391,0.1448020935058593,1.93616795539856,516.4841186487618,1.0,3865.20947265625,12560.0,6065759232.0,257,78.8,0.0
dinov2,64,12,256,Clean,125.9771499633789,0.6538848876953125,1.9683929681777956,508.0286386745895,1.0,3882.89697265625,12560.0,6065759232.0,257,78.8,0.0
dinov2,1,6,128,Spatial_Group_Mean,9.538111686706545,0.2963519096374511,9.538111686706545,104.8425550933441,0.9154181374972692,3846.8486328125,12560.0,1446253056.0,129,74.0,-4.799999999999997
dinov2,1,6,128,Fast_Amortized_Operator,14.852704048156738,0.6604475975036621,14.852704048156738,67.3278075667375,0.587863355196216,3846.8486328125,12560.0,1446253056.0,129,74.0,-4.799999999999997
dinov2,1,6,128,Fast_Operator_Diagonal,13.91100788116455,0.2995681762695312,13.91100788116455,71.88551746520078,0.6276583630800804,3846.8486328125,12560.0,1446253056.0,129,74.0,-4.799999999999997
dinov2,1,6,128,Fast_Operator_One_Step,14.72655963897705,2.836944103240967,14.72655963897705,67.90452247606304,0.5928988609380558,3846.8486328125,12560.0,1446253056.0,129,,
dinov2,1,6,128,Hybrid_Group_Mean,18.09676742553711,0.7482242584228516,18.09676742553711,55.25848768929074,0.4824817731350544,3846.8486328125,12560.0,1446253056.0,129,75.0,-3.799999999999997
dinov2,1,6,128,Hybrid_Amortized_Operator,23.507583618164062,1.443760871887207,23.507583618164062,42.53946370001681,0.3714273902971128,3846.8486328125,12560.0,1446253056.0,129,75.0,-3.799999999999997
dinov2,1,6,128,Attention_Pruning_EViT,9.09171199798584,0.2928156852722168,9.09171199798584,109.99028568233771,0.9603648286945482,3846.8486328125,12560.0,1446253056.0,129,74.9,-3.8999999999999915
dinov2,1,6,128,Token_Merging_ToMe,60.986175537109375,5.2045745849609375,60.986175537109375,16.3971587198727,0.1431695029010781,3846.8486328125,12560.0,1446253056.0,129,75.6,-3.200000000000003
dinov2,2,6,128,Spatial_Group_Mean,9.073472023010254,0.914799690246582,4.536736011505127,220.42278798325663,0.907849141679958,3847.5947265625,12560.0,1446253056.0,129,74.0,-4.799999999999997
dinov2,2,6,128,Fast_Amortized_Operator,19.441791534423828,0.5413923263549805,9.720895767211914,102.87117812464868,0.4236926300522177,3847.5947265625,12560.0,1446253056.0,129,74.0,-4.799999999999997
dinov2,2,6,128,Fast_Operator_Diagonal,17.061599731445312,0.3620805740356445,8.530799865722656,117.22230221553656,0.4828002014937186,3847.5947265625,12560.0,1446253056.0,129,74.0,-4.799999999999997
dinov2,2,6,128,Fast_Operator_One_Step,16.731136322021484,0.2739362716674804,8.365568161010742,119.53760710009902,0.492336182647977,3847.5947265625,12560.0,1446253056.0,129,,
dinov2,2,6,128,Hybrid_Group_Mean,18.507680892944336,0.9006242752075195,9.253840446472168,108.06324204360244,0.4450770377874457,3847.5947265625,12560.0,1446253056.0,129,75.0,-3.799999999999997
dinov2,2,6,128,Hybrid_Amortized_Operator,30.16547203063965,3.884383201599121,15.082736015319824,66.30096813895574,0.2730719340237787,3847.5947265625,12560.0,1446253056.0,129,75.0,-3.799999999999997
dinov2,2,6,128,Attention_Pruning_EViT,9.546239852905272,1.3836159706115725,4.773119926452637,209.50657335425385,0.8628888352978105,3847.5947265625,12560.0,1446253056.0,129,74.9,-3.8999999999999915
dinov2,2,6,128,Token_Merging_ToMe,111.92716979980467,4.796241760253906,55.96358489990234,17.86876237089924,0.0735955693589006,3847.5947265625,12560.0,1446253056.0,129,75.6,-3.200000000000003
dinov2,4,6,128,Spatial_Group_Mean,10.266752243041992,0.2127838134765625,2.566688060760498,389.6071420941213,1.1100312387661662,3848.5712890625,12560.0,1446253056.0,129,74.0,-4.799999999999997
dinov2,4,6,128,Fast_Amortized_Operator,27.218048095703125,1.4866399765014648,6.804512023925781,146.96130986084466,0.4187080451315814,3848.5712890625,12560.0,1446253056.0,129,74.0,-4.799999999999997
dinov2,4,6,128,Fast_Operator_Diagonal,25.199392318725582,2.0660324096679688,6.2998480796813965,158.73398649488914,0.4522496243681471,3848.5712890625,12560.0,1446253056.0,129,74.0,-4.799999999999997
dinov2,4,6,128,Fast_Operator_One_Step,24.58780860900879,0.9688959121704102,6.146952152252197,162.6822488985224,0.4634986342895827,3848.5712890625,12560.0,1446253056.0,129,,
dinov2,4,6,128,Hybrid_Group_Mean,20.928192138671875,2.099647521972656,5.232048034667969,191.12974372060808,0.5445485035179177,3848.5712890625,12560.0,1446253056.0,129,75.0,-3.799999999999997
dinov2,4,6,128,Hybrid_Amortized_Operator,38.033729553222656,5.586416244506836,9.508432388305664,105.16980708932536,0.2996397104444253,3848.5712890625,12560.0,1446253056.0,129,75.0,-3.799999999999997
dinov2,4,6,128,Attention_Pruning_EViT,9.671263694763184,0.11027193069458,2.417815923690796,413.59641575753216,1.1783791725811563,3848.5712890625,12560.0,1446253056.0,129,74.9,-3.8999999999999915
dinov2,4,6,128,Token_Merging_ToMe,200.58694458007807,3.299774169921875,50.14673614501953,19.941477289929622,0.05681534126913,3848.5712890625,12560.0,1446253056.0,129,75.6,-3.200000000000003
dinov2,8,6,128,Spatial_Group_Mean,13.724896430969238,0.0760159492492675,1.7156120538711548,582.8823583650932,1.1865479557272205,3851.5244140625,12560.0,1446253056.0,129,74.0,-4.799999999999997
dinov2,8,6,128,Fast_Amortized_Operator,41.44454574584961,0.1986732482910156,5.180568218231201,193.02901880161508,0.3929406755378717,3851.5244140625,12560.0,1446253056.0,129,74.0,-4.799999999999997
dinov2,8,6,128,Fast_Operator_Diagonal,39.26176071166992,0.2468147277832031,4.90772008895874,203.76060204610565,0.4147864870943969,3851.5244140625,12560.0,1446253056.0,129,74.0,-4.799999999999997
dinov2,8,6,128,Fast_Operator_One_Step,38.68025588989258,0.6173934936523438,4.835031986236572,206.82386442253232,0.4210222354550096,3851.5244140625,12560.0,1446253056.0,129,,
dinov2,8,6,128,Hybrid_Group_Mean,26.889312744140625,5.048255920410156,3.361164093017578,297.5159713497422,0.6056401648377215,3851.5244140625,12560.0,1446253056.0,129,75.0,-3.799999999999997
dinov2,8,6,128,Hybrid_Amortized_Operator,53.76460647583008,1.3841896057128906,6.72057580947876,148.79677401891533,0.302899042143188,3851.5244140625,12560.0,1446253056.0,129,75.0,-3.799999999999997
dinov2,8,6,128,Attention_Pruning_EViT,13.859968185424805,1.970319747924805,1.7324960231781006,577.201902123616,1.17498450103659,3851.5244140625,12560.0,1446253056.0,129,74.9,-3.8999999999999915
dinov2,8,6,128,Token_Merging_ToMe,452.5956115722656,28.902755737304688,56.5744514465332,17.675823175149468,0.035981895065578,3851.5244140625,12560.0,1446253056.0,129,75.6,-3.200000000000003
dinov2,16,6,128,Spatial_Group_Mean,23.552255630493164,0.2880477905273437,1.4720159769058228,679.3404526097603,1.322500630660507,3855.4619140625,12560.0,1446253056.0,129,74.0,-4.799999999999997
dinov2,16,6,128,Fast_Amortized_Operator,75.65740966796875,0.3147659301757812,4.728588104248047,211.4796167383716,0.4116962642720748,3855.4619140625,12560.0,1446253056.0,129,74.0,-4.799999999999997
dinov2,16,6,128,Fast_Operator_Diagonal,73.27967834472656,0.3147010803222656,4.57997989654541,218.3415697423215,0.4250547167835131,3855.4619140625,12560.0,1446253056.0,129,74.0,-4.799999999999997
dinov2,16,6,128,Fast_Operator_One_Step,71.97702026367188,0.443023681640625,4.498563766479492,222.29316997824503,0.432747463158399,3855.4619140625,12560.0,1446253056.0,129,,
dinov2,16,6,128,Hybrid_Group_Mean,37.976863861083984,0.73089599609375,2.373553991317749,421.30914386523824,0.8201802296982936,3855.4619140625,12560.0,1446253056.0,129,75.0,-3.799999999999997
dinov2,16,6,128,Hybrid_Amortized_Operator,90.336669921875,0.8356781005859375,5.646041870117188,177.11522921795907,0.3447976657955402,3855.4619140625,12560.0,1446253056.0,129,75.0,-3.799999999999997
dinov2,16,6,128,Attention_Pruning_EViT,23.59542465209961,0.1633930206298828,1.4747140407562256,678.0975649266927,1.3200810489347574,3855.4619140625,12560.0,1446253056.0,129,74.9,-3.8999999999999915
dinov2,16,6,128,Token_Merging_ToMe,780.3233642578125,2.97216796875,48.77021026611328,20.50432004585439,0.0399166221998623,3855.4619140625,12560.0,1446253056.0,129,75.6,-3.200000000000003
dinov2,32,6,128,Spatial_Group_Mean,45.64700698852539,0.2377758026123047,1.4264689683914185,701.0317238990951,1.3573151595312387,3865.3369140625,12560.0,1446253056.0,129,74.0,-4.799999999999997
dinov2,32,6,128,Fast_Amortized_Operator,150.25103759765625,0.480438232421875,4.695344924926758,212.97689860678315,0.4123590463226217,3865.3369140625,12560.0,1446253056.0,129,74.0,-4.799999999999997
dinov2,32,6,128,Fast_Operator_Diagonal,148.57830810546875,0.3901901245117187,4.643072128295898,215.3746425574096,0.4170014813250752,3865.3369140625,12560.0,1446253056.0,129,74.0,-4.799999999999997
dinov2,32,6,128,Fast_Operator_One_Step,144.7355499267578,0.5473556518554688,4.522985935211182,221.0928829592545,0.4280729551523928,3865.3369140625,12560.0,1446253056.0,129,,
dinov2,32,6,128,Hybrid_Group_Mean,73.9122543334961,2.085071563720703,2.309757947921753,432.94579888761433,0.8382557822306282,3865.3369140625,12560.0,1446253056.0,129,75.0,-3.799999999999997
dinov2,32,6,128,Hybrid_Amortized_Operator,173.41798400878906,2.7304000854492188,5.419312000274658,184.5252681427677,0.3572719111393534,3865.3369140625,12560.0,1446253056.0,129,75.0,-3.799999999999997
dinov2,32,6,128,Attention_Pruning_EViT,45.68345642089844,1.2684326171875,1.4276080131530762,700.4723921318971,1.356232199287153,3865.3369140625,12560.0,1446253056.0,129,74.9,-3.8999999999999915
dinov2,32,6,128,Token_Merging_ToMe,1606.1531982421875,24.1917724609375,50.19228744506836,19.92337968446694,0.0385750093083035,3865.3369140625,12560.0,1446253056.0,129,75.6,-3.200000000000003
dinov2,64,6,128,Spatial_Group_Mean,93.35475158691406,1.7625617980957031,1.4586679935455322,685.5569632191186,1.3494455056858363,3883.0244140625,12560.0,1446253056.0,129,74.0,-4.799999999999997
dinov2,64,6,128,Fast_Amortized_Operator,300.7716064453125,0.7044219970703125,4.699556350708008,212.7860430590104,0.4188465508837337,3883.0244140625,12560.0,1446253056.0,129,74.0,-4.799999999999997
dinov2,64,6,128,Fast_Operator_Diagonal,297.98370361328125,0.4008636474609375,4.65599536895752,214.7768459279848,0.422765233252051,3883.0244140625,12560.0,1446253056.0,129,74.0,-4.799999999999997
dinov2,64,6,128,Fast_Operator_One_Step,290.4593811035156,0.5163116455078125,4.538427829742432,220.340619596622,0.4337169262179293,3883.0244140625,12560.0,1446253056.0,129,,
dinov2,64,6,128,Hybrid_Group_Mean,143.48748779296875,2.6940155029296875,2.2419919967651367,446.0319222561241,0.8779660993517799,3883.0244140625,12560.0,1446253056.0,129,75.0,-3.799999999999997
dinov2,64,6,128,Hybrid_Amortized_Operator,339.6148986816406,24.835922241210938,5.306482791900635,188.44874076032343,0.3709411761745809,3883.0244140625,12560.0,1446253056.0,129,75.0,-3.799999999999997
dinov2,64,6,128,Attention_Pruning_EViT,93.63065338134766,0.6217422485351562,1.4629789590835571,683.5368299667293,1.3454690895970514,3883.0244140625,12560.0,1446253056.0,129,74.9,-3.8999999999999915
dinov2,64,6,128,Token_Merging_ToMe,3179.614990234375,15.1666259765625,49.68148422241211,20.12822313285246,0.0396202528766204,3883.0244140625,12560.0,1446253056.0,129,75.6,-3.200000000000003
dinov2,1,6,64,Spatial_Group_Mean,9.87827205657959,0.4108800888061523,9.87827205657959,101.2322797218298,0.8838955219572202,3394.0498046875,12560.0,709562880.0,65,58.9,-19.9
dinov2,1,6,64,Fast_Amortized_Operator,14.501791954040527,0.5487680435180664,14.501791954040527,68.95699532645531,0.602088380743394,3394.0498046875,12560.0,709562880.0,65,58.9,-19.9
dinov2,1,6,64,Fast_Operator_Diagonal,14.119711875915527,0.3747363090515136,14.119711875915527,70.8229749153546,0.6183809210993334,3394.0498046875,12560.0,709562880.0,65,58.9,-19.9
dinov2,1,6,64,Fast_Operator_One_Step,14.061087608337402,0.3745598793029785,14.061087608337402,71.11825399672914,0.6209591091878734,3394.0498046875,12560.0,709562880.0,65,,
dinov2,1,6,64,Hybrid_Group_Mean,13.846367835998535,1.175312042236328,13.846367835998535,72.22110605787505,0.6305885080407568,3394.0498046875,12560.0,709562880.0,65,62.4,-16.4
dinov2,1,6,64,Hybrid_Amortized_Operator,19.8253116607666,1.4482879638671875,19.8253116607666,50.44056896109003,0.4404147881702565,3394.0498046875,12560.0,709562880.0,65,62.3,-16.5
dinov2,1,6,64,Attention_Pruning_EViT,9.433247566223145,1.3369760513305664,9.433247566223145,106.00803095432563,0.925594327318357,3394.0498046875,12560.0,709562880.0,65,66.0,-12.799999999999997
dinov2,1,6,64,Token_Merging_ToMe,88.5334701538086,22.72708511352539,88.5334701538086,11.295163267210771,0.0986221416636771,3394.0498046875,12560.0,709562880.0,65,66.7,-12.099999999999994
dinov2,2,6,64,Spatial_Group_Mean,9.99401569366455,3.069136142730713,4.997007846832275,200.1197577934412,0.8242276218726398,3394.7958984375,12560.0,709562880.0,65,58.9,-19.9
dinov2,2,6,64,Fast_Amortized_Operator,19.664384841918945,1.281407356262207,9.832192420959473,101.70671577463035,0.4188965916994906,3394.7958984375,12560.0,709562880.0,65,58.9,-19.9
dinov2,2,6,64,Fast_Operator_Diagonal,17.44585609436035,1.8009119033813477,8.722928047180176,114.64040452830125,0.472166212055929,3394.7958984375,12560.0,709562880.0,65,58.9,-19.9
dinov2,2,6,64,Fast_Operator_One_Step,16.763263702392578,0.6132802963256836,8.381631851196289,119.30850910103771,0.4913926031582548,3394.7958984375,12560.0,709562880.0,65,,
dinov2,2,6,64,Hybrid_Group_Mean,14.212639808654783,0.6498241424560547,7.106319904327393,140.7198118664838,0.5795787340737956,3394.7958984375,12560.0,709562880.0,65,62.4,-16.4
dinov2,2,6,64,Hybrid_Amortized_Operator,22.97606468200684,1.5373916625976562,11.488032341003418,87.04710870553272,0.3585184800858371,3394.7958984375,12560.0,709562880.0,65,62.3,-16.5
dinov2,2,6,64,Attention_Pruning_EViT,8.411168098449707,0.2744793891906738,4.2055840492248535,237.77910233046316,0.979334105766502,3394.7958984375,12560.0,709562880.0,65,66.0,-12.799999999999997
dinov2,2,6,64,Token_Merging_ToMe,158.88377380371094,3.873443603515625,79.44188690185547,12.587817825065327,0.0518450914838138,3394.7958984375,12560.0,709562880.0,65,66.7,-12.099999999999994
dinov2,4,6,64,Spatial_Group_Mean,9.163071632385254,0.0650243759155273,2.290767908096313,436.534839023053,1.2437331244001857,3395.7724609375,12560.0,709562880.0,65,58.9,-19.9
dinov2,4,6,64,Fast_Amortized_Operator,27.09548759460449,2.1376638412475586,6.773871898651123,147.6260571445305,0.4206019792284003,3395.7724609375,12560.0,709562880.0,65,58.9,-19.9
dinov2,4,6,64,Fast_Operator_Diagonal,24.967071533203125,2.12588882446289,6.241767883300781,160.21102013027414,0.456457846699938,3395.7724609375,12560.0,709562880.0,65,58.9,-19.9
dinov2,4,6,64,Fast_Operator_One_Step,24.149023056030277,0.2927045822143554,6.037255764007568,165.63817056778024,0.4719203623271795,3395.7724609375,12560.0,709562880.0,65,,
dinov2,4,6,64,Hybrid_Group_Mean,15.367584228515623,0.4458718299865722,3.841896057128906,260.2881455224251,0.7415879777188645,3395.7724609375,12560.0,709562880.0,65,62.4,-16.4
dinov2,4,6,64,Hybrid_Amortized_Operator,30.314239501953125,0.328256607055664,7.578559875488281,131.9511907841951,0.3759426559163707,3395.7724609375,12560.0,709562880.0,65,62.3,-16.5
dinov2,4,6,64,Attention_Pruning_EViT,8.660479545593262,0.0236639976501464,2.1651198863983154,461.8681885849303,1.3159104701365054,3395.7724609375,12560.0,709562880.0,65,66.0,-12.799999999999997
dinov2,4,6,64,Token_Merging_ToMe,297.9788818359375,4.307052612304688,74.49472045898438,13.423770085164415,0.0382457160730064,3395.7724609375,12560.0,709562880.0,65,66.7,-12.099999999999994
dinov2,8,6,64,Spatial_Group_Mean,11.75449562072754,0.0833916664123535,1.4693119525909424,680.5906657443498,1.3854484554843371,3398.0693359375,12560.0,709562880.0,65,58.9,-19.9
dinov2,8,6,64,Fast_Amortized_Operator,40.67094421386719,1.3389129638671875,5.083868026733398,196.70062140510413,0.4004147953167448,3398.0693359375,12560.0,709562880.0,65,58.9,-19.9
dinov2,8,6,64,Fast_Operator_Diagonal,40.57408142089844,4.936895370483398,5.071760177612305,197.1702061966941,0.4013707084036745,3398.0693359375,12560.0,709562880.0,65,58.9,-19.9
dinov2,8,6,64,Fast_Operator_One_Step,38.32064056396485,0.8780803680419922,4.7900800704956055,208.76477747407156,0.4249732667059943,3398.0693359375,12560.0,709562880.0,65,,
dinov2,8,6,64,Hybrid_Group_Mean,18.762752532958984,0.6615200042724609,2.345344066619873,426.3766729293614,0.8679562219950095,3398.0693359375,12560.0,709562880.0,65,62.4,-16.4
dinov2,8,6,64,Hybrid_Amortized_Operator,45.4552001953125,1.969072341918945,5.681900024414063,175.99746488026662,0.3582702910285227,3398.0693359375,12560.0,709562880.0,65,62.3,-16.5
dinov2,8,6,64,Attention_Pruning_EViT,11.683584213256836,0.1300325393676757,1.4604480266571045,684.7213880585343,1.393857185045685,3398.0693359375,12560.0,709562880.0,65,66.0,-12.799999999999997
dinov2,8,6,64,Token_Merging_ToMe,599.80859375,2.951934814453125,74.97607421875,13.337588162890505,0.027150741040436,3398.0693359375,12560.0,709562880.0,65,66.7,-12.099999999999994
dinov2,16,6,64,Spatial_Group_Mean,20.58412742614746,0.1235361099243164,1.2865079641342163,777.2979475280372,1.5131986058946751,3402.6630859375,12560.0,709562880.0,65,58.9,-19.9
dinov2,16,6,64,Fast_Amortized_Operator,69.9210205078125,0.8889427185058594,4.370063781738281,228.8296120937232,0.4454722299329775,3402.6630859375,12560.0,709562880.0,65,58.9,-19.9
dinov2,16,6,64,Fast_Operator_Diagonal,68.6943359375,0.3746871948242187,4.29339599609375,232.91585516682545,0.4534270911817807,3402.6630859375,12560.0,709562880.0,65,58.9,-19.9
dinov2,16,6,64,Fast_Operator_One_Step,68.43433380126953,0.8456497192382812,4.277145862579346,233.80077091805023,0.4551497938923,3402.6630859375,12560.0,709562880.0,65,,
dinov2,16,6,64,Hybrid_Group_Mean,26.227903366088867,0.7901601791381836,1.6392439603805542,610.037324626072,1.1875853166775447,3402.6630859375,12560.0,709562880.0,65,62.4,-16.4
dinov2,16,6,64,Hybrid_Amortized_Operator,76.0810546875,0.2949295043945312,4.75506591796875,210.3020267755144,0.4094038003645372,3402.6630859375,12560.0,709562880.0,65,62.3,-16.5
dinov2,16,6,64,Attention_Pruning_EViT,20.5798397064209,0.1826400756835937,1.2862399816513062,777.4598941607893,1.5135138742157728,3402.6630859375,12560.0,709562880.0,65,66.0,-12.799999999999997
dinov2,16,6,64,Token_Merging_ToMe,1182.810791015625,24.70916748046875,73.92567443847656,13.52710012584645,0.0263337747350609,3402.6630859375,12560.0,709562880.0,65,66.7,-12.099999999999994
dinov2,32,6,64,Spatial_Group_Mean,38.78208160400391,0.2612323760986328,1.211940050125122,825.1233218151004,1.5975773349504103,3411.8505859375,12560.0,709562880.0,65,58.9,-19.9
dinov2,32,6,64,Fast_Amortized_Operator,134.79026794433594,0.7460174560546875,4.212195873260498,237.40586385075645,0.4596576260115479,3411.8505859375,12560.0,709562880.0,65,58.9,-19.9
dinov2,32,6,64,Fast_Operator_Diagonal,134.12281799316406,0.8450164794921875,4.191338062286377,238.5872924443846,0.4619450701961223,3411.8505859375,12560.0,709562880.0,65,58.9,-19.9
dinov2,32,6,64,Fast_Operator_One_Step,132.61721801757812,2.4136734008789062,4.144288063049316,241.29596803756257,0.4671895210812037,3411.8505859375,12560.0,709562880.0,65,,
dinov2,32,6,64,Hybrid_Group_Mean,45.437984466552734,0.4019203186035156,1.419937014579773,704.2565900685022,1.3635590420688934,3411.8505859375,12560.0,709562880.0,65,62.4,-16.4
dinov2,32,6,64,Hybrid_Amortized_Operator,142.0797119140625,1.7479019165039062,4.439990997314453,225.225681899998,0.4360747480275655,3411.8505859375,12560.0,709562880.0,65,62.3,-16.5
dinov2,32,6,64,Attention_Pruning_EViT,38.73350524902344,0.1388473510742187,1.2104220390319824,826.1581231615178,1.5995808841575472,3411.8505859375,12560.0,709562880.0,65,66.0,-12.799999999999997
dinov2,32,6,64,Token_Merging_ToMe,2384.881103515625,13.433837890625,74.52753448486328,13.417859679808709,0.0259792299420799,3411.8505859375,12560.0,709562880.0,65,66.7,-12.099999999999994
dinov2,64,6,64,Spatial_Group_Mean,78.20368194580078,1.8772506713867188,1.2219325304031372,818.3757900856295,1.610885150531501,3430.2255859375,12560.0,709562880.0,65,58.9,-19.9
dinov2,64,6,64,Fast_Amortized_Operator,6719.9775390625,19.380859375,104.99964904785156,9.523841356310337,0.0187466623558021,3430.2255859375,12560.0,709562880.0,65,58.9,-19.9
dinov2,64,6,64,Fast_Operator_Diagonal,6738.33837890625,19.44873046875,105.28653717041016,9.497890488899476,0.0186955808508724,3430.2255859375,12560.0,709562880.0,65,58.9,-19.9
dinov2,64,6,64,Fast_Operator_One_Step,6719.564453125,36.271728515625,104.99319458007812,9.52442683546791,0.0187478148088589,3430.2255859375,12560.0,709562880.0,65,,
dinov2,64,6,64,Hybrid_Group_Mean,88.83548736572266,0.5550575256347656,1.3880544900894165,720.4328123570865,1.4180948818882422,3430.2255859375,12560.0,709562880.0,65,62.4,-16.4
dinov2,64,6,64,Hybrid_Amortized_Operator,6738.10888671875,17.24755859375,105.28295135498048,9.498213976053156,0.018696217600711,3430.2255859375,12560.0,709562880.0,65,62.3,-16.5
dinov2,64,6,64,Attention_Pruning_EViT,78.7867202758789,0.6110115051269531,1.231042504310608,812.3196368105963,1.5989642610107184,3430.2255859375,12560.0,709562880.0,65,66.0,-12.799999999999997
dinov2,64,6,64,Token_Merging_ToMe,4881.228515625,147.447509765625,76.26919555664062,13.111453355468514,0.0258084925874953,3430.2255859375,12560.0,709562880.0,65,66.7,-12.099999999999994
dinov2,1,6,42,Spatial_Group_Mean,4.964064121246338,0.298447847366333,4.964064121246338,201.4478410381468,1.7589137090545155,2985.36328125,12560.0,465043968.0,43,37.6,-41.199999999999996
dinov2,1,6,42,Fast_Amortized_Operator,10.238816261291504,0.2369279861450195,10.238816261291504,97.66754031719113,0.8527704973567407,2985.36328125,12560.0,465043968.0,43,37.4,-41.4
dinov2,1,6,42,Fast_Operator_Diagonal,10.056256294250488,0.521967887878418,10.056256294250488,99.4405841239085,0.868251581901096,2985.36328125,12560.0,465043968.0,43,37.4,-41.4
dinov2,1,6,42,Fast_Operator_One_Step,10.062496185302734,0.4409756660461426,10.062496185302734,99.3789196621608,0.8677131672595166,2985.36328125,12560.0,465043968.0,43,,
dinov2,1,6,42,Hybrid_Group_Mean,7.547840118408203,0.6514401435852051,7.547840118408203,132.4882329662932,1.1568025154893231,2985.36328125,12560.0,465043968.0,43,31.7,-47.099999999999994
dinov2,1,6,42,Hybrid_Amortized_Operator,11.499232292175291,0.514495849609375,11.499232292175291,86.96232710078,0.7592994222255285,2985.36328125,12560.0,465043968.0,43,31.8,-47.0
dinov2,1,6,42,Attention_Pruning_EViT,4.73033618927002,0.1977758407592773,4.73033618927002,211.40146492512173,1.8458223868509556,2985.36328125,12560.0,465043968.0,43,57.4,-21.4
dinov2,1,6,42,Token_Merging_ToMe,50.969024658203125,0.5038089752197266,50.969024658203125,19.619759387313614,0.171307190868142,2985.36328125,12560.0,465043968.0,43,56.3,-22.5
dinov2,2,6,42,Spatial_Group_Mean,6.176095962524414,0.1292641162872314,3.088047981262207,323.8291652421996,1.333746081364326,2986.109375,12560.0,465043968.0,43,37.6,-41.199999999999996
dinov2,2,6,42,Fast_Amortized_Operator,15.021023750305176,0.6854557991027832,7.510511875152588,133.14671711103358,0.5483876415533674,2986.109375,12560.0,465043968.0,43,37.4,-41.4
dinov2,2,6,42,Fast_Operator_Diagonal,14.067808151245115,0.4077596664428711,7.033904075622559,142.16855806517262,0.5855456443239809,2986.109375,12560.0,465043968.0,43,37.4,-41.4
dinov2,2,6,42,Fast_Operator_One_Step,14.09926414489746,0.8587522506713867,7.0496320724487305,141.85137461402925,0.5842392697584914,2986.109375,12560.0,465043968.0,43,,
dinov2,2,6,42,Hybrid_Group_Mean,9.108960151672363,0.5462565422058105,4.554480075836182,219.5640299988368,0.904312199305717,2986.109375,12560.0,465043968.0,43,31.7,-47.099999999999994
dinov2,2,6,42,Hybrid_Amortized_Operator,18.38822364807129,1.8410568237304688,9.194111824035645,108.76526402319328,0.4479684359838082,2986.109375,12560.0,465043968.0,43,31.8,-47.0
dinov2,2,6,42,Attention_Pruning_EViT,6.5174078941345215,0.3049600124359131,3.2587039470672607,306.8704663705247,1.2638987649615032,2986.109375,12560.0,465043968.0,43,57.4,-21.4
dinov2,2,6,42,Token_Merging_ToMe,103.05622100830078,7.10107421875,51.52811050415039,19.40688277167574,0.0799305826232798,2986.109375,12560.0,465043968.0,43,56.3,-22.5
dinov2,4,6,42,Spatial_Group_Mean,9.133248329162598,0.2102236747741699,2.2833120822906494,437.9602804872764,1.247794355274486,2987.0859375,12560.0,465043968.0,43,37.6,-41.199999999999996
dinov2,4,6,42,Fast_Amortized_Operator,24.02630424499512,1.8292160034179688,6.006576061248779,166.48419828585304,0.4743307832216096,2987.0859375,12560.0,465043968.0,43,37.4,-41.4
dinov2,4,6,42,Fast_Operator_Diagonal,22.15795135498047,0.8028163909912109,5.539487838745117,180.52210404825692,0.514326235664726,2987.0859375,12560.0,465043968.0,43,37.4,-41.4
dinov2,4,6,42,Fast_Operator_One_Step,22.54735946655273,0.6150884628295898,5.636839866638184,177.4043655060226,0.5054434745387778,2987.0859375,12560.0,465043968.0,43,,
dinov2,4,6,42,Hybrid_Group_Mean,11.73964786529541,0.5852961540222168,2.9349119663238525,340.7257224319944,0.9707629940195354,2987.0859375,12560.0,465043968.0,43,31.7,-47.099999999999994
dinov2,4,6,42,Hybrid_Amortized_Operator,25.86412811279297,0.3448162078857422,6.466032028198242,154.65435303119736,0.4406263246435243,2987.0859375,12560.0,465043968.0,43,31.8,-47.0
dinov2,4,6,42,Attention_Pruning_EViT,8.442336082458496,0.2127838134765625,2.110584020614624,473.8025069046005,1.3499125833344536,2987.0859375,12560.0,465043968.0,43,57.4,-21.4
dinov2,4,6,42,Token_Merging_ToMe,204.03916931152344,21.800796508789062,51.00979232788086,19.60407902804618,0.0558540585560283,2987.0859375,12560.0,465043968.0,43,56.3,-22.5
dinov2,8,6,42,Spatial_Group_Mean,11.466015815734863,0.1708641052246093,1.433251976966858,697.7140210308768,1.4203057159912564,2989.3828125,12560.0,465043968.0,43,37.6,-41.199999999999996
dinov2,8,6,42,Fast_Amortized_Operator,36.95212936401367,0.4174575805664062,4.619016170501709,216.49631936477545,0.4407120261544111,2989.3828125,12560.0,465043968.0,43,37.4,-41.4
dinov2,8,6,42,Fast_Operator_Diagonal,35.850528717041016,0.4317092895507812,4.481316089630127,223.14873130998816,0.4542540482811185,2989.3828125,12560.0,465043968.0,43,37.4,-41.4
dinov2,8,6,42,Fast_Operator_One_Step,35.874752044677734,0.3386077880859375,4.484344005584717,222.99805696320777,0.4539473271467643,2989.3828125,12560.0,465043968.0,43,,
dinov2,8,6,42,Hybrid_Group_Mean,14.256863594055176,0.6308317184448242,1.782107949256897,561.1332357374758,1.1422742242918698,2989.3828125,12560.0,465043968.0,43,31.7,-47.099999999999994
dinov2,8,6,42,Hybrid_Amortized_Operator,39.64195251464844,0.4198074340820312,4.955244064331055,201.80640691307653,0.4108084180948623,2989.3828125,12560.0,465043968.0,43,31.8,-47.0
dinov2,8,6,42,Attention_Pruning_EViT,11.385503768920898,0.2900161743164062,1.4231879711151123,702.6478724496727,1.430349340113377,2989.3828125,12560.0,465043968.0,43,57.4,-21.4
dinov2,8,6,42,Token_Merging_ToMe,380.4216003417969,14.726577758789062,47.55270004272461,21.02930010496841,0.0428084204159348,2989.3828125,12560.0,465043968.0,43,56.3,-22.5
dinov2,16,6,42,Spatial_Group_Mean,19.594879150390625,0.2499837875366211,1.224679946899414,816.5398662170896,1.589592499435433,2993.9765625,12560.0,465043968.0,43,37.6,-41.199999999999996
dinov2,16,6,42,Fast_Amortized_Operator,68.11004638671875,0.5019798278808594,4.256877899169922,234.91394953916745,0.4573168655318729,2993.9765625,12560.0,465043968.0,43,37.4,-41.4
dinov2,16,6,42,Fast_Operator_Diagonal,67.04662322998047,0.3563690185546875,4.190413951873779,238.6399080102436,0.4645703455931342,2993.9765625,12560.0,465043968.0,43,37.4,-41.4
dinov2,16,6,42,Fast_Operator_One_Step,66.66496276855469,0.3051681518554687,4.166560173034668,240.00613418998364,0.467230035557702,2993.9765625,12560.0,465043968.0,43,,
dinov2,16,6,42,Hybrid_Group_Mean,22.693056106567383,0.5370883941650391,1.4183160066604614,705.061492152641,1.3725728601089775,2993.9765625,12560.0,465043968.0,43,31.7,-47.099999999999994
dinov2,16,6,42,Hybrid_Amortized_Operator,71.53977966308594,0.4919357299804687,4.471236228942871,223.65179310519872,0.43539235194034,2993.9765625,12560.0,465043968.0,43,31.8,-47.0
dinov2,16,6,42,Attention_Pruning_EViT,19.36195182800293,0.2986879348754883,1.210121989250183,826.3629690917533,1.6087155469396397,2993.9765625,12560.0,465043968.0,43,57.4,-21.4
dinov2,16,6,42,Token_Merging_ToMe,761.4589233398438,2.508453369140625,47.59118270874024,21.012295620389104,0.0409055196151443,2993.9765625,12560.0,465043968.0,43,56.3,-22.5
dinov2,32,6,42,Spatial_Group_Mean,37.24371337890625,0.5150394439697266,1.1638660430908203,859.2054093651109,1.6635659807178291,3003.1640625,12560.0,465043968.0,43,37.6,-41.199999999999996
dinov2,32,6,42,Fast_Amortized_Operator,132.5410614013672,0.4260940551757812,4.141908168792725,241.43461401064283,0.4674579629714268,3003.1640625,12560.0,465043968.0,43,37.4,-41.4
dinov2,32,6,42,Fast_Operator_Diagonal,131.6612091064453,0.8470535278320312,4.114412784576416,243.04804898251143,0.4705818440620781,3003.1640625,12560.0,465043968.0,43,37.4,-41.4
dinov2,32,6,42,Fast_Operator_One_Step,130.71820068359375,0.5324783325195312,4.084943771362305,244.80141122395568,0.4739766478481683,3003.1640625,12560.0,465043968.0,43,,
dinov2,32,6,42,Hybrid_Group_Mean,41.32553482055664,0.4268951416015625,1.291422963142395,774.3396459102129,1.4992516090060213,3003.1640625,12560.0,465043968.0,43,31.7,-47.099999999999994
dinov2,32,6,42,Hybrid_Amortized_Operator,136.90489196777344,0.8008346557617188,4.27827787399292,233.73890837686503,0.452557784329126,3003.1640625,12560.0,465043968.0,43,31.8,-47.0
dinov2,32,6,42,Attention_Pruning_EViT,37.34147262573242,0.2635345458984375,1.1669210195541382,856.9560263659351,1.659210797435407,3003.1640625,12560.0,465043968.0,43,57.4,-21.4
dinov2,32,6,42,Token_Merging_ToMe,1581.2744140625,33.05987548828125,49.414825439453125,20.236841698960923,0.0391819244160014,3003.1640625,12560.0,465043968.0,43,56.3,-22.5
dinov2,64,6,42,Spatial_Group_Mean,74.61555480957031,2.566719055175781,1.165868043899536,857.730002321061,1.6883497051639007,3021.5390625,12560.0,465043968.0,43,37.6,-41.199999999999996
dinov2,64,6,42,Fast_Amortized_Operator,6146.529296875,30.669677734375,96.03952026367188,10.412380208215827,0.0204956559838456,3021.5390625,12560.0,465043968.0,43,37.4,-41.4
dinov2,64,6,42,Fast_Operator_Diagonal,6139.81494140625,25.06201171875,95.93460845947266,10.423766939356902,0.0205180695453543,3021.5390625,12560.0,465043968.0,43,37.4,-41.4
dinov2,64,6,42,Fast_Operator_One_Step,6138.5458984375,45.2919921875,95.91477966308594,10.425921880993103,0.0205223113173178,3021.5390625,12560.0,465043968.0,43,,
dinov2,64,6,42,Hybrid_Group_Mean,83.3689956665039,2.5981597900390625,1.3026405572891235,767.671476528462,1.51107913626929,3021.5390625,12560.0,465043968.0,43,31.7,-47.099999999999994
dinov2,64,6,42,Hybrid_Amortized_Operator,6138.369140625,57.406494140625,95.91201782226562,10.426222101312664,0.0205229022688837,3021.5390625,12560.0,465043968.0,43,31.8,-47.0
dinov2,64,6,42,Attention_Pruning_EViT,73.71900939941406,1.0083847045898438,1.1518595218658447,868.1614216116785,1.7088828375436662,3021.5390625,12560.0,465043968.0,43,57.4,-21.4
dinov2,64,6,42,Token_Merging_ToMe,2848.9296875,27.9005126953125,44.5145263671875,22.464576883314184,0.044219115170205,3021.5390625,12560.0,465043968.0,43,56.3,-22.5
dinov2,1,8,128,Spatial_Group_Mean,5.744639873504639,0.9950399398803712,5.744639873504639,174.07531577604863,1.519914324961695,2846.171875,12560.0,964168704.0,129,75.4,-3.3999999999999915
dinov2,1,8,128,Fast_Amortized_Operator,9.988767623901367,1.3659358024597168,9.988767623901367,100.11245006913322,0.8741178856331814,2846.171875,12560.0,964168704.0,129,75.4,-3.3999999999999915
dinov2,1,8,128,Fast_Operator_Diagonal,9.463775634765623,1.1474876403808594,9.463775634765623,105.66607225201462,0.9226085626344286,2846.171875,12560.0,964168704.0,129,75.4,-3.3999999999999915
dinov2,1,8,128,Fast_Operator_One_Step,9.2925443649292,1.7059836387634275,9.2925443649292,107.61315316116,0.9396092278492302,2846.171875,12560.0,964168704.0,129,,
dinov2,1,8,128,Hybrid_Group_Mean,12.82483196258545,1.8231520652771,12.82483196258545,77.97373118941067,0.6808167515144287,2846.171875,12560.0,964168704.0,129,75.4,-3.3999999999999915
dinov2,1,8,128,Hybrid_Amortized_Operator,19.22585678100586,2.372495651245117,19.22585678100586,52.01328665820228,0.4541467532470109,2846.171875,12560.0,964168704.0,129,75.3,-3.5
dinov2,1,8,128,Attention_Pruning_EViT,5.608863830566406,0.6121277809143066,5.608863830566406,178.28922758836453,1.5567075078383763,2846.171875,12560.0,964168704.0,129,74.3,-4.5
dinov2,1,8,128,Token_Merging_ToMe,37.34400177001953,3.4625110626220703,37.34400177001953,26.77806214123573,0.2338089123189668,2846.171875,12560.0,964168704.0,129,75.8,-3.0
dinov2,2,8,128,Spatial_Group_Mean,7.554111957550049,0.1784958839416504,3.777055978775024,264.75646789972126,1.0904450231127512,2846.91796875,12560.0,964168704.0,129,75.4,-3.3999999999999915
dinov2,2,8,128,Fast_Amortized_Operator,16.657983779907227,1.669856071472168,8.328991889953613,120.0625493712144,0.494498247626031,2846.91796875,12560.0,964168704.0,129,75.4,-3.3999999999999915
dinov2,2,8,128,Fast_Operator_Diagonal,14.294400215148926,1.0124478340148926,7.147200107574463,139.91492961561542,0.5762636881691053,2846.91796875,12560.0,964168704.0,129,75.4,-3.3999999999999915
dinov2,2,8,128,Fast_Operator_One_Step,14.431743621826172,1.652303695678711,7.215871810913086,138.58339313728212,0.5707795262998603,2846.91796875,12560.0,964168704.0,129,,
dinov2,2,8,128,Hybrid_Group_Mean,15.742015838623049,2.3429760932922363,7.871007919311523,127.04853180829602,0.5232712171421302,2846.91796875,12560.0,964168704.0,129,75.4,-3.3999999999999915
dinov2,2,8,128,Hybrid_Amortized_Operator,24.125791549682617,2.7681922912597656,12.062895774841309,82.89883446440996,0.3414330995600158,2846.91796875,12560.0,964168704.0,129,75.3,-3.5
dinov2,2,8,128,Attention_Pruning_EViT,7.546080112457275,0.0628321170806884,3.7730400562286377,265.03826757661176,1.091605663521719,2846.91796875,12560.0,964168704.0,129,74.3,-4.5
dinov2,2,8,128,Token_Merging_ToMe,75.9097900390625,6.603118896484375,37.95489501953125,26.3470627302594,0.1085149067585104,2846.91796875,12560.0,964168704.0,129,75.8,-3.0
dinov2,4,8,128,Spatial_Group_Mean,10.328864097595217,0.0654077529907226,2.582216024398804,387.2642685783122,1.1033561486303758,2847.89453125,12560.0,964168704.0,129,75.4,-3.3999999999999915
dinov2,4,8,128,Fast_Amortized_Operator,25.378751754760746,0.6248970031738281,6.3446879386901855,157.61216464279607,0.4490534373232675,2847.89453125,12560.0,964168704.0,129,75.4,-3.3999999999999915
dinov2,4,8,128,Fast_Operator_Diagonal,22.969343185424805,0.2551841735839844,5.742335796356201,174.1451624327769,0.4961576662619074,2847.89453125,12560.0,964168704.0,129,75.4,-3.3999999999999915
dinov2,4,8,128,Fast_Operator_One_Step,22.816864013671875,0.5663995742797852,5.704216003417969,175.30892929033536,0.4994733589866023,2847.89453125,12560.0,964168704.0,129,,
dinov2,4,8,128,Hybrid_Group_Mean,16.238079071044922,1.819392204284668,4.059519767761231,246.3345561072329,0.7018327513117509,2847.89453125,12560.0,964168704.0,129,75.4,-3.3999999999999915
dinov2,4,8,128,Hybrid_Amortized_Operator,31.90380859375,1.4097766876220703,7.9759521484375,125.37688057668468,0.3572117628828112,2847.89453125,12560.0,964168704.0,129,75.3,-3.5
dinov2,4,8,128,Attention_Pruning_EViT,10.293824195861816,0.0934395790100097,2.573456048965454,388.58250577156986,1.1071119433952108,2847.89453125,12560.0,964168704.0,129,74.3,-4.5
dinov2,4,8,128,Token_Merging_ToMe,111.810302734375,0.8830108642578125,27.95257568359375,35.7748785414051,0.1019263469621704,2847.89453125,12560.0,964168704.0,129,75.8,-3.0
dinov2,8,8,128,Spatial_Group_Mean,15.346719741821287,0.1681599617004394,1.918339967727661,521.2840355844402,1.0611549618877516,2850.19140625,12560.0,964168704.0,129,75.4,-3.3999999999999915
dinov2,8,8,128,Fast_Amortized_Operator,514.7974853515625,8.573623657226562,64.34968566894531,15.540091448847477,0.0316342800152043,2850.19140625,12560.0,964168704.0,129,75.4,-3.3999999999999915
dinov2,8,8,128,Fast_Operator_Diagonal,504.7952270507813,5.84002685546875,63.099403381347656,15.848010383812955,0.0322610970350876,2850.19140625,12560.0,964168704.0,129,75.4,-3.3999999999999915
dinov2,8,8,128,Fast_Operator_One_Step,509.51953125,6.3759765625,63.68994140625,15.701066415204275,0.0319619696673489,2850.19140625,12560.0,964168704.0,129,,
dinov2,8,8,128,Hybrid_Group_Mean,25.90118408203125,1.902975082397461,3.2376480102539062,308.8661883048791,0.6287453018038717,2850.19140625,12560.0,964168704.0,129,75.4,-3.3999999999999915
dinov2,8,8,128,Hybrid_Amortized_Operator,521.5010375976562,4.352386474609375,65.18762969970703,15.340333811899503,0.031227642187931,2850.19140625,12560.0,964168704.0,129,75.3,-3.5
dinov2,8,8,128,Attention_Pruning_EViT,15.309727668762209,0.0658402442932128,1.913715958595276,522.5435862143459,1.0637189736537644,2850.19140625,12560.0,964168704.0,129,74.3,-4.5
dinov2,8,8,128,Token_Merging_ToMe,237.4437713623047,25.06849670410156,29.68047142028809,33.69218722437306,0.0685857022456295,2850.19140625,12560.0,964168704.0,129,75.8,-3.0
dinov2,16,8,128,Spatial_Group_Mean,26.004959106445312,0.1294412612915039,1.625309944152832,615.2672624674273,1.1977666566329923,2854.78515625,12560.0,964168704.0,129,75.4,-3.3999999999999915
dinov2,16,8,128,Fast_Amortized_Operator,132.8303680419922,0.8391342163085938,8.301898002624512,120.4543828030489,0.2344936130490716,2854.78515625,12560.0,964168704.0,129,75.4,-3.3999999999999915
dinov2,16,8,128,Fast_Operator_Diagonal,86.1226577758789,0.9769859313964844,5.382666110992432,185.78154011035704,0.3616687376957441,2854.78515625,12560.0,964168704.0,129,75.4,-3.3999999999999915
dinov2,16,8,128,Fast_Operator_One_Step,73.99107360839844,0.1844329833984375,4.624442100524902,216.24230085754428,0.4209679817548858,2854.78515625,12560.0,964168704.0,129,,
dinov2,16,8,128,Hybrid_Group_Mean,40.75817489624024,1.4941444396972656,2.547385931015014,392.5592851184298,0.764211670520064,2854.78515625,12560.0,964168704.0,129,75.4,-3.3999999999999915
dinov2,16,8,128,Hybrid_Amortized_Operator,149.10316467285156,1.825767517089844,9.318947792053224,107.30825220984228,0.2089014877259412,2854.78515625,12560.0,964168704.0,129,75.3,-3.5
dinov2,16,8,128,Attention_Pruning_EViT,26.042495727539062,0.1216793060302734,1.6276559829711914,614.3804406226911,1.1960402432500683,2854.78515625,12560.0,964168704.0,129,74.3,-4.5
dinov2,16,8,128,Token_Merging_ToMe,430.6556396484375,1.1667327880859375,26.915977478027344,37.15265406267866,0.0723266342227214,2854.78515625,12560.0,964168704.0,129,75.8,-3.0
dinov2,32,8,128,Spatial_Group_Mean,51.7305908203125,0.2383995056152343,1.6165809631347656,618.589494002742,1.1976931558343185,2863.97265625,12560.0,964168704.0,129,75.4,-3.3999999999999915
dinov2,32,8,128,Fast_Amortized_Operator,155.21971130371094,0.1667633056640625,4.850615978240967,206.1593835681548,0.3991591921693817,2863.97265625,12560.0,964168704.0,129,75.4,-3.3999999999999915
dinov2,32,8,128,Fast_Operator_Diagonal,153.74893188476562,0.465179443359375,4.804654121398926,208.1315272094632,0.402977593491126,2863.97265625,12560.0,964168704.0,129,75.4,-3.3999999999999915
dinov2,32,8,128,Fast_Operator_One_Step,150.14950561523438,0.2023773193359375,4.692172050476074,213.12091484338015,0.4126378859449779,2863.97265625,12560.0,964168704.0,129,,
dinov2,32,8,128,Hybrid_Group_Mean,62.85177612304688,0.9150714874267578,1.9641180038452148,509.1343789132165,0.9857696694435178,2863.97265625,12560.0,964168704.0,129,75.4,-3.3999999999999915
dinov2,32,8,128,Hybrid_Amortized_Operator,163.12940979003906,0.506988525390625,5.097794055938721,196.1632794551677,0.3798050557069883,2863.97265625,12560.0,964168704.0,129,75.3,-3.5
dinov2,32,8,128,Attention_Pruning_EViT,50.881534576416016,0.327585220336914,1.5900479555130005,628.9118491884528,1.217678969169134,2863.97265625,12560.0,964168704.0,129,74.3,-4.5
dinov2,32,8,128,Token_Merging_ToMe,948.4396362304688,12.83782958984375,29.63873863220215,33.739627465573435,0.0653255855259284,2863.97265625,12560.0,964168704.0,129,75.8,-3.0
dinov2,64,8,128,Spatial_Group_Mean,742.524658203125,5.654541015625,11.601947784423828,86.19242377064893,0.169660560860346,2882.34765625,12560.0,964168704.0,129,75.4,-3.3999999999999915
dinov2,64,8,128,Fast_Amortized_Operator,7255.58447265625,41.29638671875,113.3685073852539,8.820791797158936,0.017362784547288,2882.34765625,12560.0,964168704.0,129,75.4,-3.3999999999999915
dinov2,64,8,128,Fast_Operator_Diagonal,7401.95263671875,27.791015625,115.65550994873048,8.646367133250246,0.0170194482653733,2882.34765625,12560.0,964168704.0,129,75.4,-3.3999999999999915
dinov2,64,8,128,Fast_Operator_One_Step,7276.99609375,26.450439453125,113.70306396484376,8.794837756607803,0.0173116967963713,2882.34765625,12560.0,964168704.0,129,,
dinov2,64,8,128,Hybrid_Group_Mean,777.4535522460938,9.965301513671877,12.147711753845217,82.32003032863057,0.1620381688390592,2882.34765625,12560.0,964168704.0,129,75.4,-3.3999999999999915
dinov2,64,8,128,Hybrid_Amortized_Operator,7313.6728515625,57.179931640625,114.27613830566406,8.750733222409172,0.01722488174139,2882.34765625,12560.0,964168704.0,129,75.3,-3.5
dinov2,64,8,128,Attention_Pruning_EViT,742.4518432617188,1.303619384765625,11.600810050964355,86.2008769738344,0.1696772000860548,2882.34765625,12560.0,964168704.0,129,74.3,-4.5
dinov2,64,8,128,Token_Merging_ToMe,2577.2109375,65.5167236328125,40.2689208984375,24.833046868132037,0.0488811948336607,2882.34765625,12560.0,964168704.0,129,75.8,-3.0
dinov2,1,8,64,Spatial_Group_Mean,5.575583934783936,0.3584959506988525,5.575583934783936,179.35341153441928,1.5659992814410382,3394.0029296875,12560.0,473041920.0,65,69.1,-9.700000000000003
dinov2,1,8,64,Fast_Amortized_Operator,10.904895782470703,0.4621438980102539,10.904895782470703,91.70193094439934,0.800682611705583,3394.0029296875,12560.0,473041920.0,65,69.19999999999999,-9.600000000000009
dinov2,1,8,64,Fast_Operator_Diagonal,10.224703788757324,0.2641921043395996,10.224703788757324,97.80234426933326,0.8539475192510217,3394.0029296875,12560.0,473041920.0,65,69.19999999999999,-9.600000000000009
dinov2,1,8,64,Fast_Operator_One_Step,10.197855949401855,0.4598402976989746,10.197855949401855,98.05982796400002,0.8561957021954177,3394.0029296875,12560.0,473041920.0,65,,
dinov2,1,8,64,Hybrid_Group_Mean,9.742719650268556,0.7103519439697266,9.742719650268556,102.6407446685008,0.8961933370673519,3394.0029296875,12560.0,473041920.0,65,69.0,-9.799999999999997
dinov2,1,8,64,Hybrid_Amortized_Operator,13.89417552947998,0.2458243370056152,13.89417552947998,71.97260448295395,0.628418751221335,3394.0029296875,12560.0,473041920.0,65,69.0,-9.799999999999997
dinov2,1,8,64,Attention_Pruning_EViT,5.397088050842285,0.2066879272460937,5.397088050842285,185.28510014653867,1.617790992704519,3394.0029296875,12560.0,473041920.0,65,64.0,-14.799999999999997
dinov2,1,8,64,Token_Merging_ToMe,48.08102416992188,0.3386878967285156,48.08102416992188,20.798225854464462,0.1815968063539697,3394.0029296875,12560.0,473041920.0,65,69.89999999999999,-8.900000000000006
dinov2,2,8,64,Spatial_Group_Mean,7.903999805450439,0.1838557720184326,3.95199990272522,253.03644347521876,1.0421740879176975,3394.7490234375,12560.0,473041920.0,65,69.1,-9.700000000000003
dinov2,2,8,64,Fast_Amortized_Operator,16.893280029296875,0.4243040084838867,8.446640014648438,118.3902709557608,0.4876106815172366,3394.7490234375,12560.0,473041920.0,65,69.19999999999999,-9.600000000000009
dinov2,2,8,64,Fast_Operator_Diagonal,15.15068817138672,0.5130562782287598,7.575344085693359,132.00720504413516,0.5436943652304753,3394.7490234375,12560.0,473041920.0,65,69.19999999999999,-9.600000000000009
dinov2,2,8,64,Fast_Operator_One_Step,15.022624015808104,0.4483041763305664,7.511312007904053,133.13253383000378,0.5483292252724242,3394.7490234375,12560.0,473041920.0,65,,
dinov2,2,8,64,Hybrid_Group_Mean,11.059455871582031,0.5639843940734863,5.529727935791016,180.84072337945,0.7448236046868586,3394.7490234375,12560.0,473041920.0,65,69.0,-9.799999999999997
dinov2,2,8,64,Hybrid_Amortized_Operator,19.75868797302246,0.5945758819580078,9.87934398651123,101.2212958031779,0.4168973061062473,3394.7490234375,12560.0,473041920.0,65,69.0,-9.799999999999997
dinov2,2,8,64,Attention_Pruning_EViT,7.645823955535889,0.1982238292694091,3.822911977767944,261.58070230637713,1.077365086621279,3394.7490234375,12560.0,473041920.0,65,64.0,-14.799999999999997
dinov2,2,8,64,Token_Merging_ToMe,99.1294403076172,14.013263702392578,49.564720153808594,20.17564099821028,0.0830968455242454,3394.7490234375,12560.0,473041920.0,65,69.89999999999999,-8.900000000000006
dinov2,4,8,64,Spatial_Group_Mean,10.330143928527832,0.2168960571289062,2.582535982131958,387.2162893058594,1.1032194506967865,3396.3037109375,12560.0,473041920.0,65,69.1,-9.700000000000003
dinov2,4,8,64,Fast_Amortized_Operator,24.953311920166016,1.0212955474853516,6.238327980041504,160.2993627778684,0.4567095440841745,3396.3037109375,12560.0,473041920.0,65,69.19999999999999,-9.600000000000009
dinov2,4,8,64,Fast_Operator_Diagonal,23.02854347229004,0.4845285415649414,5.75713586807251,173.69748133715666,0.494882176294058,3396.3037109375,12560.0,473041920.0,65,69.19999999999999,-9.600000000000009
dinov2,4,8,64,Fast_Operator_One_Step,23.124095916748047,0.6071987152099609,5.781023979187012,172.97973570084213,0.4928372443826077,3396.3037109375,12560.0,473041920.0,65,,
dinov2,4,8,64,Hybrid_Group_Mean,13.750304222106934,0.6087837219238281,3.4375760555267334,290.90265461683634,0.8288118958216742,3396.3037109375,12560.0,473041920.0,65,69.0,-9.799999999999997
dinov2,4,8,64,Hybrid_Amortized_Operator,28.069055557250977,0.4780168533325195,7.017263889312744,142.5056853744655,0.406013507907473,3396.3037109375,12560.0,473041920.0,65,69.0,-9.799999999999997
dinov2,4,8,64,Attention_Pruning_EViT,10.09558391571045,0.1404962539672851,2.5238959789276123,396.21284250585234,1.1288515657538594,3396.3037109375,12560.0,473041920.0,65,64.0,-14.799999999999997
dinov2,4,8,64,Token_Merging_ToMe,178.84010314941406,1.824256896972656,44.71002578735352,22.36634809284444,0.063724050197667,3396.3037109375,12560.0,473041920.0,65,69.89999999999999,-8.900000000000006
dinov2,8,8,64,Spatial_Group_Mean,13.761792182922363,0.2575674057006836,1.7202240228652954,581.3196343661958,1.1833667872810552,3398.0224609375,12560.0,473041920.0,65,69.1,-9.700000000000003
dinov2,8,8,64,Fast_Amortized_Operator,557.9879150390625,9.130859375,69.74848937988281,14.337228073192144,0.0291856639970317,3398.0224609375,12560.0,473041920.0,65,69.19999999999999,-9.600000000000009
dinov2,8,8,64,Fast_Operator_Diagonal,564.614013671875,17.6241455078125,70.57675170898438,14.168971733402978,0.0288431519735507,3398.0224609375,12560.0,473041920.0,65,69.19999999999999,-9.600000000000009
dinov2,8,8,64,Fast_Operator_One_Step,560.2664184570312,12.593994140625,70.0333023071289,14.278921128330213,0.0290669711163196,3398.0224609375,12560.0,473041920.0,65,,
dinov2,8,8,64,Hybrid_Group_Mean,16.982912063598633,0.2243032455444336,2.122864007949829,471.06173370274297,0.958919632966855,3398.0224609375,12560.0,473041920.0,65,69.0,-9.799999999999997
dinov2,8,8,64,Hybrid_Amortized_Operator,560.6583251953125,3.207672119140625,70.08229064941406,14.268939995162112,0.0290466529629453,3398.0224609375,12560.0,473041920.0,65,69.0,-9.799999999999997
dinov2,8,8,64,Attention_Pruning_EViT,13.767616271972656,0.3085761070251465,1.720952033996582,581.0737198047823,1.18286618983469,3398.0224609375,12560.0,473041920.0,65,64.0,-14.799999999999997
dinov2,8,8,64,Token_Merging_ToMe,359.9620666503906,21.744308471679688,44.99525833129883,22.22456403377058,0.0452415665747114,3398.0224609375,12560.0,473041920.0,65,69.89999999999999,-8.900000000000006
dinov2,16,8,64,Spatial_Group_Mean,24.489791870117188,0.3559513092041015,1.5306119918823242,653.3334413316693,1.271871688007761,3402.6162109375,12560.0,473041920.0,65,69.1,-9.700000000000003
dinov2,16,8,64,Fast_Amortized_Operator,73.75318145751953,0.5067672729492188,4.609573841094971,216.93979410523065,0.4223258211951885,3402.6162109375,12560.0,473041920.0,65,69.19999999999999,-9.600000000000009
dinov2,16,8,64,Fast_Operator_Diagonal,72.33894348144531,0.4339714050292969,4.521183967590332,221.18100196063747,0.430582358903182,3402.6162109375,12560.0,473041920.0,65,69.19999999999999,-9.600000000000009
dinov2,16,8,64,Fast_Operator_One_Step,71.6470718383789,0.2071876525878906,4.477941989898682,223.3168724060729,0.4347403477293238,3402.6162109375,12560.0,473041920.0,65,,
dinov2,16,8,64,Hybrid_Group_Mean,28.75052833557129,0.473520278930664,1.7969080209732056,556.5115121799055,1.0833843664106622,3402.6162109375,12560.0,473041920.0,65,69.0,-9.799999999999997
dinov2,16,8,64,Hybrid_Amortized_Operator,78.18524932861328,0.32342529296875,4.88657808303833,204.64218170811048,0.3983855419311884,3402.6162109375,12560.0,473041920.0,65,69.0,-9.799999999999997
dinov2,16,8,64,Attention_Pruning_EViT,24.54863929748535,0.250864028930664,1.5342899560928345,651.767285596109,1.2688227867682804,3402.6162109375,12560.0,473041920.0,65,64.0,-14.799999999999997
dinov2,16,8,64,Token_Merging_ToMe,690.0250854492188,8.59014892578125,43.12656784057617,23.187562796479657,0.0451402037137923,3402.6162109375,12560.0,473041920.0,65,69.89999999999999,-8.900000000000006
dinov2,32,8,64,Spatial_Group_Mean,46.72819137573242,0.30401611328125,1.4602559804916382,684.8114394733179,1.3259099645985983,3411.8037109375,12560.0,473041920.0,65,69.1,-9.700000000000003
dinov2,32,8,64,Fast_Amortized_Operator,281.9923095703125,16.610595703125,8.812259674072266,113.47827197401304,0.2197129938300864,3411.8037109375,12560.0,473041920.0,65,69.19999999999999,-9.600000000000009
dinov2,32,8,64,Fast_Operator_Diagonal,197.2279052734375,1.668426513671875,6.163372039794922,162.2488458498562,0.3141410161348921,3411.8037109375,12560.0,473041920.0,65,69.19999999999999,-9.600000000000009
dinov2,32,8,64,Fast_Operator_One_Step,224.7588806152344,3.4146728515625,7.023715019226074,142.37479699314275,0.2756615195944982,3411.8037109375,12560.0,473041920.0,65,,
dinov2,32,8,64,Hybrid_Group_Mean,55.78604888916016,0.9252166748046876,1.7433140277862549,573.6201189580564,1.1106248928984983,3411.8037109375,12560.0,473041920.0,65,69.0,-9.799999999999997
dinov2,32,8,64,Hybrid_Amortized_Operator,285.1031188964844,4.9806671142578125,8.909472465515137,112.24009096729176,0.2173156674418896,3411.8037109375,12560.0,473041920.0,65,69.0,-9.799999999999997
dinov2,32,8,64,Attention_Pruning_EViT,47.60860824584961,0.2724475860595703,1.4877690076828003,672.1473527382451,1.3013901656777624,3411.8037109375,12560.0,473041920.0,65,64.0,-14.799999999999997
dinov2,32,8,64,Token_Merging_ToMe,2397.955322265625,358.55181884765625,74.93610382080078,13.344702339894267,0.0258375850448354,3411.8037109375,12560.0,473041920.0,65,69.89999999999999,-8.900000000000006
dinov2,64,8,64,Spatial_Group_Mean,823.9178466796875,3.331573486328125,12.873716354370115,77.67764742311878,0.152900134972261,3430.1787109375,12560.0,473041920.0,65,69.1,-9.700000000000003
dinov2,64,8,64,Fast_Amortized_Operator,6921.78076171875,57.59228515625,108.15282440185548,9.246175544009594,0.0182001069233659,3430.1787109375,12560.0,473041920.0,65,69.19999999999999,-9.600000000000009
dinov2,64,8,64,Fast_Operator_Diagonal,6568.38916015625,792.190673828125,102.6310806274414,9.743637053088,0.019179306659775,3430.1787109375,12560.0,473041920.0,65,69.19999999999999,-9.600000000000009
dinov2,64,8,64,Fast_Operator_One_Step,6521.83642578125,437.58837890625,101.90369415283205,9.81318693412852,0.0193162081565527,3430.1787109375,12560.0,473041920.0,65,,
dinov2,64,8,64,Hybrid_Group_Mean,746.9197387695312,10.2733154296875,11.670620918273926,85.68524391313184,0.1686622315952079,3430.1787109375,12560.0,473041920.0,65,69.0,-9.799999999999997
dinov2,64,8,64,Hybrid_Amortized_Operator,6384.65283203125,77.808837890625,99.76020050048828,10.024037591976429,0.0197312451087962,3430.1787109375,12560.0,473041920.0,65,69.0,-9.799999999999997
dinov2,64,8,64,Attention_Pruning_EViT,737.6753540039062,5.842926025390625,11.526177406311035,86.75903248309025,0.1707758694656238,3430.1787109375,12560.0,473041920.0,65,64.0,-14.799999999999997
dinov2,64,8,64,Token_Merging_ToMe,4455.41455078125,173.744140625,69.61585235595703,14.3645443696766,0.0282750681283493,3430.1787109375,12560.0,473041920.0,65,69.89999999999999,-8.900000000000006
dinov2,1,8,42,Spatial_Group_Mean,5.18943977355957,0.1515040397644043,5.18943977355957,192.6990279557815,1.6825246686496902,2985.33984375,12560.0,310029312.0,43,61.3,-17.5
dinov2,1,8,42,Fast_Amortized_Operator,13.712575912475586,3.791984081268311,13.712575912475586,72.92575854330975,0.6367410828728483,2985.33984375,12560.0,310029312.0,43,61.3,-17.5
dinov2,1,8,42,Fast_Operator_Diagonal,12.995136260986328,1.7798080444335938,12.995136260986328,76.95186721528846,0.6718944888403295,2985.33984375,12560.0,310029312.0,43,61.3,-17.5
dinov2,1,8,42,Fast_Operator_One_Step,13.625727653503418,3.276048183441162,13.625727653503418,73.39057593323335,0.6407995710409529,2985.33984375,12560.0,310029312.0,43,,
dinov2,1,8,42,Hybrid_Group_Mean,12.069472312927246,3.312000274658203,12.069472312927246,82.85366369571355,0.7234252011278027,2985.33984375,12560.0,310029312.0,43,51.9,-26.9
dinov2,1,8,42,Hybrid_Amortized_Operator,16.807104110717773,5.095311641693115,16.807104110717773,59.49864970267584,0.5195041559787752,2985.33984375,12560.0,310029312.0,43,51.9,-26.9
dinov2,1,8,42,Attention_Pruning_EViT,8.659551620483398,3.723072290420532,8.659551620483398,115.47942016242376,1.0082924403190328,2985.33984375,12560.0,310029312.0,43,56.2,-22.599999999999994
dinov2,1,8,42,Token_Merging_ToMe,53.655006408691406,11.676305770874023,53.655006408691406,18.63758979698888,0.1627315141662433,2985.33984375,12560.0,310029312.0,43,65.3,-13.5
dinov2,2,8,42,Spatial_Group_Mean,8.163423538208008,1.2887518405914309,4.081711769104004,244.99525115158116,1.009055055099492,2986.0859375,12560.0,310029312.0,43,61.3,-17.5
dinov2,2,8,42,Fast_Amortized_Operator,17.39593505859375,1.4606237411499023,8.697967529296875,114.96938757609249,0.4735211852884936,2986.0859375,12560.0,310029312.0,43,61.3,-17.5
dinov2,2,8,42,Fast_Operator_Diagonal,16.21331214904785,0.1444482803344726,8.106656074523926,123.35542433366724,0.5080605191845838,2986.0859375,12560.0,310029312.0,43,61.3,-17.5
dinov2,2,8,42,Fast_Operator_One_Step,15.998208045959473,1.768928050994873,7.999104022979736,125.01400120903682,0.5148916531453288,2986.0859375,12560.0,310029312.0,43,,
dinov2,2,8,42,Hybrid_Group_Mean,10.770367622375488,2.604191780090332,5.385183811187744,185.69468286718373,0.764815471203959,2986.0859375,12560.0,310029312.0,43,51.9,-26.9
dinov2,2,8,42,Hybrid_Amortized_Operator,20.444543838500977,1.2511520385742188,10.222271919250488,97.82561136109176,0.4029115960334846,2986.0859375,12560.0,310029312.0,43,51.9,-26.9
dinov2,2,8,42,Attention_Pruning_EViT,7.111551761627197,1.0537278652191162,3.555775880813598,281.2325730077199,1.1583046941448658,2986.0859375,12560.0,310029312.0,43,56.2,-22.599999999999994
dinov2,2,8,42,Token_Merging_ToMe,138.89776611328125,7.117118835449219,69.44888305664062,14.399079668198942,0.0593050847299359,2986.0859375,12560.0,310029312.0,43,65.3,-13.5
dinov2,4,8,42,Spatial_Group_Mean,9.985952377319336,0.1339678764343261,2.496488094329834,400.5626953604373,1.141244748606393,2987.0625,12560.0,310029312.0,43,61.3,-17.5
dinov2,4,8,42,Fast_Amortized_Operator,25.727968215942383,1.7327356338500977,6.431992053985596,155.47282888515824,0.4429582474137001,2987.0625,12560.0,310029312.0,43,61.3,-17.5
dinov2,4,8,42,Fast_Operator_Diagonal,24.286975860595703,2.059488296508789,6.071743965148926,164.69732678780244,0.4692398006183751,2987.0625,12560.0,310029312.0,43,61.3,-17.5
dinov2,4,8,42,Fast_Operator_One_Step,23.9466552734375,1.922895431518555,5.986663818359375,167.03794138787077,0.4759084548684566,2987.0625,12560.0,310029312.0,43,,
dinov2,4,8,42,Hybrid_Group_Mean,14.352128028869627,1.3795199394226074,3.5880320072174072,278.7043142280998,0.7940575563097731,2987.0625,12560.0,310029312.0,43,51.9,-26.9
dinov2,4,8,42,Hybrid_Amortized_Operator,28.23600006103516,2.787840843200684,7.059000015258789,141.66312478231936,0.403612965215138,2987.0625,12560.0,310029312.0,43,51.9,-26.9
dinov2,4,8,42,Attention_Pruning_EViT,9.500703811645508,0.1605277061462402,2.375175952911377,421.0214400218425,1.19953383837522,2987.0625,12560.0,310029312.0,43,56.2,-22.599999999999994
dinov2,4,8,42,Token_Merging_ToMe,278.09478759765625,14.316810607910156,69.52369689941406,14.383584944379272,0.0409803283581762,2987.0625,12560.0,310029312.0,43,65.3,-13.5
dinov2,8,8,42,Spatial_Group_Mean,13.020928382873535,0.0701603889465332,1.627616047859192,614.3955150327394,1.2506979013995967,2989.359375,12560.0,310029312.0,43,61.3,-17.5
dinov2,8,8,42,Fast_Amortized_Operator,40.40614318847656,1.321794509887695,5.05076789855957,197.98969584113937,0.4030389073951202,2989.359375,12560.0,310029312.0,43,61.3,-17.5
dinov2,8,8,42,Fast_Operator_Diagonal,37.920448303222656,1.7654571533203125,4.740056037902832,210.96796999945076,0.4294582087351108,2989.359375,12560.0,310029312.0,43,61.3,-17.5
dinov2,8,8,42,Fast_Operator_One_Step,38.85164642333984,1.2554397583007812,4.8564558029174805,205.91147960190585,0.4191649338430901,2989.359375,12560.0,310029312.0,43,,
dinov2,8,8,42,Hybrid_Group_Mean,17.85296058654785,0.7139682769775391,2.231620073318481,448.1049493845841,0.912187517794962,2989.359375,12560.0,310029312.0,43,51.9,-26.9
dinov2,8,8,42,Hybrid_Amortized_Operator,43.527713775634766,2.070528030395508,5.440964221954346,183.79095307500643,0.3741351518409006,2989.359375,12560.0,310029312.0,43,51.9,-26.9
dinov2,8,8,42,Attention_Pruning_EViT,13.051615715026855,0.1516480445861816,1.631451964378357,612.9509307257089,1.2477572247231052,2989.359375,12560.0,310029312.0,43,56.2,-22.599999999999994
dinov2,8,8,42,Token_Merging_ToMe,541.1390380859375,25.897216796875,67.64237976074219,14.78363126100973,0.0300943873137242,2989.359375,12560.0,310029312.0,43,65.3,-13.5
dinov2,16,8,42,Spatial_Group_Mean,23.19555282592773,0.1912488937377929,1.4497220516204834,689.7873967511297,1.3428381361960011,2993.953125,12560.0,310029312.0,43,61.3,-17.5
dinov2,16,8,42,Fast_Amortized_Operator,73.1998062133789,0.4577140808105469,4.574987888336182,218.57981363174213,0.4255185161830622,2993.953125,12560.0,310029312.0,43,61.3,-17.5
dinov2,16,8,42,Fast_Operator_Diagonal,72.1860122680664,0.305572509765625,4.51162576675415,221.6495896820452,0.4314945783282152,2993.953125,12560.0,310029312.0,43,61.3,-17.5
dinov2,16,8,42,Fast_Operator_One_Step,71.5713882446289,1.065776824951172,4.473211765289307,223.5530201721457,0.4352000665173934,2993.953125,12560.0,310029312.0,43,,
dinov2,16,8,42,Hybrid_Group_Mean,28.16908836364746,0.8209438323974609,1.7605680227279663,567.9985022393621,1.10574657307694,2993.953125,12560.0,310029312.0,43,51.9,-26.9
dinov2,16,8,42,Hybrid_Amortized_Operator,77.31183624267578,1.3644180297851562,4.831989765167236,206.9540807409781,0.4028862130118597,2993.953125,12560.0,310029312.0,43,51.9,-26.9
dinov2,16,8,42,Attention_Pruning_EViT,23.203968048095703,0.1864480972290039,1.4502480030059814,689.5372363397597,1.3423511384019908,2993.953125,12560.0,310029312.0,43,56.2,-22.599999999999994
dinov2,16,8,42,Token_Merging_ToMe,1161.7523193359375,8.0772705078125,72.6095199584961,13.77229873674422,0.0268111131834098,2993.953125,12560.0,310029312.0,43,65.3,-13.5
dinov2,32,8,42,Spatial_Group_Mean,45.519168853759766,0.2466564178466797,1.422474026679993,703.0005337489127,1.3611271060727284,3003.140625,12560.0,310029312.0,43,61.3,-17.5
dinov2,32,8,42,Fast_Amortized_Operator,144.62696838378906,0.3268203735351562,4.519592761993408,221.25887279254357,0.428394339348529,3003.140625,12560.0,310029312.0,43,61.3,-17.5
dinov2,32,8,42,Fast_Operator_Diagonal,143.7791290283203,0.4175567626953125,4.49309778213501,222.56359609534795,0.4309205027980807,3003.140625,12560.0,310029312.0,43,61.3,-17.5
dinov2,32,8,42,Fast_Operator_One_Step,142.39730834960938,0.7750244140625,4.449915885925293,224.72334885315817,0.4351021468793364,3003.140625,12560.0,310029312.0,43,,
dinov2,32,8,42,Hybrid_Group_Mean,50.98838424682617,2.363903045654297,1.593387007713318,627.5939210996253,1.2151272390360264,3003.140625,12560.0,310029312.0,43,51.9,-26.9
dinov2,32,8,42,Hybrid_Amortized_Operator,150.36166381835938,1.8624496459960935,4.6988019943237305,212.82020421546275,0.4120556596633564,3003.140625,12560.0,310029312.0,43,51.9,-26.9
dinov2,32,8,42,Attention_Pruning_EViT,46.06598281860352,0.1390552520751953,1.43956196308136,694.6557533789762,1.3449702097256184,3003.140625,12560.0,310029312.0,43,56.2,-22.599999999999994
dinov2,32,8,42,Token_Merging_ToMe,2117.7890625,59.3338623046875,66.180908203125,15.110097868871206,0.0292556872966444,3003.140625,12560.0,310029312.0,43,65.3,-13.5
dinov2,64,8,42,Spatial_Group_Mean,92.18595123291016,1.516338348388672,1.4404054880142212,694.2489516466817,1.3665547545861343,3021.515625,12560.0,310029312.0,43,61.3,-17.5
dinov2,64,8,42,Fast_Amortized_Operator,5721.8076171875,47.2490234375,89.40324401855469,11.185276451405509,0.0220170195140712,3021.515625,12560.0,310029312.0,43,61.3,-17.5
dinov2,64,8,42,Fast_Operator_Diagonal,5650.9638671875,272.57373046875,88.29631042480469,11.325501543483233,0.0222930375992791,3021.515625,12560.0,310029312.0,43,61.3,-17.5
dinov2,64,8,42,Fast_Operator_One_Step,5743.900390625,304.19091796875,89.74844360351562,11.142254504353634,0.021932335416017,3021.515625,12560.0,310029312.0,43,,
dinov2,64,8,42,Hybrid_Group_Mean,103.62073516845705,1.316059112548828,1.6190739870071411,617.636999930127,1.2157523275488915,3021.515625,12560.0,310029312.0,43,51.9,-26.9
dinov2,64,8,42,Hybrid_Amortized_Operator,5879.458984375,69.886962890625,91.86654663085938,10.88535529715977,0.0214266568230462,3021.515625,12560.0,310029312.0,43,51.9,-26.9
dinov2,64,8,42,Attention_Pruning_EViT,91.7925796508789,0.8913764953613281,1.434259057044983,697.2241137945534,1.3724110428371938,3021.515625,12560.0,310029312.0,43,56.2,-22.599999999999994
dinov2,64,8,42,Token_Merging_ToMe,8007.044921875,567.025146484375,125.11007690429688,7.992961276532116,0.0157332887716432,3021.515625,12560.0,310029312.0,43,65.3,-13.5
