architecture,batch_size,depth,budget,method,batch_latency_ms,batch_latency_iqr_ms,per_image_latency_ms,img_per_sec,speedup_vs_clean,vram_allocated_mb,vram_reserved_mb,flops_suffix,token_count_suffix,top1_acc,retention_pp,is_pareto_optimal
deit_tiny,1,12,196,Clean,3.839871883392334,0.4475839138031006,3.839871883392334,260.42535542007465,1.0,885.9150390625,920.0,1224589824.0,197,67.9,0.0,True
deit_tiny,1,6,98,Spatial_Group_Mean,5.762144088745117,2.1942079067230225,5.762144088745117,173.54651056943294,0.6663963663964161,885.99169921875,1574.0,285348096.0,99,65.2,-2.700000000000003,False
deit_tiny,1,6,98,Fast_Amortized_Operator,9.924256324768066,1.096751689910889,9.924256324768066,100.76321764324948,0.3869178463084561,885.99169921875,1578.0,285348096.0,99,65.2,-2.700000000000003,False
deit_tiny,1,6,98,Fast_Operator_Diagonal,9.698176383972168,1.81001615524292,9.698176383972168,103.11216876325992,0.3959375176696471,885.99169921875,1578.0,285348096.0,99,65.2,-2.700000000000003,False
deit_tiny,1,6,98,Hybrid_Group_Mean,23.730239868164062,2.119152069091797,23.730239868164062,42.14032414150085,0.1618134458279883,885.99169921875,1578.0,285348096.0,99,64.60000000000001,-3.299999999999997,False
deit_tiny,1,6,98,Hybrid_Amortized_Operator,27.832576751708984,1.7289133071899414,27.832576751708984,35.92912035852368,0.1379632190597141,885.99169921875,1578.0,285348096.0,99,64.60000000000001,-3.299999999999997,False
deit_tiny,1,6,98,Attention_Pruning_EViT,3.9027199745178223,0.2175521850585937,3.9027199745178223,256.23155300132674,0.9838963360077472,885.99169921875,1578.0,285348096.0,99,65.60000000000001,-2.299999999999997,False
deit_tiny,1,6,98,Token_Merging_ToMe,30.36636734008789,0.2074079513549804,30.36636734008789,32.931169830111976,0.1264514731178649,885.99169921875,1578.0,285348096.0,99,66.3,-1.6000000000000085,False
deit_tiny,1,6,49,Spatial_Group_Mean,4.963168144226074,0.6619999408721924,4.963168144226074,201.4842074539334,0.773673543149947,1867.865234375,4904.0,138470400.0,50,61.5,-6.400000000000006,False
deit_tiny,1,6,49,Fast_Amortized_Operator,7.968160152435303,0.5190556049346924,7.968160152435303,125.49948556121464,0.4819019459867102,1867.865234375,4904.0,138470400.0,50,61.4,-6.500000000000007,False
deit_tiny,1,6,49,Fast_Operator_Diagonal,8.467488288879395,0.8072319030761719,8.467488288879395,118.0987756798353,0.4534841681960579,1867.865234375,4904.0,138470400.0,50,61.4,-6.500000000000007,False
deit_tiny,1,6,49,Hybrid_Group_Mean,10.62492847442627,5.1146559715271,10.62492847442627,94.11828064602558,0.3614021395659025,1867.865234375,4904.0,138470400.0,50,60.099999999999994,-7.800000000000011,False
deit_tiny,1,6,49,Hybrid_Amortized_Operator,15.091520309448242,3.979599475860596,15.091520309448242,66.2623764534801,0.2544390362704765,1867.865234375,4904.0,138470400.0,50,60.099999999999994,-7.800000000000011,False
deit_tiny,1,6,49,Attention_Pruning_EViT,7.456672191619873,3.502079725265503,7.456672191619873,134.1080812327841,0.5149578504614627,1867.865234375,4904.0,138470400.0,50,57.49999999999999,-10.400000000000013,False
deit_tiny,1,6,49,Token_Merging_ToMe,34.75862503051758,1.3969593048095703,34.75862503051758,28.769837676893555,0.1104724907852649,1867.865234375,4904.0,138470400.0,50,63.2,-4.700000000000003,False
deit_tiny,1,6,32,Spatial_Group_Mean,4.627456188201904,0.127295970916748,4.627456188201904,216.101451711112,0.829801888385765,1712.7333984375,4906.0,90097920.0,33,55.60000000000001,-12.299999999999997,False
deit_tiny,1,6,32,Fast_Amortized_Operator,7.803103923797607,0.2899198532104492,7.803103923797607,128.15413068512882,0.4920954431584128,1712.7333984375,4906.0,90097920.0,33,55.50000000000001,-12.399999999999999,False
deit_tiny,1,6,32,Fast_Operator_Diagonal,7.923456192016602,1.0321760177612305,7.923456192016602,126.20755081697368,0.4846208258539064,1712.7333984375,4906.0,90097920.0,33,55.50000000000001,-12.399999999999999,False
deit_tiny,1,6,32,Hybrid_Group_Mean,6.4337921142578125,0.3422081470489502,6.4337921142578125,155.42933036084858,0.5968287155071209,1712.7333984375,4906.0,90097920.0,33,56.39999999999999,-11.500000000000014,False
deit_tiny,1,6,32,Hybrid_Amortized_Operator,9.28927993774414,0.3775997161865234,9.28927993774414,107.65097044140168,0.4133659346178375,1712.7333984375,4906.0,90097920.0,33,56.39999999999999,-11.500000000000014,False
deit_tiny,1,6,32,Attention_Pruning_EViT,4.912000179290772,0.7287840843200684,4.912000179290772,203.58305445835447,0.7817328467497656,1712.7333984375,4906.0,90097920.0,33,48.5,-19.400000000000006,False
deit_tiny,1,6,32,Token_Merging_ToMe,39.10675048828125,1.103679656982422,39.10675048828125,25.571032814389948,0.0981894899332787,1712.7333984375,4906.0,90097920.0,33,59.699999999999996,-8.20000000000001,False
deit_tiny,1,8,98,Spatial_Group_Mean,4.2842559814453125,0.3762239217758178,4.2842559814453125,233.41275692463307,0.8962750825399878,1657.515625,4912.0,190232064.0,99,66.4,-1.5,False
deit_tiny,1,8,98,Fast_Amortized_Operator,8.098336219787598,1.5425920486450195,8.098336219787598,123.48215397090884,0.4741556511336159,1657.515625,4912.0,190232064.0,99,66.5,-1.4000000000000057,False
deit_tiny,1,8,98,Fast_Operator_Diagonal,7.587423801422119,0.4505760669708252,7.587423801422119,131.79704023025167,0.5060837490944716,1657.515625,4912.0,190232064.0,99,66.5,-1.4000000000000057,False
deit_tiny,1,8,98,Hybrid_Group_Mean,25.195232391357425,3.1058406829833984,25.195232391357425,39.69004867536067,0.1524047019589906,1657.515625,4912.0,190232064.0,99,65.8,-2.1000000000000085,False
deit_tiny,1,8,98,Hybrid_Amortized_Operator,24.95020866394043,3.4174394607543945,24.95020866394043,40.079825121673686,0.1539013935759965,1657.515625,4912.0,190232064.0,99,65.8,-2.1000000000000085,False
deit_tiny,1,8,98,Attention_Pruning_EViT,4.922624111175537,0.626528263092041,4.922624111175537,203.1436846314876,0.7800457229051684,1657.515625,4912.0,190232064.0,99,65.2,-2.700000000000003,False
deit_tiny,1,8,98,Token_Merging_ToMe,25.841407775878903,0.7634563446044922,25.841407775878903,38.697582139214106,0.1485937576116336,1657.515625,4912.0,190232064.0,99,66.2,-1.7000000000000028,False
deit_tiny,1,8,49,Spatial_Group_Mean,4.393280029296875,0.4825758934020996,4.393280029296875,227.6203641314541,0.8740330363158955,1867.076171875,5206.0,92313600.0,50,63.9,-4.000000000000007,False
deit_tiny,1,8,49,Fast_Amortized_Operator,7.373824119567871,0.5012640953063965,7.373824119567871,135.61484296137553,0.5207436224580526,1867.076171875,5206.0,92313600.0,50,64.0,-3.9000000000000057,False
deit_tiny,1,8,49,Fast_Operator_Diagonal,6.985951900482178,0.7398879528045654,6.985951900482178,143.14441528447668,0.5496562155154979,1867.076171875,5206.0,92313600.0,50,64.0,-3.9000000000000057,False
deit_tiny,1,8,49,Hybrid_Group_Mean,6.636223793029785,0.1909918785095214,6.636223793029785,150.68810684930915,0.578623024652282,1867.076171875,5206.0,92313600.0,50,64.1,-3.8000000000000114,False
deit_tiny,1,8,49,Hybrid_Amortized_Operator,10.487808227539062,2.099423885345459,10.487808227539062,95.34880675775356,0.3661272021841069,1867.076171875,5206.0,92313600.0,50,64.0,-3.9000000000000057,False
deit_tiny,1,8,49,Attention_Pruning_EViT,4.8724799156188965,0.5797760486602783,4.8724799156188965,205.2342990259368,0.7880734143374295,1867.076171875,5206.0,92313600.0,50,59.3,-8.600000000000009,False
deit_tiny,1,8,49,Token_Merging_ToMe,35.922752380371094,1.6037445068359375,35.922752380371094,27.837510595274427,0.1068924742384304,1867.076171875,5206.0,92313600.0,50,64.5,-3.4000000000000057,False
deit_tiny,1,8,32,Spatial_Group_Mean,4.209951877593994,0.1336479187011718,4.209951877593994,237.53240632562867,0.912094008444305,1712.6435546875,5206.0,60065280.0,33,61.8,-6.1000000000000085,False
deit_tiny,1,8,32,Fast_Amortized_Operator,7.462944030761719,0.3794081211090088,7.462944030761719,133.9953771431317,0.5145250811964632,1712.6435546875,5206.0,60065280.0,33,61.8,-6.1000000000000085,False
deit_tiny,1,8,32,Fast_Operator_Diagonal,7.96563196182251,0.8314878940582275,7.96563196182251,125.53931750710754,0.4820548955558052,1712.6435546875,5206.0,60065280.0,33,61.8,-6.1000000000000085,False
deit_tiny,1,8,32,Hybrid_Group_Mean,5.889376163482666,0.1455519199371338,5.889376163482666,169.7972709232845,0.6519997664950707,1712.6435546875,5206.0,60065280.0,33,62.4,-5.500000000000007,False
deit_tiny,1,8,32,Hybrid_Amortized_Operator,8.394847869873047,0.1959199905395507,8.394847869873047,119.1206815776547,0.4574081559205674,1712.6435546875,5206.0,60065280.0,33,62.4,-5.500000000000007,False
deit_tiny,1,8,32,Attention_Pruning_EViT,4.166592121124268,0.2490240335464477,4.166592121124268,240.00429390006408,0.9215857400402864,1712.6435546875,5206.0,60065280.0,33,50.4,-17.500000000000007,False
deit_tiny,1,8,32,Token_Merging_ToMe,39.23926544189453,0.3531684875488281,39.23926544189453,25.48467685973376,0.0978578941310308,1712.6435546875,5206.0,60065280.0,33,62.6,-5.300000000000004,False
deit_tiny,8,12,196,Clean,4.441311836242676,0.0152959823608398,0.5551639795303345,1801.2696011834091,1.0,889.9345703125,940.0,1224589824.0,197,67.9,0.0,True
deit_tiny,8,6,98,Spatial_Group_Mean,3.67142391204834,0.0393279790878295,0.4589279890060425,2178.9910921881765,1.209697366100338,890.01123046875,1590.0,285348096.0,99,65.2,-2.700000000000003,True
deit_tiny,8,6,98,Fast_Amortized_Operator,19.461055755615234,0.4942235946655273,2.4326319694519043,411.0773896576348,0.2282153595372744,890.01123046875,1590.0,285348096.0,99,65.2,-2.700000000000003,False
deit_tiny,8,6,98,Fast_Operator_Diagonal,17.957887649536133,0.428318977355957,2.2447359561920166,445.48669398801184,0.2473181658621969,890.01123046875,1590.0,285348096.0,99,65.2,-2.700000000000003,False
deit_tiny,8,6,98,Hybrid_Group_Mean,30.73548889160156,1.8237438201904297,3.8419361114501953,260.2854318737058,0.1445010961727783,890.01123046875,1590.0,285348096.0,99,64.60000000000001,-3.299999999999997,False
deit_tiny,8,6,98,Hybrid_Amortized_Operator,46.58838272094727,3.7126731872558594,5.823547840118408,171.71662832594973,0.0953308867329656,890.01123046875,1590.0,285348096.0,99,64.60000000000001,-3.299999999999997,False
deit_tiny,8,6,98,Attention_Pruning_EViT,4.376224040985107,0.5543839931488037,0.5470280051231384,1828.0599724960985,1.0148730491510478,890.01123046875,1590.0,285348096.0,99,65.60000000000001,-2.299999999999997,False
deit_tiny,8,6,98,Token_Merging_ToMe,207.49058532714844,0.8801422119140625,25.936323165893555,38.55596622558309,0.0214048836444318,890.01123046875,1590.0,285348096.0,99,66.3,-1.6000000000000085,False
deit_tiny,8,6,49,Spatial_Group_Mean,5.177343845367432,0.7810239791870117,0.647167980670929,1545.1938752644787,0.8578359809377273,1871.884765625,4904.0,138470400.0,50,61.5,-6.400000000000006,False
deit_tiny,8,6,49,Fast_Amortized_Operator,21.08278465270996,1.317744255065918,2.635348081588745,379.4565154357675,0.2106605891680344,1871.884765625,4904.0,138470400.0,50,61.4,-6.500000000000007,False
deit_tiny,8,6,49,Fast_Operator_Diagonal,19.33782386779785,1.172016143798828,2.4172279834747314,413.6970144464876,0.2296696808599303,1871.884765625,4904.0,138470400.0,50,61.4,-6.500000000000007,False
deit_tiny,8,6,49,Hybrid_Group_Mean,8.524224281311035,0.7592477798461914,1.0655280351638794,938.5018197538076,0.5210224050509845,1871.884765625,4904.0,138470400.0,50,60.099999999999994,-7.800000000000011,False
deit_tiny,8,6,49,Hybrid_Amortized_Operator,23.110111236572266,1.5394401550292969,2.888763904571533,346.1688227333074,0.1921804612179538,1871.884765625,4904.0,138470400.0,50,60.099999999999994,-7.800000000000011,False
deit_tiny,8,6,49,Attention_Pruning_EViT,5.15558385848999,2.060511827468872,0.6444479823112488,1551.7156193329974,0.8614566183282845,1871.884765625,4904.0,138470400.0,50,57.49999999999999,-10.400000000000013,False
deit_tiny,8,6,49,Token_Merging_ToMe,275.3139953613281,32.52287292480469,34.414249420166016,29.057730935547337,0.0161318055423001,1871.884765625,4904.0,138470400.0,50,63.2,-4.700000000000003,False
deit_tiny,8,6,32,Spatial_Group_Mean,3.637216091156006,0.0944640636444091,0.4546520113945007,2199.484385723528,1.221074504493107,1716.7529296875,4906.0,90097920.0,33,55.60000000000001,-12.299999999999997,True
deit_tiny,8,6,32,Fast_Amortized_Operator,20.207231521606445,0.3945608139038086,2.5259039402008057,395.8978740579111,0.2197882392495891,1716.7529296875,4906.0,90097920.0,33,55.50000000000001,-12.399999999999999,False
deit_tiny,8,6,32,Fast_Operator_Diagonal,19.07439994812012,0.9356794357299804,2.384299993515014,419.4103102461392,0.2328414968922988,1716.7529296875,4906.0,90097920.0,33,55.50000000000001,-12.399999999999999,False
deit_tiny,8,6,32,Hybrid_Group_Mean,6.565408229827881,0.2216958999633789,0.8206760287284851,1218.5076266323397,0.6764715430892725,1716.7529296875,4906.0,90097920.0,33,56.39999999999999,-11.500000000000014,False
deit_tiny,8,6,32,Hybrid_Amortized_Operator,20.20368003845215,0.3505115509033203,2.5254600048065186,395.9674665592704,0.2198268744995891,1716.7529296875,4906.0,90097920.0,33,56.39999999999999,-11.500000000000014,False
deit_tiny,8,6,32,Attention_Pruning_EViT,3.2325758934021,0.2194560766220092,0.4040719866752624,2474.80655174362,1.3739234538337324,1716.7529296875,4906.0,90097920.0,33,48.5,-19.400000000000006,True
deit_tiny,8,6,32,Token_Merging_ToMe,284.6380310058594,0.697052001953125,35.57975387573242,28.10587176888993,0.0156033676193862,1716.7529296875,4906.0,90097920.0,33,59.699999999999996,-8.20000000000001,False
deit_tiny,8,8,98,Spatial_Group_Mean,4.351232051849365,0.012063980102539,0.5439040064811707,1838.5597239291872,1.0207021329407209,1661.53515625,4912.0,190232064.0,99,66.4,-1.5,True
deit_tiny,8,8,98,Fast_Amortized_Operator,20.90003204345703,1.5631999969482422,2.612504005432129,382.77453275505775,0.2125026328671622,1661.53515625,4912.0,190232064.0,99,66.5,-1.4000000000000057,False
deit_tiny,8,8,98,Fast_Operator_Diagonal,18.816511154174805,0.8428153991699219,2.3520638942718506,425.1585181998548,0.2360326948950515,1661.53515625,4912.0,190232064.0,99,66.5,-1.4000000000000057,False
deit_tiny,8,8,98,Hybrid_Group_Mean,31.76873588562012,1.5497102737426758,3.971091985702514,251.8199033415472,0.1398013396640375,1661.53515625,4912.0,190232064.0,99,65.8,-2.1000000000000085,False
deit_tiny,8,8,98,Hybrid_Amortized_Operator,49.11603164672852,3.36297607421875,6.1395039558410645,162.87960838409586,0.0904248915748571,1661.53515625,4912.0,190232064.0,99,65.8,-2.1000000000000085,False
deit_tiny,8,8,98,Attention_Pruning_EViT,3.938528060913086,0.0154719352722167,0.4923160076141357,2031.2156918199853,1.1276577867552446,1661.53515625,4912.0,190232064.0,99,65.2,-2.700000000000003,False
deit_tiny,8,8,98,Token_Merging_ToMe,215.60330200195312,6.053726196289063,26.95041275024414,37.10518311044944,0.0205994611167988,1661.53515625,4912.0,190232064.0,99,66.2,-1.7000000000000028,False
deit_tiny,8,8,49,Spatial_Group_Mean,4.409311771392822,0.8747680187225342,0.5511639714241028,1814.3421047935888,1.0072573831266518,1871.119140625,5206.0,92313600.0,50,63.9,-4.000000000000007,False
deit_tiny,8,8,49,Fast_Amortized_Operator,19.302175521850582,1.205007553100586,2.4127719402313232,414.4610534156517,0.2300938477745677,1871.119140625,5206.0,92313600.0,50,64.0,-3.9000000000000057,False
deit_tiny,8,8,49,Fast_Operator_Diagonal,17.335071563720703,0.4891204833984375,2.166883945465088,461.4921819384127,0.2562038362470664,1871.119140625,5206.0,92313600.0,50,64.0,-3.9000000000000057,False
deit_tiny,8,8,49,Hybrid_Group_Mean,7.011871814727783,0.2007679939270019,0.8764839768409729,1140.9221690557356,0.6333988917073633,1871.119140625,5206.0,92313600.0,50,64.1,-3.8000000000000114,False
deit_tiny,8,8,49,Hybrid_Amortized_Operator,20.66489601135254,0.5088644027709961,2.5831120014190674,387.1299422753007,0.2149205993489046,1871.119140625,5206.0,92313600.0,50,64.0,-3.9000000000000057,False
deit_tiny,8,8,49,Attention_Pruning_EViT,3.670464038848877,0.0161279439926147,0.4588080048561096,2179.5609261735044,1.2100137174033043,1871.119140625,5206.0,92313600.0,50,59.3,-8.600000000000009,True
deit_tiny,8,8,49,Token_Merging_ToMe,252.09298706054688,9.93914794921875,31.51162338256836,31.734321899556,0.0176177524334541,1871.119140625,5206.0,92313600.0,50,64.5,-3.4000000000000057,False
deit_tiny,8,8,32,Spatial_Group_Mean,4.0867838859558105,0.0184319019317626,0.5108479857444763,1957.5294958688455,1.0867498649745575,1716.6630859375,5206.0,60065280.0,33,61.8,-6.1000000000000085,False
deit_tiny,8,8,32,Fast_Amortized_Operator,18.2194881439209,0.2219676971435547,2.2774360179901123,439.0902717357224,0.2437671026298596,1716.6630859375,5206.0,60065280.0,33,61.8,-6.1000000000000085,False
deit_tiny,8,8,32,Fast_Operator_Diagonal,17.36835289001465,0.276127815246582,2.171044111251831,460.6078682682301,0.2557128971507746,1716.6630859375,5206.0,60065280.0,33,61.8,-6.1000000000000085,False
deit_tiny,8,8,32,Hybrid_Group_Mean,6.62278413772583,0.1682081222534179,0.8278480172157288,1207.9511929777443,0.6706109913719397,1716.6630859375,5206.0,60065280.0,33,62.4,-5.500000000000007,False
deit_tiny,8,8,32,Hybrid_Amortized_Operator,20.08358383178711,0.5495033264160156,2.5104479789733887,398.3352805457994,0.2211413995351382,1716.6630859375,5206.0,60065280.0,33,62.4,-5.500000000000007,False
deit_tiny,8,8,32,Attention_Pruning_EViT,3.539328098297119,0.0266400575637817,0.4424160122871399,2260.316019825641,1.254846036562569,1716.6630859375,5206.0,60065280.0,33,50.4,-17.500000000000007,True
deit_tiny,8,8,32,Token_Merging_ToMe,274.02960205078125,0.8310546875,34.253700256347656,29.19392627705052,0.0162074162900825,1716.6630859375,5206.0,60065280.0,33,62.6,-5.300000000000004,False
deit_tiny,16,12,196,Clean,6.687039852142334,0.0279040336608886,0.4179399907588959,2392.687998543042,1.0,894.5283203125,960.0,1224589824.0,197,67.9,0.0,True
deit_tiny,16,6,98,Spatial_Group_Mean,6.005983829498291,0.0138559341430664,0.3753739893436432,2664.0098365593763,1.1133962464732334,894.60498046875,1590.0,285348096.0,99,65.2,-2.700000000000003,False
deit_tiny,16,6,98,Fast_Amortized_Operator,32.674495697021484,0.4381923675537109,2.0421559810638428,489.6785599496954,0.2046562528202051,894.60498046875,1590.0,285348096.0,99,65.2,-2.700000000000003,False
deit_tiny,16,6,98,Fast_Operator_Diagonal,31.30303955078125,0.361663818359375,1.956439971923828,511.1324724247322,0.2136227008017641,894.60498046875,1590.0,285348096.0,99,65.2,-2.700000000000003,False
deit_tiny,16,6,98,Hybrid_Group_Mean,50.80393600463867,3.2711219787597656,3.175246000289917,314.9362285343229,0.1316244444432764,894.60498046875,1590.0,285348096.0,99,64.60000000000001,-3.299999999999997,False
deit_tiny,16,6,98,Hybrid_Amortized_Operator,72.74662780761719,1.896575927734375,4.546664237976074,219.94146645962692,0.0919223344596344,894.60498046875,1590.0,285348096.0,99,64.60000000000001,-3.299999999999997,False
deit_tiny,16,6,98,Attention_Pruning_EViT,5.461184024810791,0.0262882709503173,0.3413240015506744,2929.767597522836,1.2244670426344064,894.60498046875,1590.0,285348096.0,99,65.60000000000001,-2.299999999999997,True
deit_tiny,16,6,98,Token_Merging_ToMe,341.2554626464844,19.822769165039062,21.328466415405277,46.88569635169424,0.0195954074999514,894.60498046875,1590.0,285348096.0,99,66.3,-1.6000000000000085,False
deit_tiny,16,6,49,Spatial_Group_Mean,4.678592205047607,0.0341918468475341,0.2924120128154754,3419.8321415442083,1.4292846136339616,1876.525390625,4904.0,138470400.0,50,61.5,-6.400000000000006,True
deit_tiny,16,6,49,Fast_Amortized_Operator,32.03385543823242,1.148880958557129,2.0021159648895264,499.4715678495568,0.208749142451375,1876.525390625,4904.0,138470400.0,50,61.4,-6.500000000000007,False
deit_tiny,16,6,49,Fast_Operator_Diagonal,31.157567977905277,0.6668310165405273,1.94734799861908,513.5188988866545,0.2146200838552067,1876.525390625,4904.0,138470400.0,50,61.4,-6.500000000000007,False
deit_tiny,16,6,49,Hybrid_Group_Mean,9.74614429473877,0.6538243293762207,0.6091340184211731,1641.6748527555897,0.6861215727897829,1876.525390625,4904.0,138470400.0,50,60.099999999999994,-7.800000000000011,False
deit_tiny,16,6,49,Hybrid_Amortized_Operator,34.888702392578125,0.4948635101318359,2.180543899536133,458.60117753773727,0.1916677719021406,1876.525390625,4906.0,138470400.0,50,60.099999999999994,-7.800000000000011,False
deit_tiny,16,6,49,Attention_Pruning_EViT,4.619935989379883,0.0237441062927246,0.2887459993362427,3463.251446942152,1.4474312777307357,1876.525390625,4906.0,138470400.0,50,57.49999999999999,-10.400000000000013,True
deit_tiny,16,6,49,Token_Merging_ToMe,510.1223449707031,12.996551513671877,31.882646560668945,31.365024797960768,0.0131086981742122,1876.525390625,4906.0,138470400.0,50,63.2,-4.700000000000003,False
deit_tiny,16,6,32,Spatial_Group_Mean,4.431168079376221,0.0297760963439941,0.2769480049610138,3610.7860756778905,1.5090918991011677,1721.3466796875,4906.0,90097920.0,33,55.60000000000001,-12.299999999999997,True
deit_tiny,16,6,32,Fast_Amortized_Operator,31.70019149780273,0.8555831909179688,1.981261968612671,504.7288121621922,0.2109463550908151,1721.3466796875,4906.0,90097920.0,33,55.50000000000001,-12.399999999999999,False
deit_tiny,16,6,32,Fast_Operator_Diagonal,30.66057586669922,0.4697275161743164,1.9162859916687007,521.8427752160314,0.2180989646513847,1721.3466796875,4906.0,90097920.0,33,55.50000000000001,-12.399999999999999,False
deit_tiny,16,6,32,Hybrid_Group_Mean,8.077024459838867,0.131296157836914,0.5048140287399292,1980.9275160124,0.8279088277362648,1721.3466796875,4906.0,90097920.0,33,56.39999999999999,-11.500000000000014,False
deit_tiny,16,6,32,Hybrid_Amortized_Operator,34.533695220947266,0.7302570343017578,2.158355951309204,463.3156080642886,0.193638120952841,1721.3466796875,4906.0,90097920.0,33,56.39999999999999,-11.500000000000014,False
deit_tiny,16,6,32,Attention_Pruning_EViT,4.412928104400635,0.0383839607238769,0.2758080065250397,3625.710553508581,1.5153294352278075,1721.3466796875,4906.0,90097920.0,33,48.5,-19.400000000000006,True
deit_tiny,16,6,32,Token_Merging_ToMe,662.8252563476562,9.168853759765623,41.42657852172852,24.13909223701623,0.0100886919864666,1721.3466796875,4906.0,90097920.0,33,59.699999999999996,-8.20000000000001,False
deit_tiny,16,8,98,Spatial_Group_Mean,6.412511825561523,0.0169918537139892,0.4007819890975952,2495.1221042931847,1.0428113092106104,1666.12890625,4912.0,190232064.0,99,66.4,-1.5,True
deit_tiny,16,8,98,Fast_Amortized_Operator,32.97536087036133,1.9692802429199217,2.060960054397583,485.2107627541084,0.2027889817015689,1666.12890625,4912.0,190232064.0,99,66.5,-1.4000000000000057,False
deit_tiny,16,8,98,Fast_Operator_Diagonal,31.33990478515625,0.3979682922363281,1.9587440490722656,510.5312255951141,0.2133714157073497,1666.12890625,4912.0,190232064.0,99,66.5,-1.4000000000000057,False
deit_tiny,16,8,98,Hybrid_Group_Mean,41.81564712524414,1.5335197448730469,2.613477945327759,382.63188782126457,0.1599171676600781,1666.12890625,4912.0,190232064.0,99,65.8,-2.1000000000000085,False
deit_tiny,16,8,98,Hybrid_Amortized_Operator,68.58512115478516,2.0186996459960938,4.286570072174072,233.2867498169271,0.0974998620626593,1666.12890625,4912.0,190232064.0,99,65.8,-2.1000000000000085,False
deit_tiny,16,8,98,Attention_Pruning_EViT,5.871840000152588,0.0497441291809082,0.3669900000095367,2724.8698873920644,1.1388320955558329,1666.12890625,4912.0,190232064.0,99,65.2,-2.700000000000003,False
deit_tiny,16,8,98,Token_Merging_ToMe,329.4090270996094,9.041732788085938,20.588064193725582,48.5718322320347,0.0203001111141992,1666.12890625,4912.0,190232064.0,99,66.2,-1.7000000000000028,False
deit_tiny,16,8,49,Spatial_Group_Mean,5.29750394821167,0.010416030883789,0.3310939967632293,3020.2903398309454,1.2623001167181278,1875.736328125,5206.0,92313600.0,50,63.9,-4.000000000000007,True
deit_tiny,16,8,49,Fast_Amortized_Operator,31.441823959350582,0.3871192932128906,1.965113997459412,508.8763304789673,0.2126797688578004,1875.736328125,5206.0,92313600.0,50,64.0,-3.9000000000000057,False
deit_tiny,16,8,49,Fast_Operator_Diagonal,30.849119186401367,0.6404962539672852,1.9280699491500852,518.6533820729953,0.2167659897106577,1875.736328125,5206.0,92313600.0,50,64.0,-3.9000000000000057,False
deit_tiny,16,8,49,Hybrid_Group_Mean,9.042271614074709,0.6127839088439941,0.5651419758796692,1769.4668643989053,0.7395309649550509,1875.736328125,5206.0,92313600.0,50,64.1,-3.8000000000000114,False
deit_tiny,16,8,49,Hybrid_Amortized_Operator,34.481727600097656,0.4019012451171875,2.1551079750061035,464.0138738279078,0.1939299541396352,1875.736328125,5206.0,92313600.0,50,64.0,-3.9000000000000057,False
deit_tiny,16,8,49,Attention_Pruning_EViT,5.272863864898682,0.0293917655944824,0.3295539915561676,3034.404151131529,1.2681988428826667,1875.736328125,5206.0,92313600.0,50,59.3,-8.600000000000009,False
deit_tiny,16,8,49,Token_Merging_ToMe,495.5185852050781,7.098480224609375,30.969911575317383,32.289404429458784,0.0134950333888582,1875.736328125,5206.0,92313600.0,50,64.5,-3.4000000000000057,False
deit_tiny,16,8,32,Spatial_Group_Mean,5.209472179412842,0.0730557441711425,0.3255920112133026,3071.32842809487,1.283630974855504,1721.3037109375,5206.0,60065280.0,33,61.8,-6.1000000000000085,True
deit_tiny,16,8,32,Fast_Amortized_Operator,31.32851219177246,0.3823680877685547,1.9580320119857788,510.7168799481624,0.2134490080859471,1721.3037109375,5206.0,60065280.0,33,61.8,-6.1000000000000085,False
deit_tiny,16,8,32,Fast_Operator_Diagonal,31.081024169921875,0.3547677993774414,1.9425640106201167,514.7835512924868,0.2151486326700135,1721.3037109375,5206.0,60065280.0,33,61.8,-6.1000000000000085,False
deit_tiny,16,8,32,Hybrid_Group_Mean,8.485152244567871,0.3292160034179687,0.5303220152854919,1885.646779083201,0.7880871974245748,1721.3037109375,5206.0,60065280.0,33,62.4,-5.500000000000007,False
deit_tiny,16,8,32,Hybrid_Amortized_Operator,33.7716178894043,0.3016643524169922,2.110726118087769,473.7706097586735,0.1980076842643764,1721.3037109375,5206.0,60065280.0,33,62.4,-5.500000000000007,False
deit_tiny,16,8,32,Attention_Pruning_EViT,5.184768199920654,0.036992073059082,0.3240480124950409,3085.9624544535777,1.289747119696628,1721.3037109375,5206.0,60065280.0,33,50.4,-17.500000000000007,False
deit_tiny,16,8,32,Token_Merging_ToMe,579.1583251953125,20.8055419921875,36.19739532470703,27.62629716943849,0.0115461343836976,1721.3037109375,5206.0,60065280.0,33,62.6,-5.300000000000004,False
deit_tiny,32,12,196,Clean,12.605664253234863,0.1228799819946289,0.3939270079135895,2538.541353882892,1.0,903.7158203125,1000.0,1224589824.0,197,67.9,0.0,True
deit_tiny,32,6,98,Spatial_Group_Mean,9.687295913696287,0.0347518920898437,0.302727997303009,3303.295396887496,1.3012572719506244,903.79248046875,1590.0,285348096.0,99,65.2,-2.700000000000003,True
deit_tiny,32,6,98,Fast_Amortized_Operator,60.47779083251953,0.4544811248779297,1.8899309635162356,529.1198563885582,0.2084346018548129,903.79248046875,1886.0,285348096.0,99,65.2,-2.700000000000003,False
deit_tiny,32,6,98,Fast_Operator_Diagonal,59.46412658691406,0.3386383056640625,1.8582539558410645,538.1395782081842,0.211987713883431,903.79248046875,1886.0,285348096.0,99,65.2,-2.700000000000003,False
deit_tiny,32,6,98,Hybrid_Group_Mean,75.12566375732422,6.430194854736328,2.347676992416382,425.952975315712,0.1677943810780094,903.79248046875,1886.0,285348096.0,99,64.60000000000001,-3.299999999999997,False
deit_tiny,32,6,98,Hybrid_Amortized_Operator,127.13196563720705,13.296852111816406,3.97287392616272,251.7069553641412,0.0991541677976355,903.79248046875,1886.0,285348096.0,99,64.60000000000001,-3.299999999999997,False
deit_tiny,32,6,98,Attention_Pruning_EViT,9.767071723937988,0.0398402214050293,0.3052209913730621,3276.314631904629,1.2906288199297038,903.79248046875,1886.0,285348096.0,99,65.60000000000001,-2.299999999999997,True
deit_tiny,32,6,98,Token_Merging_ToMe,661.2769775390625,5.78387451171875,20.664905548095703,48.39122045211338,0.0190626086819879,903.79248046875,1886.0,285348096.0,99,66.3,-1.6000000000000085,False
deit_tiny,32,6,49,Spatial_Group_Mean,8.397151947021484,0.0285916328430175,0.2624109983444214,3810.815881609785,1.5011832979521302,1885.666015625,4906.0,138470400.0,50,61.5,-6.400000000000006,True
deit_tiny,32,6,49,Fast_Amortized_Operator,57.85478210449219,0.8046703338623047,1.8079619407653809,553.108988332277,0.2178845688238463,1885.666015625,4906.0,138470400.0,50,61.4,-6.500000000000007,False
deit_tiny,32,6,49,Fast_Operator_Diagonal,57.627967834472656,0.9414882659912108,1.8008739948272705,555.2859349806505,0.2187421269034276,1885.666015625,4906.0,138470400.0,50,61.4,-6.500000000000007,False
deit_tiny,32,6,49,Hybrid_Group_Mean,12.399968147277832,0.6691679954528809,0.3874990046024322,2580.651790385846,1.016588438253544,1885.666015625,4906.0,138470400.0,50,60.099999999999994,-7.800000000000011,False
deit_tiny,32,6,49,Hybrid_Amortized_Operator,62.54963302612305,0.8755340576171875,1.9546760320663448,511.5937288814407,0.201530586885622,1885.666015625,4906.0,138470400.0,50,60.099999999999994,-7.800000000000011,False
deit_tiny,32,6,49,Attention_Pruning_EViT,8.37446403503418,0.0404481887817382,0.2617020010948181,3821.140059367321,1.5052502704053243,1885.666015625,4906.0,138470400.0,50,57.49999999999999,-10.400000000000013,True
deit_tiny,32,6,49,Token_Merging_ToMe,1047.9908447265625,20.14404296875,32.74971389770508,30.53461789387035,0.012028410664717,1885.666015625,4906.0,138470400.0,50,63.2,-4.700000000000003,False
deit_tiny,32,6,32,Spatial_Group_Mean,8.11190414428711,0.037872314453125,0.2534970045089721,3944.819789634266,1.5539710564889415,1730.5341796875,4906.0,90097920.0,33,55.60000000000001,-12.299999999999997,True
deit_tiny,32,6,32,Fast_Amortized_Operator,60.51299285888672,2.649520874023437,1.89103102684021,528.8120532167761,0.2083133498723265,1730.5341796875,4910.0,90097920.0,33,55.50000000000001,-12.399999999999999,False
deit_tiny,32,6,32,Fast_Operator_Diagonal,57.57958221435547,0.8429756164550781,1.7993619441986084,555.7525561903419,0.2189259416003904,1730.5341796875,4910.0,90097920.0,33,55.50000000000001,-12.399999999999999,False
deit_tiny,32,6,32,Hybrid_Group_Mean,12.145183563232422,0.4927840232849121,0.3795369863510132,2634.789324788373,1.0379146751965505,1730.5341796875,4910.0,90097920.0,33,56.39999999999999,-11.500000000000014,False
deit_tiny,32,6,32,Hybrid_Amortized_Operator,63.2646713256836,1.2554874420166016,1.9770209789276123,505.8115268672698,0.1992528213470277,1730.5341796875,4912.0,90097920.0,33,56.39999999999999,-11.500000000000014,False
deit_tiny,32,6,32,Attention_Pruning_EViT,7.89680004119873,0.0562560558319091,0.2467750012874603,4052.274317831456,1.5963002972684277,1730.5341796875,4912.0,90097920.0,33,48.5,-19.400000000000006,True
deit_tiny,32,6,32,Token_Merging_ToMe,1122.1158447265625,5.26922607421875,35.06612014770508,28.517554716284906,0.0112338350023981,1730.5341796875,4912.0,90097920.0,33,59.699999999999996,-8.20000000000001,False
deit_tiny,32,8,98,Spatial_Group_Mean,10.606911659240724,0.0353765487670898,0.3314659893512726,3016.900774517308,1.188438695277794,1675.31640625,4912.0,190232064.0,99,66.4,-1.5,True
deit_tiny,32,8,98,Fast_Amortized_Operator,61.77475357055664,0.449615478515625,1.930461049079895,518.010969698987,0.204058511359939,1675.31640625,4912.0,190232064.0,99,66.5,-1.4000000000000057,False
deit_tiny,32,8,98,Fast_Operator_Diagonal,60.70979309082031,0.5157299041748047,1.8971810340881348,527.0978267398937,0.2076380697654019,1675.31640625,4912.0,190232064.0,99,66.5,-1.4000000000000057,False
deit_tiny,32,8,98,Hybrid_Group_Mean,58.21263885498047,0.6763687133789062,1.81914496421814,549.7088025801152,0.2165451438241468,1675.31640625,4912.0,190232064.0,99,65.8,-2.1000000000000085,False
deit_tiny,32,8,98,Hybrid_Amortized_Operator,111.93321228027344,7.551647186279297,3.497912883758545,285.88476420987627,0.1126177297732786,1675.31640625,4912.0,190232064.0,99,65.8,-2.1000000000000085,False
deit_tiny,32,8,98,Attention_Pruning_EViT,10.548576354980469,0.0276637077331542,0.3296430110931396,3033.584715428573,1.1950109502011756,1675.31640625,4912.0,190232064.0,99,65.2,-2.700000000000003,False
deit_tiny,32,8,98,Token_Merging_ToMe,654.2174682617188,0.8426513671875,20.44429588317871,48.91339891156567,0.0192683088801168,1675.31640625,4912.0,190232064.0,99,66.2,-1.7000000000000028,False
deit_tiny,32,8,49,Spatial_Group_Mean,9.777503967285156,0.023263931274414,0.3055469989776611,3272.818922607422,1.2892517656257194,1884.876953125,5206.0,92313600.0,50,63.9,-4.000000000000007,False
deit_tiny,32,8,49,Fast_Amortized_Operator,58.923038482666016,0.2955379486083984,1.841344952583313,543.081294244759,0.2139343892956776,1884.876953125,5206.0,92313600.0,50,64.0,-3.9000000000000057,False
deit_tiny,32,8,49,Fast_Operator_Diagonal,58.53401565551758,0.6465435028076172,1.8291879892349243,546.6906659595221,0.2153562182957221,1884.876953125,5206.0,92313600.0,50,64.0,-3.9000000000000057,False
deit_tiny,32,8,49,Hybrid_Group_Mean,13.816096305847168,0.293583869934082,0.431753009557724,2316.139037512148,0.9123897209590214,1884.876953125,5206.0,92313600.0,50,64.1,-3.8000000000000114,False
deit_tiny,32,8,49,Hybrid_Amortized_Operator,63.33302307128906,0.6456165313720703,1.9791569709777832,505.2656331276037,0.1990377790595223,1884.876953125,5206.0,92313600.0,50,64.0,-3.9000000000000057,False
deit_tiny,32,8,49,Attention_Pruning_EViT,9.765119552612305,0.018416404724121,0.3051599860191345,3276.969608778579,1.2908868330099117,1884.876953125,5206.0,92313600.0,50,59.3,-8.600000000000009,False
deit_tiny,32,8,49,Token_Merging_ToMe,967.1304931640624,6.11474609375,30.222827911376957,33.08757217995356,0.013034088307974,1884.876953125,5206.0,92313600.0,50,64.5,-3.4000000000000057,False
deit_tiny,32,8,32,Spatial_Group_Mean,9.428288459777832,0.0487518310546875,0.2946340143680572,3394.0412553684264,1.3370045164625672,1730.4443359375,5206.0,60065280.0,33,61.8,-6.1000000000000085,True
deit_tiny,32,8,32,Fast_Amortized_Operator,58.89110565185547,0.2585926055908203,1.8403470516204836,543.3757720422725,0.214050392053349,1730.4443359375,5206.0,60065280.0,33,61.8,-6.1000000000000085,False
deit_tiny,32,8,32,Fast_Operator_Diagonal,58.18156814575195,0.6218738555908203,1.8181740045547483,550.0023636323463,0.2166607854510921,1730.4443359375,5206.0,60065280.0,33,61.8,-6.1000000000000085,False
deit_tiny,32,8,32,Hybrid_Group_Mean,13.568896293640137,1.278656005859375,0.4240280091762543,2358.334775909422,0.9290117619325642,1730.4443359375,5206.0,60065280.0,33,62.4,-5.500000000000007,False
deit_tiny,32,8,32,Hybrid_Amortized_Operator,62.51955032348633,1.657888412475586,1.953735947608948,511.839893832038,0.201627557908064,1730.4443359375,5206.0,60065280.0,33,62.4,-5.500000000000007,False
deit_tiny,32,8,32,Attention_Pruning_EViT,9.43446445465088,0.0646243095397949,0.2948270142078399,3391.819446012652,1.3361292857508926,1730.4443359375,5206.0,60065280.0,33,50.4,-17.500000000000007,False
deit_tiny,32,8,32,Token_Merging_ToMe,1104.41357421875,13.89654541015625,34.51292419433594,28.97465292622508,0.0114138983325625,1730.4443359375,5206.0,60065280.0,33,62.6,-5.300000000000004,False
deit_tiny,64,12,196,Clean,26.479808807373047,0.2641925811767578,0.4137470126152038,2416.9358799214524,1.0,922.0908203125,1142.0,1224589824.0,197,67.9,0.0,True
deit_tiny,64,6,98,Spatial_Group_Mean,18.90118408203125,0.0884323120117187,0.2953310012817383,3386.0312519173203,1.40096031510251,922.16748046875,1886.0,285348096.0,99,65.2,-2.700000000000003,True
deit_tiny,64,6,98,Fast_Amortized_Operator,120.56771087646484,0.6744613647460938,1.8838704824447632,530.8220545513648,0.2196260393008919,922.16748046875,2622.0,285348096.0,99,65.2,-2.700000000000003,False
deit_tiny,64,6,98,Fast_Operator_Diagonal,118.91741180419922,0.9342079162597656,1.8580845594406128,538.1886388965289,0.2226739415668815,922.16748046875,2622.0,285348096.0,99,65.2,-2.700000000000003,False
deit_tiny,64,6,98,Hybrid_Group_Mean,115.75299072265624,18.299789428710938,1.808640480041504,552.9014809936425,0.2287613360316415,922.16748046875,2622.0,285348096.0,99,64.60000000000001,-3.299999999999997,False
deit_tiny,64,6,98,Hybrid_Amortized_Operator,212.1926422119141,9.049552917480469,3.315510034561157,301.6127200870802,0.1247913619027751,922.16748046875,2622.0,285348096.0,99,64.60000000000001,-3.299999999999997,False
deit_tiny,64,6,98,Attention_Pruning_EViT,19.28636741638184,0.0416641235351562,0.3013494908809662,3318.4061372614115,1.3729806259358672,922.16748046875,2622.0,285348096.0,99,65.60000000000001,-2.299999999999997,True
deit_tiny,64,6,98,Token_Merging_ToMe,1392.9332275390625,100.73297119140624,21.76458168029785,45.94620814170019,0.0190101063596248,922.16748046875,2622.0,285348096.0,99,66.3,-1.6000000000000085,False
deit_tiny,64,6,49,Spatial_Group_Mean,16.102848052978516,0.0480642318725585,0.2516070008277893,3974.45220804664,1.644417727861198,1904.041015625,4906.0,138470400.0,50,61.5,-6.400000000000006,True
deit_tiny,64,6,49,Fast_Amortized_Operator,113.43081665039062,0.8862266540527344,1.7723565101623535,564.2205697703544,0.2334445751985323,1904.041015625,4906.0,138470400.0,50,61.4,-6.500000000000007,False
deit_tiny,64,6,49,Fast_Operator_Diagonal,112.4818878173828,0.5505905151367188,1.7575294971466064,568.9804931430882,0.2354139792742782,1904.041015625,4906.0,138470400.0,50,61.4,-6.500000000000007,False
deit_tiny,64,6,49,Hybrid_Group_Mean,22.50783920288086,1.132512092590332,0.3516849875450134,2843.4537595154143,1.176470498508973,1904.041015625,4906.0,138470400.0,50,60.099999999999994,-7.800000000000011,False
deit_tiny,64,6,49,Hybrid_Amortized_Operator,120.6424331665039,1.0433921813964844,1.8850380182266235,530.4932793561184,0.2194900095460367,1904.041015625,4906.0,138470400.0,50,60.099999999999994,-7.800000000000011,False
deit_tiny,64,6,49,Attention_Pruning_EViT,16.014751434326172,0.0674238204956054,0.2502304911613464,3996.315538361825,1.6534636154649252,1904.041015625,4906.0,138470400.0,50,57.49999999999999,-10.400000000000013,True
deit_tiny,64,6,49,Token_Merging_ToMe,2057.056396484375,47.48455810546875,32.14150619506836,31.112418750103107,0.0128726703130884,1904.041015625,4906.0,138470400.0,50,63.2,-4.700000000000003,False
deit_tiny,64,6,32,Spatial_Group_Mean,15.534015655517578,0.0509595870971679,0.2427189946174621,4119.990697786353,1.7046338432115329,1748.9091796875,4912.0,90097920.0,33,55.60000000000001,-12.299999999999997,True
deit_tiny,64,6,32,Fast_Amortized_Operator,111.71369934082033,0.5495033264160156,1.7455265522003174,572.8930326149742,0.2370327807925101,1748.9091796875,4912.0,90097920.0,33,55.50000000000001,-12.399999999999999,False
deit_tiny,64,6,32,Fast_Operator_Diagonal,111.06851196289062,0.8046417236328125,1.735445499420166,576.2209186829044,0.23840968371144,1748.9091796875,4912.0,90097920.0,33,55.50000000000001,-12.399999999999999,False
deit_tiny,64,6,32,Hybrid_Group_Mean,22.256895065307617,4.165200233459473,0.3477639853954315,2875.5133998793217,1.1897350789350574,1748.9091796875,4912.0,90097920.0,33,56.39999999999999,-11.500000000000014,False
deit_tiny,64,6,32,Hybrid_Amortized_Operator,118.4636459350586,0.8585739135742188,1.8509944677352903,540.2501290149773,0.2235268769449253,1748.9091796875,4912.0,90097920.0,33,56.39999999999999,-11.500000000000014,False
deit_tiny,64,6,32,Attention_Pruning_EViT,15.483200073242188,0.1848483085632324,0.2419250011444091,4133.512432652973,1.7102284206179714,1748.9091796875,4912.0,90097920.0,33,48.5,-19.400000000000006,True
deit_tiny,64,6,32,Token_Merging_ToMe,2344.002685546875,45.825439453125,36.62504196166992,27.30372298403245,0.0112968338179165,1748.9091796875,4912.0,90097920.0,33,59.699999999999996,-8.20000000000001,False
deit_tiny,64,8,98,Spatial_Group_Mean,21.20639991760254,0.0565595626831054,0.3313499987125397,3017.9568549434125,1.248670632934413,1693.69140625,4912.0,190232064.0,99,66.4,-1.5,True
deit_tiny,64,8,98,Fast_Amortized_Operator,121.71414184570312,0.6579971313476562,1.9017834663391116,525.8222177759156,0.2175573717714862,1693.69140625,4912.0,190232064.0,99,66.5,-1.4000000000000057,False
deit_tiny,64,8,98,Fast_Operator_Diagonal,120.48210906982422,0.7127342224121094,1.8825329542160036,531.1992003967115,0.2197820822677243,1693.69140625,4912.0,190232064.0,99,66.5,-1.4000000000000057,False
deit_tiny,64,8,98,Hybrid_Group_Mean,117.55657958984376,2.2498092651367188,1.8368215560913088,544.4186979860824,0.2252516099036005,1693.69140625,4912.0,190232064.0,99,65.8,-2.1000000000000085,False
deit_tiny,64,8,98,Hybrid_Amortized_Operator,219.7718048095703,24.251304626464844,3.433934450149536,291.2111499264214,0.1204877433222951,1693.69140625,4912.0,190232064.0,99,65.8,-2.1000000000000085,False
deit_tiny,64,8,98,Attention_Pruning_EViT,21.13673591613769,0.0518407821655273,0.3302614986896515,3027.903658063713,1.252786093010509,1693.69140625,4912.0,190232064.0,99,65.2,-2.700000000000003,False
deit_tiny,64,8,98,Token_Merging_ToMe,1315.369873046875,26.3797607421875,20.552654266357425,48.65551607302114,0.0201310744224635,1693.69140625,4912.0,190232064.0,99,66.2,-1.7000000000000028,False
deit_tiny,64,8,49,Spatial_Group_Mean,19.20649528503418,0.0160789489746093,0.300101488828659,3332.206061033384,1.3786903031708382,1903.251953125,5206.0,92313600.0,50,63.9,-4.000000000000007,False
deit_tiny,64,8,49,Fast_Amortized_Operator,116.53155517578124,0.7268791198730469,1.820805549621582,549.2074649090508,0.2272329479120891,1903.251953125,5206.0,92313600.0,50,64.0,-3.9000000000000057,False
deit_tiny,64,8,49,Fast_Operator_Diagonal,115.7041244506836,0.8549919128417969,1.8078769445419312,553.1349924114298,0.2288579506831625,1903.251953125,5206.0,92313600.0,50,64.0,-3.9000000000000057,False
deit_tiny,64,8,49,Hybrid_Group_Mean,25.500959396362305,0.4499835968017578,0.398452490568161,2509.709497797544,1.0383848072457371,1903.251953125,5206.0,92313600.0,50,64.1,-3.8000000000000114,False
deit_tiny,64,8,49,Hybrid_Amortized_Operator,122.34268951416016,0.6655197143554688,1.9116045236587524,523.1207541223174,0.2164396492551214,1903.251953125,5206.0,92313600.0,50,64.0,-3.9000000000000057,False
deit_tiny,64,8,49,Attention_Pruning_EViT,19.18489646911621,0.0301923751831054,0.2997640073299408,3335.957538422321,1.3802424657334047,1903.251953125,5206.0,92313600.0,50,59.3,-8.600000000000009,False
deit_tiny,64,8,49,Token_Merging_ToMe,1939.3896484375,11.7366943359375,30.302963256835938,33.00007301346721,0.0136536816254056,1903.251953125,5206.0,92313600.0,50,64.5,-3.4000000000000057,False
deit_tiny,64,8,32,Spatial_Group_Mean,18.85183906555176,0.0997276306152343,0.2945599853992462,3394.8942475828862,1.4046273530819595,1748.8193359375,5206.0,60065280.0,33,61.8,-6.1000000000000085,True
deit_tiny,64,8,32,Fast_Amortized_Operator,115.85926055908205,0.6601753234863281,1.8103009462356567,552.3943419901547,0.2285515087839677,1748.8193359375,5206.0,60065280.0,33,61.8,-6.1000000000000085,False
deit_tiny,64,8,32,Fast_Operator_Diagonal,114.5885772705078,0.5842208862304688,1.7904465198516846,558.519893731781,0.2310859375176855,1748.8193359375,5206.0,60065280.0,33,61.8,-6.1000000000000085,False
deit_tiny,64,8,32,Hybrid_Group_Mean,25.47225570678711,3.086880683898926,0.3980039954185486,2512.5375913585517,1.0395549225080003,1748.8193359375,5206.0,60065280.0,33,62.4,-5.500000000000007,False
deit_tiny,64,8,32,Hybrid_Amortized_Operator,122.02416229248048,5.564525604248047,1.9066275358200075,524.4862885974829,0.2170046350648442,1748.8193359375,5206.0,60065280.0,33,62.4,-5.500000000000007,False
deit_tiny,64,8,32,Attention_Pruning_EViT,18.907360076904297,0.0658397674560546,0.2954275012016296,3384.925221695927,1.4005026984025466,1748.8193359375,5206.0,60065280.0,33,50.4,-17.500000000000007,False
deit_tiny,64,8,32,Token_Merging_ToMe,2199.744384765625,26.72998046875,34.37100601196289,29.094289519833904,0.0120376753729931,1748.8193359375,5206.0,60065280.0,33,62.6,-5.300000000000004,False
deit_small,1,12,196,Clean,3.142911911010742,0.1537280082702636,3.142911911010742,318.1762735686747,1.0,1657.64306640625,5206.0,4540695552.0,197,76.1,0.0,True
deit_small,1,6,98,Spatial_Group_Mean,3.874336004257202,0.2713919878005981,3.874336004257202,258.108744027668,0.8112130459405803,1657.71875,5206.0,1096229376.0,99,74.8,-1.2999999999999972,False
deit_small,1,6,98,Fast_Amortized_Operator,7.768127918243408,0.2452161312103271,7.768127918243408,128.731144816952,0.4045906483632472,1657.71875,5206.0,1096229376.0,99,74.8,-1.2999999999999972,False
deit_small,1,6,98,Fast_Operator_Diagonal,7.145535945892334,0.3486237525939941,7.145535945892334,139.94751514403305,0.4398427122625377,1657.71875,5206.0,1096229376.0,99,74.8,-1.2999999999999972,False
deit_small,1,6,98,Hybrid_Group_Mean,20.98758316040039,0.9322566986083984,20.98758316040039,47.64722037584639,0.1497510164458013,1657.71875,5206.0,1096229376.0,99,73.2,-2.8999999999999915,False
deit_small,1,6,98,Hybrid_Amortized_Operator,27.173791885375977,1.572159767150879,27.173791885375977,36.80016407788,0.1156596740075187,1657.71875,5206.0,1096229376.0,99,73.2,-2.8999999999999915,False
deit_small,1,6,98,Attention_Pruning_EViT,3.714560031890869,0.1934398412704467,3.714560031890869,269.2108867307651,0.8461061024798854,1657.71875,5206.0,1096229376.0,99,73.3,-2.799999999999997,False
deit_small,1,6,98,Token_Merging_ToMe,23.77846336364746,0.1399192810058593,23.77846336364746,42.0548621963857,0.132174727312936,1657.71875,5206.0,1096229376.0,99,75.1,-1.0,False
deit_small,1,6,49,Spatial_Group_Mean,5.093183994293213,1.4494881629943848,5.093183994293213,196.34083534395683,0.6170819500203207,2808.951171875,6970.0,542361600.0,50,72.8,-3.299999999999997,False
deit_small,1,6,49,Fast_Amortized_Operator,10.539775848388672,2.041696071624756,10.539775848388672,94.8786781032806,0.2981953275117547,2808.951171875,6970.0,542361600.0,50,72.8,-3.299999999999997,False
deit_small,1,6,49,Fast_Operator_Diagonal,9.531840324401855,1.1720643043518066,9.531840324401855,104.91153502015386,0.3297277130172621,2808.951171875,6970.0,542361600.0,50,72.8,-3.299999999999997,False
deit_small,1,6,49,Hybrid_Group_Mean,8.978912353515625,3.798815727233887,8.978912353515625,111.37206385676072,0.3500325860492623,2808.951171875,6970.0,542361600.0,50,71.0,-5.099999999999994,False
deit_small,1,6,49,Hybrid_Amortized_Operator,10.436415672302246,2.1643199920654297,10.436415672302246,95.81833757867204,0.3011485944692565,2808.951171875,6970.0,542361600.0,50,70.89999999999999,-5.200000000000003,False
deit_small,1,6,49,Attention_Pruning_EViT,4.31279993057251,3.8116320371627808,4.31279993057251,231.86793176080704,0.7287404845124664,2808.951171875,6970.0,542361600.0,50,67.80000000000001,-8.299999999999983,False
deit_small,1,6,49,Token_Merging_ToMe,34.63014221191406,9.980592727661133,34.63014221191406,28.876577921067927,0.0907565406973542,2808.951171875,6970.0,542361600.0,50,72.2,-3.8999999999999915,False
deit_small,1,6,32,Spatial_Group_Mean,5.6526079177856445,2.9479517936706543,5.6526079177856445,176.90949284728393,0.5560109522405984,2498.0107421875,6970.0,355373568.0,33,67.7,-8.399999999999991,False
deit_small,1,6,32,Fast_Amortized_Operator,7.815231800079346,0.6671037673950195,7.815231800079346,127.95525783251206,0.4021521039182527,2498.0107421875,6970.0,355373568.0,33,67.7,-8.399999999999991,False
deit_small,1,6,32,Fast_Operator_Diagonal,7.397312164306641,0.4609756469726562,7.397312164306641,135.18423689420322,0.4248721483156891,2498.0107421875,6970.0,355373568.0,33,67.7,-8.399999999999991,False
deit_small,1,6,32,Hybrid_Group_Mean,5.456992149353027,0.3464479446411133,5.456992149353027,183.2511340736597,0.5759421719863316,2498.0107421875,6970.0,355373568.0,33,67.4,-8.699999999999989,False
deit_small,1,6,32,Hybrid_Amortized_Operator,9.19871997833252,0.4641757011413574,9.19871997833252,108.7107774076707,0.3416683971698057,2498.0107421875,6970.0,355373568.0,33,67.4,-8.699999999999989,False
deit_small,1,6,32,Attention_Pruning_EViT,3.913952112197876,0.2264319658279419,3.913952112197876,255.4962276833916,0.803002137204444,2498.0107421875,6970.0,355373568.0,33,61.4,-14.699999999999996,False
deit_small,1,6,32,Token_Merging_ToMe,37.9167366027832,4.15123176574707,37.9167366027832,26.37357772837964,0.0828898315784919,2498.0107421875,6970.0,355373568.0,33,70.6,-5.5,False
deit_small,1,8,98,Spatial_Group_Mean,4.0484161376953125,0.4905600547790527,4.0484161376953125,247.0101802749164,0.7763312377269455,2387.109375,7852.0,730819584.0,99,76.4,0.30000000000001137,True
deit_small,1,8,98,Fast_Amortized_Operator,7.522463798522949,0.4643201828002929,7.522463798522949,132.93516948481056,0.4178035275660428,2387.109375,7852.0,730819584.0,99,76.4,0.30000000000001137,False
deit_small,1,8,98,Fast_Operator_Diagonal,7.029151916503906,0.2008478641510009,7.029151916503906,142.2646731609367,0.4471253357935582,2387.109375,7852.0,730819584.0,99,76.4,0.30000000000001137,False
deit_small,1,8,98,Hybrid_Group_Mean,21.2674560546875,1.260784149169922,21.2674560546875,47.02019825166597,0.1477803411432474,2387.109375,7852.0,730819584.0,99,75.0,-1.0999999999999943,False
deit_small,1,8,98,Hybrid_Amortized_Operator,24.134239196777344,0.9966726303100586,24.134239196777344,41.43490879685697,0.1302262683892855,2387.109375,7852.0,730819584.0,99,75.0,-1.0999999999999943,False
deit_small,1,8,98,Attention_Pruning_EViT,3.749792098999024,0.3959361314773559,3.749792098999024,266.6814515575255,0.8381563105457812,2387.109375,7852.0,730819584.0,99,75.1,-1.0,False
deit_small,1,8,98,Token_Merging_ToMe,23.579456329345703,1.4113759994506836,23.579456329345703,42.40979885339657,0.1332902619599098,2387.109375,7852.0,730819584.0,99,75.8,-0.29999999999999716,False
deit_small,1,8,49,Spatial_Group_Mean,3.724767923355103,0.1569119691848755,3.724767923355103,268.47310237230704,0.8437873112319302,2808.498046875,7852.0,361574400.0,50,75.5,-0.5999999999999943,False
deit_small,1,8,49,Fast_Amortized_Operator,7.445536136627197,0.3401119709014892,7.445536136627197,134.30866248578798,0.4221202950785047,2808.498046875,7852.0,361574400.0,50,75.5,-0.5999999999999943,False
deit_small,1,8,49,Fast_Operator_Diagonal,7.14521598815918,0.3754076957702636,7.14521598815918,139.95378189507042,0.4398624081090164,2808.498046875,7852.0,361574400.0,50,75.5,-0.5999999999999943,False
deit_small,1,8,49,Hybrid_Group_Mean,6.277472019195557,0.2093122005462646,6.277472019195557,159.29979407987034,0.500665220235183,2808.498046875,7852.0,361574400.0,50,73.7,-2.3999999999999915,False
deit_small,1,8,49,Hybrid_Amortized_Operator,10.042176246643066,1.1042723655700684,10.042176246643066,99.58000889839823,0.3129711960653315,2808.498046875,7852.0,361574400.0,50,73.8,-2.299999999999997,False
deit_small,1,8,49,Attention_Pruning_EViT,3.992608070373535,0.5396159887313843,3.992608070373535,250.46285094205183,0.7871826774914829,2808.498046875,7852.0,361574400.0,50,71.7,-4.3999999999999915,False
deit_small,1,8,49,Token_Merging_ToMe,35.019744873046875,1.14593505859375,35.019744873046875,28.55531939553492,0.0897468534509427,2808.498046875,7852.0,361574400.0,50,74.3,-1.7999999999999972,False
deit_small,1,8,32,Spatial_Group_Mean,3.855423927307129,0.0984638929367065,3.855423927307129,259.3748492655289,0.8151923031732466,2497.7646484375,7852.0,236915712.0,33,73.1,-3.0,False
deit_small,1,8,32,Fast_Amortized_Operator,7.315392017364502,0.3839840888977051,7.315392017364502,136.69807409176514,0.4296300052752376,2497.7646484375,7852.0,236915712.0,33,73.3,-2.799999999999997,False
deit_small,1,8,32,Fast_Operator_Diagonal,6.943808078765869,0.3142399787902832,6.943808078765869,144.01319688802965,0.4526207918421235,2497.7646484375,7852.0,236915712.0,33,73.3,-2.799999999999997,False
deit_small,1,8,32,Hybrid_Group_Mean,5.188960075378418,0.1793601512908935,5.188960075378418,192.71684219444924,0.6056920587853121,2497.7646484375,7852.0,236915712.0,33,72.6,-3.5,False
deit_small,1,8,32,Hybrid_Amortized_Operator,9.022368431091309,1.317552089691162,9.022368431091309,110.83564228589633,0.3483466603048695,2497.7646484375,7852.0,236915712.0,33,72.6,-3.5,False
deit_small,1,8,32,Attention_Pruning_EViT,3.892832040786743,0.2358720302581787,3.892832040786743,256.88239038381414,0.8073587244662007,2497.7646484375,7852.0,236915712.0,33,64.2,-11.899999999999991,False
deit_small,1,8,32,Token_Merging_ToMe,37.35417556762695,0.2763690948486328,37.35417556762695,26.77076885794399,0.0841381683105476,2497.7646484375,7852.0,236915712.0,33,73.7,-2.3999999999999915,False
deit_small,8,12,196,Clean,10.320735931396484,0.0664634704589843,1.2900919914245603,775.1385224054978,1.0,1661.75634765625,5206.0,4540695552.0,197,76.1,0.0,False
deit_small,8,6,98,Spatial_Group_Mean,8.089599609375,0.0379042625427246,1.011199951171875,988.9240983853932,1.2758030594537495,1661.83203125,5206.0,1096229376.0,99,74.8,-1.2999999999999972,True
deit_small,8,6,98,Fast_Amortized_Operator,30.54697608947754,0.6141443252563477,3.818372011184693,261.89171643591084,0.3378644059944005,1661.83203125,5206.0,1096229376.0,99,74.8,-1.2999999999999972,False
deit_small,8,6,98,Fast_Operator_Diagonal,28.708480834960938,0.1173114776611328,3.588560104370117,278.663299740252,0.3595012912988409,1661.83203125,5206.0,1096229376.0,99,74.8,-1.2999999999999972,False
deit_small,8,6,98,Hybrid_Group_Mean,33.146976470947266,0.8714408874511719,4.143372058868408,241.3493130214111,0.3113628158647418,1661.83203125,5206.0,1096229376.0,99,73.2,-2.8999999999999915,False
deit_small,8,6,98,Hybrid_Amortized_Operator,56.287841796875,1.3638076782226562,7.035980224609375,142.12660753399405,0.1833563981479473,1661.83203125,5206.0,1096229376.0,99,73.2,-2.8999999999999915,False
deit_small,8,6,98,Attention_Pruning_EViT,7.996032238006592,0.0267043113708496,0.999504029750824,1000.4962163577268,1.2907321561736775,1661.83203125,5206.0,1096229376.0,99,73.3,-2.799999999999997,True
deit_small,8,6,98,Token_Merging_ToMe,167.0957794189453,0.7950592041015625,20.886972427368164,47.87673290025038,0.0617653896901857,1661.83203125,5206.0,1096229376.0,99,75.1,-1.0,False
deit_small,8,6,49,Spatial_Group_Mean,7.130559921264648,0.0265600681304931,0.891319990158081,1121.931529688506,1.447394881377848,2812.994140625,6970.0,542361600.0,50,72.8,-3.299999999999997,True
deit_small,8,6,49,Fast_Amortized_Operator,28.544864654541016,0.5370550155639648,3.568108081817627,280.26056864583285,0.3615619151220822,2812.994140625,6970.0,542361600.0,50,72.8,-3.299999999999997,False
deit_small,8,6,49,Fast_Operator_Diagonal,28.8786563873291,0.5643520355224609,3.6098320484161377,277.021198379233,0.357382829483883,2812.994140625,6970.0,542361600.0,50,72.8,-3.299999999999997,False
deit_small,8,6,49,Hybrid_Group_Mean,11.809503555297852,1.5633277893066406,1.4761879444122314,677.4205166660987,0.873934783377622,2812.994140625,6970.0,542361600.0,50,71.0,-5.099999999999994,False
deit_small,8,6,49,Hybrid_Amortized_Operator,33.09356689453125,1.3969764709472656,4.136695861816406,241.7388257208989,0.3118653230789093,2812.994140625,6970.0,542361600.0,50,70.89999999999999,-5.200000000000003,False
deit_small,8,6,49,Attention_Pruning_EViT,7.109248161315918,0.0229279994964599,0.8886560201644897,1125.2948017106785,1.451733811678635,2812.994140625,6970.0,542361600.0,50,67.80000000000001,-8.299999999999983,True
deit_small,8,6,49,Token_Merging_ToMe,247.9481658935547,0.2423095703125,30.993520736694336,32.26480813507787,0.0416245705799139,2812.994140625,6970.0,542361600.0,50,72.2,-3.8999999999999915,False
deit_small,8,6,32,Spatial_Group_Mean,6.743199825286865,0.01910400390625,0.8428999781608582,1186.380384279902,1.5305398325426944,2502.0302734375,6970.0,355373568.0,33,67.7,-8.399999999999991,True
deit_small,8,6,32,Fast_Amortized_Operator,28.378143310546875,0.4061279296875,3.54726791381836,281.9070970378376,0.3636860882142607,2502.0302734375,6970.0,355373568.0,33,67.7,-8.399999999999991,False
deit_small,8,6,32,Fast_Operator_Diagonal,27.61676788330078,0.4003677368164062,3.4520959854125977,289.67908314996606,0.3737126652549806,2502.0302734375,6970.0,355373568.0,33,67.7,-8.399999999999991,False
deit_small,8,6,32,Hybrid_Group_Mean,9.10921573638916,0.1753439903259277,1.138651967048645,878.2314780450192,1.132999396442834,2502.0302734375,6970.0,355373568.0,33,67.4,-8.699999999999989,False
deit_small,8,6,32,Hybrid_Amortized_Operator,30.356672286987305,0.2697114944458008,3.794584035873413,263.53349683289497,0.3399824537362276,2502.0302734375,6970.0,355373568.0,33,67.4,-8.699999999999989,False
deit_small,8,6,32,Attention_Pruning_EViT,6.750207901000977,0.0404319763183593,0.8437759876251221,1185.1486824300173,1.528950823850335,2502.0302734375,6970.0,355373568.0,33,61.4,-14.699999999999996,False
deit_small,8,6,32,Token_Merging_ToMe,280.3687438964844,3.774368286132813,35.04609298706055,28.53385113054435,0.0368112928280159,2502.0302734375,6970.0,355373568.0,33,70.6,-5.5,False
deit_small,8,8,98,Spatial_Group_Mean,9.117823600769045,0.0279040336608886,1.1397279500961304,877.4023659906339,1.1319297656214782,2391.12890625,7852.0,730819584.0,99,76.4,0.30000000000001137,True
deit_small,8,8,98,Fast_Amortized_Operator,31.262624740600582,0.3100166320800781,3.907828092575073,255.8966198897064,0.3301301799523252,2391.12890625,7852.0,730819584.0,99,76.4,0.30000000000001137,False
deit_small,8,8,98,Fast_Operator_Diagonal,29.74950408935547,0.3288154602050781,3.7186880111694336,268.9120455914572,0.3469212764151352,2391.12890625,7852.0,730819584.0,99,76.4,0.30000000000001137,False
deit_small,8,8,98,Hybrid_Group_Mean,33.32428741455078,1.666767120361328,4.165535926818848,240.06514829501995,0.3097061252355547,2391.12890625,7852.0,730819584.0,99,75.0,-1.0999999999999943,False
deit_small,8,8,98,Hybrid_Amortized_Operator,57.64435195922852,2.614992141723633,7.2055439949035645,138.78202682646773,0.1790415813624945,2391.12890625,7852.0,730819584.0,99,75.0,-1.0999999999999943,False
deit_small,8,8,98,Attention_Pruning_EViT,8.779840469360352,0.0242881774902343,1.097480058670044,911.1782871133232,1.175503810964847,2391.12890625,7852.0,730819584.0,99,75.1,-1.0,False
deit_small,8,8,98,Token_Merging_ToMe,181.6133728027344,3.962974548339844,22.7016716003418,44.049619675801495,0.0568280615690492,2391.12890625,7852.0,730819584.0,99,75.8,-0.29999999999999716,False
deit_small,8,8,49,Spatial_Group_Mean,8.157504081726074,0.0344958305358886,1.0196880102157593,980.6921234549052,1.2651830545223195,2812.517578125,7852.0,361574400.0,50,75.5,-0.5999999999999943,True
deit_small,8,8,49,Fast_Amortized_Operator,29.352031707763672,0.1826391220092773,3.669003963470459,272.5535349528797,0.3516191326771641,2812.517578125,7852.0,361574400.0,50,75.5,-0.5999999999999943,False
deit_small,8,8,49,Fast_Operator_Diagonal,28.496543884277344,0.3559198379516601,3.562067985534668,280.7357984353293,0.362175005267598,2812.517578125,7852.0,361574400.0,50,75.5,-0.5999999999999943,False
deit_small,8,8,49,Hybrid_Group_Mean,10.730175971984863,0.3299999237060547,1.341271996498108,745.560932168027,0.9618421877090017,2812.517578125,7852.0,361574400.0,50,73.7,-2.3999999999999915,False
deit_small,8,8,49,Hybrid_Amortized_Operator,32.37071990966797,0.3619518280029297,4.046339988708496,247.1369194853985,0.3188293606134491,2812.517578125,7852.0,361574400.0,50,73.8,-2.299999999999997,False
deit_small,8,8,49,Attention_Pruning_EViT,8.139264106750488,0.0463838577270507,1.017408013343811,982.8898405403768,1.2680183117337034,2812.517578125,7852.0,361574400.0,50,71.7,-4.3999999999999915,False
deit_small,8,8,49,Token_Merging_ToMe,272.1825866699219,24.7435302734375,34.022823333740234,29.39203458192448,0.0379184284258145,2812.517578125,7852.0,361574400.0,50,74.3,-1.7999999999999972,False
deit_small,8,8,32,Spatial_Group_Mean,7.888415813446045,0.0496001243591308,0.9860519766807556,1014.1453226088508,1.3083407588383558,2502.2529296875,7852.0,236915712.0,33,73.1,-3.0,True
deit_small,8,8,32,Fast_Amortized_Operator,29.167999267578125,0.2207527160644531,3.6459999084472656,274.27318297050465,0.3538376368127712,2502.2529296875,7852.0,236915712.0,33,73.3,-2.799999999999997,False
deit_small,8,8,32,Fast_Operator_Diagonal,28.33990478515625,0.2655525207519531,3.5424880981445312,282.28746922926166,0.3641768033321775,2502.2529296875,7852.0,236915712.0,33,73.3,-2.799999999999997,False
deit_small,8,8,32,Hybrid_Group_Mean,9.92246437072754,0.1775040626525879,1.2403080463409424,806.2513203474895,1.040138371455774,2502.2529296875,7852.0,236915712.0,33,72.6,-3.5,False
deit_small,8,8,32,Hybrid_Amortized_Operator,30.977888107299805,0.310159683227539,3.872236013412476,258.24872154905984,0.3331646074660734,2502.2529296875,7852.0,236915712.0,33,72.6,-3.5,False
deit_small,8,8,32,Attention_Pruning_EViT,7.946400165557861,0.02569580078125,0.9933000206947328,1006.7451718168508,1.2987938835662622,2502.2529296875,7852.0,236915712.0,33,64.2,-11.899999999999991,False
deit_small,8,8,32,Token_Merging_ToMe,273.81573486328125,30.07392883300781,34.22696685791016,29.216728556503423,0.0376922675263703,2502.2529296875,7852.0,236915712.0,33,73.7,-2.3999999999999915,False
deit_small,16,12,196,Clean,20.12928009033203,0.1018543243408203,1.258080005645752,794.8620083877069,1.0,1666.25634765625,5206.0,4540695552.0,197,76.1,0.0,False
deit_small,16,6,98,Spatial_Group_Mean,14.859647750854492,0.0943837165832519,0.9287279844284058,1076.7415397905334,1.3546270024586895,1666.33203125,5206.0,1096229376.0,99,74.8,-1.2999999999999972,True
deit_small,16,6,98,Fast_Amortized_Operator,57.05936050415039,0.309152603149414,3.5662100315093994,280.4097322267779,0.3527778775029885,1666.33203125,5206.0,1096229376.0,99,74.8,-1.2999999999999972,False
deit_small,16,6,98,Fast_Operator_Diagonal,55.48227310180664,0.4761428833007812,3.467642068862915,288.38039801723625,0.3628056127656487,1666.33203125,5206.0,1096229376.0,99,74.8,-1.2999999999999972,False
deit_small,16,6,98,Hybrid_Group_Mean,45.069278717041016,1.1358718872070312,2.8168299198150635,355.009009583956,0.4466297367816762,1666.33203125,5206.0,1096229376.0,99,73.2,-2.8999999999999915,False
deit_small,16,6,98,Hybrid_Amortized_Operator,88.7525405883789,1.1050872802734375,5.547033786773682,180.27652948218827,0.2268022972287479,1666.33203125,5206.0,1096229376.0,99,73.2,-2.8999999999999915,False
deit_small,16,6,98,Attention_Pruning_EViT,14.754400253295898,0.0735998153686523,0.9221500158309937,1084.422255416709,1.3642899572170322,1666.33203125,5206.0,1096229376.0,99,73.3,-2.799999999999997,True
deit_small,16,6,98,Token_Merging_ToMe,331.6390380859375,0.8802490234375,20.727439880371094,48.245224966108864,0.0606963528977428,1666.33203125,5206.0,1096229376.0,99,75.1,-1.0,False
deit_small,16,6,49,Spatial_Group_Mean,12.689663887023926,0.0461597442626953,0.7931039929389954,1260.868699316861,1.5862737003551084,2817.564453125,6970.0,542361600.0,50,72.8,-3.299999999999997,True
deit_small,16,6,49,Fast_Amortized_Operator,53.353790283203125,0.7200336456298828,3.3346118927001958,299.8849737773388,0.3772792895028705,2817.564453125,6970.0,542361600.0,50,72.8,-3.299999999999997,False
deit_small,16,6,49,Fast_Operator_Diagonal,52.24208068847656,0.8126087188720703,3.265130043029785,306.26651521422355,0.3853077791898151,2817.564453125,6970.0,542361600.0,50,72.8,-3.299999999999997,False
deit_small,16,6,49,Hybrid_Group_Mean,16.285823822021484,1.77801513671875,1.0178639888763428,982.4495324802054,1.2360001133693632,2817.564453125,6970.0,542361600.0,50,71.0,-5.099999999999994,False
deit_small,16,6,49,Hybrid_Amortized_Operator,58.59084701538086,2.066560745239258,3.661927938461304,273.0801962258677,0.3435567348095827,2817.564453125,6970.0,542361600.0,50,70.89999999999999,-5.200000000000003,False
deit_small,16,6,49,Attention_Pruning_EViT,12.68832015991211,0.0415840148925781,0.7930200099945068,1261.002228691464,1.5864416909914625,2817.564453125,6970.0,542361600.0,50,67.80000000000001,-8.299999999999983,True
deit_small,16,6,49,Token_Merging_ToMe,603.0838623046875,32.92254638671875,37.69274139404297,26.53030697730152,0.033377248751787,2817.564453125,6970.0,542361600.0,50,72.2,-3.8999999999999915,False
deit_small,16,6,32,Spatial_Group_Mean,11.934816360473633,0.0715036392211914,0.745926022529602,1340.6155165478424,1.6866015766272924,2506.6240234375,6970.0,355373568.0,33,67.7,-8.399999999999991,True
deit_small,16,6,32,Fast_Amortized_Operator,52.369407653808594,0.0984325408935546,3.273087978363037,305.5218822746488,0.3843709713769909,2506.6240234375,6970.0,355373568.0,33,67.7,-8.399999999999991,False
deit_small,16,6,32,Fast_Operator_Diagonal,51.547454833984375,0.448944091796875,3.2217159271240234,310.3935985109292,0.390499980167035,2506.6240234375,6970.0,355373568.0,33,67.7,-8.399999999999991,False
deit_small,16,6,32,Hybrid_Group_Mean,13.953439712524414,0.2090396881103515,0.8720899820327759,1146.6706654158272,1.4426034372201622,2506.6240234375,6970.0,355373568.0,33,67.4,-8.699999999999989,False
deit_small,16,6,32,Hybrid_Amortized_Operator,54.687103271484375,0.3277130126953125,3.417943954467773,292.5735510358055,0.3680809347389239,2506.6240234375,6970.0,355373568.0,33,67.4,-8.699999999999989,False
deit_small,16,6,32,Attention_Pruning_EViT,11.94313621520996,0.0450401306152343,0.7464460134506226,1339.68161391507,1.6854266523977812,2506.6240234375,6970.0,355373568.0,33,61.4,-14.699999999999996,False
deit_small,16,6,32,Token_Merging_ToMe,548.9590454101562,5.837371826171875,34.309940338134766,29.14607225033619,0.0366680907412544,2506.6240234375,6970.0,355373568.0,33,70.6,-5.5,False
deit_small,16,8,98,Spatial_Group_Mean,16.406784057617188,0.0539522171020507,1.0254240036010742,975.206350239715,1.226887610615354,2395.72265625,7852.0,730819584.0,99,76.4,0.30000000000001137,True
deit_small,16,8,98,Fast_Amortized_Operator,58.708927154541016,0.7417926788330078,3.6693079471588135,272.5309552648235,0.3428657457382113,2395.72265625,7852.0,730819584.0,99,76.4,0.30000000000001137,False
deit_small,16,8,98,Fast_Operator_Diagonal,57.05558395385742,0.3754558563232422,3.565973997116089,280.4282927493948,0.3528012281253871,2395.72265625,7852.0,730819584.0,99,76.4,0.30000000000001137,False
deit_small,16,8,98,Hybrid_Group_Mean,49.42144012451172,2.6777114868164062,3.0888400077819824,323.74613041809005,0.4072985335841811,2395.72265625,7852.0,730819584.0,99,75.0,-1.0999999999999943,False
deit_small,16,8,98,Hybrid_Amortized_Operator,92.30780792236328,2.47988510131836,5.769237995147705,173.33311623494532,0.2180669278514557,2395.72265625,7852.0,730819584.0,99,75.0,-1.0999999999999943,False
deit_small,16,8,98,Attention_Pruning_EViT,16.40892791748047,0.0566082000732421,1.0255579948425293,975.0789375432116,1.2267273152494176,2395.72265625,7852.0,730819584.0,99,75.1,-1.0,False
deit_small,16,8,98,Token_Merging_ToMe,370.9689331054688,17.809402465820312,23.1855583190918,43.130296292091664,0.0542613634026576,2395.72265625,7852.0,730819584.0,99,75.8,-0.29999999999999716,False
deit_small,16,8,49,Spatial_Group_Mean,14.95411205291748,0.0823359489440918,0.9346320033073424,1069.9398227980023,1.3460698983063255,2817.111328125,7852.0,361574400.0,50,75.5,-0.5999999999999943,True
deit_small,16,8,49,Fast_Amortized_Operator,54.92473602294922,0.5274066925048828,3.432796001434326,291.3077268740029,0.3664884266702967,2817.111328125,7852.0,361574400.0,50,75.5,-0.5999999999999943,False
deit_small,16,8,49,Fast_Operator_Diagonal,54.17276763916016,0.409311294555664,3.3857979774475098,295.35134897619656,0.3715756267874538,2817.111328125,7852.0,361574400.0,50,75.5,-0.5999999999999943,False
deit_small,16,8,49,Hybrid_Group_Mean,17.392671585083008,0.1457595825195312,1.087041974067688,919.92767883472,1.157342619382068,2817.111328125,7852.0,361574400.0,50,73.7,-2.3999999999999915,False
deit_small,16,8,49,Hybrid_Amortized_Operator,58.24127960205078,0.2023353576660156,3.640079975128174,274.7192388169406,0.3456187815218133,2817.111328125,7852.0,361574400.0,50,73.8,-2.299999999999997,False
deit_small,16,8,49,Attention_Pruning_EViT,15.016511917114258,0.0871357917785644,0.9385319948196412,1065.4937770045565,1.3404764169894057,2817.111328125,7852.0,361574400.0,50,71.7,-4.3999999999999915,False
deit_small,16,8,49,Token_Merging_ToMe,493.6384582519531,14.117904663085938,30.85240364074707,32.412385486856856,0.0407773741162971,2817.111328125,7852.0,361574400.0,50,74.3,-1.7999999999999972,False
deit_small,16,8,32,Spatial_Group_Mean,14.462847709655762,0.1288323402404785,0.9039279818534852,1106.282823493882,1.3917923008269817,2506.3779296875,7852.0,236915712.0,33,73.1,-3.0,True
deit_small,16,8,32,Fast_Amortized_Operator,54.44668960571289,0.4441909790039062,3.402918100357056,293.8654326987986,0.3697062252287959,2506.3779296875,7852.0,236915712.0,33,73.3,-2.799999999999997,False
deit_small,16,8,32,Fast_Operator_Diagonal,53.712833404541016,0.4009132385253906,3.357052087783813,297.8803944207367,0.3747573682945992,2506.3779296875,7852.0,236915712.0,33,73.3,-2.799999999999997,False
deit_small,16,8,32,Hybrid_Group_Mean,16.671104431152344,0.922032356262207,1.0419440269470217,959.74445280912,1.2074353066085766,2506.3779296875,7852.0,236915712.0,33,72.6,-3.5,False
deit_small,16,8,32,Hybrid_Amortized_Operator,57.25382232666016,0.570465087890625,3.57836389541626,279.45732441604383,0.3515796722790831,2506.3779296875,7852.0,236915712.0,33,72.6,-3.5,False
deit_small,16,8,32,Attention_Pruning_EViT,14.530847549438477,0.0601444244384765,0.9081779718399048,1101.1057645166952,1.3852791464397338,2506.3779296875,7852.0,236915712.0,33,64.2,-11.899999999999991,False
deit_small,16,8,32,Token_Merging_ToMe,558.8970947265625,4.60394287109375,34.93106842041016,28.62781029095869,0.0360160757324748,2506.3779296875,7852.0,236915712.0,33,73.7,-2.3999999999999915,False
deit_small,32,12,196,Clean,39.491329193115234,0.0550727844238281,1.234104037284851,810.3044555304245,1.0,1675.44384765625,5206.0,4540695552.0,197,76.1,0.0,False
deit_small,32,6,98,Spatial_Group_Mean,29.07062339782715,0.0808801651000976,0.9084569811820984,1100.7675880246793,1.3584617244935646,1675.51953125,5206.0,1096229376.0,99,74.8,-1.2999999999999972,True
deit_small,32,6,98,Fast_Amortized_Operator,112.59363555908205,0.850494384765625,3.518551111221313,284.20789364429413,0.3507421089746469,1675.51953125,5206.0,1096229376.0,99,74.8,-1.2999999999999972,False
deit_small,32,6,98,Fast_Operator_Diagonal,111.26976013183594,0.6391868591308594,3.477180004119873,287.58936805548416,0.3549152001974719,1675.51953125,5206.0,1096229376.0,99,74.8,-1.2999999999999972,False
deit_small,32,6,98,Hybrid_Group_Mean,76.82083129882812,1.981426239013672,2.400650978088379,416.55368028395895,0.5140705785842968,1675.51953125,5206.0,1096229376.0,99,73.2,-2.8999999999999915,False
deit_small,32,6,98,Hybrid_Amortized_Operator,160.8768310546875,1.9457550048828125,5.027400970458984,198.90993494968905,0.2454755537774783,1675.51953125,5206.0,1096229376.0,99,73.2,-2.8999999999999915,False
deit_small,32,6,98,Attention_Pruning_EViT,29.01548767089844,0.1217765808105468,0.9067339897155762,1102.859285459983,1.3610430967432512,1675.51953125,5206.0,1096229376.0,99,73.3,-2.799999999999997,True
deit_small,32,6,98,Token_Merging_ToMe,735.0018310546875,46.61245727539063,22.968807220458984,43.53730650450455,0.053729565729717,1675.51953125,5206.0,1096229376.0,99,75.1,-1.0,False
deit_small,32,6,49,Spatial_Group_Mean,24.28620719909668,0.1158885955810546,0.7589439749717712,1317.6203158305525,1.6260805513750252,2826.751953125,6970.0,542361600.0,50,72.8,-3.299999999999997,True
deit_small,32,6,49,Fast_Amortized_Operator,104.50032043457033,0.3661270141601562,3.2656350135803223,306.2191567157521,0.3779062975968722,2826.751953125,6970.0,542361600.0,50,72.8,-3.299999999999997,False
deit_small,32,6,49,Fast_Operator_Diagonal,103.66226959228516,0.9040145874023438,3.239445924758911,308.69476547117324,0.3809614563566751,2826.751953125,6970.0,542361600.0,50,72.8,-3.299999999999997,False
deit_small,32,6,49,Hybrid_Group_Mean,29.8024959564209,2.487025260925293,0.9313279986381532,1073.735570564037,1.3251014026094312,2826.751953125,6970.0,542361600.0,50,71.0,-5.099999999999994,False
deit_small,32,6,49,Hybrid_Amortized_Operator,110.83916473388672,2.0999069213867188,3.46372389793396,288.7066144609504,0.3562939984970998,2826.751953125,6970.0,542361600.0,50,70.89999999999999,-5.200000000000003,False
deit_small,32,6,49,Attention_Pruning_EViT,24.317184448242188,0.0427827835083007,0.7599120140075684,1315.9418216409993,1.6240091149191385,2826.751953125,6970.0,542361600.0,50,67.80000000000001,-8.299999999999983,False
deit_small,32,6,49,Token_Merging_ToMe,1028.6954345703125,43.92108154296875,32.146732330322266,31.107360764526423,0.0383897195087784,2826.751953125,6970.0,542361600.0,50,72.2,-3.8999999999999915,False
deit_small,32,6,32,Spatial_Group_Mean,23.39580726623535,0.2550086975097656,0.7311189770698547,1367.76643933899,1.687966084850973,2515.8115234375,6970.0,355373568.0,33,67.7,-8.399999999999991,True
deit_small,32,6,32,Fast_Amortized_Operator,102.36851501464844,0.7630043029785156,3.199016094207764,312.59611410228,0.3857761264531796,2515.8115234375,6970.0,355373568.0,33,67.7,-8.399999999999991,False
deit_small,32,6,32,Fast_Operator_Diagonal,101.6190414428711,0.805267333984375,3.1755950450897217,314.9016123911185,0.3886213511993886,2515.8115234375,6970.0,355373568.0,33,67.7,-8.399999999999991,False
deit_small,32,6,32,Hybrid_Group_Mean,26.379552841186523,0.4739208221435547,0.8243610262870789,1213.0607441547777,1.4970431618331768,2515.8115234375,6970.0,355373568.0,33,67.4,-8.699999999999989,False
deit_small,32,6,32,Hybrid_Amortized_Operator,105.85430145263672,0.9807510375976562,3.307946920394897,302.3023113927782,0.3730725029703698,2515.8115234375,6970.0,355373568.0,33,67.4,-8.699999999999989,False
deit_small,32,6,32,Attention_Pruning_EViT,23.40390396118164,0.1599044799804687,0.7313719987869263,1367.2932538552575,1.6873821247351142,2515.8115234375,6970.0,355373568.0,33,61.4,-14.699999999999996,False
deit_small,32,6,32,Token_Merging_ToMe,1103.4739990234375,21.23675537109375,34.48356246948242,28.999323978924423,0.035788182800922,2515.8115234375,6970.0,355373568.0,33,70.6,-5.5,False
deit_small,32,8,98,Spatial_Group_Mean,32.17033767700195,0.0734729766845703,1.005323052406311,994.705132451136,1.2275696198659096,2404.91015625,7852.0,730819584.0,99,76.4,0.30000000000001137,True
deit_small,32,8,98,Fast_Amortized_Operator,115.998046875,1.065582275390625,3.62493896484375,275.86671381185704,0.3404482252677173,2404.91015625,7852.0,730819584.0,99,76.4,0.30000000000001137,False
deit_small,32,8,98,Fast_Operator_Diagonal,114.47510528564452,1.5947647094726562,3.577347040176392,279.5367597186467,0.3449774437383072,2404.91015625,7852.0,730819584.0,99,76.4,0.30000000000001137,False
deit_small,32,8,98,Hybrid_Group_Mean,88.02275085449219,3.4397430419921875,2.750710964202881,363.542376139758,0.4486491141182032,2404.91015625,7852.0,730819584.0,99,75.0,-1.0999999999999943,False
deit_small,32,8,98,Hybrid_Amortized_Operator,173.11378479003906,4.741294860839844,5.409805774688721,184.84951986239096,0.2281235387523429,2404.91015625,7852.0,730819584.0,99,75.0,-1.0999999999999943,False
deit_small,32,8,98,Attention_Pruning_EViT,32.22028732299805,0.0964813232421875,1.006883978843689,993.1630863254032,1.225666574516463,2404.91015625,7852.0,730819584.0,99,75.1,-1.0,False
deit_small,32,8,98,Token_Merging_ToMe,762.4525146484375,1.613677978515625,23.826641082763672,41.969826822271045,0.0517951327255107,2404.91015625,7852.0,730819584.0,99,75.8,-0.29999999999999716,False
deit_small,32,8,49,Spatial_Group_Mean,29.13004875183105,0.0886564254760742,0.9103140234947203,1098.5220200837648,1.3556904600316844,2826.298828125,7852.0,361574400.0,50,75.5,-0.5999999999999943,True
deit_small,32,8,49,Fast_Amortized_Operator,109.27648162841795,0.8634567260742188,3.414890050888061,292.8351967700818,0.3613890985930617,2826.298828125,7852.0,361574400.0,50,75.5,-0.5999999999999943,False
deit_small,32,8,49,Fast_Operator_Diagonal,108.3476791381836,0.5757904052734375,3.3858649730682373,295.3455049017533,0.3644870799931866,2826.298828125,7852.0,361574400.0,50,75.5,-0.5999999999999943,False
deit_small,32,8,49,Hybrid_Group_Mean,32.93475341796875,0.6601600646972656,1.0292110443115234,971.618022879784,1.199077724734666,2826.298828125,7852.0,361574400.0,50,73.7,-2.3999999999999915,False
deit_small,32,8,49,Hybrid_Amortized_Operator,113.50150299072266,0.4499664306640625,3.546921968460083,281.9345925543876,0.3479366189216292,2826.298828125,7852.0,361574400.0,50,73.8,-2.299999999999997,False
deit_small,32,8,49,Attention_Pruning_EViT,29.16886329650879,0.0388002395629882,0.9115269780158995,1097.0602342200311,1.3538864641956048,2826.298828125,7852.0,361574400.0,50,71.7,-4.3999999999999915,False
deit_small,32,8,49,Token_Merging_ToMe,1050.7122802734375,12.00732421875,32.83475875854492,30.455530596513363,0.0375852932668094,2826.298828125,7852.0,361574400.0,50,74.3,-1.7999999999999972,False
deit_small,32,8,32,Spatial_Group_Mean,28.52351951599121,0.1691522598266601,0.8913599848747253,1121.8811893833704,1.3845181051719482,2515.5654296875,7852.0,236915712.0,33,73.1,-3.0,True
deit_small,32,8,32,Fast_Amortized_Operator,107.77638244628906,0.3329124450683594,3.368011951446533,296.9110604166676,0.3664191383747358,2515.5654296875,7852.0,236915712.0,33,73.3,-2.799999999999997,False
deit_small,32,8,32,Fast_Operator_Diagonal,106.98284912109376,0.7979507446289062,3.34321403503418,299.1133650196513,0.369137011376609,2515.5654296875,7852.0,236915712.0,33,73.3,-2.799999999999997,False
deit_small,32,8,32,Hybrid_Group_Mean,31.83635139465332,0.505375862121582,0.9948859810829164,1005.140306541979,1.240447710341189,2515.5654296875,7852.0,236915712.0,33,72.6,-3.5,False
deit_small,32,8,32,Hybrid_Amortized_Operator,110.7825927734375,0.4864311218261719,3.461956024169922,288.8540446552239,0.3564759426950705,2515.5654296875,7852.0,236915712.0,33,72.6,-3.5,False
deit_small,32,8,32,Attention_Pruning_EViT,28.614879608154297,0.1253595352172851,0.8942149877548218,1118.2993057528383,1.3800976881224238,2515.5654296875,7852.0,236915712.0,33,64.2,-11.899999999999991,False
deit_small,32,8,32,Token_Merging_ToMe,1185.4852294921875,11.4390869140625,37.04641342163086,26.99316634565533,0.0333123755662748,2515.5654296875,7852.0,236915712.0,33,73.7,-2.3999999999999915,False
deit_small,64,12,196,Clean,78.72525024414062,0.1288909912109375,1.2300820350646973,812.9539099783732,1.0,1693.81884765625,5206.0,4540695552.0,197,76.1,0.0,False
deit_small,64,6,98,Spatial_Group_Mean,57.55510330200195,1.422624588012695,0.8992984890937805,1111.9778495432545,1.3678239761130322,1693.89453125,5206.0,1096229376.0,99,74.8,-1.2999999999999972,True
deit_small,64,6,98,Fast_Amortized_Operator,224.3095703125,0.9368972778320312,3.5048370361328125,285.3199705694122,0.3509669700426221,1693.89453125,5206.0,1096229376.0,99,74.8,-1.2999999999999972,False
deit_small,64,6,98,Fast_Operator_Diagonal,221.58876037597656,0.7394256591796875,3.462324380874634,288.82331347225914,0.3552763692100855,1693.89453125,5206.0,1096229376.0,99,74.8,-1.2999999999999972,False
deit_small,64,6,98,Hybrid_Group_Mean,135.8790740966797,7.810523986816406,2.12311053276062,471.0070364069687,0.579377293873276,1693.89453125,5206.0,1096229376.0,99,73.2,-2.8999999999999915,False
deit_small,64,6,98,Hybrid_Amortized_Operator,337.34002685546875,51.68083190917969,5.270937919616699,189.71955565599217,0.2333706171128929,1693.89453125,5206.0,1096229376.0,99,73.2,-2.8999999999999915,False
deit_small,64,6,98,Attention_Pruning_EViT,58.398624420166016,0.2902545928955078,0.912478506565094,1095.9162246619585,1.348066859892602,1693.89453125,5206.0,1096229376.0,99,73.3,-2.799999999999997,False
deit_small,64,6,98,Token_Merging_ToMe,1425.1790771484375,17.1715087890625,22.268423080444336,44.90663736662068,0.0552388478798451,1693.89453125,5206.0,1096229376.0,99,75.1,-1.0,False
deit_small,64,6,49,Spatial_Group_Mean,47.377471923828125,0.5214881896972656,0.7402729988098145,1350.852998296258,1.661660005217509,2845.126953125,6970.0,542361600.0,50,72.8,-3.299999999999997,True
deit_small,64,6,49,Fast_Amortized_Operator,207.67344665527344,0.4454345703125,3.2448976039886475,308.1761343626973,0.3790819265152383,2845.126953125,6970.0,542361600.0,50,72.8,-3.299999999999997,False
deit_small,64,6,49,Fast_Operator_Diagonal,206.1433258056641,0.858062744140625,3.220989465713501,310.4636046297916,0.3818957025965356,2845.126953125,6970.0,542361600.0,50,72.8,-3.299999999999997,False
deit_small,64,6,49,Hybrid_Group_Mean,54.689918518066406,1.4293270111083984,0.8545299768447876,1170.233961472407,1.439483772829801,2845.126953125,6970.0,542361600.0,50,71.0,-5.099999999999994,False
deit_small,64,6,49,Hybrid_Amortized_Operator,214.26255798339844,1.3581771850585938,3.3478524684906006,298.69894489432386,0.3674242060072877,2845.126953125,6970.0,542361600.0,50,70.89999999999999,-5.200000000000003,False
deit_small,64,6,49,Attention_Pruning_EViT,48.977569580078125,0.6279201507568359,0.7652745246887207,1306.7206182078974,1.6073735573061698,2845.126953125,6970.0,542361600.0,50,67.80000000000001,-8.299999999999983,False
deit_small,64,6,49,Token_Merging_ToMe,2086.085205078125,21.8984375,32.5950813293457,30.679475528710807,0.0377382716930741,2845.126953125,6970.0,542361600.0,50,72.2,-3.8999999999999915,False
deit_small,64,6,32,Spatial_Group_Mean,44.99593734741211,0.1605281829833984,0.7030615210533142,1422.3506336996195,1.74960796207679,2534.1865234375,6970.0,355373568.0,33,67.7,-8.399999999999991,True
deit_small,64,6,32,Fast_Amortized_Operator,202.65737915039065,1.0861053466796875,3.166521549224853,315.80394589286607,0.3884647604453582,2534.1865234375,6970.0,355373568.0,33,67.7,-8.399999999999991,False
deit_small,64,6,32,Fast_Operator_Diagonal,201.9061737060547,1.5903396606445312,3.1547839641571045,316.97891562827823,0.3899100696086334,2534.1865234375,6970.0,355373568.0,33,67.7,-8.399999999999991,False
deit_small,64,6,32,Hybrid_Group_Mean,49.90742492675781,0.3591651916503906,0.7798035144805908,1282.374317928122,1.5774256107117273,2534.1865234375,6970.0,355373568.0,33,67.4,-8.699999999999989,False
deit_small,64,6,32,Hybrid_Amortized_Operator,208.82861328125,2.5814437866210938,3.2629470825195312,306.4714121038812,0.3769849782898936,2534.1865234375,6970.0,355373568.0,33,67.4,-8.699999999999989,False
deit_small,64,6,32,Attention_Pruning_EViT,45.89744186401367,1.034832000732422,0.7171475291252136,1394.4132265502103,1.7152426594360133,2534.1865234375,6970.0,355373568.0,33,61.4,-14.699999999999996,False
deit_small,64,6,32,Token_Merging_ToMe,2261.546142578125,10.2540283203125,35.3366584777832,28.299223613028325,0.0348103665726648,2534.1865234375,6970.0,355373568.0,33,70.6,-5.5,False
deit_small,64,8,98,Spatial_Group_Mean,63.89859390258789,1.102193832397461,0.9984155297279358,1001.5869848023056,1.2320341565599342,2423.28515625,7852.0,730819584.0,99,76.4,0.30000000000001137,True
deit_small,64,8,98,Fast_Amortized_Operator,230.48182678222656,0.8607635498046875,3.60127854347229,277.6791597563618,0.3415681459281607,2423.28515625,7852.0,730819584.0,99,76.4,0.30000000000001137,False
deit_small,64,8,98,Fast_Operator_Diagonal,228.1219482421875,1.4141464233398438,3.56440544128418,280.5516983050394,0.3451016039919198,2423.28515625,7852.0,730819584.0,99,76.4,0.30000000000001137,False
deit_small,64,8,98,Hybrid_Group_Mean,143.5926055908203,2.0241470336914062,2.2436344623565674,445.7054020063791,0.5482542079393358,2423.28515625,7852.0,730819584.0,99,75.0,-1.0999999999999943,False
deit_small,64,8,98,Hybrid_Amortized_Operator,312.0920715332031,3.14630126953125,4.876438617706299,205.0676894340493,0.2522500807450507,2423.28515625,7852.0,730819584.0,99,75.0,-1.0999999999999943,False
deit_small,64,8,98,Attention_Pruning_EViT,64.29318237304688,1.1794071197509766,1.0045809745788574,995.439915054356,1.2244727564946916,2423.28515625,7852.0,730819584.0,99,75.1,-1.0,False
deit_small,64,8,98,Token_Merging_ToMe,1420.267822265625,45.452880859375,22.19168472290039,45.06192353066662,0.0554298626005321,2423.28515625,7852.0,730819584.0,99,75.8,-0.29999999999999716,False
deit_small,64,8,49,Spatial_Group_Mean,57.91936111450195,1.5330238342285156,0.904990017414093,1104.9845642025834,1.3592216614493915,2844.673828125,7852.0,361574400.0,50,75.5,-0.5999999999999943,True
deit_small,64,8,49,Fast_Amortized_Operator,217.0420837402344,1.3431625366210938,3.391282558441162,294.8736894573775,0.3627188280147665,2844.673828125,7852.0,361574400.0,50,75.5,-0.5999999999999943,False
deit_small,64,8,49,Fast_Operator_Diagonal,215.5714569091797,0.7684783935546875,3.3683040142059326,296.885315512634,0.3651932930866056,2844.673828125,7852.0,361574400.0,50,75.5,-0.5999999999999943,False
deit_small,64,8,49,Hybrid_Group_Mean,68.02355194091797,2.3033447265625,1.0628679990768433,940.8506050314362,1.1573234269289208,2844.673828125,7852.0,361574400.0,50,73.7,-2.3999999999999915,False
deit_small,64,8,49,Hybrid_Amortized_Operator,224.65869140625,1.9376449584960935,3.510292053222656,284.87658144624766,0.3504215650476743,2844.673828125,7852.0,361574400.0,50,73.8,-2.299999999999997,False
deit_small,64,8,49,Attention_Pruning_EViT,58.01385498046875,1.1852130889892578,0.9064664840698242,1103.1847482217236,1.3570077401449134,2844.673828125,7852.0,361574400.0,50,71.7,-4.3999999999999915,False
deit_small,64,8,49,Token_Merging_ToMe,1970.89111328125,54.17095947265625,30.79517364501953,32.47262092193881,0.0399439876275429,2844.673828125,7852.0,361574400.0,50,74.3,-1.7999999999999972,False
deit_small,64,8,32,Spatial_Group_Mean,55.57843017578125,1.6258392333984375,0.868412971496582,1151.525867095982,1.4164712820270655,2533.9404296875,7852.0,236915712.0,33,73.1,-3.0,True
deit_small,64,8,32,Fast_Amortized_Operator,213.5551300048828,1.1447601318359375,3.336798906326294,299.6884223691404,0.3686413444731607,2533.9404296875,7852.0,236915712.0,33,73.3,-2.799999999999997,False
deit_small,64,8,32,Fast_Operator_Diagonal,212.88624572753903,0.706146240234375,3.326347589492798,300.6300373294663,0.3697996081198058,2533.9404296875,7852.0,236915712.0,33,73.3,-2.799999999999997,False
deit_small,64,8,32,Hybrid_Group_Mean,63.52726364135742,2.3470230102539062,0.9926134943962096,1007.4414720790024,1.2392356561835136,2533.9404296875,7852.0,236915712.0,33,72.6,-3.5,False
deit_small,64,8,32,Hybrid_Amortized_Operator,220.74403381347656,1.9105758666992188,3.4491255283355717,289.9285606698592,0.356635913932159,2533.9404296875,7852.0,236915712.0,33,72.6,-3.5,False
deit_small,64,8,32,Attention_Pruning_EViT,55.69740676879883,1.8070087432861328,0.8702719807624817,1149.0660645237117,1.4134455230731098,2533.9404296875,7852.0,236915712.0,33,64.2,-11.899999999999991,False
deit_small,64,8,32,Token_Merging_ToMe,2343.798583984375,254.278076171875,36.62185287475586,27.30610063395561,0.0335887438374975,2533.9404296875,7852.0,236915712.0,33,73.7,-2.3999999999999915,False
vit_base,1,12,196,Clean,6.3809919357299805,0.0223360061645507,6.3809919357299805,156.71544644972204,1.0,2387.03369140625,7852.0,17447454720.0,197,71.39999999999999,0.0,True
vit_base,1,5,98,Spatial_Group_Mean,5.5371198654174805,0.1536641120910644,5.5371198654174805,180.59930510906565,1.152402709499386,2387.109375,7852.0,5010356736.0,99,67.2,-4.199999999999989,True
vit_base,1,5,98,Fast_Amortized_Operator,12.60217571258545,0.7279834747314453,12.60217571258545,79.35137731822984,0.5063404987566915,2387.109375,7852.0,5010356736.0,99,67.2,-4.199999999999989,False
vit_base,1,5,98,Fast_Operator_Diagonal,12.123007774353027,0.7613120079040527,12.123007774353027,82.48778014607578,0.5263538599083771,2387.109375,7852.0,5010356736.0,99,67.2,-4.199999999999989,False
vit_base,1,5,98,Hybrid_Group_Mean,33.07516860961914,6.765807151794434,33.07516860961914,30.23416182099744,0.1929239427633399,2387.109375,7852.0,5010356736.0,99,64.2,-7.199999999999989,False
vit_base,1,5,98,Hybrid_Amortized_Operator,29.12272071838379,1.4019689559936523,29.12272071838379,34.3374511492241,0.2191069988767211,2387.109375,7852.0,5010356736.0,99,64.2,-7.199999999999989,False
vit_base,1,5,98,Attention_Pruning_EViT,5.246399879455566,0.0199360847473144,5.246399879455566,190.6068967247256,1.2162610708949912,2387.109375,7852.0,5010356736.0,99,67.10000000000001,-4.299999999999983,True
vit_base,1,5,98,Token_Merging_ToMe,24.974655151367188,0.2730712890625,24.974655151367188,40.04059291065955,0.2554987004647656,2387.109375,7852.0,5010356736.0,99,70.1,-1.2999999999999972,False
vit_base,1,5,49,Spatial_Group_Mean,9.525440216064451,0.8969764709472656,9.525440216064451,104.98202469566932,0.6698894529796715,4688.982421875,12556.0,2504140800.0,50,60.6,-10.79999999999999,False
vit_base,1,5,49,Fast_Amortized_Operator,13.850591659545898,2.138751983642578,13.850591659545898,72.19908178513045,0.4607017586380267,4688.982421875,12556.0,2504140800.0,50,60.5,-10.899999999999991,False
vit_base,1,5,49,Fast_Operator_Diagonal,15.964192390441896,0.9745755195617676,15.964192390441896,62.64018721039227,0.3997065294421293,4688.982421875,12556.0,2504140800.0,50,60.5,-10.899999999999991,False
vit_base,1,5,49,Hybrid_Group_Mean,14.237728118896484,1.5578880310058594,14.237728118896484,70.23592469593432,0.448174869083295,4688.982421875,12556.0,2504140800.0,50,53.400000000000006,-17.999999999999986,False
vit_base,1,5,49,Hybrid_Amortized_Operator,20.55014419555664,1.1628313064575195,20.55014419555664,48.66145903814243,0.3105083777032416,4688.982421875,12556.0,2504140800.0,50,53.400000000000006,-17.999999999999986,False
vit_base,1,5,49,Attention_Pruning_EViT,8.953632354736328,0.8092799186706543,8.953632354736328,111.6865156375352,0.7126707556128925,4688.982421875,12556.0,2504140800.0,50,59.099999999999994,-12.299999999999997,False
vit_base,1,5,49,Token_Merging_ToMe,69.24665832519531,5.120143890380859,69.24665832519531,14.44113007307605,0.0921487345391259,4688.982421875,12556.0,2504140800.0,50,66.60000000000001,-4.799999999999983,False
vit_base,1,5,32,Spatial_Group_Mean,5.55836820602417,0.0746879577636718,5.55836820602417,179.90891623843814,1.1479973436833943,4064.1552734375,12556.0,1646701056.0,33,50.3,-21.099999999999994,False
vit_base,1,5,32,Fast_Amortized_Operator,12.358880043029783,0.5905442237854004,12.358880043029783,80.91348055149903,0.5163082668909599,4064.1552734375,12556.0,1646701056.0,33,50.3,-21.099999999999994,False
vit_base,1,5,32,Fast_Operator_Diagonal,11.848544120788574,0.5566239356994629,11.848544120788574,84.39855477648722,0.5385464974160299,4064.1552734375,12556.0,1646701056.0,33,50.3,-21.099999999999994,False
vit_base,1,5,32,Hybrid_Group_Mean,8.155200004577637,0.4345600605010986,8.155200004577637,122.62114962707044,0.7824445669202759,4064.1552734375,12556.0,1646701056.0,33,45.7,-25.69999999999999,False
vit_base,1,5,32,Hybrid_Amortized_Operator,14.498208045959473,0.4316797256469726,14.498208045959473,68.9740412628919,0.4401228010732201,4064.1552734375,12556.0,1646701056.0,33,45.5,-25.89999999999999,False
vit_base,1,5,32,Attention_Pruning_EViT,5.483839988708496,0.0947520732879638,5.483839988708496,182.35397131554723,1.1635992204128431,4064.1552734375,12556.0,1646701056.0,33,50.1,-21.29999999999999,False
vit_base,1,5,32,Token_Merging_ToMe,42.50694274902344,0.4536972045898437,42.50694274902344,23.525568656027943,0.1501164638775763,4064.1552734375,12556.0,1646701056.0,33,61.6,-9.79999999999999,False
vit_base,1,7,98,Spatial_Group_Mean,6.98089599609375,0.0241119861602783,6.98089599609375,143.248087431694,0.9140648907103824,3847.453125,12560.0,3578826240.0,99,69.39999999999999,-2.0,False
vit_base,1,7,98,Fast_Amortized_Operator,13.686464309692385,0.2968482971191406,13.686464309692385,73.06488932220626,0.4662264695500017,3847.453125,12560.0,3578826240.0,99,69.39999999999999,-2.0,False
vit_base,1,7,98,Fast_Operator_Diagonal,13.008671760559082,0.3525924682617187,13.008671760559082,76.87179893583712,0.4905183290946331,3847.453125,12560.0,3578826240.0,99,69.39999999999999,-2.0,False
vit_base,1,7,98,Hybrid_Group_Mean,23.694015502929688,0.2980642318725586,23.694015502929688,42.20474996635134,0.2693081691847881,3847.453125,12560.0,3578826240.0,99,67.80000000000001,-3.59999999999998,False
vit_base,1,7,98,Hybrid_Amortized_Operator,29.42086410522461,0.6783523559570312,29.42086410522461,33.989484347688425,0.2168866255222202,3847.453125,12560.0,3578826240.0,99,67.80000000000001,-3.59999999999998,False
vit_base,1,7,98,Attention_Pruning_EViT,7.01580810546875,0.0216162204742431,7.01580810546875,142.53525537856578,0.9095163151278416,3847.453125,12560.0,3578826240.0,99,68.60000000000001,-2.799999999999983,False
vit_base,1,7,98,Token_Merging_ToMe,27.898080825805664,1.146559715270996,27.898080825805664,35.84475958199254,0.2287251218308743,3847.453125,12560.0,3578826240.0,99,71.1,-0.29999999999999716,False
vit_base,1,7,49,Spatial_Group_Mean,6.484032154083252,0.0890240669250488,6.484032154083252,154.2250217513589,0.984108620083202,4689.294921875,12560.0,1788672000.0,50,67.80000000000001,-3.59999999999998,False
vit_base,1,7,49,Fast_Amortized_Operator,13.169183731079102,0.4988160133361816,13.169183731079102,75.93485066504259,0.4845396697344971,4689.294921875,12560.0,1788672000.0,50,67.9,-3.499999999999986,False
vit_base,1,7,49,Fast_Operator_Diagonal,12.583104133605955,0.3496637344360351,12.583104133605955,79.47164621560107,0.5071079336209364,4689.294921875,12560.0,1788672000.0,50,67.9,-3.499999999999986,False
vit_base,1,7,49,Hybrid_Group_Mean,9.721856117248535,0.4861116409301758,9.721856117248535,102.86101624419211,0.6563553151551804,4689.294921875,12560.0,1788672000.0,50,63.3,-8.099999999999994,False
vit_base,1,7,49,Hybrid_Amortized_Operator,15.734784126281738,0.5522398948669434,15.734784126281738,63.55346167919168,0.4055341264626464,4689.294921875,12560.0,1788672000.0,50,63.3,-8.099999999999994,False
vit_base,1,7,49,Attention_Pruning_EViT,6.45359992980957,0.0739362239837646,6.45359992980957,154.95227638467938,0.9887492260336422,4689.294921875,12560.0,1788672000.0,50,61.8,-9.599999999999994,False
vit_base,1,7,49,Token_Merging_ToMe,39.69977569580078,0.8256320953369141,39.69977569580078,25.18905919425067,0.1607311835871386,4689.294921875,12560.0,1788672000.0,50,70.1,-1.2999999999999972,False
vit_base,1,7,32,Spatial_Group_Mean,8.103072166442871,0.3071680068969726,8.103072166442871,123.40998320874948,0.7874781076436027,4063.4208984375,12560.0,1176215040.0,33,63.9,-7.499999999999993,False
vit_base,1,7,32,Fast_Amortized_Operator,14.679072380065918,0.3623361587524414,14.679072380065918,68.12419573310322,0.4346999436010224,4063.4208984375,12560.0,1176215040.0,33,63.9,-7.499999999999993,False
vit_base,1,7,32,Fast_Operator_Diagonal,14.188192367553713,0.2823996543884277,14.188192367553713,70.48114193086721,0.4497395982819038,4063.4208984375,12560.0,1176215040.0,33,63.9,-7.499999999999993,False
vit_base,1,7,32,Hybrid_Group_Mean,11.14025592803955,0.2937121391296386,11.14025592803955,89.76454459031255,0.5727868351452586,4063.4208984375,12560.0,1176215040.0,33,61.4,-9.999999999999993,False
vit_base,1,7,32,Hybrid_Amortized_Operator,18.00489616394043,3.2426881790161133,18.00489616394043,55.54044804783516,0.3544031511000661,4063.4208984375,12560.0,1176215040.0,33,61.3,-10.099999999999994,False
vit_base,1,7,32,Attention_Pruning_EViT,7.785056114196777,0.2006239891052246,7.785056114196777,128.45122569847717,0.8196462353166145,4063.4208984375,12560.0,1176215040.0,33,54.7,-16.69999999999999,False
vit_base,1,7,32,Token_Merging_ToMe,68.65071868896484,0.98974609375,68.65071868896484,14.566489894019762,0.0929486545456323,4063.4208984375,12560.0,1176215040.0,33,69.39999999999999,-2.0,False
vit_base,8,12,196,Clean,35.07049560546875,0.1622390747070312,4.383811950683594,228.1119745211845,1.0,2391.05322265625,7852.0,17447454720.0,197,71.39999999999999,0.0,True
vit_base,8,5,98,Spatial_Group_Mean,25.070880889892575,0.0510568618774414,3.1338601112365723,319.0952896762886,1.398853744289757,2391.12890625,7852.0,5010356736.0,99,67.2,-4.199999999999989,True
vit_base,8,5,98,Fast_Amortized_Operator,64.1114273071289,0.8046398162841797,8.013928413391113,124.78274678982908,0.5470240966163775,2391.12890625,7852.0,5010356736.0,99,67.2,-4.199999999999989,False
vit_base,8,5,98,Fast_Operator_Diagonal,61.38041687011719,0.5834884643554688,7.672552108764648,130.33472902160702,0.5713629426740287,2391.12890625,7852.0,5010356736.0,99,67.2,-4.199999999999989,False
vit_base,8,5,98,Hybrid_Group_Mean,67.41276550292969,15.290349960327148,8.426595687866211,118.67188566314384,0.520235230580247,2391.12890625,7852.0,5010356736.0,99,64.2,-7.199999999999989,False
vit_base,8,5,98,Hybrid_Amortized_Operator,90.1674575805664,4.956703186035156,11.2709321975708,88.72380584593773,0.3889484803775527,2391.12890625,7852.0,5010356736.0,99,64.2,-7.199999999999989,False
vit_base,8,5,98,Attention_Pruning_EViT,24.91721534729004,0.0891838073730468,3.114651918411255,321.06316410152425,1.4074805357125495,2391.12890625,7852.0,5010356736.0,99,67.10000000000001,-4.299999999999983,True
vit_base,8,5,98,Token_Merging_ToMe,238.84515380859372,72.8510513305664,29.85564422607422,33.4945041690528,0.1468336076585151,2391.12890625,7852.0,5010356736.0,99,70.1,-1.2999999999999972,False
vit_base,8,5,49,Spatial_Group_Mean,22.08188819885254,0.1691675186157226,2.7602360248565674,362.2878590797191,1.5882018462212462,4693.658203125,12556.0,2504140800.0,50,60.6,-10.79999999999999,True
vit_base,8,5,49,Fast_Amortized_Operator,59.65462493896485,0.7328319549560547,7.456828117370605,134.10527697031264,0.5878923158321898,4693.658203125,12556.0,2504140800.0,50,60.5,-10.899999999999991,False
vit_base,8,5,49,Fast_Operator_Diagonal,57.51984024047852,0.6679039001464844,7.189980030059815,139.08244471044532,0.6097112832519404,4693.658203125,12556.0,2504140800.0,50,60.5,-10.899999999999991,False
vit_base,8,5,49,Hybrid_Group_Mean,26.40966415405273,1.3448801040649414,3.301208019256592,302.91941439824586,1.3279417489331062,4693.658203125,12556.0,2504140800.0,50,53.400000000000006,-17.999999999999986,False
vit_base,8,5,49,Hybrid_Amortized_Operator,64.0316162109375,1.2961101531982422,8.003952026367188,124.93828007785766,0.5477059253031663,4693.658203125,12556.0,2504140800.0,50,53.400000000000006,-17.999999999999986,False
vit_base,8,5,49,Attention_Pruning_EViT,22.099008560180664,0.1929759979248047,2.762376070022583,362.0071904227815,1.5869714476087808,4693.658203125,12556.0,2504140800.0,50,59.099999999999994,-12.299999999999997,False
vit_base,8,5,49,Token_Merging_ToMe,480.0564880371094,15.201171875,60.00706100463867,16.664705507285184,0.0730549351574594,4693.658203125,12556.0,2504140800.0,50,66.60000000000001,-4.799999999999983,False
vit_base,8,5,32,Spatial_Group_Mean,20.585567474365234,0.1520156860351562,2.5731959342956543,388.62178611117855,1.703644830250188,4068.1748046875,12556.0,1646701056.0,33,50.3,-21.099999999999994,True
vit_base,8,5,32,Fast_Amortized_Operator,56.33910369873047,0.8638401031494141,7.042387962341309,141.9972891791012,0.622489413268018,4068.1748046875,12560.0,1646701056.0,33,50.3,-21.099999999999994,False
vit_base,8,5,32,Fast_Operator_Diagonal,54.91315078735352,0.546417236328125,6.8641438484191895,145.68459258474016,0.6386538580034543,4068.1748046875,12560.0,1646701056.0,33,50.3,-21.099999999999994,False
vit_base,8,5,32,Hybrid_Group_Mean,22.804672241210938,1.2815523147583008,2.850584030151367,350.8053049560162,1.5378644882293864,4068.1748046875,12560.0,1646701056.0,33,45.7,-25.69999999999999,False
vit_base,8,5,32,Hybrid_Amortized_Operator,59.63183975219727,1.2151374816894531,7.453979969024658,134.156518283594,0.5881169481137214,4068.1748046875,12560.0,1646701056.0,33,45.5,-25.89999999999999,False
vit_base,8,5,32,Attention_Pruning_EViT,20.586719512939453,0.0723676681518554,2.573339939117432,388.6000387274781,1.7035494938096256,4068.1748046875,12560.0,1646701056.0,33,50.1,-21.29999999999999,False
vit_base,8,5,32,Token_Merging_ToMe,388.0027770996094,25.240768432617188,48.50034713745117,20.61840912531977,0.0903872283276604,4068.1748046875,12560.0,1646701056.0,33,61.6,-9.79999999999999,False
vit_base,8,7,98,Spatial_Group_Mean,29.70185661315918,0.0981607437133789,3.7127320766448975,269.34343210234414,1.1807509564883911,3852.12890625,12560.0,3578826240.0,99,69.39999999999999,-2.0,True
vit_base,8,7,98,Fast_Amortized_Operator,68.64246368408203,0.2653732299804687,8.580307960510254,116.54593338635038,0.5109154555826568,3852.12890625,12560.0,3578826240.0,99,69.39999999999999,-2.0,False
vit_base,8,7,98,Fast_Operator_Diagonal,65.88483428955078,0.4142417907714844,8.235604286193848,121.42399819724196,0.5322999743968525,3852.12890625,12560.0,3578826240.0,99,69.39999999999999,-2.0,False
vit_base,8,7,98,Hybrid_Group_Mean,60.25667190551758,9.322431564331056,7.532083988189697,132.765380944769,0.5820184636227381,3852.12890625,12560.0,3578826240.0,99,67.80000000000001,-3.59999999999998,False
vit_base,8,7,98,Hybrid_Amortized_Operator,103.69564819335938,4.909103393554688,12.961956024169922,77.14884992167218,0.3382060502681215,3852.12890625,12560.0,3578826240.0,99,67.80000000000001,-3.59999999999998,False
vit_base,8,7,98,Attention_Pruning_EViT,29.677152633666992,0.1208639144897461,3.709644079208374,269.56764008837115,1.1817338421369752,3852.12890625,12560.0,3578826240.0,99,68.60000000000001,-2.799999999999983,True
vit_base,8,7,98,Token_Merging_ToMe,191.1498870849609,0.4037704467773437,23.89373588562012,41.85197345392214,0.1834711813869964,3852.12890625,12560.0,3578826240.0,99,71.1,-0.29999999999999716,False
vit_base,8,7,49,Spatial_Group_Mean,26.429119110107425,0.1048316955566406,3.303639888763428,302.6964298988126,1.3269642268196733,4693.314453125,12560.0,1788672000.0,50,67.80000000000001,-3.59999999999998,True
vit_base,8,7,49,Fast_Amortized_Operator,62.71491241455078,0.8576946258544922,7.839364051818848,127.56136765557984,0.5592050479740746,4693.314453125,12560.0,1788672000.0,50,67.9,-3.499999999999986,False
vit_base,8,7,49,Fast_Operator_Diagonal,61.048641204833984,0.7339839935302734,7.631080150604248,131.04304767665394,0.5744680784589155,4693.314453125,12560.0,1788672000.0,50,67.9,-3.499999999999986,False
vit_base,8,7,49,Hybrid_Group_Mean,29.018688201904297,0.4449434280395508,3.627336025238037,275.68441220837184,1.2085486208562424,4693.314453125,12560.0,1788672000.0,50,63.3,-8.099999999999994,False
vit_base,8,7,49,Hybrid_Amortized_Operator,66.00019073486328,0.59356689453125,8.25002384185791,121.21177091953706,0.5313696099205887,4693.314453125,12560.0,1788672000.0,50,63.3,-8.099999999999994,False
vit_base,8,7,49,Attention_Pruning_EViT,26.55401611328125,0.2503194808959961,3.319252014160156,301.2726950933317,1.3207228411648022,4693.314453125,12560.0,1788672000.0,50,61.8,-9.599999999999994,False
vit_base,8,7,49,Token_Merging_ToMe,343.237060546875,3.91546630859375,42.904632568359375,23.307506442496937,0.1021757252832529,4693.314453125,12560.0,1788672000.0,50,70.1,-1.2999999999999972,False
vit_base,8,7,32,Spatial_Group_Mean,25.244672775268555,0.1977748870849609,3.1555840969085693,316.8985421683643,1.389223616311884,4067.4404296875,12560.0,1176215040.0,33,63.9,-7.499999999999993,False
vit_base,8,7,32,Fast_Amortized_Operator,61.18646240234375,1.072031021118164,7.648307800292969,130.74787601535792,0.5731741014026229,4067.4404296875,12560.0,1176215040.0,33,63.9,-7.499999999999993,False
vit_base,8,7,32,Fast_Operator_Diagonal,60.24249649047852,3.252063751220703,7.5303120613098145,132.79662142262683,0.5821554160029164,4067.4404296875,12560.0,1176215040.0,33,63.9,-7.499999999999993,False
vit_base,8,7,32,Hybrid_Group_Mean,28.454111099243164,1.043471336364746,3.5567638874053955,281.15445153416823,1.2325282446233778,4067.4404296875,12560.0,1176215040.0,33,61.4,-9.999999999999993,False
vit_base,8,7,32,Hybrid_Amortized_Operator,65.3116455078125,3.177841186523437,8.163955688476562,122.48964082589298,0.5369715512874906,4067.4404296875,12560.0,1176215040.0,33,61.3,-10.099999999999994,False
vit_base,8,7,32,Attention_Pruning_EViT,25.381088256835938,0.186431884765625,3.172636032104492,315.19531073870894,1.3817569700157812,4067.4404296875,12560.0,1176215040.0,33,54.7,-16.69999999999999,False
vit_base,8,7,32,Token_Merging_ToMe,517.6989135742188,10.865936279296877,64.71236419677734,15.452997466746853,0.0677430349686081,4067.4404296875,12560.0,1176215040.0,33,69.39999999999999,-2.0,False
vit_base,16,12,196,Clean,66.37980651855469,0.1478042602539062,4.148737907409668,241.03715932838145,1.0,2395.69384765625,7852.0,17447454720.0,197,71.39999999999999,0.0,True
vit_base,16,5,98,Spatial_Group_Mean,47.21769714355469,0.1235198974609375,2.951106071472168,338.85600035418145,1.4058247338226164,2395.76953125,7852.0,5010356736.0,99,67.2,-4.199999999999989,True
vit_base,16,5,98,Fast_Amortized_Operator,126.61587524414062,1.149505615234375,7.913492202758789,126.36646051807335,0.5242613249765181,2395.76953125,7852.0,5010356736.0,99,67.2,-4.199999999999989,False
vit_base,16,5,98,Fast_Operator_Diagonal,123.66400146484376,0.9565277099609376,7.729000091552734,129.38284230232205,0.5367755024280506,2395.76953125,7852.0,5010356736.0,99,67.2,-4.199999999999989,False
vit_base,16,5,98,Hybrid_Group_Mean,108.78173065185548,21.264080047607425,6.798858165740967,147.08352132405693,0.6102109804724132,2395.76953125,7852.0,5010356736.0,99,64.2,-7.199999999999989,False
vit_base,16,5,98,Hybrid_Amortized_Operator,154.1292724609375,0.8889617919921875,9.633079528808594,103.80896337556538,0.43067618148511,2395.76953125,7852.0,5010356736.0,99,64.2,-7.199999999999989,False
vit_base,16,5,98,Attention_Pruning_EViT,47.69363021850586,0.3459186553955078,2.980851888656616,335.4745681277949,1.39179605776367,2395.76953125,7852.0,5010356736.0,99,67.10000000000001,-4.299999999999983,False
vit_base,16,5,98,Token_Merging_ToMe,368.6886901855469,0.2705535888671875,23.04304313659668,43.39704587072583,0.1800429692734764,2395.76953125,7852.0,5010356736.0,99,70.1,-1.2999999999999972,False
vit_base,16,5,49,Spatial_Group_Mean,40.81731033325195,0.3635845184326172,2.551081895828247,391.9905517871801,1.6262660615459066,4697.619140625,12556.0,2504140800.0,50,60.6,-10.79999999999999,True
vit_base,16,5,49,Fast_Amortized_Operator,114.70118713378906,0.4780158996582031,7.168824195861816,139.49288930495007,0.5787194376735469,4697.619140625,12556.0,2504140800.0,50,60.5,-10.899999999999991,False
vit_base,16,5,49,Fast_Operator_Diagonal,113.04156494140624,0.7544631958007812,7.065097808837891,141.54085719083426,0.5872159196748724,4697.619140625,12556.0,2504140800.0,50,60.5,-10.899999999999991,False
vit_base,16,5,49,Hybrid_Group_Mean,46.57462310791016,3.729217529296875,2.9109139442443848,343.5347176708036,1.4252355057121406,4697.619140625,12556.0,2504140800.0,50,53.400000000000006,-17.999999999999986,False
vit_base,16,5,49,Hybrid_Amortized_Operator,121.65853118896484,2.3467369079589844,7.603658199310303,131.51564336370433,0.5456239350403709,4697.619140625,12556.0,2504140800.0,50,53.400000000000006,-17.999999999999986,False
vit_base,16,5,49,Attention_Pruning_EViT,42.91062545776367,0.2275047302246093,2.681914091110229,372.86802113263474,1.546931693733791,4697.619140625,12556.0,2504140800.0,50,59.099999999999994,-12.299999999999997,False
vit_base,16,5,49,Token_Merging_ToMe,1049.418701171875,32.490447998046875,65.58866882324219,15.2465359938154,0.0632538818342278,4697.619140625,12556.0,2504140800.0,50,66.60000000000001,-4.799999999999983,False
vit_base,16,5,32,Spatial_Group_Mean,37.4600944519043,0.1276149749755859,2.3412559032440186,427.1211868016695,1.7720138587418923,4072.7685546875,12560.0,1646701056.0,33,50.3,-21.099999999999994,True
vit_base,16,5,32,Fast_Amortized_Operator,107.5417251586914,0.5481414794921875,6.721357822418213,148.77946189155864,0.6172469933935214,4072.7685546875,12560.0,1646701056.0,33,50.3,-21.099999999999994,False
vit_base,16,5,32,Fast_Operator_Diagonal,106.37696075439452,0.2015838623046875,6.648560047149658,150.40850844518064,0.6240054805834682,4072.7685546875,12560.0,1646701056.0,33,50.3,-21.099999999999994,False
vit_base,16,5,32,Hybrid_Group_Mean,41.45609664916992,1.949359893798828,2.59100604057312,385.9504703349916,1.60120734666137,4072.7685546875,12560.0,1646701056.0,33,45.7,-25.69999999999999,False
vit_base,16,5,32,Hybrid_Amortized_Operator,111.57936096191406,1.4444961547851562,6.973710060119629,143.39569488537722,0.5949111551303151,4072.7685546875,12560.0,1646701056.0,33,45.5,-25.89999999999999,False
vit_base,16,5,32,Attention_Pruning_EViT,37.71971130371094,0.2028312683105468,2.3574819564819336,424.1814013678808,1.7598174594730822,4072.7685546875,12560.0,1646701056.0,33,50.1,-21.29999999999999,False
vit_base,16,5,32,Token_Merging_ToMe,721.41845703125,63.79937744140625,45.088653564453125,22.17852876379474,0.0920129030129309,4072.7685546875,12560.0,1646701056.0,33,61.6,-9.79999999999999,False
vit_base,16,7,98,Spatial_Group_Mean,56.48310470581055,0.1433258056640625,3.530194044113159,283.27054759711257,1.1752152588688356,3856.06640625,12560.0,3578826240.0,99,69.39999999999999,-2.0,True
vit_base,16,7,98,Fast_Amortized_Operator,134.5726776123047,0.687591552734375,8.410792350769043,118.89486249277869,0.4932636230200508,3856.06640625,12560.0,3578826240.0,99,69.39999999999999,-2.0,False
vit_base,16,7,98,Fast_Operator_Diagonal,132.1829071044922,0.4820632934570312,8.261431694030762,121.04439485017384,0.5021814693943798,3856.06640625,12560.0,3578826240.0,99,69.39999999999999,-2.0,False
vit_base,16,7,98,Hybrid_Group_Mean,85.21123504638672,1.0208816528320312,5.32570219039917,187.7686667877778,0.7790029857262284,3856.06640625,12560.0,3578826240.0,99,67.80000000000001,-3.59999999999998,False
vit_base,16,7,98,Hybrid_Amortized_Operator,160.74578857421875,1.2082748413085938,10.046611785888672,99.53604471953278,0.4129489618815495,3856.06640625,12560.0,3578826240.0,99,67.80000000000001,-3.59999999999998,False
vit_base,16,7,98,Attention_Pruning_EViT,56.02025604248047,0.1871185302734375,3.5012660026550293,285.6109759274772,1.184925082602595,3856.06640625,12560.0,3578826240.0,99,68.60000000000001,-2.799999999999983,True
vit_base,16,7,98,Token_Merging_ToMe,381.4772033691406,1.87139892578125,23.84232521057129,41.94221793252852,0.1740072694575186,3856.06640625,12560.0,3578826240.0,99,71.1,-0.29999999999999716,False
vit_base,16,7,49,Spatial_Group_Mean,49.58639907836914,0.133890151977539,3.0991499423980717,322.6691249492164,1.3386696302275207,4697.908203125,12560.0,1788672000.0,50,67.80000000000001,-3.59999999999998,True
vit_base,16,7,49,Fast_Amortized_Operator,123.52169799804688,0.6357460021972656,7.72010612487793,129.53189811439438,0.5373938959259148,4697.908203125,12560.0,1788672000.0,50,67.9,-3.499999999999986,False
vit_base,16,7,49,Fast_Operator_Diagonal,122.0297622680664,0.6820526123046875,7.62686014175415,131.11555494840945,0.5439640730655214,4697.908203125,12560.0,1788672000.0,50,67.9,-3.499999999999986,False
vit_base,16,7,49,Hybrid_Group_Mean,53.0280647277832,0.6351051330566406,3.31425404548645,301.72702100548383,1.251786329735244,4697.908203125,12560.0,1788672000.0,50,63.3,-8.099999999999994,False
vit_base,16,7,49,Hybrid_Amortized_Operator,128.50006103515625,2.8927993774414062,8.031253814697266,124.51355953537306,0.5165741244309128,4697.908203125,12560.0,1788672000.0,50,63.3,-8.099999999999994,False
vit_base,16,7,49,Attention_Pruning_EViT,52.4857292175293,1.6814250946044922,3.280358076095581,304.84476901687566,1.2647210490958565,4697.908203125,12560.0,1788672000.0,50,61.8,-9.599999999999994,False
vit_base,16,7,49,Token_Merging_ToMe,642.0210571289062,56.465362548828125,40.12631607055664,24.921300979677195,0.1033919460763524,4697.908203125,12560.0,1788672000.0,50,70.1,-1.2999999999999972,False
vit_base,16,7,32,Spatial_Group_Mean,46.77635192871094,0.1774234771728515,2.9235219955444336,342.0531815816815,1.4190890007780046,4072.7216796875,12560.0,1176215040.0,33,63.9,-7.499999999999993,True
vit_base,16,7,32,Fast_Amortized_Operator,119.61587524414062,0.6271171569824219,7.475992202758789,133.7615092256223,0.5549414438766672,4072.7216796875,12560.0,1176215040.0,33,63.9,-7.499999999999993,False
vit_base,16,7,32,Fast_Operator_Diagonal,118.65440368652344,0.8162117004394531,7.415900230407715,134.84539555961928,0.5594382041978437,4072.7216796875,12560.0,1176215040.0,33,63.9,-7.499999999999993,False
vit_base,16,7,32,Hybrid_Group_Mean,50.62176132202149,0.1823978424072265,3.1638600826263428,316.069602916793,1.3112899430008205,4072.7216796875,12560.0,1176215040.0,33,61.4,-9.999999999999993,False
vit_base,16,7,32,Hybrid_Amortized_Operator,123.59481811523438,0.6796798706054688,7.724676132202148,129.4552655523333,0.5370759675107502,4072.7216796875,12560.0,1176215040.0,33,61.3,-10.099999999999994,False
vit_base,16,7,32,Attention_Pruning_EViT,47.31808090209961,0.0921745300292968,2.9573800563812256,338.1371284499842,1.4028423227031015,4072.7216796875,12560.0,1176215040.0,33,54.7,-16.69999999999999,False
vit_base,16,7,32,Token_Merging_ToMe,1085.2281494140625,7.62933349609375,67.8267593383789,14.743443587082345,0.0611666832954845,4072.7216796875,12560.0,1176215040.0,33,69.39999999999999,-2.0,False
vit_base,32,12,196,Clean,130.182373046875,0.163848876953125,4.068199157714844,245.80900817100408,1.0,2404.83447265625,7852.0,17447454720.0,197,71.39999999999999,0.0,True
vit_base,32,5,98,Spatial_Group_Mean,93.30611419677734,3.146270751953125,2.915816068649292,342.95716069060387,1.3952180322537888,2404.91015625,7852.0,5010356736.0,99,67.2,-4.199999999999989,True
vit_base,32,5,98,Fast_Amortized_Operator,243.1327667236328,4.254158020019531,7.597898960113525,131.61533277155587,0.5354373859236025,2404.91015625,7852.0,5010356736.0,99,67.2,-4.199999999999989,False
vit_base,32,5,98,Fast_Operator_Diagonal,239.2379913330078,7.699897766113281,7.476187229156494,133.75801987677423,0.5441542638002983,2404.91015625,7852.0,5010356736.0,99,67.2,-4.199999999999989,False
vit_base,32,5,98,Hybrid_Group_Mean,137.1374969482422,3.34912109375,4.285546779632568,233.3424534653516,0.9492835726468584,2404.91015625,7852.0,5010356736.0,99,64.2,-7.199999999999989,False
vit_base,32,5,98,Hybrid_Amortized_Operator,283.4217224121094,2.504547119140625,8.856928825378418,112.90595416490484,0.4593239076346566,2404.91015625,7852.0,5010356736.0,99,64.2,-7.199999999999989,False
vit_base,32,5,98,Attention_Pruning_EViT,97.5444793701172,0.8807220458984375,3.048264980316162,328.0554697368473,1.3345949856671897,2404.91015625,7852.0,5010356736.0,99,67.10000000000001,-4.299999999999983,False
vit_base,32,5,98,Token_Merging_ToMe,809.342041015625,34.605010986328125,25.29193878173828,39.5382895961316,0.1608496364324681,2404.91015625,7852.0,5010356736.0,99,70.1,-1.2999999999999972,False
vit_base,32,5,49,Spatial_Group_Mean,79.48140716552734,3.4284324645996094,2.483793973922729,402.6098825019171,1.6378971848819717,4706.876953125,12556.0,2504140800.0,50,60.6,-10.79999999999999,True
vit_base,32,5,49,Fast_Amortized_Operator,225.0614471435547,1.4080352783203125,7.033170223236084,142.1833921630696,0.5784303562388391,4706.876953125,12556.0,2504140800.0,50,60.5,-10.899999999999991,False
vit_base,32,5,49,Fast_Operator_Diagonal,224.34019470214844,4.21484375,7.010631084442139,142.64051095473863,0.5802900065220826,4706.876953125,12556.0,2504140800.0,50,60.5,-10.899999999999991,False
vit_base,32,5,49,Hybrid_Group_Mean,93.1934051513672,1.4206886291503906,2.9122939109802246,343.3719365444878,1.3969054230332003,4706.876953125,12556.0,2504140800.0,50,53.400000000000006,-17.999999999999986,False
vit_base,32,5,49,Hybrid_Amortized_Operator,232.780029296875,5.110710144042969,7.274375915527344,137.46883741125808,0.5592506085685189,4706.876953125,12556.0,2504140800.0,50,53.400000000000006,-17.999999999999986,False
vit_base,32,5,49,Attention_Pruning_EViT,90.6924819946289,0.4957771301269531,2.8341400623321533,352.84071288174846,1.4354262909530342,4706.876953125,12556.0,2504140800.0,50,59.099999999999994,-12.299999999999997,False
vit_base,32,5,49,Token_Merging_ToMe,1937.70361328125,64.71331787109375,60.55323791503906,16.514393522656516,0.0671838418190427,4706.876953125,12556.0,2504140800.0,50,66.60000000000001,-4.799999999999983,False
vit_base,32,5,32,Spatial_Group_Mean,71.8891830444336,0.713775634765625,2.24653697013855,445.1295541948404,1.8108756774494328,4082.8310546875,12560.0,1646701056.0,33,50.3,-21.099999999999994,True
vit_base,32,5,32,Fast_Amortized_Operator,215.4335021972656,0.7882614135742188,6.732296943664551,148.53771429987995,0.6042810042036597,4082.8310546875,12560.0,1646701056.0,33,50.3,-21.099999999999994,False
vit_base,32,5,32,Fast_Operator_Diagonal,214.5590057373047,0.53485107421875,6.704968929290772,149.14312214505318,0.6067439238894674,4082.8310546875,12560.0,1646701056.0,33,50.3,-21.099999999999994,False
vit_base,32,5,32,Hybrid_Group_Mean,77.81494140625,0.5134201049804688,2.4317169189453125,411.2320773068114,1.6729739905248957,4082.8310546875,12560.0,1646701056.0,33,45.7,-25.69999999999999,False
vit_base,32,5,32,Hybrid_Amortized_Operator,219.6662750244141,1.0129470825195312,6.86457109451294,145.67552527780364,0.5926370492348283,4082.8310546875,12560.0,1646701056.0,33,45.5,-25.89999999999999,False
vit_base,32,5,32,Attention_Pruning_EViT,73.93014526367188,0.7799530029296875,2.310317039489746,432.8410269704191,1.7608835013454869,4082.8310546875,12560.0,1646701056.0,33,50.1,-21.29999999999999,False
vit_base,32,5,32,Token_Merging_ToMe,1321.8275146484375,18.13360595703125,41.30710983276367,24.20890747497486,0.0984866569988893,4082.8310546875,12560.0,1646701056.0,33,61.6,-9.79999999999999,False
vit_base,32,7,98,Spatial_Group_Mean,109.43824005126952,0.1797599792480468,3.419945001602173,292.40236305891494,1.1895510471101076,3865.94140625,12560.0,3578826240.0,99,69.39999999999999,-2.0,True
vit_base,32,7,98,Fast_Amortized_Operator,262.3359680175781,0.549713134765625,8.197999000549316,121.98098583971452,0.4962429438503529,3865.94140625,12560.0,3578826240.0,99,69.39999999999999,-2.0,False
vit_base,32,7,98,Fast_Operator_Diagonal,259.9785461425781,0.7528076171875,8.124329566955566,123.08707958713822,0.5007427535019756,3865.94140625,12560.0,3578826240.0,99,69.39999999999999,-2.0,False
vit_base,32,7,98,Hybrid_Group_Mean,206.19705200195312,29.874351501464844,6.443657875061035,155.19135549860766,0.6313493417240607,3865.94140625,12560.0,3578826240.0,99,67.80000000000001,-3.59999999999998,False
vit_base,32,7,98,Hybrid_Amortized_Operator,319.8467712402344,20.8297119140625,9.995211601257324,100.04790692717374,0.4070148106922613,3865.94140625,12560.0,3578826240.0,99,67.80000000000001,-3.59999999999998,False
vit_base,32,7,98,Attention_Pruning_EViT,109.66957092285156,0.78131103515625,3.4271740913391118,291.7855858350244,1.1870418745273783,3865.94140625,12560.0,3578826240.0,99,68.60000000000001,-2.799999999999983,False
vit_base,32,7,98,Token_Merging_ToMe,861.3726196289062,48.50823974609375,26.91789436340332,37.15000833644577,0.1511336326234281,3865.94140625,12560.0,3578826240.0,99,71.1,-0.29999999999999716,False
vit_base,32,7,49,Spatial_Group_Mean,96.853759765625,3.4947509765625,3.026679992675781,330.3950210857723,1.344112746494317,4707.095703125,12560.0,1788672000.0,50,67.80000000000001,-3.59999999999998,True
vit_base,32,7,49,Fast_Amortized_Operator,242.20281982421875,1.3714218139648438,7.568838119506836,132.12067482626475,0.5374932180449271,4707.095703125,12560.0,1788672000.0,50,67.9,-3.499999999999986,False
vit_base,32,7,49,Fast_Operator_Diagonal,240.9093475341797,2.2595367431640625,7.528417110443115,132.83004718386823,0.5403790860726357,4707.095703125,12560.0,1788672000.0,50,67.9,-3.499999999999986,False
vit_base,32,7,49,Hybrid_Group_Mean,100.9010238647461,5.706462860107422,3.1531569957733154,317.14247065416066,1.2901987319908608,4707.095703125,12560.0,1788672000.0,50,63.3,-8.099999999999994,False
vit_base,32,7,49,Hybrid_Amortized_Operator,247.5153961181641,2.4172515869140625,7.734856128692627,129.2848869276931,0.5259566681044997,4707.095703125,12560.0,1788672000.0,50,63.3,-8.099999999999994,False
vit_base,32,7,49,Attention_Pruning_EViT,99.64163208007812,1.0132484436035156,3.1138010025024414,321.1509018066147,1.3065058282290325,4707.095703125,12560.0,1788672000.0,50,61.8,-9.599999999999994,False
vit_base,32,7,49,Token_Merging_ToMe,1127.8148193359375,43.6258544921875,35.24421310424805,28.37345231803369,0.1154288548216869,4707.095703125,12560.0,1788672000.0,50,70.1,-1.2999999999999972,False
vit_base,32,7,32,Spatial_Group_Mean,90.96812438964844,0.735198974609375,2.8427538871765137,351.7715706980256,1.4310768076217353,4081.2216796875,12560.0,1176215040.0,33,63.9,-7.499999999999993,True
vit_base,32,7,32,Fast_Amortized_Operator,234.1563262939453,0.9381790161132812,7.317385196685791,136.6608389637493,0.5559635099649288,4081.2216796875,12560.0,1176215040.0,33,63.9,-7.499999999999993,False
vit_base,32,7,32,Fast_Operator_Diagonal,233.5736389160156,0.5969619750976562,7.299176216125488,137.00176162219233,0.5573504512368527,4081.2216796875,12560.0,1176215040.0,33,63.9,-7.499999999999993,False
vit_base,32,7,32,Hybrid_Group_Mean,96.87680053710938,0.4030532836914062,3.027400016784668,330.3164413211826,1.3437930683621997,4081.2216796875,12560.0,1176215040.0,33,61.4,-9.999999999999993,False
vit_base,32,7,32,Hybrid_Amortized_Operator,239.38595581054688,2.582603454589844,7.48081111907959,133.67534403448968,0.5438179220083529,4081.2216796875,12560.0,1176215040.0,33,61.3,-10.099999999999994,False
vit_base,32,7,32,Attention_Pruning_EViT,91.30118560791016,0.1287040710449218,2.8531620502471924,350.4883292252405,1.425856325743006,4081.2216796875,12560.0,1176215040.0,33,54.7,-16.69999999999999,False
vit_base,32,7,32,Token_Merging_ToMe,2117.354736328125,58.28564453125,66.1673355102539,15.113197354683123,0.0614834967487,4081.2216796875,12560.0,1176215040.0,33,69.39999999999999,-2.0,False
vit_base,64,12,196,Clean,266.8998413085937,2.929718017578125,4.170310020446777,239.7903261620984,1.0,2423.20947265625,7852.0,17447454720.0,197,71.39999999999999,0.0,True
vit_base,64,5,98,Spatial_Group_Mean,189.78623962402344,2.1939239501953125,2.965409994125366,337.22149786405686,1.4063181916525478,2423.28515625,7852.0,5010356736.0,99,67.2,-4.199999999999989,True
vit_base,64,5,98,Fast_Amortized_Operator,10634.8193359375,62.63232421875,166.16905212402344,6.017967769676094,0.0250967912926059,2423.28515625,10204.0,5010356736.0,99,67.2,-4.199999999999989,False
vit_base,64,5,98,Fast_Operator_Diagonal,10603.8369140625,64.4873046875,165.68495178222656,6.035551142353487,0.0251701194078757,2423.28515625,10204.0,5010356736.0,99,67.2,-4.199999999999989,False
vit_base,64,5,98,Hybrid_Group_Mean,347.2370910644531,33.604278564453125,5.42557954788208,184.31210733798167,0.768638628121247,2423.28515625,10204.0,5010356736.0,99,64.2,-7.199999999999989,False
vit_base,64,5,98,Hybrid_Amortized_Operator,10730.8828125,57.44873046875,167.6700439453125,5.964094578075983,0.0248721233818425,2423.28515625,10204.0,5010356736.0,99,64.2,-7.199999999999989,False
vit_base,64,5,98,Attention_Pruning_EViT,193.08729553222656,0.4642181396484375,3.01698899269104,331.4562971302185,1.3822755172623349,2423.28515625,10204.0,5010356736.0,99,67.10000000000001,-4.299999999999983,False
vit_base,64,5,98,Token_Merging_ToMe,1942.154541015625,155.684814453125,30.34616470336914,32.95309340652779,0.1374246156379614,2423.28515625,10204.0,5010356736.0,99,70.1,-1.2999999999999972,False
vit_base,64,5,49,Spatial_Group_Mean,166.70640563964844,3.33990478515625,2.604787588119507,383.908463231713,1.6010173111495358,4725.658203125,12556.0,2504140800.0,50,60.6,-10.79999999999999,True
vit_base,64,5,49,Fast_Amortized_Operator,10497.9619140625,375.88232421875,164.03065490722656,6.096421431503678,0.0254239673846662,4725.658203125,12556.0,2504140800.0,50,60.5,-10.899999999999991,False
vit_base,64,5,49,Fast_Operator_Diagonal,10981.5634765625,313.52001953125,171.58692932128906,5.827949739269146,0.0243043571963343,4725.658203125,12556.0,2504140800.0,50,60.5,-10.899999999999991,False
vit_base,64,5,49,Hybrid_Group_Mean,165.88006591796875,3.34259033203125,2.5918760299682617,385.820922157394,1.608992857770996,4725.658203125,12556.0,2504140800.0,50,53.400000000000006,-17.999999999999986,False
vit_base,64,5,49,Hybrid_Amortized_Operator,10855.1826171875,452.673828125,169.6122283935547,5.895801319700133,0.0245873193221087,4725.658203125,12556.0,2504140800.0,50,53.400000000000006,-17.999999999999986,False
vit_base,64,5,49,Attention_Pruning_EViT,155.6383056640625,0.5733871459960938,2.431848526000977,411.2098222023876,1.714872442036755,4725.658203125,12556.0,2504140800.0,50,59.099999999999994,-12.299999999999997,True
vit_base,64,5,49,Token_Merging_ToMe,3988.4228515625,68.96240234375,62.31910705566406,16.04644301316432,0.0669186420903273,4725.658203125,12556.0,2504140800.0,50,66.60000000000001,-4.799999999999983,False
vit_base,64,5,32,Spatial_Group_Mean,145.08953857421875,1.9330596923828125,2.267024040222168,441.1069235516357,1.8395526233758368,4100.5185546875,12560.0,1646701056.0,33,50.3,-21.099999999999994,True
vit_base,64,5,32,Fast_Amortized_Operator,9716.3857421875,39.90185546875,151.8185272216797,6.586811361566153,0.027469045423932,4100.5185546875,12560.0,1646701056.0,33,50.3,-21.099999999999994,False
vit_base,64,5,32,Fast_Operator_Diagonal,9721.7216796875,296.53271484375,151.9019012451172,6.5831960745925455,0.0274539685564391,4100.5185546875,12560.0,1646701056.0,33,50.3,-21.099999999999994,False
vit_base,64,5,32,Hybrid_Group_Mean,147.9437713623047,0.7076644897460938,2.3116214275360107,432.5967859996495,1.8040627114674088,4100.5185546875,12560.0,1646701056.0,33,45.7,-25.69999999999999,False
vit_base,64,5,32,Hybrid_Amortized_Operator,9425.9453125,58.2138671875,147.2803955078125,6.7897699252644585,0.0283154455558585,4100.5185546875,12560.0,1646701056.0,33,45.5,-25.89999999999999,False
vit_base,64,5,32,Attention_Pruning_EViT,142.55442810058594,0.3479843139648437,2.2274129390716557,448.9513293465834,1.872266227466958,4100.5185546875,12560.0,1646701056.0,33,50.1,-21.29999999999999,True
vit_base,64,5,32,Token_Merging_ToMe,2544.99169921875,43.9278564453125,39.76549530029297,25.147429761616287,0.1048725783233499,4100.5185546875,12560.0,1646701056.0,33,61.6,-9.79999999999999,False
vit_base,64,7,98,Spatial_Group_Mean,219.5018310546875,0.8487091064453125,3.429716110229492,291.56932173406244,1.215934464082431,3883.81640625,12560.0,3578826240.0,99,69.39999999999999,-2.0,True
vit_base,64,7,98,Fast_Amortized_Operator,8984.5693359375,28.666015625,140.38389587402344,7.123324180270449,0.0297064702078726,3883.81640625,12560.0,3578826240.0,99,69.39999999999999,-2.0,False
vit_base,64,7,98,Fast_Operator_Diagonal,8996.2412109375,35.28955078125,140.56626892089844,7.114082259398484,0.0296679285326521,3883.81640625,12560.0,3578826240.0,99,69.39999999999999,-2.0,False
vit_base,64,7,98,Hybrid_Group_Mean,311.6516418457031,30.60946655273437,4.869556903839111,205.3574934531743,0.8564044127216063,3883.81640625,12560.0,3578826240.0,99,67.80000000000001,-3.59999999999998,False
vit_base,64,7,98,Hybrid_Amortized_Operator,9165.28515625,79.66796875,143.20758056640625,6.982870571829078,0.0291207351171817,3883.81640625,12560.0,3578826240.0,99,67.80000000000001,-3.59999999999998,False
vit_base,64,7,98,Attention_Pruning_EViT,217.0845184326172,0.5851821899414062,3.391945600509644,294.81604889233745,1.229474322884242,3883.81640625,12560.0,3578826240.0,99,68.60000000000001,-2.799999999999983,True
vit_base,64,7,98,Token_Merging_ToMe,1620.003662109375,42.71234130859375,25.312557220458984,39.50608353358094,0.1647526160287,3883.81640625,12560.0,3578826240.0,99,71.1,-0.29999999999999716,False
vit_base,64,7,49,Spatial_Group_Mean,193.9299774169922,6.220237731933594,3.030155897140503,330.0160235794072,1.3762691300412018,4726.345703125,12560.0,1788672000.0,50,67.80000000000001,-3.59999999999998,True
vit_base,64,7,49,Fast_Amortized_Operator,9437.888671875,64.85791015625,147.46701049804688,6.781177679147734,0.0282796132257798,4726.345703125,12560.0,1788672000.0,50,67.9,-3.499999999999986,False
vit_base,64,7,49,Fast_Operator_Diagonal,9391.44921875,43.82861328125,146.74139404296875,6.814709690621996,0.0284194521092366,4726.345703125,12560.0,1788672000.0,50,67.9,-3.499999999999986,False
vit_base,64,7,49,Hybrid_Group_Mean,195.49725341796875,0.5560302734375,3.0546445846557617,327.3703281302343,1.3652357597984657,4726.345703125,12560.0,1788672000.0,50,63.3,-8.099999999999994,False
vit_base,64,7,49,Hybrid_Amortized_Operator,9416.326171875,345.65966796875,147.13009643554688,6.796705937306776,0.0283443708763805,4726.345703125,12560.0,1788672000.0,50,63.3,-8.099999999999994,False
vit_base,64,7,49,Attention_Pruning_EViT,190.00294494628903,0.4179611206054687,2.9687960147857666,336.83688438667,1.4047142342138026,4726.345703125,12560.0,1788672000.0,50,61.8,-9.599999999999994,False
vit_base,64,7,49,Token_Merging_ToMe,2244.7216796875,65.400634765625,35.07377624511719,28.51132974708463,0.1189010841405293,4726.345703125,12560.0,1788672000.0,50,70.1,-1.2999999999999972,False
vit_base,64,7,32,Spatial_Group_Mean,181.96424865722656,0.3530807495117187,2.843191385269165,351.7174415978789,1.4667707710615383,4099.7841796875,12560.0,1176215040.0,33,63.9,-7.499999999999993,True
vit_base,64,7,32,Fast_Amortized_Operator,8902.458984375,45.68310546875,139.10092163085938,7.1890249775178425,0.0299804629009848,4099.7841796875,12560.0,1176215040.0,33,63.9,-7.499999999999993,False
vit_base,64,7,32,Fast_Operator_Diagonal,8886.7265625,46.2060546875,138.8551025390625,7.201751910547771,0.030033538157329,4099.7841796875,12560.0,1176215040.0,33,63.9,-7.499999999999993,False
vit_base,64,7,32,Hybrid_Group_Mean,188.8509826660156,0.7743682861328125,2.950796604156494,338.8915381668121,1.413282777461678,4099.7841796875,12560.0,1176215040.0,33,61.4,-9.999999999999993,False
vit_base,64,7,32,Hybrid_Amortized_Operator,8896.3271484375,44.04150390625,139.00511169433594,7.193980047287334,0.0300011270780965,4099.7841796875,12560.0,1176215040.0,33,61.3,-10.099999999999994,False
vit_base,64,7,32,Attention_Pruning_EViT,180.44534301757807,0.5924530029296875,2.819458484649658,354.6780367380577,1.4791173706411125,4099.7841796875,12560.0,1176215040.0,33,54.7,-16.69999999999999,False
vit_base,64,7,32,Token_Merging_ToMe,4256.58056640625,32.52783203125,66.50907135009766,15.035542967305792,0.0627028754994134,4099.7841796875,12560.0,1176215040.0,33,69.39999999999999,-2.0,False
dinov2,1,12,256,Clean,8.73136043548584,0.6567678451538086,8.73136043548584,114.52968954709712,1.0,3846.72119140625,12560.0,6065759232.0,257,78.8,0.0,True
dinov2,1,6,128,Spatial_Group_Mean,9.538111686706545,0.2963519096374511,9.538111686706545,104.8425550933441,0.9154181374972692,3846.8486328125,12560.0,1446253056.0,129,74.0,-4.799999999999997,False
dinov2,1,6,128,Fast_Amortized_Operator,14.852704048156738,0.6604475975036621,14.852704048156738,67.3278075667375,0.587863355196216,3846.8486328125,12560.0,1446253056.0,129,74.0,-4.799999999999997,False
dinov2,1,6,128,Fast_Operator_Diagonal,13.91100788116455,0.2995681762695312,13.91100788116455,71.88551746520078,0.6276583630800804,3846.8486328125,12560.0,1446253056.0,129,74.0,-4.799999999999997,False
dinov2,1,6,128,Hybrid_Group_Mean,18.09676742553711,0.7482242584228516,18.09676742553711,55.25848768929074,0.4824817731350544,3846.8486328125,12560.0,1446253056.0,129,75.0,-3.799999999999997,False
dinov2,1,6,128,Hybrid_Amortized_Operator,23.507583618164062,1.443760871887207,23.507583618164062,42.53946370001681,0.3714273902971128,3846.8486328125,12560.0,1446253056.0,129,75.0,-3.799999999999997,False
dinov2,1,6,128,Attention_Pruning_EViT,9.09171199798584,0.2928156852722168,9.09171199798584,109.99028568233771,0.9603648286945482,3846.8486328125,12560.0,1446253056.0,129,74.9,-3.8999999999999915,False
dinov2,1,6,128,Token_Merging_ToMe,60.986175537109375,5.2045745849609375,60.986175537109375,16.3971587198727,0.1431695029010781,3846.8486328125,12560.0,1446253056.0,129,75.6,-3.200000000000003,False
dinov2,1,6,64,Spatial_Group_Mean,9.87827205657959,0.4108800888061523,9.87827205657959,101.2322797218298,0.8838955219572202,3394.0498046875,12560.0,709562880.0,65,58.9,-19.9,False
dinov2,1,6,64,Fast_Amortized_Operator,14.501791954040527,0.5487680435180664,14.501791954040527,68.95699532645531,0.602088380743394,3394.0498046875,12560.0,709562880.0,65,58.9,-19.9,False
dinov2,1,6,64,Fast_Operator_Diagonal,14.119711875915527,0.3747363090515136,14.119711875915527,70.8229749153546,0.6183809210993334,3394.0498046875,12560.0,709562880.0,65,58.9,-19.9,False
dinov2,1,6,64,Hybrid_Group_Mean,13.846367835998535,1.175312042236328,13.846367835998535,72.22110605787505,0.6305885080407568,3394.0498046875,12560.0,709562880.0,65,62.4,-16.4,False
dinov2,1,6,64,Hybrid_Amortized_Operator,19.8253116607666,1.4482879638671875,19.8253116607666,50.44056896109003,0.4404147881702565,3394.0498046875,12560.0,709562880.0,65,62.3,-16.5,False
dinov2,1,6,64,Attention_Pruning_EViT,9.433247566223145,1.3369760513305664,9.433247566223145,106.00803095432563,0.925594327318357,3394.0498046875,12560.0,709562880.0,65,66.0,-12.799999999999997,False
dinov2,1,6,64,Token_Merging_ToMe,88.5334701538086,22.72708511352539,88.5334701538086,11.295163267210771,0.0986221416636771,3394.0498046875,12560.0,709562880.0,65,66.7,-12.099999999999994,False
dinov2,1,6,42,Spatial_Group_Mean,4.964064121246338,0.298447847366333,4.964064121246338,201.4478410381468,1.7589137090545155,2985.36328125,12560.0,465043968.0,43,37.6,-41.199999999999996,False
dinov2,1,6,42,Fast_Amortized_Operator,10.238816261291504,0.2369279861450195,10.238816261291504,97.66754031719113,0.8527704973567407,2985.36328125,12560.0,465043968.0,43,37.4,-41.4,False
dinov2,1,6,42,Fast_Operator_Diagonal,10.056256294250488,0.521967887878418,10.056256294250488,99.4405841239085,0.868251581901096,2985.36328125,12560.0,465043968.0,43,37.4,-41.4,False
dinov2,1,6,42,Hybrid_Group_Mean,7.547840118408203,0.6514401435852051,7.547840118408203,132.4882329662932,1.1568025154893231,2985.36328125,12560.0,465043968.0,43,31.7,-47.099999999999994,False
dinov2,1,6,42,Hybrid_Amortized_Operator,11.499232292175291,0.514495849609375,11.499232292175291,86.96232710078,0.7592994222255285,2985.36328125,12560.0,465043968.0,43,31.8,-47.0,False
dinov2,1,6,42,Attention_Pruning_EViT,4.73033618927002,0.1977758407592773,4.73033618927002,211.40146492512173,1.8458223868509556,2985.36328125,12560.0,465043968.0,43,57.4,-21.4,True
dinov2,1,6,42,Token_Merging_ToMe,50.969024658203125,0.5038089752197266,50.969024658203125,19.619759387313614,0.171307190868142,2985.36328125,12560.0,465043968.0,43,56.3,-22.5,False
dinov2,1,8,128,Spatial_Group_Mean,5.744639873504639,0.9950399398803712,5.744639873504639,174.07531577604863,1.519914324961695,2846.171875,12560.0,964168704.0,129,75.4,-3.3999999999999915,True
dinov2,1,8,128,Fast_Amortized_Operator,9.988767623901367,1.3659358024597168,9.988767623901367,100.11245006913322,0.8741178856331814,2846.171875,12560.0,964168704.0,129,75.4,-3.3999999999999915,False
dinov2,1,8,128,Fast_Operator_Diagonal,9.463775634765623,1.1474876403808594,9.463775634765623,105.66607225201462,0.9226085626344286,2846.171875,12560.0,964168704.0,129,75.4,-3.3999999999999915,False
dinov2,1,8,128,Hybrid_Group_Mean,12.82483196258545,1.8231520652771,12.82483196258545,77.97373118941067,0.6808167515144287,2846.171875,12560.0,964168704.0,129,75.4,-3.3999999999999915,False
dinov2,1,8,128,Hybrid_Amortized_Operator,19.22585678100586,2.372495651245117,19.22585678100586,52.01328665820228,0.4541467532470109,2846.171875,12560.0,964168704.0,129,75.3,-3.5,False
dinov2,1,8,128,Attention_Pruning_EViT,5.608863830566406,0.6121277809143066,5.608863830566406,178.28922758836453,1.5567075078383763,2846.171875,12560.0,964168704.0,129,74.3,-4.5,True
dinov2,1,8,128,Token_Merging_ToMe,37.34400177001953,3.4625110626220703,37.34400177001953,26.77806214123573,0.2338089123189668,2846.171875,12560.0,964168704.0,129,75.8,-3.0,False
dinov2,1,8,64,Spatial_Group_Mean,5.575583934783936,0.3584959506988525,5.575583934783936,179.35341153441928,1.5659992814410382,3394.0029296875,12560.0,473041920.0,65,69.1,-9.700000000000003,True
dinov2,1,8,64,Fast_Amortized_Operator,10.904895782470703,0.4621438980102539,10.904895782470703,91.70193094439934,0.800682611705583,3394.0029296875,12560.0,473041920.0,65,69.19999999999999,-9.600000000000009,False
dinov2,1,8,64,Fast_Operator_Diagonal,10.224703788757324,0.2641921043395996,10.224703788757324,97.80234426933326,0.8539475192510217,3394.0029296875,12560.0,473041920.0,65,69.19999999999999,-9.600000000000009,False
dinov2,1,8,64,Hybrid_Group_Mean,9.742719650268556,0.7103519439697266,9.742719650268556,102.6407446685008,0.8961933370673519,3394.0029296875,12560.0,473041920.0,65,69.0,-9.799999999999997,False
dinov2,1,8,64,Hybrid_Amortized_Operator,13.89417552947998,0.2458243370056152,13.89417552947998,71.97260448295395,0.628418751221335,3394.0029296875,12560.0,473041920.0,65,69.0,-9.799999999999997,False
dinov2,1,8,64,Attention_Pruning_EViT,5.397088050842285,0.2066879272460937,5.397088050842285,185.28510014653867,1.617790992704519,3394.0029296875,12560.0,473041920.0,65,64.0,-14.799999999999997,True
dinov2,1,8,64,Token_Merging_ToMe,48.08102416992188,0.3386878967285156,48.08102416992188,20.798225854464462,0.1815968063539697,3394.0029296875,12560.0,473041920.0,65,69.89999999999999,-8.900000000000006,False
dinov2,1,8,42,Spatial_Group_Mean,5.18943977355957,0.1515040397644043,5.18943977355957,192.6990279557815,1.6825246686496902,2985.33984375,12560.0,310029312.0,43,61.3,-17.5,True
dinov2,1,8,42,Fast_Amortized_Operator,13.712575912475586,3.791984081268311,13.712575912475586,72.92575854330975,0.6367410828728483,2985.33984375,12560.0,310029312.0,43,61.3,-17.5,False
dinov2,1,8,42,Fast_Operator_Diagonal,12.995136260986328,1.7798080444335938,12.995136260986328,76.95186721528846,0.6718944888403295,2985.33984375,12560.0,310029312.0,43,61.3,-17.5,False
dinov2,1,8,42,Hybrid_Group_Mean,12.069472312927246,3.312000274658203,12.069472312927246,82.85366369571355,0.7234252011278027,2985.33984375,12560.0,310029312.0,43,51.9,-26.9,False
dinov2,1,8,42,Hybrid_Amortized_Operator,16.807104110717773,5.095311641693115,16.807104110717773,59.49864970267584,0.5195041559787752,2985.33984375,12560.0,310029312.0,43,51.9,-26.9,False
dinov2,1,8,42,Attention_Pruning_EViT,8.659551620483398,3.723072290420532,8.659551620483398,115.47942016242376,1.0082924403190328,2985.33984375,12560.0,310029312.0,43,56.2,-22.599999999999994,False
dinov2,1,8,42,Token_Merging_ToMe,53.655006408691406,11.676305770874023,53.655006408691406,18.63758979698888,0.1627315141662433,2985.33984375,12560.0,310029312.0,43,65.3,-13.5,False
dinov2,8,12,256,Clean,16.285247802734375,0.0600643157958984,2.035655975341797,491.2421411639042,1.0,3851.39697265625,12560.0,6065759232.0,257,78.8,0.0,True
dinov2,8,6,128,Spatial_Group_Mean,13.724896430969238,0.0760159492492675,1.7156120538711548,582.8823583650932,1.1865479557272205,3851.5244140625,12560.0,1446253056.0,129,74.0,-4.799999999999997,True
dinov2,8,6,128,Fast_Amortized_Operator,41.44454574584961,0.1986732482910156,5.180568218231201,193.02901880161508,0.3929406755378717,3851.5244140625,12560.0,1446253056.0,129,74.0,-4.799999999999997,False
dinov2,8,6,128,Fast_Operator_Diagonal,39.26176071166992,0.2468147277832031,4.90772008895874,203.76060204610565,0.4147864870943969,3851.5244140625,12560.0,1446253056.0,129,74.0,-4.799999999999997,False
dinov2,8,6,128,Hybrid_Group_Mean,26.889312744140625,5.048255920410156,3.361164093017578,297.5159713497422,0.6056401648377215,3851.5244140625,12560.0,1446253056.0,129,75.0,-3.799999999999997,False
dinov2,8,6,128,Hybrid_Amortized_Operator,53.76460647583008,1.3841896057128906,6.72057580947876,148.79677401891533,0.302899042143188,3851.5244140625,12560.0,1446253056.0,129,75.0,-3.799999999999997,False
dinov2,8,6,128,Attention_Pruning_EViT,13.859968185424805,1.970319747924805,1.7324960231781006,577.201902123616,1.17498450103659,3851.5244140625,12560.0,1446253056.0,129,74.9,-3.8999999999999915,True
dinov2,8,6,128,Token_Merging_ToMe,452.5956115722656,28.902755737304688,56.5744514465332,17.675823175149468,0.035981895065578,3851.5244140625,12560.0,1446253056.0,129,75.6,-3.200000000000003,False
dinov2,8,6,64,Spatial_Group_Mean,11.75449562072754,0.0833916664123535,1.4693119525909424,680.5906657443498,1.3854484554843371,3398.0693359375,12560.0,709562880.0,65,58.9,-19.9,False
dinov2,8,6,64,Fast_Amortized_Operator,40.67094421386719,1.3389129638671875,5.083868026733398,196.70062140510413,0.4004147953167448,3398.0693359375,12560.0,709562880.0,65,58.9,-19.9,False
dinov2,8,6,64,Fast_Operator_Diagonal,40.57408142089844,4.936895370483398,5.071760177612305,197.1702061966941,0.4013707084036745,3398.0693359375,12560.0,709562880.0,65,58.9,-19.9,False
dinov2,8,6,64,Hybrid_Group_Mean,18.762752532958984,0.6615200042724609,2.345344066619873,426.3766729293614,0.8679562219950095,3398.0693359375,12560.0,709562880.0,65,62.4,-16.4,False
dinov2,8,6,64,Hybrid_Amortized_Operator,45.4552001953125,1.969072341918945,5.681900024414063,175.99746488026662,0.3582702910285227,3398.0693359375,12560.0,709562880.0,65,62.3,-16.5,False
dinov2,8,6,64,Attention_Pruning_EViT,11.683584213256836,0.1300325393676757,1.4604480266571045,684.7213880585343,1.393857185045685,3398.0693359375,12560.0,709562880.0,65,66.0,-12.799999999999997,True
dinov2,8,6,64,Token_Merging_ToMe,599.80859375,2.951934814453125,74.97607421875,13.337588162890505,0.027150741040436,3398.0693359375,12560.0,709562880.0,65,66.7,-12.099999999999994,False
dinov2,8,6,42,Spatial_Group_Mean,11.466015815734863,0.1708641052246093,1.433251976966858,697.7140210308768,1.4203057159912564,2989.3828125,12560.0,465043968.0,43,37.6,-41.199999999999996,False
dinov2,8,6,42,Fast_Amortized_Operator,36.95212936401367,0.4174575805664062,4.619016170501709,216.49631936477545,0.4407120261544111,2989.3828125,12560.0,465043968.0,43,37.4,-41.4,False
dinov2,8,6,42,Fast_Operator_Diagonal,35.850528717041016,0.4317092895507812,4.481316089630127,223.14873130998816,0.4542540482811185,2989.3828125,12560.0,465043968.0,43,37.4,-41.4,False
dinov2,8,6,42,Hybrid_Group_Mean,14.256863594055176,0.6308317184448242,1.782107949256897,561.1332357374758,1.1422742242918698,2989.3828125,12560.0,465043968.0,43,31.7,-47.099999999999994,False
dinov2,8,6,42,Hybrid_Amortized_Operator,39.64195251464844,0.4198074340820312,4.955244064331055,201.80640691307653,0.4108084180948623,2989.3828125,12560.0,465043968.0,43,31.8,-47.0,False
dinov2,8,6,42,Attention_Pruning_EViT,11.385503768920898,0.2900161743164062,1.4231879711151123,702.6478724496727,1.430349340113377,2989.3828125,12560.0,465043968.0,43,57.4,-21.4,True
dinov2,8,6,42,Token_Merging_ToMe,380.4216003417969,14.726577758789062,47.55270004272461,21.02930010496841,0.0428084204159348,2989.3828125,12560.0,465043968.0,43,56.3,-22.5,False
dinov2,8,8,128,Spatial_Group_Mean,15.346719741821287,0.1681599617004394,1.918339967727661,521.2840355844402,1.0611549618877516,2850.19140625,12560.0,964168704.0,129,75.4,-3.3999999999999915,True
dinov2,8,8,128,Fast_Amortized_Operator,514.7974853515625,8.573623657226562,64.34968566894531,15.540091448847477,0.0316342800152043,2850.19140625,12560.0,964168704.0,129,75.4,-3.3999999999999915,False
dinov2,8,8,128,Fast_Operator_Diagonal,504.7952270507813,5.84002685546875,63.099403381347656,15.848010383812955,0.0322610970350876,2850.19140625,12560.0,964168704.0,129,75.4,-3.3999999999999915,False
dinov2,8,8,128,Hybrid_Group_Mean,25.90118408203125,1.902975082397461,3.2376480102539062,308.8661883048791,0.6287453018038717,2850.19140625,12560.0,964168704.0,129,75.4,-3.3999999999999915,False
dinov2,8,8,128,Hybrid_Amortized_Operator,521.5010375976562,4.352386474609375,65.18762969970703,15.340333811899503,0.031227642187931,2850.19140625,12560.0,964168704.0,129,75.3,-3.5,False
dinov2,8,8,128,Attention_Pruning_EViT,15.309727668762209,0.0658402442932128,1.913715958595276,522.5435862143459,1.0637189736537644,2850.19140625,12560.0,964168704.0,129,74.3,-4.5,False
dinov2,8,8,128,Token_Merging_ToMe,237.4437713623047,25.06849670410156,29.68047142028809,33.69218722437306,0.0685857022456295,2850.19140625,12560.0,964168704.0,129,75.8,-3.0,False
dinov2,8,8,64,Spatial_Group_Mean,13.761792182922363,0.2575674057006836,1.7202240228652954,581.3196343661958,1.1833667872810552,3398.0224609375,12560.0,473041920.0,65,69.1,-9.700000000000003,False
dinov2,8,8,64,Fast_Amortized_Operator,557.9879150390625,9.130859375,69.74848937988281,14.337228073192144,0.0291856639970317,3398.0224609375,12560.0,473041920.0,65,69.19999999999999,-9.600000000000009,False
dinov2,8,8,64,Fast_Operator_Diagonal,564.614013671875,17.6241455078125,70.57675170898438,14.168971733402978,0.0288431519735507,3398.0224609375,12560.0,473041920.0,65,69.19999999999999,-9.600000000000009,False
dinov2,8,8,64,Hybrid_Group_Mean,16.982912063598633,0.2243032455444336,2.122864007949829,471.06173370274297,0.958919632966855,3398.0224609375,12560.0,473041920.0,65,69.0,-9.799999999999997,False
dinov2,8,8,64,Hybrid_Amortized_Operator,560.6583251953125,3.207672119140625,70.08229064941406,14.268939995162112,0.0290466529629453,3398.0224609375,12560.0,473041920.0,65,69.0,-9.799999999999997,False
dinov2,8,8,64,Attention_Pruning_EViT,13.767616271972656,0.3085761070251465,1.720952033996582,581.0737198047823,1.18286618983469,3398.0224609375,12560.0,473041920.0,65,64.0,-14.799999999999997,False
dinov2,8,8,64,Token_Merging_ToMe,359.9620666503906,21.744308471679688,44.99525833129883,22.22456403377058,0.0452415665747114,3398.0224609375,12560.0,473041920.0,65,69.89999999999999,-8.900000000000006,False
dinov2,8,8,42,Spatial_Group_Mean,13.020928382873535,0.0701603889465332,1.627616047859192,614.3955150327394,1.2506979013995967,2989.359375,12560.0,310029312.0,43,61.3,-17.5,False
dinov2,8,8,42,Fast_Amortized_Operator,40.40614318847656,1.321794509887695,5.05076789855957,197.98969584113937,0.4030389073951202,2989.359375,12560.0,310029312.0,43,61.3,-17.5,False
dinov2,8,8,42,Fast_Operator_Diagonal,37.920448303222656,1.7654571533203125,4.740056037902832,210.96796999945076,0.4294582087351108,2989.359375,12560.0,310029312.0,43,61.3,-17.5,False
dinov2,8,8,42,Hybrid_Group_Mean,17.85296058654785,0.7139682769775391,2.231620073318481,448.1049493845841,0.912187517794962,2989.359375,12560.0,310029312.0,43,51.9,-26.9,False
dinov2,8,8,42,Hybrid_Amortized_Operator,43.527713775634766,2.070528030395508,5.440964221954346,183.79095307500643,0.3741351518409006,2989.359375,12560.0,310029312.0,43,51.9,-26.9,False
dinov2,8,8,42,Attention_Pruning_EViT,13.051615715026855,0.1516480445861816,1.631451964378357,612.9509307257089,1.2477572247231052,2989.359375,12560.0,310029312.0,43,56.2,-22.599999999999994,False
dinov2,8,8,42,Token_Merging_ToMe,541.1390380859375,25.897216796875,67.64237976074219,14.78363126100973,0.0300943873137242,2989.359375,12560.0,310029312.0,43,65.3,-13.5,False
dinov2,16,12,256,Clean,31.147872924804688,0.139871597290039,1.946742057800293,513.6787362214503,1.0,3855.33447265625,12560.0,6065759232.0,257,78.8,0.0,True
dinov2,16,6,128,Spatial_Group_Mean,23.552255630493164,0.2880477905273437,1.4720159769058228,679.3404526097603,1.322500630660507,3855.4619140625,12560.0,1446253056.0,129,74.0,-4.799999999999997,True
dinov2,16,6,128,Fast_Amortized_Operator,75.65740966796875,0.3147659301757812,4.728588104248047,211.4796167383716,0.4116962642720748,3855.4619140625,12560.0,1446253056.0,129,74.0,-4.799999999999997,False
dinov2,16,6,128,Fast_Operator_Diagonal,73.27967834472656,0.3147010803222656,4.57997989654541,218.3415697423215,0.4250547167835131,3855.4619140625,12560.0,1446253056.0,129,74.0,-4.799999999999997,False
dinov2,16,6,128,Hybrid_Group_Mean,37.976863861083984,0.73089599609375,2.373553991317749,421.30914386523824,0.8201802296982936,3855.4619140625,12560.0,1446253056.0,129,75.0,-3.799999999999997,False
dinov2,16,6,128,Hybrid_Amortized_Operator,90.336669921875,0.8356781005859375,5.646041870117188,177.11522921795907,0.3447976657955402,3855.4619140625,12560.0,1446253056.0,129,75.0,-3.799999999999997,False
dinov2,16,6,128,Attention_Pruning_EViT,23.59542465209961,0.1633930206298828,1.4747140407562256,678.0975649266927,1.3200810489347574,3855.4619140625,12560.0,1446253056.0,129,74.9,-3.8999999999999915,True
dinov2,16,6,128,Token_Merging_ToMe,780.3233642578125,2.97216796875,48.77021026611328,20.50432004585439,0.0399166221998623,3855.4619140625,12560.0,1446253056.0,129,75.6,-3.200000000000003,False
dinov2,16,6,64,Spatial_Group_Mean,20.58412742614746,0.1235361099243164,1.2865079641342163,777.2979475280372,1.5131986058946751,3402.6630859375,12560.0,709562880.0,65,58.9,-19.9,False
dinov2,16,6,64,Fast_Amortized_Operator,69.9210205078125,0.8889427185058594,4.370063781738281,228.8296120937232,0.4454722299329775,3402.6630859375,12560.0,709562880.0,65,58.9,-19.9,False
dinov2,16,6,64,Fast_Operator_Diagonal,68.6943359375,0.3746871948242187,4.29339599609375,232.91585516682545,0.4534270911817807,3402.6630859375,12560.0,709562880.0,65,58.9,-19.9,False
dinov2,16,6,64,Hybrid_Group_Mean,26.227903366088867,0.7901601791381836,1.6392439603805542,610.037324626072,1.1875853166775447,3402.6630859375,12560.0,709562880.0,65,62.4,-16.4,False
dinov2,16,6,64,Hybrid_Amortized_Operator,76.0810546875,0.2949295043945312,4.75506591796875,210.3020267755144,0.4094038003645372,3402.6630859375,12560.0,709562880.0,65,62.3,-16.5,False
dinov2,16,6,64,Attention_Pruning_EViT,20.5798397064209,0.1826400756835937,1.2862399816513062,777.4598941607893,1.5135138742157728,3402.6630859375,12560.0,709562880.0,65,66.0,-12.799999999999997,True
dinov2,16,6,64,Token_Merging_ToMe,1182.810791015625,24.70916748046875,73.92567443847656,13.52710012584645,0.0263337747350609,3402.6630859375,12560.0,709562880.0,65,66.7,-12.099999999999994,False
dinov2,16,6,42,Spatial_Group_Mean,19.594879150390625,0.2499837875366211,1.224679946899414,816.5398662170896,1.589592499435433,2993.9765625,12560.0,465043968.0,43,37.6,-41.199999999999996,False
dinov2,16,6,42,Fast_Amortized_Operator,68.11004638671875,0.5019798278808594,4.256877899169922,234.91394953916745,0.4573168655318729,2993.9765625,12560.0,465043968.0,43,37.4,-41.4,False
dinov2,16,6,42,Fast_Operator_Diagonal,67.04662322998047,0.3563690185546875,4.190413951873779,238.6399080102436,0.4645703455931342,2993.9765625,12560.0,465043968.0,43,37.4,-41.4,False
dinov2,16,6,42,Hybrid_Group_Mean,22.693056106567383,0.5370883941650391,1.4183160066604614,705.061492152641,1.3725728601089775,2993.9765625,12560.0,465043968.0,43,31.7,-47.099999999999994,False
dinov2,16,6,42,Hybrid_Amortized_Operator,71.53977966308594,0.4919357299804687,4.471236228942871,223.65179310519872,0.43539235194034,2993.9765625,12560.0,465043968.0,43,31.8,-47.0,False
dinov2,16,6,42,Attention_Pruning_EViT,19.36195182800293,0.2986879348754883,1.210121989250183,826.3629690917533,1.6087155469396397,2993.9765625,12560.0,465043968.0,43,57.4,-21.4,True
dinov2,16,6,42,Token_Merging_ToMe,761.4589233398438,2.508453369140625,47.59118270874024,21.012295620389104,0.0409055196151443,2993.9765625,12560.0,465043968.0,43,56.3,-22.5,False
dinov2,16,8,128,Spatial_Group_Mean,26.004959106445312,0.1294412612915039,1.625309944152832,615.2672624674273,1.1977666566329923,2854.78515625,12560.0,964168704.0,129,75.4,-3.3999999999999915,True
dinov2,16,8,128,Fast_Amortized_Operator,132.8303680419922,0.8391342163085938,8.301898002624512,120.4543828030489,0.2344936130490716,2854.78515625,12560.0,964168704.0,129,75.4,-3.3999999999999915,False
dinov2,16,8,128,Fast_Operator_Diagonal,86.1226577758789,0.9769859313964844,5.382666110992432,185.78154011035704,0.3616687376957441,2854.78515625,12560.0,964168704.0,129,75.4,-3.3999999999999915,False
dinov2,16,8,128,Hybrid_Group_Mean,40.75817489624024,1.4941444396972656,2.547385931015014,392.5592851184298,0.764211670520064,2854.78515625,12560.0,964168704.0,129,75.4,-3.3999999999999915,False
dinov2,16,8,128,Hybrid_Amortized_Operator,149.10316467285156,1.825767517089844,9.318947792053224,107.30825220984228,0.2089014877259412,2854.78515625,12560.0,964168704.0,129,75.3,-3.5,False
dinov2,16,8,128,Attention_Pruning_EViT,26.042495727539062,0.1216793060302734,1.6276559829711914,614.3804406226911,1.1960402432500683,2854.78515625,12560.0,964168704.0,129,74.3,-4.5,False
dinov2,16,8,128,Token_Merging_ToMe,430.6556396484375,1.1667327880859375,26.915977478027344,37.15265406267866,0.0723266342227214,2854.78515625,12560.0,964168704.0,129,75.8,-3.0,False
dinov2,16,8,64,Spatial_Group_Mean,24.489791870117188,0.3559513092041015,1.5306119918823242,653.3334413316693,1.271871688007761,3402.6162109375,12560.0,473041920.0,65,69.1,-9.700000000000003,False
dinov2,16,8,64,Fast_Amortized_Operator,73.75318145751953,0.5067672729492188,4.609573841094971,216.93979410523065,0.4223258211951885,3402.6162109375,12560.0,473041920.0,65,69.19999999999999,-9.600000000000009,False
dinov2,16,8,64,Fast_Operator_Diagonal,72.33894348144531,0.4339714050292969,4.521183967590332,221.18100196063747,0.430582358903182,3402.6162109375,12560.0,473041920.0,65,69.19999999999999,-9.600000000000009,False
dinov2,16,8,64,Hybrid_Group_Mean,28.75052833557129,0.473520278930664,1.7969080209732056,556.5115121799055,1.0833843664106622,3402.6162109375,12560.0,473041920.0,65,69.0,-9.799999999999997,False
dinov2,16,8,64,Hybrid_Amortized_Operator,78.18524932861328,0.32342529296875,4.88657808303833,204.64218170811048,0.3983855419311884,3402.6162109375,12560.0,473041920.0,65,69.0,-9.799999999999997,False
dinov2,16,8,64,Attention_Pruning_EViT,24.54863929748535,0.250864028930664,1.5342899560928345,651.767285596109,1.2688227867682804,3402.6162109375,12560.0,473041920.0,65,64.0,-14.799999999999997,False
dinov2,16,8,64,Token_Merging_ToMe,690.0250854492188,8.59014892578125,43.12656784057617,23.187562796479657,0.0451402037137923,3402.6162109375,12560.0,473041920.0,65,69.89999999999999,-8.900000000000006,False
dinov2,16,8,42,Spatial_Group_Mean,23.19555282592773,0.1912488937377929,1.4497220516204834,689.7873967511297,1.3428381361960011,2993.953125,12560.0,310029312.0,43,61.3,-17.5,False
dinov2,16,8,42,Fast_Amortized_Operator,73.1998062133789,0.4577140808105469,4.574987888336182,218.57981363174213,0.4255185161830622,2993.953125,12560.0,310029312.0,43,61.3,-17.5,False
dinov2,16,8,42,Fast_Operator_Diagonal,72.1860122680664,0.305572509765625,4.51162576675415,221.6495896820452,0.4314945783282152,2993.953125,12560.0,310029312.0,43,61.3,-17.5,False
dinov2,16,8,42,Hybrid_Group_Mean,28.16908836364746,0.8209438323974609,1.7605680227279663,567.9985022393621,1.10574657307694,2993.953125,12560.0,310029312.0,43,51.9,-26.9,False
dinov2,16,8,42,Hybrid_Amortized_Operator,77.31183624267578,1.3644180297851562,4.831989765167236,206.9540807409781,0.4028862130118597,2993.953125,12560.0,310029312.0,43,51.9,-26.9,False
dinov2,16,8,42,Attention_Pruning_EViT,23.203968048095703,0.1864480972290039,1.4502480030059814,689.5372363397597,1.3423511384019908,2993.953125,12560.0,310029312.0,43,56.2,-22.599999999999994,False
dinov2,16,8,42,Token_Merging_ToMe,1161.7523193359375,8.0772705078125,72.6095199584961,13.77229873674422,0.0268111131834098,2993.953125,12560.0,310029312.0,43,65.3,-13.5,False
dinov2,32,12,256,Clean,61.95737457275391,0.1448020935058593,1.93616795539856,516.4841186487618,1.0,3865.20947265625,12560.0,6065759232.0,257,78.8,0.0,True
dinov2,32,6,128,Spatial_Group_Mean,45.64700698852539,0.2377758026123047,1.4264689683914185,701.0317238990951,1.3573151595312387,3865.3369140625,12560.0,1446253056.0,129,74.0,-4.799999999999997,True
dinov2,32,6,128,Fast_Amortized_Operator,150.25103759765625,0.480438232421875,4.695344924926758,212.97689860678315,0.4123590463226217,3865.3369140625,12560.0,1446253056.0,129,74.0,-4.799999999999997,False
dinov2,32,6,128,Fast_Operator_Diagonal,148.57830810546875,0.3901901245117187,4.643072128295898,215.3746425574096,0.4170014813250752,3865.3369140625,12560.0,1446253056.0,129,74.0,-4.799999999999997,False
dinov2,32,6,128,Hybrid_Group_Mean,73.9122543334961,2.085071563720703,2.309757947921753,432.94579888761433,0.8382557822306282,3865.3369140625,12560.0,1446253056.0,129,75.0,-3.799999999999997,False
dinov2,32,6,128,Hybrid_Amortized_Operator,173.41798400878906,2.7304000854492188,5.419312000274658,184.5252681427677,0.3572719111393534,3865.3369140625,12560.0,1446253056.0,129,75.0,-3.799999999999997,False
dinov2,32,6,128,Attention_Pruning_EViT,45.68345642089844,1.2684326171875,1.4276080131530762,700.4723921318971,1.356232199287153,3865.3369140625,12560.0,1446253056.0,129,74.9,-3.8999999999999915,True
dinov2,32,6,128,Token_Merging_ToMe,1606.1531982421875,24.1917724609375,50.19228744506836,19.92337968446694,0.0385750093083035,3865.3369140625,12560.0,1446253056.0,129,75.6,-3.200000000000003,False
dinov2,32,6,64,Spatial_Group_Mean,38.78208160400391,0.2612323760986328,1.211940050125122,825.1233218151004,1.5975773349504103,3411.8505859375,12560.0,709562880.0,65,58.9,-19.9,False
dinov2,32,6,64,Fast_Amortized_Operator,134.79026794433594,0.7460174560546875,4.212195873260498,237.40586385075645,0.4596576260115479,3411.8505859375,12560.0,709562880.0,65,58.9,-19.9,False
dinov2,32,6,64,Fast_Operator_Diagonal,134.12281799316406,0.8450164794921875,4.191338062286377,238.5872924443846,0.4619450701961223,3411.8505859375,12560.0,709562880.0,65,58.9,-19.9,False
dinov2,32,6,64,Hybrid_Group_Mean,45.437984466552734,0.4019203186035156,1.419937014579773,704.2565900685022,1.3635590420688934,3411.8505859375,12560.0,709562880.0,65,62.4,-16.4,False
dinov2,32,6,64,Hybrid_Amortized_Operator,142.0797119140625,1.7479019165039062,4.439990997314453,225.225681899998,0.4360747480275655,3411.8505859375,12560.0,709562880.0,65,62.3,-16.5,False
dinov2,32,6,64,Attention_Pruning_EViT,38.73350524902344,0.1388473510742187,1.2104220390319824,826.1581231615178,1.5995808841575472,3411.8505859375,12560.0,709562880.0,65,66.0,-12.799999999999997,True
dinov2,32,6,64,Token_Merging_ToMe,2384.881103515625,13.433837890625,74.52753448486328,13.417859679808709,0.0259792299420799,3411.8505859375,12560.0,709562880.0,65,66.7,-12.099999999999994,False
dinov2,32,6,42,Spatial_Group_Mean,37.24371337890625,0.5150394439697266,1.1638660430908203,859.2054093651109,1.6635659807178291,3003.1640625,12560.0,465043968.0,43,37.6,-41.199999999999996,True
dinov2,32,6,42,Fast_Amortized_Operator,132.5410614013672,0.4260940551757812,4.141908168792725,241.43461401064283,0.4674579629714268,3003.1640625,12560.0,465043968.0,43,37.4,-41.4,False
dinov2,32,6,42,Fast_Operator_Diagonal,131.6612091064453,0.8470535278320312,4.114412784576416,243.04804898251143,0.4705818440620781,3003.1640625,12560.0,465043968.0,43,37.4,-41.4,False
dinov2,32,6,42,Hybrid_Group_Mean,41.32553482055664,0.4268951416015625,1.291422963142395,774.3396459102129,1.4992516090060213,3003.1640625,12560.0,465043968.0,43,31.7,-47.099999999999994,False
dinov2,32,6,42,Hybrid_Amortized_Operator,136.90489196777344,0.8008346557617188,4.27827787399292,233.73890837686503,0.452557784329126,3003.1640625,12560.0,465043968.0,43,31.8,-47.0,False
dinov2,32,6,42,Attention_Pruning_EViT,37.34147262573242,0.2635345458984375,1.1669210195541382,856.9560263659351,1.659210797435407,3003.1640625,12560.0,465043968.0,43,57.4,-21.4,True
dinov2,32,6,42,Token_Merging_ToMe,1581.2744140625,33.05987548828125,49.414825439453125,20.236841698960923,0.0391819244160014,3003.1640625,12560.0,465043968.0,43,56.3,-22.5,False
dinov2,32,8,128,Spatial_Group_Mean,51.7305908203125,0.2383995056152343,1.6165809631347656,618.589494002742,1.1976931558343185,2863.97265625,12560.0,964168704.0,129,75.4,-3.3999999999999915,True
dinov2,32,8,128,Fast_Amortized_Operator,155.21971130371094,0.1667633056640625,4.850615978240967,206.1593835681548,0.3991591921693817,2863.97265625,12560.0,964168704.0,129,75.4,-3.3999999999999915,False
dinov2,32,8,128,Fast_Operator_Diagonal,153.74893188476562,0.465179443359375,4.804654121398926,208.1315272094632,0.402977593491126,2863.97265625,12560.0,964168704.0,129,75.4,-3.3999999999999915,False
dinov2,32,8,128,Hybrid_Group_Mean,62.85177612304688,0.9150714874267578,1.9641180038452148,509.1343789132165,0.9857696694435178,2863.97265625,12560.0,964168704.0,129,75.4,-3.3999999999999915,False
dinov2,32,8,128,Hybrid_Amortized_Operator,163.12940979003906,0.506988525390625,5.097794055938721,196.1632794551677,0.3798050557069883,2863.97265625,12560.0,964168704.0,129,75.3,-3.5,False
dinov2,32,8,128,Attention_Pruning_EViT,50.881534576416016,0.327585220336914,1.5900479555130005,628.9118491884528,1.217678969169134,2863.97265625,12560.0,964168704.0,129,74.3,-4.5,False
dinov2,32,8,128,Token_Merging_ToMe,948.4396362304688,12.83782958984375,29.63873863220215,33.739627465573435,0.0653255855259284,2863.97265625,12560.0,964168704.0,129,75.8,-3.0,False
dinov2,32,8,64,Spatial_Group_Mean,46.72819137573242,0.30401611328125,1.4602559804916382,684.8114394733179,1.3259099645985983,3411.8037109375,12560.0,473041920.0,65,69.1,-9.700000000000003,False
dinov2,32,8,64,Fast_Amortized_Operator,281.9923095703125,16.610595703125,8.812259674072266,113.47827197401304,0.2197129938300864,3411.8037109375,12560.0,473041920.0,65,69.19999999999999,-9.600000000000009,False
dinov2,32,8,64,Fast_Operator_Diagonal,197.2279052734375,1.668426513671875,6.163372039794922,162.2488458498562,0.3141410161348921,3411.8037109375,12560.0,473041920.0,65,69.19999999999999,-9.600000000000009,False
dinov2,32,8,64,Hybrid_Group_Mean,55.78604888916016,0.9252166748046876,1.7433140277862549,573.6201189580564,1.1106248928984983,3411.8037109375,12560.0,473041920.0,65,69.0,-9.799999999999997,False
dinov2,32,8,64,Hybrid_Amortized_Operator,285.1031188964844,4.9806671142578125,8.909472465515137,112.24009096729176,0.2173156674418896,3411.8037109375,12560.0,473041920.0,65,69.0,-9.799999999999997,False
dinov2,32,8,64,Attention_Pruning_EViT,47.60860824584961,0.2724475860595703,1.4877690076828003,672.1473527382451,1.3013901656777624,3411.8037109375,12560.0,473041920.0,65,64.0,-14.799999999999997,False
dinov2,32,8,64,Token_Merging_ToMe,2397.955322265625,358.55181884765625,74.93610382080078,13.344702339894267,0.0258375850448354,3411.8037109375,12560.0,473041920.0,65,69.89999999999999,-8.900000000000006,False
dinov2,32,8,42,Spatial_Group_Mean,45.519168853759766,0.2466564178466797,1.422474026679993,703.0005337489127,1.3611271060727284,3003.140625,12560.0,310029312.0,43,61.3,-17.5,False
dinov2,32,8,42,Fast_Amortized_Operator,144.62696838378906,0.3268203735351562,4.519592761993408,221.25887279254357,0.428394339348529,3003.140625,12560.0,310029312.0,43,61.3,-17.5,False
dinov2,32,8,42,Fast_Operator_Diagonal,143.7791290283203,0.4175567626953125,4.49309778213501,222.56359609534795,0.4309205027980807,3003.140625,12560.0,310029312.0,43,61.3,-17.5,False
dinov2,32,8,42,Hybrid_Group_Mean,50.98838424682617,2.363903045654297,1.593387007713318,627.5939210996253,1.2151272390360264,3003.140625,12560.0,310029312.0,43,51.9,-26.9,False
dinov2,32,8,42,Hybrid_Amortized_Operator,150.36166381835938,1.8624496459960935,4.6988019943237305,212.82020421546275,0.4120556596633564,3003.140625,12560.0,310029312.0,43,51.9,-26.9,False
dinov2,32,8,42,Attention_Pruning_EViT,46.06598281860352,0.1390552520751953,1.43956196308136,694.6557533789762,1.3449702097256184,3003.140625,12560.0,310029312.0,43,56.2,-22.599999999999994,False
dinov2,32,8,42,Token_Merging_ToMe,2117.7890625,59.3338623046875,66.180908203125,15.110097868871206,0.0292556872966444,3003.140625,12560.0,310029312.0,43,65.3,-13.5,False
dinov2,64,12,256,Clean,125.9771499633789,0.6538848876953125,1.9683929681777956,508.0286386745895,1.0,3882.89697265625,12560.0,6065759232.0,257,78.8,0.0,True
dinov2,64,6,128,Spatial_Group_Mean,93.35475158691406,1.7625617980957031,1.4586679935455322,685.5569632191186,1.3494455056858363,3883.0244140625,12560.0,1446253056.0,129,74.0,-4.799999999999997,True
dinov2,64,6,128,Fast_Amortized_Operator,300.7716064453125,0.7044219970703125,4.699556350708008,212.7860430590104,0.4188465508837337,3883.0244140625,12560.0,1446253056.0,129,74.0,-4.799999999999997,False
dinov2,64,6,128,Fast_Operator_Diagonal,297.98370361328125,0.4008636474609375,4.65599536895752,214.7768459279848,0.422765233252051,3883.0244140625,12560.0,1446253056.0,129,74.0,-4.799999999999997,False
dinov2,64,6,128,Hybrid_Group_Mean,143.48748779296875,2.6940155029296875,2.2419919967651367,446.0319222561241,0.8779660993517799,3883.0244140625,12560.0,1446253056.0,129,75.0,-3.799999999999997,False
dinov2,64,6,128,Hybrid_Amortized_Operator,339.6148986816406,24.835922241210938,5.306482791900635,188.44874076032343,0.3709411761745809,3883.0244140625,12560.0,1446253056.0,129,75.0,-3.799999999999997,False
dinov2,64,6,128,Attention_Pruning_EViT,93.63065338134766,0.6217422485351562,1.4629789590835571,683.5368299667293,1.3454690895970514,3883.0244140625,12560.0,1446253056.0,129,74.9,-3.8999999999999915,True
dinov2,64,6,128,Token_Merging_ToMe,3179.614990234375,15.1666259765625,49.68148422241211,20.12822313285246,0.0396202528766204,3883.0244140625,12560.0,1446253056.0,129,75.6,-3.200000000000003,False
dinov2,64,6,64,Spatial_Group_Mean,78.20368194580078,1.8772506713867188,1.2219325304031372,818.3757900856295,1.610885150531501,3430.2255859375,12560.0,709562880.0,65,58.9,-19.9,True
dinov2,64,6,64,Fast_Amortized_Operator,6719.9775390625,19.380859375,104.99964904785156,9.523841356310337,0.0187466623558021,3430.2255859375,12560.0,709562880.0,65,58.9,-19.9,False
dinov2,64,6,64,Fast_Operator_Diagonal,6738.33837890625,19.44873046875,105.28653717041016,9.497890488899476,0.0186955808508724,3430.2255859375,12560.0,709562880.0,65,58.9,-19.9,False
dinov2,64,6,64,Hybrid_Group_Mean,88.83548736572266,0.5550575256347656,1.3880544900894165,720.4328123570865,1.4180948818882422,3430.2255859375,12560.0,709562880.0,65,62.4,-16.4,False
dinov2,64,6,64,Hybrid_Amortized_Operator,6738.10888671875,17.24755859375,105.28295135498048,9.498213976053156,0.018696217600711,3430.2255859375,12560.0,709562880.0,65,62.3,-16.5,False
dinov2,64,6,64,Attention_Pruning_EViT,78.7867202758789,0.6110115051269531,1.231042504310608,812.3196368105963,1.5989642610107184,3430.2255859375,12560.0,709562880.0,65,66.0,-12.799999999999997,True
dinov2,64,6,64,Token_Merging_ToMe,4881.228515625,147.447509765625,76.26919555664062,13.111453355468514,0.0258084925874953,3430.2255859375,12560.0,709562880.0,65,66.7,-12.099999999999994,False
dinov2,64,6,42,Spatial_Group_Mean,74.61555480957031,2.566719055175781,1.165868043899536,857.730002321061,1.6883497051639007,3021.5390625,12560.0,465043968.0,43,37.6,-41.199999999999996,False
dinov2,64,6,42,Fast_Amortized_Operator,6146.529296875,30.669677734375,96.03952026367188,10.412380208215827,0.0204956559838456,3021.5390625,12560.0,465043968.0,43,37.4,-41.4,False
dinov2,64,6,42,Fast_Operator_Diagonal,6139.81494140625,25.06201171875,95.93460845947266,10.423766939356902,0.0205180695453543,3021.5390625,12560.0,465043968.0,43,37.4,-41.4,False
dinov2,64,6,42,Hybrid_Group_Mean,83.3689956665039,2.5981597900390625,1.3026405572891235,767.671476528462,1.51107913626929,3021.5390625,12560.0,465043968.0,43,31.7,-47.099999999999994,False
dinov2,64,6,42,Hybrid_Amortized_Operator,6138.369140625,57.406494140625,95.91201782226562,10.426222101312664,0.0205229022688837,3021.5390625,12560.0,465043968.0,43,31.8,-47.0,False
dinov2,64,6,42,Attention_Pruning_EViT,73.71900939941406,1.0083847045898438,1.1518595218658447,868.1614216116785,1.7088828375436662,3021.5390625,12560.0,465043968.0,43,57.4,-21.4,True
dinov2,64,6,42,Token_Merging_ToMe,2848.9296875,27.9005126953125,44.5145263671875,22.464576883314184,0.044219115170205,3021.5390625,12560.0,465043968.0,43,56.3,-22.5,False
dinov2,64,8,128,Spatial_Group_Mean,742.524658203125,5.654541015625,11.601947784423828,86.19242377064893,0.169660560860346,2882.34765625,12560.0,964168704.0,129,75.4,-3.3999999999999915,False
dinov2,64,8,128,Fast_Amortized_Operator,7255.58447265625,41.29638671875,113.3685073852539,8.820791797158936,0.017362784547288,2882.34765625,12560.0,964168704.0,129,75.4,-3.3999999999999915,False
dinov2,64,8,128,Fast_Operator_Diagonal,7401.95263671875,27.791015625,115.65550994873048,8.646367133250246,0.0170194482653733,2882.34765625,12560.0,964168704.0,129,75.4,-3.3999999999999915,False
dinov2,64,8,128,Hybrid_Group_Mean,777.4535522460938,9.965301513671877,12.147711753845217,82.32003032863057,0.1620381688390592,2882.34765625,12560.0,964168704.0,129,75.4,-3.3999999999999915,False
dinov2,64,8,128,Hybrid_Amortized_Operator,7313.6728515625,57.179931640625,114.27613830566406,8.750733222409172,0.01722488174139,2882.34765625,12560.0,964168704.0,129,75.3,-3.5,False
dinov2,64,8,128,Attention_Pruning_EViT,742.4518432617188,1.303619384765625,11.600810050964355,86.2008769738344,0.1696772000860548,2882.34765625,12560.0,964168704.0,129,74.3,-4.5,False
dinov2,64,8,128,Token_Merging_ToMe,2577.2109375,65.5167236328125,40.2689208984375,24.833046868132037,0.0488811948336607,2882.34765625,12560.0,964168704.0,129,75.8,-3.0,False
dinov2,64,8,64,Spatial_Group_Mean,823.9178466796875,3.331573486328125,12.873716354370115,77.67764742311878,0.152900134972261,3430.1787109375,12560.0,473041920.0,65,69.1,-9.700000000000003,False
dinov2,64,8,64,Fast_Amortized_Operator,6921.78076171875,57.59228515625,108.15282440185548,9.246175544009594,0.0182001069233659,3430.1787109375,12560.0,473041920.0,65,69.19999999999999,-9.600000000000009,False
dinov2,64,8,64,Fast_Operator_Diagonal,6568.38916015625,792.190673828125,102.6310806274414,9.743637053088,0.019179306659775,3430.1787109375,12560.0,473041920.0,65,69.19999999999999,-9.600000000000009,False
dinov2,64,8,64,Hybrid_Group_Mean,746.9197387695312,10.2733154296875,11.670620918273926,85.68524391313184,0.1686622315952079,3430.1787109375,12560.0,473041920.0,65,69.0,-9.799999999999997,False
dinov2,64,8,64,Hybrid_Amortized_Operator,6384.65283203125,77.808837890625,99.76020050048828,10.024037591976429,0.0197312451087962,3430.1787109375,12560.0,473041920.0,65,69.0,-9.799999999999997,False
dinov2,64,8,64,Attention_Pruning_EViT,737.6753540039062,5.842926025390625,11.526177406311035,86.75903248309025,0.1707758694656238,3430.1787109375,12560.0,473041920.0,65,64.0,-14.799999999999997,False
dinov2,64,8,64,Token_Merging_ToMe,4455.41455078125,173.744140625,69.61585235595703,14.3645443696766,0.0282750681283493,3430.1787109375,12560.0,473041920.0,65,69.89999999999999,-8.900000000000006,False
dinov2,64,8,42,Spatial_Group_Mean,92.18595123291016,1.516338348388672,1.4404054880142212,694.2489516466817,1.3665547545861343,3021.515625,12560.0,310029312.0,43,61.3,-17.5,False
dinov2,64,8,42,Fast_Amortized_Operator,5721.8076171875,47.2490234375,89.40324401855469,11.185276451405509,0.0220170195140712,3021.515625,12560.0,310029312.0,43,61.3,-17.5,False
dinov2,64,8,42,Fast_Operator_Diagonal,5650.9638671875,272.57373046875,88.29631042480469,11.325501543483233,0.0222930375992791,3021.515625,12560.0,310029312.0,43,61.3,-17.5,False
dinov2,64,8,42,Hybrid_Group_Mean,103.62073516845705,1.316059112548828,1.6190739870071411,617.636999930127,1.2157523275488915,3021.515625,12560.0,310029312.0,43,51.9,-26.9,False
dinov2,64,8,42,Hybrid_Amortized_Operator,5879.458984375,69.886962890625,91.86654663085938,10.88535529715977,0.0214266568230462,3021.515625,12560.0,310029312.0,43,51.9,-26.9,False
dinov2,64,8,42,Attention_Pruning_EViT,91.7925796508789,0.8913764953613281,1.434259057044983,697.2241137945534,1.3724110428371938,3021.515625,12560.0,310029312.0,43,56.2,-22.599999999999994,False
dinov2,64,8,42,Token_Merging_ToMe,8007.044921875,567.025146484375,125.11007690429688,7.992961276532116,0.0157332887716432,3021.515625,12560.0,310029312.0,43,65.3,-13.5,False
