sample_id,target_class,base_margin,base_pred,base_correct,most_recent_margin,most_recent_pred,most_recent_correct,most_recent_delta,rand_2501_margin,rand_2502_margin,rand_2503_margin,rand_mean_margin,rand_mean_delta,global_margin,global_pred,global_correct,global_delta,global_selected_layer,tokenwise_margin,tokenwise_pred,tokenwise_correct,tokenwise_delta,tokenwise_vs_global_margin_diff,flip_category
0,0,5.048245906829834,0,True,4.965836048126221,0,True,-0.08240985870361328,5.046219348907471,5.037569522857666,5.081815242767334,5.055201371510823,0.006955464680989287,5.104739665985107,0,True,0.05649375915527344,5,5.238536834716797,0,True,0.1902909278869629,0.13379716873168945,both_correct
1,1,4.416955471038818,1,True,4.375359535217285,1,True,-0.0415959358215332,4.417948246002197,4.372805118560791,4.398037910461426,4.396263758341472,-0.02069171269734671,4.438308238983154,1,True,0.021352767944335938,4,4.651830196380615,1,True,0.23487472534179688,0.21352195739746094,both_correct
2,2,0.9912614822387695,2,True,0.9540119171142578,2,True,-0.03724956512451172,0.9714117050170898,0.9646425247192383,0.9554901123046875,0.9638481140136719,-0.027413368225097656,1.0707592964172363,2,True,0.0794978141784668,2,1.2535839080810547,2,True,0.26232242584228516,0.18282461166381836,both_correct
3,3,2.416761875152588,3,True,2.43867826461792,3,True,0.02191638946533203,2.4289984703063965,2.398738384246826,2.4161596298217773,2.4146321614583335,-0.0021297136942544093,2.4722299575805664,3,True,0.055468082427978516,1,2.624110221862793,3,True,0.20734834671020508,0.15188026428222656,both_correct
4,4,2.841479778289795,4,True,2.7170166969299316,4,True,-0.12446308135986328,2.812286853790283,2.8546853065490723,2.8064637184143066,2.8244786262512207,-0.01700115203857422,2.9625253677368164,4,True,0.12104558944702148,3,3.0718226432800293,4,True,0.23034286499023438,0.10929727554321289,both_correct
5,5,4.8323493003845215,5,True,4.8387532234191895,5,True,0.006403923034667969,4.846621513366699,4.837825298309326,4.842989921569824,4.84247891108195,0.010129610697428681,4.881959438323975,5,True,0.049610137939453125,6,5.04803466796875,5,True,0.21568536758422852,0.1660752296447754,both_correct
6,6,-3.769233226776123,5,False,-3.773192882537842,5,False,-0.00395965576171875,-3.740619659423828,-3.77825927734375,-3.726012706756592,-3.7482972145080566,0.020936012268066406,-3.6331920623779297,5,False,0.13604116439819336,5,-3.504845142364502,5,False,0.2643880844116211,0.12834692001342773,both_incorrect
7,7,0.796053409576416,7,True,0.7375044822692871,7,True,-0.058548927307128906,0.8257250785827637,0.8521356582641602,0.9005370140075684,0.8594659169514974,0.06341250737508142,1.04638671875,7,True,0.250333309173584,0,1.7298893928527832,7,True,0.9338359832763672,0.6835026741027832,both_correct
8,8,3.1680917739868164,8,True,3.1181793212890625,8,True,-0.049912452697753906,3.1789426803588867,3.1499862670898438,3.175936222076416,3.1682883898417153,0.0001966158548989405,3.2299251556396484,8,True,0.06183338165283203,6,3.3776607513427734,8,True,0.20956897735595703,0.147735595703125,both_correct
9,9,4.645135879516602,9,True,4.677512168884277,9,True,0.03237628936767578,4.654243469238281,4.674315452575684,4.667538642883301,4.665365854899089,0.020229975382487275,4.775712490081787,9,True,0.13057661056518555,0,4.864816188812256,9,True,0.2196803092956543,0.08910369873046875,both_correct
10,10,5.783681869506836,10,True,5.785874366760254,10,True,0.0021924972534179688,5.784063339233398,5.733382225036621,5.763326644897461,5.760257403055827,-0.02342446645100882,5.789324760437012,10,True,0.005642890930175781,1,5.786171913146973,10,True,0.0024900436401367188,-0.0031528472900390625,both_correct
11,11,4.926772117614746,11,True,4.934182167053223,11,True,0.0074100494384765625,4.93319034576416,4.963685035705566,4.918980598449707,4.9386186599731445,0.011846542358398438,5.049671173095703,11,True,0.12289905548095703,2,5.183609962463379,11,True,0.2568378448486328,0.13393878936767578,both_correct
12,12,0.41832780838012695,12,True,0.29563426971435547,12,True,-0.12269353866577148,0.5343928337097168,0.2940034866333008,0.4696016311645508,0.43266598383585614,0.014338175455729185,0.7058281898498535,12,True,0.28750038146972656,0,1.2804603576660156,12,True,0.8621325492858887,0.5746321678161621,both_correct
13,13,0.7530097961425781,13,True,0.6280789375305176,13,True,-0.12493085861206055,0.7726116180419922,0.6250662803649902,0.7635793685913086,0.7204190889994303,-0.03259070714314782,0.9505953788757324,13,True,0.1975855827331543,1,1.182790756225586,13,True,0.4297809600830078,0.23219537734985352,both_correct
14,14,2.7715625762939453,14,True,2.7968173027038574,14,True,0.02525472640991211,2.782291889190674,2.7962117195129395,2.7421841621398926,2.7735625902811685,0.0020000139872231593,2.8258790969848633,14,True,0.05431652069091797,3,2.9888243675231934,14,True,0.21726179122924805,0.16294527053833008,both_correct
15,15,5.294713497161865,15,True,5.2162909507751465,15,True,-0.07842254638671875,5.2827253341674805,5.343599796295166,5.301321506500244,5.309215545654297,0.01450204849243164,5.396564960479736,15,True,0.1018514633178711,2,5.6720991134643555,15,True,0.37738561630249023,0.27553415298461914,both_correct
16,16,-0.11636066436767578,95,False,-0.14460325241088867,95,False,-0.02824258804321289,-0.04381084442138672,-0.05537223815917969,-0.02400970458984375,-0.04106426239013672,0.07529640197753906,0.034136295318603516,16,True,0.1504969596862793,4,0.40067195892333984,16,True,0.5170326232910156,0.36653566360473633,both_correct
17,17,4.278200626373291,17,True,4.365013599395752,17,True,0.08681297302246094,4.269444465637207,4.351609706878662,4.255005359649658,4.292019844055176,0.013819217681884766,4.450808048248291,17,True,0.172607421875,0,4.744492530822754,17,True,0.4662919044494629,0.2936844825744629,both_correct
18,18,3.496405601501465,18,True,3.4458084106445312,18,True,-0.050597190856933594,3.491063117980957,3.4216394424438477,3.537097930908203,3.483266830444336,-0.013138771057128906,3.5510330200195312,18,True,0.054627418518066406,5,3.7857093811035156,18,True,0.2893037796020508,0.23467636108398438,both_correct
19,19,2.1461968421936035,19,True,2.168940544128418,19,True,0.022743701934814453,2.304290771484375,2.1861820220947266,2.1912689208984375,2.2272472381591797,0.08105039596557617,2.3090758323669434,19,True,0.16287899017333984,1,2.4214835166931152,19,True,0.2752866744995117,0.11240768432617188,both_correct
20,20,-8.793567657470703,95,False,-8.813190460205078,95,False,-0.019622802734375,-8.757147789001465,-8.746817588806152,-8.748373985290527,-8.750779787699381,0.04278786977132221,-8.687882423400879,95,False,0.10568523406982422,5,-8.425134658813477,95,False,0.36843299865722656,0.26274776458740234,both_incorrect
21,21,3.993328094482422,21,True,3.9577579498291016,21,True,-0.03557014465332031,3.977527618408203,4.024685382843018,3.987091541290283,3.9964348475138345,0.0031067530314126124,4.069962978363037,21,True,0.07663488388061523,3,4.184568405151367,21,True,0.1912403106689453,0.11460542678833008,both_correct
22,22,4.732452869415283,22,True,4.682485580444336,22,True,-0.049967288970947266,4.716012477874756,4.742187023162842,4.73489236831665,4.731030623118083,-0.0014222462972002248,4.799567699432373,22,True,0.06711483001708984,1,4.977265357971191,22,True,0.2448124885559082,0.17769765853881836,both_correct
23,23,0.034481048583984375,23,True,-0.08253955841064453,84,False,-0.1170206069946289,0.2919931411743164,0.014132499694824219,0.07767963409423828,0.12793509165445963,0.09345404307047525,0.3069491386413574,23,True,0.27246809005737305,2,0.6582775115966797,23,True,0.6237964630126953,0.35132837295532227,both_correct
24,24,6.3687639236450195,24,True,6.321009635925293,24,True,-0.04775428771972656,6.36381196975708,6.385833740234375,6.362306594848633,6.370650768280029,0.0018868446350097656,6.400045394897461,24,True,0.031281471252441406,4,6.519830703735352,24,True,0.15106678009033203,0.11978530883789062,both_correct
25,25,3.9703211784362793,25,True,3.9551963806152344,25,True,-0.015124797821044922,3.9966673851013184,3.9716973304748535,3.9765753746032715,3.981646696726481,0.011325518290201675,4.040919303894043,25,True,0.07059812545776367,1,4.150539398193359,25,True,0.18021821975708008,0.1096200942993164,both_correct
26,26,-2.7811312675476074,311,False,-2.692389965057373,311,False,0.08874130249023438,-2.7733664512634277,-2.7310309410095215,-2.7748360633850098,-2.75974448521932,0.021386782328287612,-2.4888548851013184,311,False,0.29227638244628906,0,-2.2255992889404297,311,False,0.5555319786071777,0.26325559616088867,both_incorrect
27,27,3.2183847427368164,27,True,3.184415340423584,27,True,-0.03396940231323242,3.197030544281006,3.1976094245910645,3.221531391143799,3.205390453338623,-0.01299428939819336,3.2570300102233887,27,True,0.038645267486572266,0,3.3340816497802734,27,True,0.11569690704345703,0.07705163955688477,both_correct
28,28,2.117257595062256,28,True,2.046363353729248,28,True,-0.07089424133300781,2.070007801055908,2.101931095123291,2.0794005393981934,2.083779811859131,-0.033477783203125,2.1139626502990723,28,True,-0.0032949447631835938,1,2.2806763648986816,28,True,0.16341876983642578,0.16671371459960938,both_correct
29,29,-3.0662994384765625,938,False,-3.0561819076538086,938,False,0.010117530822753906,-3.0813398361206055,-3.064891815185547,-3.019932746887207,-3.0553881327311196,0.010911305745442856,-2.885944366455078,938,False,0.18035507202148438,4,-2.2652645111083984,938,False,0.8010349273681641,0.6206798553466797,both_incorrect
30,30,2.2711973190307617,30,True,2.320619583129883,30,True,0.049422264099121094,2.282806873321533,2.3094162940979004,2.2716379165649414,2.2879536946614585,0.016756375630696763,2.3674840927124023,30,True,0.09628677368164062,6,2.512463092803955,30,True,0.24126577377319336,0.14497900009155273,both_correct
31,31,1.4149608612060547,31,True,1.3437376022338867,31,True,-0.07122325897216797,1.3477420806884766,1.3942465782165527,1.4224929809570312,1.3881605466206868,-0.026800314585367913,1.4786968231201172,31,True,0.0637359619140625,2,1.6084632873535156,31,True,0.19350242614746094,0.12976646423339844,both_correct
32,32,0.933624267578125,32,True,0.9224181175231934,32,True,-0.01120615005493164,0.9261507987976074,0.911534309387207,0.9341640472412109,0.9239497184753418,-0.009674549102783203,0.8911228179931641,32,True,-0.04250144958496094,0,0.906557559967041,32,True,-0.027066707611083984,0.015434741973876953,both_correct
33,33,2.7378053665161133,33,True,2.782017230987549,33,True,0.04421186447143555,2.746056079864502,2.747018337249756,2.7421860694885254,2.7450868288675943,0.007281462351480972,2.798947811126709,33,True,0.0611424446105957,0,2.913027286529541,33,True,0.17522192001342773,0.11407947540283203,both_correct
34,34,0.15409374237060547,34,True,0.20140647888183594,34,True,0.04731273651123047,0.12385082244873047,0.14808082580566406,0.13408279418945312,0.13533814748128256,-0.018755594889322907,0.20140647888183594,34,True,0.04731273651123047,7,0.39725303649902344,34,True,0.24315929412841797,0.1958465576171875,both_correct
35,35,1.1939492225646973,35,True,1.3271870613098145,35,True,0.1332378387451172,1.1767983436584473,1.1930413246154785,1.200890064239502,1.1902432441711426,-0.0037059783935546875,1.3271870613098145,35,True,0.1332378387451172,7,1.5735507011413574,35,True,0.37960147857666016,0.24636363983154297,both_correct
36,36,0.042077064514160156,36,True,0.05970954895019531,36,True,0.017632484436035156,0.04012298583984375,0.03819847106933594,0.06221199035644531,0.046844482421875,0.004767417907714844,0.06623268127441406,36,True,0.024155616760253906,0,0.18620586395263672,36,True,0.14412879943847656,0.11997318267822266,both_correct
37,37,2.4065585136413574,37,True,2.3617796897888184,37,True,-0.04477882385253906,2.3919363021850586,2.3688526153564453,2.387026309967041,2.3826050758361816,-0.02395343780517578,2.4391517639160156,37,True,0.0325932502746582,0,2.634650707244873,37,True,0.22809219360351562,0.19549894332885742,both_correct
38,38,-0.7496609687805176,43,False,-0.836824893951416,43,False,-0.08716392517089844,-0.7861886024475098,-0.7667770385742188,-0.757723331451416,-0.7702296574910482,-0.020568688710530636,-0.5719442367553711,43,False,0.17771673202514648,6,-0.38680171966552734,43,False,0.36285924911499023,0.18514251708984375,both_incorrect
39,39,-2.431746482849121,47,False,-2.4145684242248535,47,False,0.017178058624267578,-2.365802764892578,-2.4266252517700195,-2.4117789268493652,-2.401402314503988,0.030344168345133316,-2.2867307662963867,47,False,0.14501571655273438,1,-2.0216517448425293,47,False,0.4100947380065918,0.2650790214538574,both_incorrect
40,40,0.8935308456420898,40,True,0.903745174407959,40,True,0.01021432876586914,0.8917760848999023,0.8864898681640625,0.8947334289550781,0.8909997940063477,-0.0025310516357421875,0.9174003601074219,40,True,0.02386951446533203,3,0.9850568771362305,40,True,0.09152603149414062,0.0676565170288086,both_correct
41,41,-1.7271900177001953,54,False,-1.6863765716552734,54,False,0.040813446044921875,-1.7026758193969727,-1.909740924835205,-1.7340030670166016,-1.7821399370829265,-0.054949919382731194,-1.5886955261230469,54,False,0.13849449157714844,2,-1.1919898986816406,54,False,0.5352001190185547,0.39670562744140625,both_incorrect
42,42,-0.2916731834411621,41,False,-0.29143714904785156,41,False,0.00023603439331054688,-0.3176741600036621,-0.23424243927001953,-0.30172204971313477,-0.2845462163289388,0.007126967112223326,-0.19205951690673828,41,False,0.09961366653442383,6,0.0007948875427246094,42,True,0.2924680709838867,0.1928544044494629,tokenwise_only
43,43,1.5658917427062988,43,True,1.6848030090332031,43,True,0.1189112663269043,1.5784287452697754,1.5298871994018555,1.5915956497192383,1.5666371981302898,0.0007454554239909594,1.679081916809082,43,True,0.1131901741027832,4,1.8889031410217285,43,True,0.3230113983154297,0.20982122421264648,both_correct
44,44,3.293492317199707,44,True,3.2870893478393555,44,True,-0.0064029693603515625,3.2821731567382812,3.3315682411193848,3.337796688079834,3.3171793619791665,0.023687044779459487,3.405170440673828,44,True,0.1116781234741211,5,3.551424503326416,44,True,0.257932186126709,0.1462540626525879,both_correct
45,45,4.0457563400268555,45,True,4.077775001525879,45,True,0.03201866149902344,4.057587623596191,4.062297821044922,4.071412086486816,4.06376584370931,0.01800950368245413,4.104795455932617,45,True,0.05903911590576172,1,4.236246109008789,45,True,0.1904897689819336,0.13145065307617188,both_correct
46,46,-0.8372282981872559,47,False,-0.8774056434631348,47,False,-0.040177345275878906,-0.8632521629333496,-0.9021058082580566,-0.8888487815856934,-0.8847355842590332,-0.047507286071777344,-0.7528104782104492,47,False,0.08441781997680664,2,-0.5649204254150391,40,False,0.2723078727722168,0.18789005279541016,both_incorrect
47,47,4.501225471496582,47,True,4.456260681152344,47,True,-0.04496479034423828,4.480313301086426,4.475756645202637,4.487094879150391,4.481054941813151,-0.020170529683430694,4.568174362182617,47,True,0.06694889068603516,1,4.658129692077637,47,True,0.1569042205810547,0.08995532989501953,both_correct
48,48,-5.241006851196289,39,False,-5.250023365020752,39,False,-0.00901651382446289,-5.2697858810424805,-5.268167495727539,-5.269814491271973,-5.269255956013997,-0.028249104817708037,-5.207300186157227,39,False,0.0337066650390625,3,-4.8904829025268555,39,False,0.3505239486694336,0.3168172836303711,both_incorrect
49,49,2.93422794342041,49,True,2.923354148864746,49,True,-0.010873794555664062,3.1712284088134766,2.8929553031921387,3.055331230163574,3.0398383140563965,0.10561037063598633,3.308201789855957,49,True,0.3739738464355469,4,3.5840115547180176,49,True,0.6497836112976074,0.27580976486206055,both_correct
50,50,0.9657955169677734,50,True,1.248274326324463,50,True,0.28247880935668945,0.9120950698852539,1.0700116157531738,1.0321693420410156,1.0047586758931477,0.038963158925374275,1.248274326324463,50,True,0.28247880935668945,7,1.6016736030578613,50,True,0.6358780860900879,0.35339927673339844,both_correct
51,51,-1.0972352027893066,995,False,-1.1085219383239746,995,False,-0.011286735534667969,-1.0149097442626953,-0.9771313667297363,-1.016810417175293,-1.0029505093892415,0.09428469340006518,-0.9319496154785156,995,False,0.16528558731079102,4,-0.17655086517333984,995,False,0.9206843376159668,0.7553987503051758,both_incorrect
52,52,0.9614286422729492,52,True,0.9867815971374512,52,True,0.025352954864501953,0.9509954452514648,0.8913555145263672,0.9316415786743164,0.9246641794840494,-0.03676446278889978,1.0148048400878906,52,True,0.053376197814941406,3,1.1688642501831055,52,True,0.20743560791015625,0.15405941009521484,both_correct
53,53,3.742238998413086,53,True,3.708906650543213,53,True,-0.03333234786987305,3.752696990966797,3.7512946128845215,3.7249913215637207,3.7429943084716797,0.00075531005859375,3.828220844268799,53,True,0.08598184585571289,1,3.907169818878174,53,True,0.1649308204650879,0.078948974609375,both_correct
54,54,0.9828643798828125,54,True,0.9129533767700195,54,True,-0.06991100311279297,1.0090351104736328,1.0179085731506348,0.9854621887207031,1.004135290781657,0.021270910898844475,1.1047725677490234,54,True,0.12190818786621094,0,1.3687753677368164,54,True,0.3859109878540039,0.26400279998779297,both_correct
55,55,-0.43939876556396484,59,False,-0.4159736633300781,59,False,0.02342510223388672,-0.44176197052001953,-0.4696359634399414,-0.4567375183105469,-0.45604515075683594,-0.016646385192871094,-0.39998912811279297,59,False,0.039409637451171875,1,-0.3276243209838867,59,False,0.11177444458007812,0.07236480712890625,both_incorrect
56,56,0.21440649032592773,56,True,0.21099090576171875,56,True,-0.0034155845642089844,0.23565196990966797,0.2095952033996582,0.17467498779296875,0.20664072036743164,-0.007765769958496094,0.3249516487121582,56,True,0.11054515838623047,5,0.5652928352355957,56,True,0.35088634490966797,0.2403411865234375,both_correct
57,57,-0.18103981018066406,62,False,-0.3409600257873535,62,False,-0.15992021560668945,-0.18714570999145508,-0.1755962371826172,-0.22810697555541992,-0.19694964090983072,-0.015909830729166657,0.0017046928405761719,57,True,0.18274450302124023,0,0.2124929428100586,57,True,0.39353275299072266,0.21078824996948242,both_correct
58,58,0.4014568328857422,58,True,0.4415864944458008,58,True,0.040129661560058594,0.3956003189086914,0.38457298278808594,0.39696693420410156,0.3923800786336263,-0.009076754252115904,0.47968435287475586,58,True,0.07822751998901367,1,0.6401801109313965,58,True,0.2387232780456543,0.16049575805664062,both_correct
59,59,-0.3335227966308594,40,False,-0.3734617233276367,40,False,-0.039938926696777344,-0.3329753875732422,-0.32700252532958984,-0.35984039306640625,-0.3399394353230794,-0.006416638692220034,-0.20627689361572266,40,False,0.12724590301513672,2,-0.03634214401245117,40,False,0.2971806526184082,0.16993474960327148,both_incorrect
60,60,-5.04234504699707,762,False,-4.83256721496582,762,False,0.20977783203125,-5.018610000610352,-5.015721321105957,-4.993329048156738,-5.009220123291016,0.03312492370605469,-4.824200630187988,762,False,0.21814441680908203,4,-4.456447601318359,762,False,0.5858974456787109,0.3677530288696289,both_incorrect
61,61,-2.836949348449707,59,False,-2.7926645278930664,59,False,0.044284820556640625,-2.791574478149414,-2.7351207733154297,-2.7902183532714844,-2.7723045349121094,0.06464481353759766,-2.620513439178467,59,False,0.21643590927124023,3,-2.309539318084717,59,False,0.5274100303649902,0.31097412109375,both_incorrect
62,62,-0.5520997047424316,61,False,-0.4905705451965332,61,False,0.06152915954589844,-0.5796542167663574,-0.5686044692993164,-0.5671639442443848,-0.5718075434366862,-0.01970783869425452,-0.4905705451965332,61,False,0.06152915954589844,7,-0.2976999282836914,61,False,0.25439977645874023,0.1928706169128418,both_incorrect
63,63,5.4337286949157715,63,True,5.460824966430664,63,True,0.027096271514892578,5.482491493225098,5.479437828063965,5.462711334228516,5.474880218505859,0.04115152359008789,5.541703224182129,63,True,0.10797452926635742,1,5.623138427734375,63,True,0.18940973281860352,0.0814352035522461,both_correct
64,64,-1.5486717224121094,55,False,-1.5776152610778809,55,False,-0.028943538665771484,-1.5341053009033203,-1.5522432327270508,-1.553809642791748,-1.5467193921407063,0.0019523302714030688,-1.439765453338623,55,False,0.10890626907348633,2,-1.3457231521606445,55,False,0.20294857025146484,0.09404230117797852,both_incorrect
65,65,0.7327089309692383,65,True,0.6075019836425781,65,True,-0.12520694732666016,0.8079910278320312,0.7032794952392578,0.6830921173095703,0.7314542134602865,-0.001254717508951786,0.8435306549072266,65,True,0.11082172393798828,5,1.0937728881835938,65,True,0.36106395721435547,0.2502422332763672,both_correct
66,66,-2.4684324264526367,63,False,-2.5756497383117676,63,False,-0.10721731185913086,-2.5324230194091797,-2.4741063117980957,-2.5088605880737305,-2.5051299730936685,-0.03669754664103175,-2.386941432952881,63,False,0.08149099349975586,5,-2.037318706512451,63,False,0.43111371994018555,0.3496227264404297,both_incorrect
67,67,0.707521915435791,67,True,0.698829174041748,67,True,-0.008692741394042969,0.6981534957885742,0.7039937973022461,0.686495304107666,0.6962141990661621,-0.011307716369628906,0.7532858848571777,67,True,0.04576396942138672,6,0.8496394157409668,67,True,0.14211750030517578,0.09635353088378906,both_correct
68,68,-4.919217586517334,38,False,-5.141416549682617,38,False,-0.2221989631652832,-5.057969093322754,-5.008382797241211,-4.8893890380859375,-4.985246976216634,-0.06602938969929983,-4.889369010925293,38,False,0.029848575592041016,3,-4.534365653991699,38,False,0.38485193252563477,0.35500335693359375,both_incorrect
69,69,6.224148750305176,69,True,6.2442626953125,69,True,0.02011394500732422,6.207398414611816,6.219120502471924,6.224860191345215,6.217126369476318,-0.007022380828857422,6.2995710372924805,69,True,0.07542228698730469,1,6.397122859954834,69,True,0.1729741096496582,0.09755182266235352,both_correct
70,70,4.403292179107666,70,True,4.403581142425537,70,True,0.00028896331787109375,4.402318000793457,4.419854164123535,4.444965839385986,4.422379334767659,0.019087155659993194,4.5418477058410645,70,True,0.13855552673339844,6,4.713052749633789,70,True,0.30976057052612305,0.1712050437927246,both_correct
71,71,4.493988037109375,71,True,4.52205228805542,71,True,0.028064250946044922,4.414391994476318,4.424267768859863,4.479651927947998,4.43943723042806,-0.0545508066813154,4.534793376922607,71,True,0.04080533981323242,6,4.787407875061035,71,True,0.29341983795166016,0.25261449813842773,both_correct
72,72,1.158348560333252,72,True,1.1557831764221191,72,True,-0.0025653839111328125,1.1673426628112793,1.1534466743469238,1.1509771347045898,1.157255490620931,-0.0010930697123210376,1.203298568725586,72,True,0.044950008392333984,4,1.2422699928283691,72,True,0.08392143249511719,0.0389714241027832,both_correct
73,73,1.0151309967041016,73,True,0.9725732803344727,73,True,-0.042557716369628906,0.9844274520874023,0.9647736549377441,0.9806227684020996,0.9766079584757487,-0.0385230382283529,1.0515031814575195,73,True,0.03637218475341797,4,1.1305885314941406,73,True,0.11545753479003906,0.0790853500366211,both_correct
74,74,-1.5505824089050293,72,False,-1.5543456077575684,72,False,-0.0037631988525390625,-1.5762882232666016,-1.5472917556762695,-1.5561108589172363,-1.5598969459533691,-0.009314537048339844,-1.534135341644287,72,False,0.016447067260742188,0,-1.4784111976623535,72,False,0.07217121124267578,0.055724143981933594,both_incorrect
75,75,3.2080559730529785,75,True,3.17033052444458,75,True,-0.03772544860839844,3.150899887084961,3.1115918159484863,3.1102962493896484,3.1242626508076987,-0.0837933222452798,3.419708251953125,75,True,0.21165227890014648,5,3.8173060417175293,75,True,0.6092500686645508,0.3975977897644043,both_correct
76,76,3.5565385818481445,76,True,3.5439043045043945,76,True,-0.01263427734375,3.5617008209228516,3.5681962966918945,3.5906882286071777,3.573528448740641,0.016989866892496597,3.604249954223633,76,True,0.04771137237548828,1,3.7390127182006836,76,True,0.18247413635253906,0.13476276397705078,both_correct
77,77,0.39357852935791016,77,True,0.3563699722290039,77,True,-0.03720855712890625,0.43347740173339844,0.42640018463134766,0.45495033264160156,0.4382759730021159,0.04469744364420575,0.5207414627075195,77,True,0.12716293334960938,0,0.6134681701660156,77,True,0.21988964080810547,0.0927267074584961,both_correct
78,78,5.034182071685791,78,True,5.060154438018799,78,True,0.025972366333007812,5.051741600036621,5.054868221282959,5.0577311515808105,5.05478032430013,0.020598252614338897,5.077767848968506,78,True,0.043585777282714844,5,5.267109394073486,78,True,0.2329273223876953,0.18934154510498047,both_correct
79,79,4.003575801849365,79,True,3.8968124389648438,79,True,-0.10676336288452148,3.9979476928710938,4.048013687133789,4.014512538909912,4.020157972971599,0.01658217112223337,4.146928787231445,79,True,0.14335298538208008,0,4.215522289276123,79,True,0.2119464874267578,0.06859350204467773,both_correct
80,80,3.731858730316162,80,True,3.8436174392700195,80,True,0.11175870895385742,3.724331855773926,3.6905031204223633,3.788961410522461,3.7345987955729165,0.0027400652567544093,3.9478912353515625,80,True,0.2160325050354004,2,4.064826011657715,80,True,0.33296728134155273,0.11693477630615234,both_correct
81,81,3.132303237915039,81,True,3.167332172393799,81,True,0.035028934478759766,3.1154303550720215,3.1490063667297363,3.12190580368042,3.1287808418273926,-0.0035223960876464844,3.2088093757629395,81,True,0.07650613784790039,3,3.4016757011413574,81,True,0.26937246322631836,0.19286632537841797,both_correct
82,82,0.5426349639892578,82,True,0.5153260231018066,82,True,-0.027308940887451172,0.5453948974609375,0.5186700820922852,0.5298752784729004,0.531313419342041,-0.011321544647216797,0.6824264526367188,82,True,0.13979148864746094,0,0.8747172355651855,82,True,0.33208227157592773,0.1922907829284668,both_correct
83,83,3.79931640625,83,True,3.777193546295166,83,True,-0.022122859954833984,3.8076229095458984,3.797163486480713,3.7803430557250977,3.795043150583903,-0.004273255666097153,3.82490873336792,83,True,0.025592327117919922,4,3.918158531188965,83,True,0.11884212493896484,0.09324979782104492,both_correct
84,84,5.267435550689697,84,True,5.216948509216309,84,True,-0.05048704147338867,5.272691249847412,5.277096748352051,5.29036808013916,5.280052026112874,0.012616475423176787,5.420213222503662,84,True,0.15277767181396484,4,5.6159491539001465,84,True,0.3485136032104492,0.19573593139648438,both_correct
85,85,2.5216851234436035,85,True,2.428952217102051,85,True,-0.09273290634155273,2.536862373352051,2.548499584197998,2.580082416534424,2.555148124694824,0.0334630012512207,2.6730856895446777,85,True,0.15140056610107422,2,2.819988250732422,85,True,0.29830312728881836,0.14690256118774414,both_correct
86,86,-3.0591139793395996,81,False,-3.0394186973571777,81,False,0.019695281982421875,-3.086454391479492,-3.0795555114746094,-3.0916271209716797,-3.0858790079752603,-0.02676502863566066,-2.947599411010742,81,False,0.11151456832885742,4,-2.7457475662231445,81,False,0.3133664131164551,0.20185184478759766,both_incorrect
87,87,5.054244041442871,87,True,4.940428733825684,87,True,-0.1138153076171875,5.078234672546387,5.115688323974609,5.131661415100098,5.108528137207031,0.054284095764160156,5.226414680480957,87,True,0.17217063903808594,2,5.4144182205200195,87,True,0.36017417907714844,0.1880035400390625,both_correct
88,88,5.601799011230469,88,True,5.56245231628418,88,True,-0.03934669494628906,5.628868103027344,5.623279571533203,5.6100029945373535,5.6207168896993,0.018917878468831084,5.689251899719238,88,True,0.08745288848876953,2,5.8150787353515625,88,True,0.21327972412109375,0.12582683563232422,both_correct
89,89,3.9990696907043457,89,True,4.0177836418151855,89,True,0.018713951110839844,4.0168609619140625,3.962714672088623,4.049018859863281,4.009531497955322,0.010461807250976562,4.078824996948242,89,True,0.07975530624389648,1,4.326371192932129,89,True,0.3273015022277832,0.24754619598388672,both_correct
90,90,4.537897109985352,90,True,4.518665790557861,90,True,-0.019231319427490234,4.476020336151123,4.528807163238525,4.522510051727295,4.509112517038981,-0.028784592946370147,4.582607746124268,90,True,0.044710636138916016,4,4.799084186553955,90,True,0.2611870765686035,0.2164764404296875,both_correct
91,91,-4.163541316986084,95,False,-4.243549346923828,95,False,-0.08000802993774414,-4.165921688079834,-4.170914649963379,-4.097895622253418,-4.14491065343221,0.018630663553873994,-4.009571552276611,95,False,0.15396976470947266,5,-3.7411575317382812,95,False,0.42238378524780273,0.2684140205383301,both_incorrect
92,92,3.0712552070617676,92,True,3.226803779602051,92,True,0.1555485725402832,3.008114814758301,3.057270050048828,2.953216552734375,3.0062004725138345,-0.06505473454793309,3.226803779602051,92,True,0.1555485725402832,7,3.408259391784668,92,True,0.3370041847229004,0.1814556121826172,both_correct
93,93,-0.47110462188720703,384,False,-0.43920326232910156,384,False,0.03190135955810547,-0.4245014190673828,-0.5384387969970703,-0.5002889633178711,-0.4877430597941081,-0.01663843790690106,-0.3259153366088867,384,False,0.1451892852783203,2,0.1278839111328125,93,True,0.5989885330200195,0.4537992477416992,tokenwise_only
94,94,2.9975123405456543,94,True,3.037820339202881,94,True,0.04030799865722656,2.957852840423584,2.953042984008789,2.9952893257141113,2.9687283833821616,-0.02878395716349269,3.076770305633545,94,True,0.07925796508789062,2,3.3036704063415527,94,True,0.30615806579589844,0.2269001007080078,both_correct
95,95,4.353935241699219,95,True,4.348362445831299,95,True,-0.005572795867919922,4.359819412231445,4.350946426391602,4.363799095153809,4.358188311258952,0.004253069559733369,4.435759544372559,95,True,0.08182430267333984,5,4.678674221038818,95,True,0.3247389793395996,0.24291467666625977,both_correct
96,96,4.35281229019165,96,True,4.3671393394470215,96,True,0.014327049255371094,4.344357490539551,4.386532783508301,4.336485385894775,4.355791886647542,0.002979596455891631,4.392369270324707,96,True,0.03955698013305664,6,4.615984916687012,96,True,0.26317262649536133,0.2236156463623047,both_correct
97,97,4.119883060455322,97,True,4.119381427764893,97,True,-0.0005016326904296875,4.056338787078857,4.163702011108398,4.158305644989014,4.126115481058757,0.006232420603434541,4.262518405914307,97,True,0.14263534545898438,1,4.4508748054504395,97,True,0.3309917449951172,0.1883563995361328,both_correct
98,98,5.983642578125,98,True,5.9642333984375,98,True,-0.0194091796875,5.962156295776367,5.97731351852417,6.005356788635254,5.981608867645264,-0.002033710479736328,6.055627822875977,98,True,0.07198524475097656,1,6.193937301635742,98,True,0.2102947235107422,0.13830947875976562,both_correct
99,99,3.2061657905578613,99,True,3.1779727935791016,99,True,-0.028192996978759766,3.1988725662231445,3.1860456466674805,3.178201675415039,3.187706629435221,-0.018459161122640122,3.2600269317626953,99,True,0.053861141204833984,1,3.52012300491333,99,True,0.31395721435546875,0.26009607315063477,both_correct
100,100,4.261173248291016,100,True,4.345306873321533,100,True,0.08413362503051758,4.206653594970703,4.24857234954834,4.222559928894043,4.225928624471028,-0.035244623819987275,4.371045112609863,100,True,0.10987186431884766,6,4.62485408782959,100,True,0.3636808395385742,0.25380897521972656,both_correct
101,101,-4.595341682434082,887,False,-4.637592792510986,887,False,-0.0422511100769043,-4.590517997741699,-4.49627685546875,-4.614191055297852,-4.566995302836101,0.028346379597981475,-4.494209289550781,887,False,0.10113239288330078,5,-4.112396240234375,887,False,0.48294544219970703,0.38181304931640625,both_incorrect
102,102,4.654349327087402,102,True,4.647531509399414,102,True,-0.006817817687988281,4.671314239501953,4.668471336364746,4.676750183105469,4.672178586324056,0.01782925923665335,4.713629722595215,102,True,0.0592803955078125,5,4.787272930145264,102,True,0.13292360305786133,0.07364320755004883,both_correct
103,103,2.2977099418640137,103,True,2.0621700286865234,103,True,-0.23553991317749023,2.3119263648986816,2.247605323791504,2.2853736877441406,2.281635125478109,-0.0160748163859048,2.52060604095459,103,True,0.22289609909057617,2,2.6525001525878906,103,True,0.35479021072387695,0.13189411163330078,both_correct
104,104,0.6121506690979004,104,True,0.7091741561889648,104,True,0.09702348709106445,0.5988459587097168,0.7175655364990234,0.5170235633850098,0.61114501953125,-0.0010056495666503906,0.8272562026977539,104,True,0.21510553359985352,5,1.1855573654174805,104,True,0.5734066963195801,0.35830116271972656,both_correct
105,105,2.087975025177002,105,True,2.0542101860046387,105,True,-0.03376483917236328,1.9814352989196777,2.073819637298584,2.055999279022217,2.0370847384134927,-0.05089028676350926,2.4655957221984863,105,True,0.3776206970214844,5,2.9168853759765625,105,True,0.8289103507995605,0.45128965377807617,both_correct
106,106,-0.15665149688720703,342,False,-0.010112285614013672,342,False,0.14653921127319336,-0.1371617317199707,-0.09400177001953125,-0.21247148513793945,-0.14787832895914713,0.008773167928059905,0.1653141975402832,106,True,0.32196569442749023,5,0.6653695106506348,106,True,0.8220210075378418,0.5000553131103516,both_correct
107,107,4.876588821411133,107,True,4.887575149536133,107,True,0.010986328125,4.874306678771973,4.852705001831055,4.889738082885742,4.872249921162923,-0.0043389002482099315,4.928892612457275,107,True,0.05230379104614258,0,5.087301254272461,107,True,0.21071243286132812,0.15840864181518555,both_correct
108,108,-1.4661192893981934,985,False,-1.5722112655639648,985,False,-0.10609197616577148,-1.4615411758422852,-1.4575762748718262,-1.4747681617736816,-1.464628537495931,0.0014907519022624438,-1.354924201965332,985,False,0.11119508743286133,5,-1.1009230613708496,985,False,0.36519622802734375,0.2540011405944824,both_incorrect
109,109,1.2795147895812988,109,True,1.2521748542785645,109,True,-0.027339935302734375,1.2017216682434082,1.2174525260925293,1.1877708435058594,1.2023150126139324,-0.07719977696736646,1.2986741065979004,109,True,0.019159317016601562,0,1.497732162475586,109,True,0.2182173728942871,0.19905805587768555,both_correct
110,110,-4.342534065246582,59,False,-4.316463470458984,59,False,0.026070594787597656,-4.308764934539795,-4.331136226654053,-4.331342697143555,-4.323747952779134,0.018786112467448213,-4.191647529602051,59,False,0.15088653564453125,3,-3.9254283905029297,59,False,0.41710567474365234,0.2662191390991211,both_incorrect
111,111,5.476374626159668,111,True,5.460549831390381,111,True,-0.01582479476928711,5.461590766906738,5.4516401290893555,5.435257911682129,5.449496269226074,-0.02687835693359375,5.576911926269531,111,True,0.10053730010986328,1,5.719676971435547,111,True,0.2433023452758789,0.14276504516601562,both_correct
112,112,3.2366647720336914,112,True,3.1998238563537598,112,True,-0.03684091567993164,3.2938551902770996,3.3560147285461426,3.2808175086975098,3.3102291425069175,0.07356437047322606,3.5764288902282715,112,True,0.3397641181945801,0,3.8754048347473145,112,True,0.638740062713623,0.29897594451904297,both_correct
113,113,0.8975915908813477,113,True,0.7398581504821777,113,True,-0.15773344039916992,0.8917999267578125,0.8086824417114258,0.919123649597168,0.8732020060221354,-0.024389584859212277,0.963557243347168,113,True,0.06596565246582031,5,1.5019950866699219,113,True,0.6044034957885742,0.5384378433227539,both_correct
114,114,0.2519664764404297,114,True,0.3041801452636719,114,True,0.05221366882324219,0.348297119140625,0.2762718200683594,0.32649898529052734,0.3170226414998372,0.06505616505940753,0.4645686149597168,114,True,0.2126021385192871,1,0.6629457473754883,114,True,0.4109792709350586,0.19837713241577148,both_correct
115,115,0.13939857482910156,115,True,0.05832624435424805,115,True,-0.08107233047485352,0.13518810272216797,0.11160564422607422,0.11185169219970703,0.11954847971598308,-0.019850095113118485,0.21428871154785156,115,True,0.07489013671875,1,0.35642242431640625,115,True,0.2170238494873047,0.1421337127685547,both_correct
116,116,0.023273944854736328,116,True,0.055511474609375,116,True,0.03223752975463867,0.04268693923950195,0.0005598068237304688,0.03662824630737305,0.02662499745686849,0.0033510526021321603,0.1898970603942871,116,True,0.16662311553955078,0,0.5201625823974609,116,True,0.4968886375427246,0.33026552200317383,both_correct
117,117,5.6528000831604,117,True,5.627364635467529,117,True,-0.025435447692871094,5.640702724456787,5.632671356201172,5.629701614379883,5.634358565012614,-0.018441518147786162,5.734269142150879,117,True,0.08146905899047852,5,5.916558265686035,117,True,0.26375818252563477,0.18228912353515625,both_correct
118,118,1.977494239807129,118,True,1.8995542526245117,118,True,-0.07793998718261719,2.01839542388916,2.001175880432129,1.9720525741577148,1.9972079594930012,0.019713719685872322,2.121548652648926,118,True,0.14405441284179688,4,2.2627458572387695,118,True,0.2852516174316406,0.14119720458984375,both_correct
119,119,-7.044201850891113,39,False,-7.05961275100708,39,False,-0.015410900115966797,-7.052779674530029,-7.09232234954834,-7.011974811553955,-7.052358945210774,-0.008157094319661162,-6.857522010803223,39,False,0.18667984008789062,0,-6.742037296295166,39,False,0.30216455459594727,0.11548471450805664,both_incorrect
120,120,1.65985107421875,120,True,1.5760140419006348,120,True,-0.08383703231811523,1.6690092086791992,1.6963081359863281,1.6771740913391113,1.680830478668213,0.02097940444946289,1.7742514610290527,120,True,0.11440038681030273,6,1.9549226760864258,120,True,0.2950716018676758,0.18067121505737305,both_correct
121,121,4.374606132507324,121,True,4.349508285522461,121,True,-0.02509784698486328,4.347270488739014,4.310159683227539,4.370906352996826,4.34277884165446,-0.03182729085286429,4.413806915283203,121,True,0.039200782775878906,6,4.557192325592041,121,True,0.1825861930847168,0.1433854103088379,both_correct
122,122,4.314132213592529,122,True,4.285173416137695,122,True,-0.028958797454833984,4.36173677444458,4.29547119140625,4.323520660400391,4.32690954208374,0.012777328491210938,4.414134502410889,122,True,0.10000228881835938,1,4.571595191955566,122,True,0.2574629783630371,0.15746068954467773,both_correct
123,123,3.5760393142700195,123,True,3.612367630004883,123,True,0.03632831573486328,3.5876588821411133,3.5887012481689453,3.5850157737731934,3.587125301361084,0.011085987091064453,3.612367630004883,123,True,0.03632831573486328,7,3.7876858711242676,123,True,0.21164655685424805,0.17531824111938477,both_correct
124,124,-1.4544548988342285,766,False,-1.2832512855529785,766,False,0.17120361328125,-1.4860992431640625,-1.5292463302612305,-1.481229305267334,-1.4988582928975422,-0.04440339406331373,-1.2161684036254883,766,False,0.23828649520874023,0,-0.8211121559143066,29,False,0.6333427429199219,0.39505624771118164,both_incorrect
125,125,3.010129451751709,125,True,2.9062318801879883,125,True,-0.1038975715637207,3.0357112884521484,3.0256028175354004,2.967379570007324,3.0095645586649575,-0.0005648930867514501,3.103062629699707,125,True,0.09293317794799805,6,3.4065074920654297,125,True,0.3963780403137207,0.30344486236572266,both_correct
126,126,2.7096080780029297,126,True,2.7175393104553223,126,True,0.007931232452392578,2.745486259460449,2.81787109375,2.827249050140381,2.7968688011169434,0.08726072311401367,2.8646702766418457,126,True,0.15506219863891602,4,3.3317718505859375,126,True,0.6221637725830078,0.4671015739440918,both_correct
127,127,2.698394298553467,127,True,2.659207344055176,127,True,-0.039186954498291016,2.7220306396484375,2.691634178161621,2.713582992553711,2.70908260345459,0.010688304901123047,2.782769203186035,127,True,0.08437490463256836,1,2.9405651092529297,127,True,0.2421708106994629,0.15779590606689453,both_correct
128,128,3.8365793228149414,128,True,3.878209114074707,128,True,0.041629791259765625,3.8325858116149902,3.8712663650512695,3.8939156532287598,3.8659226099650064,0.029343287150064956,3.9086461067199707,128,True,0.0720667839050293,4,4.082121849060059,128,True,0.2455425262451172,0.1734757423400879,both_correct
129,129,5.269396781921387,129,True,5.196311950683594,129,True,-0.07308483123779297,5.249754905700684,5.237465858459473,5.251652717590332,5.246291160583496,-0.023105621337890625,5.277729034423828,129,True,0.008332252502441406,6,5.49818754196167,129,True,0.2287907600402832,0.2204585075378418,both_correct
130,130,6.004955291748047,130,True,6.092832565307617,130,True,0.08787727355957031,5.958837509155273,5.989023208618164,5.936002731323242,5.96128781636556,-0.043667475382487275,6.104949951171875,130,True,0.09999465942382812,5,6.346779823303223,130,True,0.3418245315551758,0.24182987213134766,both_correct
131,131,5.010254383087158,131,True,5.04665470123291,131,True,0.03640031814575195,4.946613311767578,4.922153949737549,4.964949607849121,4.944572289784749,-0.06568209330240915,5.0652079582214355,131,True,0.054953575134277344,1,5.180371284484863,131,True,0.17011690139770508,0.11516332626342773,both_correct
132,132,3.3839454650878906,132,True,3.368101119995117,132,True,-0.015844345092773438,3.40512752532959,3.379612445831299,3.383727550506592,3.38948917388916,0.005543708801269531,3.4388771057128906,132,True,0.054931640625,5,3.616698741912842,132,True,0.23275327682495117,0.17782163619995117,both_correct
133,133,6.505910873413086,133,True,6.495267868041992,133,True,-0.01064300537109375,6.542864799499512,6.543268203735352,6.5083160400390625,6.531483014424642,0.025572141011555694,6.587964057922363,133,True,0.08205318450927734,1,6.707662582397461,133,True,0.201751708984375,0.11969852447509766,both_correct
134,134,0.761232852935791,134,True,0.7940554618835449,134,True,0.032822608947753906,0.7282505035400391,0.8109612464904785,0.737576961517334,0.7589295705159506,-0.002303282419840458,0.9352803230285645,134,True,0.17404747009277344,4,1.111149787902832,134,True,0.349916934967041,0.17586946487426758,both_correct
135,135,5.290813446044922,135,True,5.306596755981445,135,True,0.015783309936523438,5.355195045471191,5.301860809326172,5.305948257446289,5.321001370747884,0.030187924702961944,5.451417922973633,135,True,0.16060447692871094,2,5.6387939453125,135,True,0.3479804992675781,0.1873760223388672,both_correct
136,136,2.2379136085510254,136,True,1.7899689674377441,136,True,-0.44794464111328125,2.46636962890625,2.0288619995117188,2.214797019958496,2.2366762161254883,-0.0012373924255371094,2.457113265991211,136,True,0.21919965744018555,6,2.931476593017578,136,True,0.6935629844665527,0.4743633270263672,both_correct
137,137,2.981077194213867,137,True,2.8985562324523926,137,True,-0.08252096176147461,2.994189739227295,2.9745688438415527,3.0251684188842773,2.9979756673177085,0.016898473103841294,3.1115646362304688,137,True,0.13048744201660156,1,3.323488235473633,137,True,0.3424110412597656,0.21192359924316406,both_correct
138,138,4.299457550048828,138,True,4.332448959350586,138,True,0.03299140930175781,4.249537467956543,4.321303844451904,4.266481876373291,4.279107729593913,-0.02034982045491507,4.3932576179504395,138,True,0.09380006790161133,5,4.538055419921875,138,True,0.23859786987304688,0.14479780197143555,both_correct
139,139,6.028646469116211,139,True,6.024907112121582,139,True,-0.0037393569946289062,6.051950454711914,6.031184196472168,6.040786266326904,6.041306972503662,0.012660503387451172,6.116213798522949,139,True,0.08756732940673828,5,6.062405586242676,139,True,0.033759117126464844,-0.05380821228027344,both_correct
140,140,2.0340938568115234,140,True,2.114974021911621,140,True,0.08088016510009766,2.0058813095092773,2.0117645263671875,2.0200443267822266,2.012563387552897,-0.02153046925862645,2.114974021911621,140,True,0.08088016510009766,7,2.2974853515625,140,True,0.26339149475097656,0.1825113296508789,both_correct
141,141,5.045987129211426,141,True,5.030394554138184,141,True,-0.015592575073242188,5.049561500549316,5.069009780883789,5.091473579406738,5.070014953613281,0.02402782440185547,5.126458168029785,141,True,0.08047103881835938,2,5.267038345336914,141,True,0.22105121612548828,0.1405801773071289,both_correct
142,142,-0.6622653007507324,140,False,-0.6661486625671387,140,False,-0.00388336181640625,-0.6541562080383301,-0.6594815254211426,-0.6404232978820801,-0.651353677113851,0.010911623636881473,-0.5189023017883301,140,False,0.14336299896240234,0,-0.36416101455688477,140,False,0.29810428619384766,0.1547412872314453,both_incorrect
143,143,5.0694379806518555,143,True,5.045580863952637,143,True,-0.02385711669921875,5.0823564529418945,5.068703651428223,5.024301528930664,5.058453877766927,-0.010984102884928681,5.184703826904297,143,True,0.1152658462524414,1,5.281491279602051,143,True,0.2120532989501953,0.0967874526977539,both_correct
144,144,3.8558106422424316,144,True,3.833570957183838,144,True,-0.02223968505859375,3.8026843070983887,3.808302879333496,3.762176036834717,3.7910544077555337,-0.06475623448689793,4.008037090301514,144,True,0.15222644805908203,0,4.270087718963623,144,True,0.4142770767211914,0.2620506286621094,both_correct
145,145,6.736849308013916,145,True,6.803839683532715,145,True,0.06699037551879883,6.726620674133301,6.687058448791504,6.699635982513428,6.704438368479411,-0.03241093953450491,6.803839683532715,145,True,0.06699037551879883,7,6.883793354034424,145,True,0.1469440460205078,0.07995367050170898,both_correct
146,146,-1.4507651329040527,34,False,-1.441312313079834,34,False,0.00945281982421875,-1.4980158805847168,-1.4421052932739258,-1.4875597953796387,-1.4758936564127605,-0.025128523508707756,-1.297502040863037,34,False,0.15326309204101562,3,-0.9713997840881348,34,False,0.47936534881591797,0.32610225677490234,both_incorrect
147,147,3.229177951812744,147,True,3.291508674621582,147,True,0.06233072280883789,3.217775344848633,3.2701845169067383,3.183178424835205,3.223712762196859,-0.005465189615885269,3.401522636413574,147,True,0.17234468460083008,5,3.5332274436950684,147,True,0.3040494918823242,0.13170480728149414,both_correct
148,148,-0.08773994445800781,147,False,-0.11408233642578125,147,False,-0.026342391967773438,-0.10553646087646484,-0.10176849365234375,-0.03409004211425781,-0.08046499888102214,0.0072749455769856725,0.03493976593017578,148,True,0.1226797103881836,1,0.17994976043701172,148,True,0.26768970489501953,0.14500999450683594,both_correct
149,149,0.6724634170532227,149,True,0.7367000579833984,149,True,0.06423664093017578,0.6215400695800781,0.7843828201293945,0.6151347160339355,0.6736858685811361,0.0012224515279134485,0.7966852188110352,149,True,0.1242218017578125,0,1.1566839218139648,149,True,0.4842205047607422,0.3599987030029297,both_correct
150,150,3.5612735748291016,150,True,3.515364646911621,150,True,-0.04590892791748047,3.7048492431640625,3.627495765686035,3.6853103637695312,3.6725517908732095,0.11127821604410792,3.7185163497924805,150,True,0.1572427749633789,6,4.15335750579834,150,True,0.5920839309692383,0.4348411560058594,both_correct
151,151,1.7563743591308594,151,True,1.7308106422424316,151,True,-0.025563716888427734,1.7278995513916016,1.739288330078125,1.7102346420288086,1.725807507832845,-0.030566851298014397,1.872969627380371,151,True,0.11659526824951172,5,2.1931772232055664,151,True,0.43680286407470703,0.3202075958251953,both_correct
152,152,2.896817207336426,152,True,2.8855676651000977,152,True,-0.011249542236328125,2.90739107131958,2.881293296813965,2.8895153999328613,2.8927332560221353,-0.004083951314290513,2.9700379371643066,152,True,0.07322072982788086,5,2.912282943725586,152,True,0.015465736389160156,-0.0577549934387207,both_correct
153,153,1.5877008438110352,153,True,1.5417795181274414,153,True,-0.04592132568359375,1.5670580863952637,1.6050605773925781,1.6020689010620117,1.5913958549499512,0.0036950111389160156,1.6423487663269043,153,True,0.05464792251586914,2,1.851877212524414,153,True,0.2641763687133789,0.20952844619750977,both_correct
154,154,4.507391929626465,154,True,4.588043212890625,154,True,0.08065128326416016,4.529885292053223,4.521612167358398,4.522241115570068,4.5245795249938965,0.01718759536743164,4.619518280029297,154,True,0.11212635040283203,2,4.895697116851807,154,True,0.3883051872253418,0.27617883682250977,both_correct
155,155,1.6083402633666992,155,True,1.594503402709961,155,True,-0.013836860656738281,1.6074066162109375,1.6015939712524414,1.6120624542236328,1.6070210138956706,-0.0013192494710285718,1.6393213272094727,155,True,0.030981063842773438,1,1.7714481353759766,155,True,0.16310787200927734,0.1321268081665039,both_correct
156,156,3.901055335998535,156,True,3.8530564308166504,156,True,-0.047998905181884766,3.8679776191711426,3.7875890731811523,3.839555263519287,3.831707318623861,-0.06934801737467433,3.9963855743408203,156,True,0.09533023834228516,6,4.215348243713379,156,True,0.31429290771484375,0.2189626693725586,both_correct
157,157,2.711636543273926,157,True,2.821725845336914,157,True,0.11008930206298828,2.757190704345703,2.6815013885498047,2.761172294616699,2.733288129170736,0.021651585896810044,2.821725845336914,157,True,0.11008930206298828,7,3.1658287048339844,157,True,0.4541921615600586,0.3441028594970703,both_correct
158,158,-0.37366533279418945,180,False,-0.37651968002319336,180,False,-0.0028543472290039062,-0.4636063575744629,-0.46349382400512695,-0.44279956817626953,-0.4566332499186198,-0.08296791712443036,-0.27957582473754883,180,False,0.09408950805664062,3,0.08710145950317383,158,True,0.4607667922973633,0.36667728424072266,tokenwise_only
159,159,2.046323299407959,159,True,1.994577407836914,159,True,-0.05174589157104492,2.062218189239502,2.0386266708374023,2.063143253326416,2.0546627044677734,0.008339405059814453,2.139066219329834,159,True,0.092742919921875,0,2.038321018218994,159,True,-0.008002281188964844,-0.10074520111083984,both_correct
160,160,3.7155933380126953,160,True,3.5723538398742676,160,True,-0.14323949813842773,3.7096314430236816,3.7764830589294434,3.73897123336792,3.741695245107015,0.02610190709431981,3.803035259246826,160,True,0.08744192123413086,6,4.048685550689697,160,True,0.33309221267700195,0.2456502914428711,both_correct
161,161,1.870962142944336,161,True,1.8079900741577148,161,True,-0.0629720687866211,1.9020256996154785,1.893653392791748,1.808180332183838,1.8679531415303547,-0.003009001413981194,1.95843505859375,161,True,0.08747291564941406,0,2.2593603134155273,161,True,0.3883981704711914,0.30092525482177734,both_correct
162,162,0.10801315307617188,162,True,0.0835733413696289,162,True,-0.02443981170654297,0.08275318145751953,0.1321430206298828,0.10932445526123047,0.10807355244954427,6.039937337239121e-05,0.2021932601928711,162,True,0.09418010711669922,0,0.4169445037841797,162,True,0.3089313507080078,0.2147512435913086,both_correct
163,163,-3.310636043548584,168,False,-3.3316731452941895,168,False,-0.02103710174560547,-3.3069252967834473,-3.351726531982422,-3.3062939643859863,-3.321648597717285,-0.011012554168701172,-3.2288718223571777,168,False,0.08176422119140625,6,-2.9594807624816895,168,False,0.35115528106689453,0.2693910598754883,both_incorrect
164,164,3.007688522338867,164,True,3.0906267166137695,164,True,0.08293819427490234,3.062227725982666,3.0077767372131348,3.0072221755981445,3.025742212931315,0.01805369059244777,3.118885040283203,164,True,0.11119651794433594,0,3.426295757293701,164,True,0.418607234954834,0.30741071701049805,both_correct
165,165,2.557781219482422,165,True,2.4504590034484863,165,True,-0.10732221603393555,2.596607208251953,2.530022144317627,2.56219482421875,2.562941392262777,0.005160172780354966,2.6355109214782715,165,True,0.07772970199584961,2,2.9676666259765625,165,True,0.4098854064941406,0.332155704498291,both_correct
166,166,0.5926589965820312,166,True,0.6308226585388184,166,True,0.03816366195678711,0.582916259765625,0.6202116012573242,0.612947940826416,0.6053586006164551,0.012699604034423828,0.6733975410461426,166,True,0.08073854446411133,2,0.8378787040710449,166,True,0.24521970748901367,0.16448116302490234,both_correct
167,167,-0.08475399017333984,166,False,-0.0727071762084961,166,False,0.01204681396484375,-0.10010147094726562,-0.0898122787475586,-0.07329368591308594,-0.08773581186930339,-0.0029818216959635463,-0.027013778686523438,166,False,0.057740211486816406,0,0.05883979797363281,167,True,0.14359378814697266,0.08585357666015625,tokenwise_only
168,168,2.32064151763916,168,True,2.1977601051330566,168,True,-0.12288141250610352,2.368745803833008,2.3851518630981445,2.341750144958496,2.3652159372965493,0.044574419657389175,2.456519603729248,168,True,0.1358780860900879,4,2.7063803672790527,168,True,0.3857388496398926,0.2498607635498047,both_correct
169,169,0.6056737899780273,169,True,0.6460733413696289,169,True,0.04039955139160156,0.6386928558349609,0.6704292297363281,0.6305031776428223,0.6465417544047037,0.040867964426676395,0.7251677513122559,169,True,0.11949396133422852,6,0.987586498260498,169,True,0.3819127082824707,0.2624187469482422,both_correct
170,170,1.355329990386963,170,True,1.34708833694458,170,True,-0.008241653442382812,1.350581169128418,1.3809218406677246,1.3441672325134277,1.3585567474365234,0.003226757049560547,1.410555362701416,170,True,0.055225372314453125,1,1.5567841529846191,170,True,0.20145416259765625,0.14622879028320312,both_correct
171,171,4.857208728790283,171,True,4.831284999847412,171,True,-0.025923728942871094,4.845417499542236,4.89605712890625,4.848158836364746,4.863211154937744,0.0060024261474609375,4.903387546539307,171,True,0.04617881774902344,3,5.086714744567871,171,True,0.2295060157775879,0.18332719802856445,both_correct
172,172,-1.1259350776672363,246,False,-1.244727611541748,246,False,-0.11879253387451172,-1.22011137008667,-1.1692719459533691,-1.1737804412841797,-1.1877212524414062,-0.06178617477416992,-0.9897890090942383,225,False,0.13614606857299805,0,-0.6224417686462402,246,False,0.5034933090209961,0.36734724044799805,both_incorrect
173,173,1.602341651916504,173,True,1.4720897674560547,173,True,-0.13025188446044922,1.6431221961975098,1.5244216918945312,1.5957489013671875,1.5877642631530762,-0.014577388763427734,1.6674842834472656,173,True,0.06514263153076172,1,1.9700860977172852,173,True,0.36774444580078125,0.30260181427001953,both_correct
174,174,2.083404064178467,174,True,2.05020809173584,174,True,-0.03319597244262695,2.0686044692993164,2.183934211730957,1.9684333801269531,2.0736573537190757,-0.009746710459391128,2.272542953491211,174,True,0.18913888931274414,0,2.6227617263793945,174,True,0.5393576622009277,0.3502187728881836,both_correct
175,175,3.1868557929992676,175,True,3.222249984741211,175,True,0.03539419174194336,3.1142654418945312,3.1309523582458496,3.1862258911132812,3.1438145637512207,-0.043041229248046875,3.291447639465332,175,True,0.10459184646606445,1,3.6328988075256348,175,True,0.4460430145263672,0.34145116806030273,both_correct
176,176,0.4919257164001465,176,True,0.42308759689331055,176,True,-0.06883811950683594,0.48387861251831055,0.5979547500610352,0.6046414375305176,0.5621582667032877,0.07023255030314124,0.8615827560424805,176,True,0.369657039642334,3,1.3108596801757812,176,True,0.8189339637756348,0.4492769241333008,both_correct
177,177,0.8812017440795898,177,True,0.8740472793579102,177,True,-0.0071544647216796875,0.8961782455444336,0.9031639099121094,0.9068365097045898,0.9020595550537109,0.020857810974121094,0.9495668411254883,177,True,0.06836509704589844,4,1.097275733947754,177,True,0.21607398986816406,0.14770889282226562,both_correct
178,178,3.7040557861328125,178,True,3.646275043487549,178,True,-0.05778074264526367,3.5981216430664062,3.6772923469543457,3.6261520385742188,3.6338553428649902,-0.07020044326782227,3.773383617401123,178,True,0.06932783126831055,5,3.9981508255004883,178,True,0.2940950393676758,0.22476720809936523,both_correct
179,179,3.1912617683410645,179,True,3.1548008918762207,179,True,-0.03646087646484375,3.2048420906066895,3.2133145332336426,3.189291477203369,3.2024827003479004,0.011220932006835938,3.2732973098754883,179,True,0.08203554153442383,0,3.3381943702697754,179,True,0.14693260192871094,0.06489706039428711,both_correct
180,180,1.2579784393310547,180,True,1.2597465515136719,180,True,0.0017681121826171875,1.2486753463745117,1.2544384002685547,1.234415054321289,1.2458429336547852,-0.012135505676269531,1.2807598114013672,180,True,0.0227813720703125,4,1.4670820236206055,180,True,0.20910358428955078,0.18632221221923828,both_correct
181,181,2.740200996398926,181,True,2.918529510498047,181,True,0.1783285140991211,2.766087532043457,2.682349681854248,2.725794792175293,2.7247440020243325,-0.015456994374593247,2.918529510498047,181,True,0.1783285140991211,7,3.17279052734375,181,True,0.4325895309448242,0.2542610168457031,both_correct
182,182,1.3431668281555176,182,True,1.3183069229125977,182,True,-0.024859905242919922,1.2645092010498047,1.2578411102294922,1.2266240119934082,1.2496581077575684,-0.09350872039794922,1.4237351417541504,182,True,0.08056831359863281,0,1.7624216079711914,182,True,0.41925477981567383,0.338686466217041,both_correct
183,183,4.0043816566467285,183,True,4.080066204071045,183,True,0.0756845474243164,3.9681124687194824,3.9868693351745605,4.00789213180542,3.9876246452331543,-0.01675701141357422,4.09173583984375,183,True,0.08735418319702148,6,4.2910308837890625,183,True,0.286649227142334,0.1992950439453125,both_correct
184,184,-1.2051773071289062,202,False,-1.1772613525390625,202,False,0.02791595458984375,-1.1697092056274414,-1.1462287902832031,-1.1624832153320312,-1.1594737370808919,0.0457035700480144,-1.0072088241577148,202,False,0.1979684829711914,3,-0.862149715423584,202,False,0.34302759170532227,0.14505910873413086,both_incorrect
185,185,3.9261436462402344,185,True,3.9004063606262207,185,True,-0.025737285614013672,4.081231117248535,3.9504432678222656,3.9727611541748047,4.001478513081868,0.07533486684163382,4.095013618469238,185,True,0.1688699722290039,0,4.211802959442139,185,True,0.2856593132019043,0.11678934097290039,both_correct
186,186,1.9758625030517578,186,True,1.965346336364746,186,True,-0.010516166687011719,2.009026527404785,1.9574694633483887,1.9577412605285645,1.974745750427246,-0.0011167526245117188,2.1070876121520996,186,True,0.1312251091003418,0,2.275954246520996,186,True,0.3000917434692383,0.16886663436889648,both_correct
187,187,0.7395405769348145,187,True,0.6446752548217773,187,True,-0.09486532211303711,0.7486810684204102,0.7782297134399414,0.7448329925537109,0.7572479248046875,0.017707347869873047,0.805109977722168,187,True,0.06556940078735352,3,0.9362802505493164,187,True,0.19673967361450195,0.13117027282714844,both_correct
188,188,-0.27931642532348633,189,False,-0.32949399948120117,189,False,-0.050177574157714844,-0.3432917594909668,-0.3311123847961426,-0.30857229232788086,-0.32765881220499676,-0.048342386881510435,-0.23044633865356445,189,False,0.048870086669921875,3,0.0020170211791992188,188,True,0.28133344650268555,0.23246335983276367,tokenwise_only
189,189,0.2808089256286621,189,True,0.24946975708007812,189,True,-0.031339168548583984,0.25661802291870117,0.2872633934020996,0.28537797927856445,0.27641979853312176,-0.004389127095540346,0.3502836227416992,189,True,0.06947469711303711,2,0.4503512382507324,189,True,0.1695423126220703,0.1000676155090332,both_correct
190,190,0.0331120491027832,190,True,0.019376754760742188,190,True,-0.013735294342041016,0.06773233413696289,0.09621858596801758,-0.018079280853271484,0.048623879750569664,0.01551183064778646,0.20981264114379883,190,True,0.17670059204101562,3,0.6017756462097168,190,True,0.5686635971069336,0.39196300506591797,both_correct
191,191,2.858004093170166,191,True,2.7913565635681152,191,True,-0.06664752960205078,2.880171775817871,2.8394317626953125,2.8283004760742188,2.849301338195801,-0.008702754974365234,2.934840202331543,191,True,0.07683610916137695,6,3.176677703857422,191,True,0.31867361068725586,0.2418375015258789,both_correct
192,192,0.49024009704589844,192,True,0.5109577178955078,192,True,0.020717620849609375,0.49810171127319336,0.46784210205078125,0.49945735931396484,0.4884670575459798,-0.0017730394999186383,0.7057161331176758,192,True,0.21547603607177734,1,0.9200301170349121,192,True,0.42979001998901367,0.21431398391723633,both_correct
193,193,-2.915156602859497,170,False,-2.92781925201416,170,False,-0.012662649154663086,-2.948483467102051,-2.9655961990356445,-3.0171494483947754,-2.9770763715108237,-0.061919768651326645,-2.7947258949279785,170,False,0.12043070793151855,5,-2.3367974758148193,170,False,0.5783591270446777,0.4579284191131592,both_incorrect
194,194,5.052368640899658,194,True,5.1116862297058105,194,True,0.059317588806152344,5.033956527709961,5.0481109619140625,5.060393810272217,5.047487099965413,-0.004881540934245088,5.0883002281188965,194,True,0.03593158721923828,1,5.265162467956543,194,True,0.21279382705688477,0.17686223983764648,both_correct
195,195,1.4405803680419922,195,True,1.486414909362793,195,True,0.04583454132080078,1.4565868377685547,1.440831184387207,1.4792299270629883,1.4588826497395833,0.018302281697591072,1.5552258491516113,195,True,0.11464548110961914,3,1.791029930114746,195,True,0.3504495620727539,0.23580408096313477,both_correct
196,196,0.8771944046020508,196,True,0.8756017684936523,196,True,-0.0015926361083984375,0.9022998809814453,0.8931379318237305,0.8957805633544922,0.8970727920532227,0.019878387451171875,0.9366817474365234,196,True,0.059487342834472656,2,1.0465307235717773,196,True,0.16933631896972656,0.1098489761352539,both_correct
197,197,-0.33762216567993164,206,False,-0.31191062927246094,206,False,0.025711536407470703,-0.33321046829223633,-0.37399768829345703,-0.4365415573120117,-0.38124990463256836,-0.04362773895263672,-0.20200061798095703,206,False,0.1356215476989746,0,0.10529708862304688,197,True,0.4429192543029785,0.3072977066040039,tokenwise_only
198,198,-0.24764347076416016,196,False,-0.2128915786743164,196,False,0.03475189208984375,-0.2710380554199219,-0.23051834106445312,-0.2540569305419922,-0.25187110900878906,-0.004227638244628906,-0.2128915786743164,196,False,0.03475189208984375,7,-0.015186309814453125,196,False,0.23245716094970703,0.19770526885986328,both_incorrect
199,199,-4.8211565017700195,233,False,-4.8389787673950195,233,False,-0.017822265625,-4.788639068603516,-4.816592216491699,-4.818184852600098,-4.8078053792317705,0.013351122538248994,-4.638028144836426,233,False,0.18312835693359375,4,-4.312010765075684,233,False,0.5091457366943359,0.3260173797607422,both_incorrect
200,200,0.35878849029541016,200,True,0.26248979568481445,200,True,-0.0962986946105957,0.43396759033203125,0.24702024459838867,0.3625493049621582,0.34784571329752606,-0.010942776997884096,0.42174625396728516,200,True,0.062957763671875,5,0.8544750213623047,200,True,0.49568653106689453,0.43272876739501953,both_correct
201,201,2.1636743545532227,201,True,2.2483768463134766,201,True,0.0847024917602539,2.12601375579834,2.151409149169922,2.1552858352661133,2.1442362467447915,-0.019438107808431138,2.2483768463134766,201,True,0.0847024917602539,7,2.4196648597717285,201,True,0.25599050521850586,0.17128801345825195,both_correct
202,202,1.3405399322509766,202,True,1.3599987030029297,202,True,0.019458770751953125,1.3464550971984863,1.3154277801513672,1.3723301887512207,1.3447376887003581,0.004197756449381584,1.4392480850219727,202,True,0.0987081527709961,5,1.6082782745361328,202,True,0.26773834228515625,0.16903018951416016,both_correct
203,203,1.8087882995605469,203,True,1.7979450225830078,203,True,-0.010843276977539062,1.8190107345581055,1.81097412109375,1.874232292175293,1.834739049275716,0.025950749715169197,1.9743881225585938,203,True,0.16559982299804688,0,2.172154426574707,203,True,0.36336612701416016,0.19776630401611328,both_correct
204,204,-2.2417478561401367,155,False,-2.289884567260742,155,False,-0.04813671112060547,-2.257565498352051,-2.2513647079467773,-2.228811264038086,-2.245913823445638,-0.00416596730550145,-2.2222414016723633,155,False,0.019506454467773438,0,-2.0912857055664062,155,False,0.15046215057373047,0.13095569610595703,both_incorrect
205,205,1.0142278671264648,205,True,0.9490070343017578,205,True,-0.06522083282470703,1.0491962432861328,0.9995651245117188,1.0488090515136719,1.032523473103841,0.018295605977376228,1.102952003479004,205,True,0.08872413635253906,0,1.2787060737609863,205,True,0.2644782066345215,0.17575407028198242,both_correct
206,206,1.999532699584961,206,True,1.9515995979309082,206,True,-0.047933101654052734,2.0126891136169434,2.0140905380249023,2.0326590538024902,2.019812901814779,0.020280202229817856,2.1130752563476562,206,True,0.11354255676269531,2,2.2873682975769043,206,True,0.28783559799194336,0.17429304122924805,both_correct
207,207,-1.649010181427002,260,False,-1.8061442375183105,260,False,-0.1571340560913086,-1.6741986274719238,-1.6874194145202637,-1.7037558555603027,-1.68845796585083,-0.039447784423828125,-1.532820701599121,260,False,0.11618947982788086,4,-0.9787421226501465,260,False,0.6702680587768555,0.5540785789489746,both_incorrect
208,208,-2.3405325412750244,246,False,-2.355661392211914,268,False,-0.015128850936889648,-2.383775472640991,-2.4271695613861084,-2.4055535793304443,-2.405499537785848,-0.06496699651082372,-2.376018762588501,254,False,-0.03548622131347656,5,-2.1911022663116455,254,False,0.1494302749633789,0.18491649627685547,both_incorrect
209,209,0.04650545120239258,209,True,0.2493271827697754,209,True,0.2028217315673828,0.22322988510131836,0.1662883758544922,0.046051979064941406,0.14519008000691733,0.09868462880452475,0.3332667350769043,209,True,0.2867612838745117,2,1.0584559440612793,209,True,1.0119504928588867,0.725189208984375,both_correct
210,210,1.8226137161254883,210,True,1.7458877563476562,210,True,-0.07672595977783203,1.8213214874267578,1.834859848022461,1.9299497604370117,1.8620436986287434,0.039429982503255134,1.931619644165039,210,True,0.10900592803955078,3,2.148789405822754,210,True,0.3261756896972656,0.21716976165771484,both_correct
211,211,2.1935291290283203,211,True,2.317051887512207,211,True,0.12352275848388672,2.112553119659424,2.127243995666504,2.082002639770508,2.107266585032145,-0.08626254399617528,2.317051887512207,211,True,0.12352275848388672,7,2.4979944229125977,211,True,0.30446529388427734,0.18094253540039062,both_correct
212,212,0.26018238067626953,212,True,0.12785625457763672,212,True,-0.1323261260986328,0.22600126266479492,0.29992151260375977,0.23080968856811523,0.2522441546122233,-0.007938226064046205,0.304384708404541,212,True,0.044202327728271484,6,0.6460146903991699,212,True,0.3858323097229004,0.3416299819946289,both_correct
213,213,2.9157214164733887,213,True,2.944528102874756,213,True,0.028806686401367188,2.8895692825317383,2.94760799407959,2.9439449310302734,2.9270407358805337,0.011319319407145034,3.0077786445617676,213,True,0.0920572280883789,6,3.2906107902526855,213,True,0.3748893737792969,0.28283214569091797,both_correct
214,214,3.8380064964294434,214,True,3.7138991355895996,214,True,-0.12410736083984375,3.8813962936401367,3.858823776245117,3.894869327545166,3.8783631324768066,0.04035663604736328,4.015536308288574,214,True,0.17752981185913086,3,4.246757984161377,214,True,0.4087514877319336,0.23122167587280273,both_correct
215,215,-0.05529642105102539,210,False,-0.12535858154296875,210,False,-0.07006216049194336,-0.01564502716064453,-0.07554197311401367,-0.03346872329711914,-0.04155190785725912,0.013744513193766274,-0.011441230773925781,210,False,0.04385519027709961,5,0.19283580780029297,215,True,0.24813222885131836,0.20427703857421875,tokenwise_only
216,216,4.7090163230896,216,True,4.726365089416504,216,True,0.017348766326904297,4.690978050231934,4.682872295379639,4.6877055168151855,4.687185287475586,-0.021831035614013672,4.748252868652344,216,True,0.03923654556274414,2,4.976847171783447,216,True,0.26783084869384766,0.22859430313110352,both_correct
217,217,1.175276756286621,217,True,1.0515756607055664,217,True,-0.12370109558105469,1.174581527709961,1.1658306121826172,1.1582822799682617,1.1662314732869465,-0.009045282999674553,1.2420201301574707,217,True,0.06674337387084961,1,1.4725494384765625,217,True,0.2972726821899414,0.2305293083190918,both_correct
218,218,1.9117908477783203,218,True,1.8795089721679688,218,True,-0.03228187561035156,1.9544687271118164,1.9330754280090332,1.951167106628418,1.9462370872497559,0.03444623947143555,2.0330166816711426,218,True,0.12122583389282227,1,2.286198139190674,218,True,0.3744072914123535,0.25318145751953125,both_correct
219,219,1.4413843154907227,219,True,1.3504338264465332,219,True,-0.09095048904418945,1.3642687797546387,1.405829906463623,1.3896527290344238,1.3865838050842285,-0.05480051040649414,1.6118836402893066,219,True,0.17049932479858398,1,2.014413356781006,219,True,0.5730290412902832,0.4025297164916992,both_correct
220,220,-1.5178618431091309,213,False,-1.6627411842346191,213,False,-0.14487934112548828,-1.5826787948608398,-1.578284740447998,-1.5757784843444824,-1.5789140065511067,-0.06105216344197584,-1.4510598182678223,213,False,0.0668020248413086,0,-1.1600875854492188,213,False,0.3577742576599121,0.2909722328186035,both_incorrect
221,221,2.574909210205078,221,True,2.615224838256836,221,True,0.04031562805175781,2.550649642944336,2.5792441368103027,2.5940308570861816,2.574641545613607,-0.00026766459147120614,2.652963161468506,221,True,0.07805395126342773,0,2.8508501052856445,221,True,0.2759408950805664,0.19788694381713867,both_correct
222,222,-0.8874773979187012,257,False,-1.0081839561462402,257,False,-0.12070655822753906,-0.8608489036560059,-0.8662652969360352,-0.8840746879577637,-0.8703962961832682,0.01708110173543298,-0.8123674392700195,257,False,0.07510995864868164,3,-0.5738301277160645,257,False,0.3136472702026367,0.23853731155395508,both_incorrect
223,223,3.5366053581237793,223,True,3.482914447784424,223,True,-0.05369091033935547,3.5520529747009277,3.545474052429199,3.551144599914551,3.5495572090148926,0.012951850891113281,3.6809725761413574,223,True,0.14436721801757812,0,3.8737149238586426,223,True,0.3371095657348633,0.19274234771728516,both_correct
224,224,0.16185855865478516,224,True,0.18188858032226562,224,True,0.02003002166748047,0.11141395568847656,0.2067241668701172,0.13840579986572266,0.15218130747477213,-0.00967725118001303,0.22107696533203125,224,True,0.059218406677246094,4,0.5688838958740234,224,True,0.4070253372192383,0.3478069305419922,both_correct
225,225,1.8550324440002441,225,True,1.8962507247924805,225,True,0.04121828079223633,1.8467931747436523,1.8653035163879395,1.8235020637512207,1.8451995849609375,-0.00983285903930664,1.9314451217651367,225,True,0.07641267776489258,4,2.3131046295166016,225,True,0.4580721855163574,0.38165950775146484,both_correct
226,226,1.7173852920532227,226,True,1.7294883728027344,226,True,0.012103080749511719,1.743185043334961,1.7599406242370605,1.745905876159668,1.7496771812438965,0.03229188919067383,1.8301191329956055,226,True,0.11273384094238281,2,2.0830507278442383,226,True,0.3656654357910156,0.2529315948486328,both_correct
227,227,2.5745978355407715,227,True,2.473034381866455,227,True,-0.1015634536743164,2.6190104484558105,2.647247791290283,2.5977530479431152,2.621337095896403,0.04673926035563136,2.732816219329834,227,True,0.1582183837890625,4,3.249551296234131,227,True,0.6749534606933594,0.5167350769042969,both_correct
228,228,5.409682273864746,228,True,5.351502418518066,228,True,-0.05817985534667969,5.445232391357422,5.42048454284668,5.416639804840088,5.4274522463480634,0.017769972483317353,5.475559234619141,228,True,0.06587696075439453,6,5.575469017028809,228,True,0.1657867431640625,0.09990978240966797,both_correct
229,229,4.781635761260986,229,True,4.834098815917969,229,True,0.05246305465698242,4.788472652435303,4.750295639038086,4.808821201324463,4.782529830932617,0.0008940696716308594,4.855723857879639,229,True,0.07408809661865234,0,5.0708231925964355,229,True,0.2891874313354492,0.21509933471679688,both_correct
230,230,0.6231160163879395,230,True,0.6727080345153809,230,True,0.049592018127441406,0.7330760955810547,0.6001105308532715,0.6746826171875,0.669289747873942,0.04617373148600257,0.7144050598144531,230,True,0.09128904342651367,4,0.7457742691040039,230,True,0.12265825271606445,0.03136920928955078,both_correct
231,231,0.6925768852233887,231,True,0.6647167205810547,231,True,-0.027860164642333984,0.6988639831542969,0.6917290687561035,0.7001914978027344,0.6969281832377116,0.00435129801432288,0.7180781364440918,231,True,0.025501251220703125,4,0.8286871910095215,231,True,0.1361103057861328,0.11060905456542969,both_correct
232,232,1.1579694747924805,232,True,1.1776742935180664,232,True,0.019704818725585938,1.1742544174194336,1.1343793869018555,1.1636037826538086,1.1574125289916992,-0.00055694580078125,1.2095613479614258,232,True,0.05159187316894531,3,1.2806015014648438,232,True,0.12263202667236328,0.07104015350341797,both_correct
233,233,-4.133108139038086,205,False,-4.203182220458984,205,False,-0.07007408142089844,-4.169158935546875,-4.226707935333252,-4.241992950439453,-4.21261994043986,-0.07951180140177438,-3.855059862136841,205,False,0.2780482769012451,0,-3.6120758056640625,205,False,0.5210323333740234,0.24298405647277832,both_incorrect
234,234,2.0375185012817383,234,True,2.1327428817749023,234,True,0.09522438049316406,1.9425153732299805,2.0053439140319824,1.9595131874084473,1.96912415822347,-0.0683943430582683,2.1327428817749023,234,True,0.09522438049316406,7,2.4257569313049316,234,True,0.38823843002319336,0.2930140495300293,both_correct
235,235,0.8814053535461426,235,True,0.8861794471740723,235,True,0.0047740936279296875,0.868110179901123,0.8562312126159668,0.8270392417907715,0.8504602114359537,-0.03094514211018884,1.0020065307617188,235,True,0.12060117721557617,0,1.156754493713379,235,True,0.27534914016723633,0.15474796295166016,both_correct
236,236,1.5435771942138672,236,True,1.5711469650268555,236,True,0.02756977081298828,1.490483283996582,1.501363754272461,1.564526081085205,1.5187910397847493,-0.024786154429117913,1.6498308181762695,236,True,0.10625362396240234,1,1.845372200012207,236,True,0.30179500579833984,0.1955413818359375,both_correct
237,237,-3.0474138259887695,253,False,-3.1045780181884766,253,False,-0.05716419219970703,-2.996234893798828,-3.035280704498291,-3.0043773651123047,-3.0119643211364746,0.03544950485229492,-2.7972464561462402,253,False,0.2501673698425293,0,-2.5517578125,253,False,0.49565601348876953,0.24548864364624023,both_incorrect
238,238,0.6832747459411621,238,True,0.6781497001647949,238,True,-0.0051250457763671875,0.6429576873779297,0.6984586715698242,0.7266712188720703,0.6893625259399414,0.006087779998779297,0.8007955551147461,238,True,0.11752080917358398,5,0.9732484817504883,238,True,0.28997373580932617,0.1724529266357422,both_correct
239,239,3.2759060859680176,239,True,3.169609546661377,239,True,-0.10629653930664062,3.172630786895752,3.295696258544922,3.3080453872680664,3.2587908109029136,-0.01711527506510402,3.284557342529297,239,True,0.008651256561279297,3,3.302079200744629,239,True,0.026173114776611328,0.01752185821533203,both_correct
240,240,-2.354738712310791,239,False,-2.3287405967712402,239,False,0.02599811553955078,-2.368607521057129,-2.394949436187744,-2.3410701751708984,-2.3682090441385903,-0.013470331827799331,-2.267064094543457,239,False,0.08767461776733398,2,-2.131214141845703,239,False,0.2235245704650879,0.1358499526977539,both_incorrect
241,241,0.4527292251586914,241,True,0.43968772888183594,241,True,-0.013041496276855469,0.42049217224121094,0.46686840057373047,0.42990875244140625,0.4390897750854492,-0.013639450073242188,0.5571670532226562,241,True,0.10443782806396484,5,0.6710348129272461,241,True,0.2183055877685547,0.11386775970458984,both_correct
242,242,1.342648983001709,242,True,1.3122258186340332,242,True,-0.03042316436767578,1.3593449592590332,1.27457857131958,1.3366684913635254,1.323530673980713,-0.019118309020996094,1.5546035766601562,242,True,0.21195459365844727,1,1.76792573928833,242,True,0.4252767562866211,0.21332216262817383,both_correct
243,243,-0.7153816223144531,242,False,-0.7070159912109375,242,False,0.008365631103515625,-0.6433229446411133,-0.6784172058105469,-0.7136034965515137,-0.6784478823343912,0.036933739980061886,-0.651158332824707,242,False,0.0642232894897461,6,-0.2378687858581543,242,False,0.47751283645629883,0.41328954696655273,both_incorrect
244,244,1.467513084411621,244,True,1.5419893264770508,244,True,0.07447624206542969,1.4669322967529297,1.459071159362793,1.447392463684082,1.4577986399332683,-0.00971444447835279,1.5473108291625977,244,True,0.07979774475097656,3,1.7598438262939453,244,True,0.2923307418823242,0.21253299713134766,both_correct
245,245,3.8980164527893066,245,True,3.9247875213623047,245,True,0.026771068572998047,3.8764266967773438,3.9215474128723145,3.9160966873168945,3.9046902656555176,0.0066738128662109375,3.9877920150756836,245,True,0.08977556228637695,0,4.186919689178467,245,True,0.28890323638916016,0.1991276741027832,both_correct
246,246,4.089110374450684,246,True,4.168613910675049,246,True,0.07950353622436523,4.050152778625488,4.171378135681152,4.0818939208984375,4.101141611735026,0.012031237284342744,4.373663902282715,246,True,0.28455352783203125,4,4.606025695800781,246,True,0.5169153213500977,0.2323617935180664,both_correct
247,247,1.4203124046325684,247,True,1.4593849182128906,247,True,0.039072513580322266,1.3996548652648926,1.4076170921325684,1.3689017295837402,1.3920578956604004,-0.02825450897216797,1.5679397583007812,247,True,0.1476273536682129,5,1.914106845855713,247,True,0.49379444122314453,0.34616708755493164,both_correct
248,248,0.43476247787475586,248,True,0.4358787536621094,248,True,0.0011162757873535156,0.4400906562805176,0.42635011672973633,0.4331669807434082,0.433202584584554,-0.0015598932902018414,0.46299028396606445,248,True,0.028227806091308594,0,0.5210080146789551,248,True,0.08624553680419922,0.058017730712890625,both_correct
249,249,-0.9200282096862793,250,False,-0.931581974029541,250,False,-0.011553764343261719,-0.9009346961975098,-0.8805832862854004,-0.9178943634033203,-0.8998041152954102,0.02022409439086914,-0.7912325859069824,250,False,0.12879562377929688,0,-0.7136120796203613,250,False,0.20641613006591797,0.0776205062866211,both_incorrect
250,250,0.0567784309387207,250,True,0.07050657272338867,250,True,0.013728141784667969,0.05856752395629883,0.05948972702026367,0.053225040435791016,0.05709409713745117,0.00031566619873046875,0.07534456253051758,250,True,0.018566131591796875,1,0.13907861709594727,250,True,0.08230018615722656,0.06373405456542969,both_correct
251,251,3.2138609886169434,251,True,3.1252188682556152,251,True,-0.08864212036132812,3.15939998626709,3.1648287773132324,3.2177505493164062,3.180659770965576,-0.03320121765136719,3.2997183799743652,251,True,0.08585739135742188,0,3.466456413269043,251,True,0.2525954246520996,0.16673803329467773,both_correct
252,252,4.597959518432617,252,True,4.659219264984131,252,True,0.06125974655151367,4.510384559631348,4.580568313598633,4.584689140319824,4.558547337849935,-0.03941218058268259,4.659219264984131,252,True,0.06125974655151367,7,4.839565277099609,252,True,0.2416057586669922,0.18034601211547852,both_correct
253,253,4.9560346603393555,253,True,4.915894508361816,253,True,-0.04014015197753906,4.959954261779785,4.948218822479248,4.953126430511475,4.953766504923503,-0.0022681554158525685,5.023076057434082,253,True,0.06704139709472656,2,5.011412620544434,253,True,0.055377960205078125,-0.011663436889648438,both_correct
254,254,1.411506175994873,254,True,1.318037509918213,254,True,-0.09346866607666016,1.5925803184509277,1.3658361434936523,1.2653656005859375,1.4079273541768391,-0.003578821818033928,1.7408027648925781,254,True,0.3292965888977051,1,2.146921157836914,254,True,0.735414981842041,0.40611839294433594,both_correct
255,255,4.255376815795898,255,True,4.217295169830322,255,True,-0.03808164596557617,4.296937942504883,4.264842987060547,4.229804515838623,4.2638618151346845,0.008484999338786103,4.346133232116699,255,True,0.09075641632080078,5,4.581326961517334,255,True,0.32595014572143555,0.23519372940063477,both_correct
256,256,1.1340627670288086,256,True,1.1646809577941895,256,True,0.03061819076538086,1.1822509765625,1.1594505310058594,1.132014274597168,1.1579052607218425,0.023842493693033928,1.2231969833374023,256,True,0.08913421630859375,5,1.4608564376831055,256,True,0.3267936706542969,0.23765945434570312,both_correct
257,257,-0.03322410583496094,222,False,0.014581680297851562,257,True,0.0478057861328125,-0.039642333984375,-0.0024127960205078125,-0.017586708068847656,-0.01988061269124349,0.013343493143717449,0.07382392883300781,257,True,0.10704803466796875,4,0.2906198501586914,257,True,0.32384395599365234,0.2167959213256836,both_correct
258,258,-0.1303119659423828,257,False,-0.19846534729003906,257,False,-0.06815338134765625,-0.30086708068847656,-0.16715049743652344,-0.14531230926513672,-0.20444329579671225,-0.07413132985432944,-0.11928844451904297,257,False,0.011023521423339844,4,0.2598280906677246,258,True,0.3901400566101074,0.3791165351867676,tokenwise_only
259,259,1.3716917037963867,259,True,1.3666834831237793,259,True,-0.005008220672607422,1.4444293975830078,1.3401966094970703,1.4873476028442383,1.4239912033081055,0.05229949951171875,1.5683517456054688,259,True,0.19666004180908203,0,1.9067926406860352,259,True,0.5351009368896484,0.3384408950805664,both_correct
260,260,1.8174548149108887,260,True,1.8692779541015625,260,True,0.05182313919067383,1.811410903930664,1.8223772048950195,1.7829256057739258,1.8055712381998699,-0.011883576711018806,1.9220728874206543,260,True,0.10461807250976562,5,2.0590920448303223,260,True,0.2416372299194336,0.13701915740966797,both_correct
261,261,4.907759666442871,261,True,4.956809043884277,261,True,0.04904937744140625,4.923653602600098,4.882185935974121,4.916234016418457,4.907357851664226,-0.0004018147786455373,5.051785469055176,261,True,0.1440258026123047,1,5.029767990112305,261,True,0.1220083236694336,-0.022017478942871094,both_correct
262,262,6.060849189758301,262,True,6.070934295654297,262,True,0.010085105895996094,6.048880100250244,5.981578826904297,6.041627883911133,6.024028937021892,-0.03682025273640921,6.108499526977539,262,True,0.04765033721923828,0,6.428487777709961,262,True,0.36763858795166016,0.3199882507324219,both_correct
263,263,0.10381793975830078,263,True,0.07819080352783203,263,True,-0.02562713623046875,0.09961795806884766,0.13512039184570312,0.057159423828125,0.09729925791422527,-0.006518681844075516,0.14157676696777344,263,True,0.037758827209472656,4,0.3474607467651367,263,True,0.24364280700683594,0.20588397979736328,both_correct
264,264,3.447277069091797,264,True,3.4443869590759277,264,True,-0.0028901100158691406,3.4571733474731445,3.3887171745300293,3.471003532409668,3.4389646848042807,-0.008312384287516128,3.547135353088379,264,True,0.09985828399658203,5,3.8025259971618652,264,True,0.35524892807006836,0.25539064407348633,both_correct
265,265,-0.4641580581665039,266,False,-0.4581766128540039,266,False,0.0059814453125,-0.4704923629760742,-0.46607112884521484,-0.4550905227661133,-0.4638846715291341,0.00027338663736981017,-0.4446573257446289,266,False,0.019500732421875,2,-0.3546762466430664,266,False,0.1094818115234375,0.0899810791015625,both_incorrect
266,266,-0.5046534538269043,267,False,-0.49132680892944336,267,False,0.013326644897460938,-0.5336999893188477,-0.5092592239379883,-0.5412039756774902,-0.528054396311442,-0.023400942484537723,-0.42086076736450195,267,False,0.08379268646240234,0,-0.3202948570251465,267,False,0.1843585968017578,0.10056591033935547,both_incorrect
267,267,1.8981480598449707,267,True,1.9118800163269043,267,True,0.013731956481933594,1.9165797233581543,1.9398093223571777,1.9060158729553223,1.9208016395568848,0.022653579711914062,1.963615894317627,267,True,0.06546783447265625,4,2.132761001586914,267,True,0.23461294174194336,0.1691451072692871,both_correct
268,268,4.249467849731445,268,True,4.304801940917969,268,True,0.05533409118652344,4.211791038513184,4.250349998474121,4.29371452331543,4.251951853434245,0.0024840037027997752,4.3398284912109375,268,True,0.09036064147949219,1,4.58476448059082,268,True,0.335296630859375,0.2449359893798828,both_correct
269,269,2.256575584411621,269,True,2.2286934852600098,269,True,-0.027882099151611328,2.2693581581115723,2.2489709854125977,2.266289234161377,2.2615394592285156,0.004963874816894531,2.2850003242492676,269,True,0.028424739837646484,1,2.405437469482422,269,True,0.14886188507080078,0.1204371452331543,both_correct
270,270,3.496189594268799,270,True,3.511049747467041,270,True,0.014860153198242188,3.47542667388916,3.476836681365967,3.5368494987487793,3.4963709513346353,0.0001813570658364405,3.53790283203125,270,True,0.04171323776245117,3,3.592985153198242,270,True,0.09679555892944336,0.05508232116699219,both_correct
271,271,4.440491199493408,271,True,4.4321513175964355,271,True,-0.008339881896972656,4.442300319671631,4.382550239562988,4.359099864959717,4.394650141398112,-0.04584105809529593,4.479564189910889,271,True,0.03907299041748047,5,4.672456741333008,271,True,0.2319655418395996,0.19289255142211914,both_correct
272,272,-3.5548043251037598,362,False,-3.4471683502197266,362,False,0.1076359748840332,-3.51547908782959,-3.593078136444092,-3.452796459197998,-3.520451227823893,0.034353097279866684,-3.1678147315979004,280,False,0.3869895935058594,0,-2.9521279335021973,280,False,0.6026763916015625,0.21568679809570312,both_incorrect
273,273,-1.0579876899719238,263,False,-0.9872798919677734,263,False,0.07070779800415039,-1.0185680389404297,-1.028249740600586,-1.0305790901184082,-1.0257989565531414,0.03218873341878248,-0.904747486114502,263,False,0.15324020385742188,1,-0.6122207641601562,263,False,0.4457669258117676,0.2925267219543457,both_incorrect
274,274,4.012425899505615,274,True,3.95505952835083,274,True,-0.057366371154785156,4.069016933441162,4.057559490203857,4.004730701446533,4.0437690416971845,0.031343142191569306,4.113922595977783,274,True,0.10149669647216797,3,4.408412933349609,274,True,0.39598703384399414,0.29449033737182617,both_correct
275,275,4.9289326667785645,275,True,4.919968605041504,275,True,-0.008964061737060547,4.875003814697266,4.901200294494629,4.944069862365723,4.906757990519206,-0.022174676259358428,5.03110408782959,275,True,0.10217142105102539,0,5.280895233154297,275,True,0.3519625663757324,0.24979114532470703,both_correct
276,276,3.904122829437256,276,True,3.9035444259643555,276,True,-0.0005784034729003906,3.9546003341674805,3.8904104232788086,3.896672248840332,3.9138943354288735,0.00977150599161769,3.996273994445801,276,True,0.09215116500854492,5,4.091118812561035,276,True,0.1869959831237793,0.09484481811523438,both_correct
277,277,1.8152046203613281,277,True,1.849344253540039,277,True,0.03413963317871094,1.8581809997558594,1.845466136932373,1.8502225875854492,1.8512899080912273,0.03608528772989916,1.8872966766357422,277,True,0.07209205627441406,4,2.022306442260742,277,True,0.20710182189941406,0.135009765625,both_correct
278,278,-0.2793922424316406,277,False,-0.2932577133178711,277,False,-0.013865470886230469,-0.31548213958740234,-0.33448123931884766,-0.31951045989990234,-0.32315794626871747,-0.04376570383707684,-0.21619033813476562,277,False,0.063201904296875,2,-0.1161508560180664,277,False,0.16324138641357422,0.10003948211669922,both_incorrect
279,279,3.870694637298584,279,True,3.858912467956543,279,True,-0.011782169342041016,3.844086170196533,3.879796028137207,3.8497095108032227,3.8578639030456543,-0.012830734252929688,3.9292726516723633,279,True,0.0585780143737793,5,4.160060405731201,279,True,0.2893657684326172,0.2307877540588379,both_correct
280,280,2.2809500694274902,280,True,2.320949077606201,280,True,0.03999900817871094,2.2779674530029297,2.2329859733581543,2.251011371612549,2.253988265991211,-0.026961803436279297,2.3361639976501465,280,True,0.05521392822265625,6,2.735647678375244,280,True,0.4546976089477539,0.39948368072509766,both_correct
281,281,1.6430835723876953,281,True,1.5859613418579102,281,True,-0.057122230529785156,1.6436777114868164,1.6552963256835938,1.6318793296813965,1.6436177889506023,0.0005342165629069751,1.6538848876953125,281,True,0.010801315307617188,6,1.8805298805236816,281,True,0.23744630813598633,0.22664499282836914,both_correct
282,282,-0.24157333374023438,281,False,-0.2879209518432617,281,False,-0.046347618103027344,-0.2598443031311035,-0.2586054801940918,-0.2580137252807617,-0.25882116953531903,-0.017247835795084654,-0.20911884307861328,281,False,0.032454490661621094,0,-0.08938789367675781,281,False,0.15218544006347656,0.11973094940185547,both_incorrect
283,283,0.07507562637329102,283,True,0.08170318603515625,283,True,0.006627559661865234,0.0012578964233398438,0.0752253532409668,0.08161163330078125,0.05269829432169596,-0.022377332051595054,0.020365238189697266,283,True,-0.05471038818359375,5,0.015534400939941406,283,True,-0.05954122543334961,-0.004830837249755859,both_correct
284,284,4.116204738616943,284,True,4.14015531539917,284,True,0.023950576782226562,4.1163129806518555,4.121075630187988,4.063430309295654,4.100272973378499,-0.015931765238444306,4.246242046356201,284,True,0.1300373077392578,4,4.592721462249756,284,True,0.4765167236328125,0.3464794158935547,both_correct
285,285,-4.100619792938232,283,False,-4.112072944641113,283,False,-0.01145315170288086,-4.127907752990723,-4.1449456214904785,-4.120670795440674,-4.131174723307292,-0.03055493036905954,-4.03793478012085,283,False,0.06268501281738281,6,-3.7834153175354004,283,False,0.31720447540283203,0.2545194625854492,both_incorrect
286,286,5.264580726623535,286,True,5.2355804443359375,286,True,-0.029000282287597656,5.270275592803955,5.261277198791504,5.337583541870117,5.289712111155192,0.025131384531657197,5.336840629577637,286,True,0.07225990295410156,1,5.428467750549316,286,True,0.16388702392578125,0.09162712097167969,both_correct
287,287,5.065144062042236,287,True,5.045901775360107,287,True,-0.019242286682128906,5.09106969833374,5.119388103485107,5.07770299911499,5.096053600311279,0.03090953826904297,5.21413516998291,287,True,0.14899110794067383,4,5.473953723907471,287,True,0.4088096618652344,0.25981855392456055,both_correct
288,288,1.0545177459716797,288,True,0.9174976348876953,288,True,-0.13702011108398438,1.0463733673095703,1.0664291381835938,1.0272579193115234,1.0466868082682292,-0.007830937703450447,1.148935317993164,288,True,0.09441757202148438,6,1.2914953231811523,288,True,0.23697757720947266,0.14256000518798828,both_correct
289,289,2.556942939758301,289,True,2.51910400390625,289,True,-0.03783893585205078,2.57857084274292,2.5209250450134277,2.5633091926574707,2.5542683601379395,-0.002674579620361328,2.6292614936828613,289,True,0.07231855392456055,6,2.8130111694335938,289,True,0.25606822967529297,0.18374967575073242,both_correct
290,290,-2.1828207969665527,288,False,-2.148822784423828,288,False,0.03399801254272461,-2.1856541633605957,-2.175746440887451,-2.2034530639648438,-2.1882845560709634,-0.005463759104410659,-2.1097521781921387,288,False,0.07306861877441406,5,-1.9740309715270996,288,False,0.20878982543945312,0.13572120666503906,both_incorrect
291,291,4.485543727874756,291,True,4.408434867858887,291,True,-0.07710886001586914,4.40799617767334,4.494163990020752,4.385778903961182,4.429313023885091,-0.05623070398966501,4.607841968536377,291,True,0.1222982406616211,6,5.088769912719727,291,True,0.6032261848449707,0.4809279441833496,both_correct
292,292,1.6798863410949707,292,True,1.6722517013549805,292,True,-0.007634639739990234,1.6652565002441406,1.6452889442443848,1.6709046363830566,1.6604833602905273,-0.01940298080444336,1.6904234886169434,292,True,0.010537147521972656,0,1.8037500381469727,292,True,0.12386369705200195,0.1133265495300293,both_correct
293,293,4.136991024017334,293,True,4.119826316833496,293,True,-0.01716470718383789,4.141792297363281,4.140635967254639,4.17262077331543,4.15168301264445,0.014691988627116181,4.26629114151001,293,True,0.12930011749267578,4,4.420219421386719,293,True,0.28322839736938477,0.15392827987670898,both_correct
294,294,3.883765697479248,294,True,3.8908209800720215,294,True,0.0070552825927734375,3.8946146965026855,3.8807339668273926,3.90330171585083,3.8928834597269693,0.009117762247721206,3.9725708961486816,294,True,0.0888051986694336,5,4.136685848236084,294,True,0.25292015075683594,0.16411495208740234,both_correct
295,295,0.5503878593444824,295,True,0.5649590492248535,295,True,0.014571189880371094,0.5334086418151855,0.49988889694213867,0.5885462760925293,0.5406146049499512,-0.00977325439453125,0.6696906089782715,295,True,0.11930274963378906,6,0.9560160636901855,295,True,0.4056282043457031,0.28632545471191406,both_correct
296,296,4.58486795425415,296,True,4.504091739654541,296,True,-0.08077621459960938,4.5989556312561035,4.579575538635254,4.594658374786377,4.591063181559245,0.006195227305094697,4.691127300262451,296,True,0.10625934600830078,4,4.990590572357178,296,True,0.40572261810302734,0.29946327209472656,both_correct
297,297,-1.584181785583496,232,False,-1.5599150657653809,232,False,0.024266719818115234,-1.4666433334350586,-1.5052847862243652,-1.5373129844665527,-1.5030803680419922,0.0811014175415039,-1.4479165077209473,232,False,0.13626527786254883,3,-0.9597740173339844,232,False,0.6244077682495117,0.4881424903869629,both_incorrect
298,298,-2.42236328125,299,False,-2.3817877769470215,299,False,0.040575504302978516,-2.4581055641174316,-2.469668388366699,-2.4647574424743652,-2.464177131652832,-0.04181385040283203,-2.3817877769470215,299,False,0.040575504302978516,7,-2.2768397331237793,299,False,0.1455235481262207,0.10494804382324219,both_incorrect
299,299,2.3389229774475098,299,True,2.373246669769287,299,True,0.034323692321777344,2.4044861793518066,2.3518428802490234,2.3898415565490723,2.3820568720499673,0.043133894602457534,2.4892935752868652,299,True,0.15037059783935547,2,2.799804210662842,299,True,0.46088123321533203,0.31051063537597656,both_correct
300,300,2.2260842323303223,300,True,2.2488527297973633,300,True,0.022768497467041016,2.2121481895446777,2.208747386932373,2.2458653450012207,2.2222536404927573,-0.003830591837564956,2.286607265472412,300,True,0.060523033142089844,2,2.473139762878418,300,True,0.2470555305480957,0.18653249740600586,both_correct
301,301,1.9882216453552246,301,True,1.9432597160339355,301,True,-0.04496192932128906,1.9659643173217773,1.9911446571350098,1.98447847366333,1.9805291493733723,-0.0076924959818522876,2.0281505584716797,301,True,0.03992891311645508,5,2.141498565673828,301,True,0.15327692031860352,0.11334800720214844,both_correct
302,302,1.4600954055786133,302,True,1.4579987525939941,302,True,-0.0020966529846191406,1.4736905097961426,1.450049877166748,1.446652889251709,1.4567977587382,-0.0032976468404133374,1.5666570663452148,302,True,0.10656166076660156,4,1.824526309967041,302,True,0.36443090438842773,0.25786924362182617,both_correct
303,303,0.817138671875,303,True,0.8090934753417969,303,True,-0.008045196533203125,0.8450469970703125,0.7975177764892578,0.8059797286987305,0.816181500752767,-0.0009571711222330359,0.8786334991455078,303,True,0.06149482727050781,2,1.1667594909667969,303,True,0.3496208190917969,0.28812599182128906,both_correct
304,304,3.45882511138916,304,True,3.438058376312256,304,True,-0.020766735076904297,3.4558305740356445,3.4311752319335938,3.3932275772094727,3.4267444610595703,-0.032080650329589844,3.4284114837646484,304,True,-0.03041362762451172,3,3.4343371391296387,304,True,-0.024487972259521484,0.005925655364990234,both_correct
305,305,1.1226978302001953,305,True,1.0984396934509277,305,True,-0.024258136749267578,1.1061162948608398,1.1177263259887695,1.09478759765625,1.1062100728352864,-0.016487757364908928,1.2299413681030273,305,True,0.10724353790283203,1,1.4243206977844238,305,True,0.3016228675842285,0.19437932968139648,both_correct
306,306,5.573574542999268,306,True,5.587459564208984,306,True,0.013885021209716797,5.576485633850098,5.544697284698486,5.615340709686279,5.578841209411621,0.005266666412353516,5.682670593261719,306,True,0.10909605026245117,1,5.890595436096191,306,True,0.31702089309692383,0.20792484283447266,both_correct
307,307,0.8785610198974609,307,True,0.9339580535888672,307,True,0.05539703369140625,0.8476810455322266,0.8206863403320312,0.8428134918212891,0.837060292561849,-0.04150072733561194,0.9339580535888672,307,True,0.05539703369140625,7,1.1340231895446777,307,True,0.2554621696472168,0.20006513595581055,both_correct
308,308,4.384415626525879,308,True,4.338995456695557,308,True,-0.045420169830322266,4.426974296569824,4.400090217590332,4.317712306976318,4.381592273712158,-0.002823352813720703,4.512805938720703,308,True,0.12839031219482422,6,4.71682071685791,308,True,0.33240509033203125,0.20401477813720703,both_correct
309,309,0.01807880401611328,309,True,-0.0459747314453125,94,False,-0.06405353546142578,0.024787425994873047,0.021213531494140625,-0.03291797637939453,0.00436099370320638,-0.013717810312906902,0.07996082305908203,309,True,0.06188201904296875,0,0.3615288734436035,309,True,0.34345006942749023,0.2815680503845215,both_correct
310,310,2.7451767921447754,310,True,2.452319622039795,310,True,-0.29285717010498047,2.719574451446533,2.689601421356201,2.773627758026123,2.7276012102762857,-0.01757558186848973,2.9426755905151367,310,True,0.19749879837036133,4,3.2325148582458496,310,True,0.4873380661010742,0.2898392677307129,both_correct
311,311,1.135084629058838,311,True,1.1619315147399902,311,True,0.026846885681152344,1.1140570640563965,1.1343417167663574,1.1304302215576172,1.1262763341267903,-0.0088082949320476,1.1619315147399902,311,True,0.026846885681152344,7,1.3255791664123535,311,True,0.19049453735351562,0.16364765167236328,both_correct
312,312,0.6266002655029297,312,True,0.5995759963989258,312,True,-0.027024269104003906,0.639556884765625,0.6456470489501953,0.6351833343505859,0.6401290893554688,0.013528823852539062,0.6579484939575195,312,True,0.031348228454589844,2,0.7468042373657227,312,True,0.12020397186279297,0.08885574340820312,both_correct
313,313,2.142886161804199,313,True,2.1493825912475586,313,True,0.006496429443359375,2.1240506172180176,2.1489205360412598,2.069303035736084,2.114091396331787,-0.02879476547241211,2.2724733352661133,313,True,0.12958717346191406,2,2.5388646125793457,313,True,0.3959784507751465,0.2663912773132324,both_correct
314,314,2.5082335472106934,314,True,2.541469097137451,314,True,0.03323554992675781,2.5509390830993652,2.469440460205078,2.5814995765686035,2.533959706624349,0.025726159413655747,2.6062960624694824,314,True,0.09806251525878906,4,2.848496913909912,314,True,0.34026336669921875,0.2422008514404297,both_correct
315,315,-0.9509167671203613,456,False,-1.0615129470825195,456,False,-0.1105961799621582,-1.071993350982666,-1.0830745697021484,-1.033696174621582,-1.062921365102132,-0.11200459798177076,-0.8407139778137207,456,False,0.11020278930664062,2,-0.42910146713256836,456,False,0.521815299987793,0.41161251068115234,both_incorrect
316,316,-0.44504880905151367,78,False,-0.4531593322753906,78,False,-0.008110523223876953,-0.47460031509399414,-0.4382901191711426,-0.5284976959228516,-0.4804627100626628,-0.03541390101114911,-0.2986907958984375,125,False,0.14635801315307617,1,-0.0659627914428711,125,False,0.3790860176086426,0.2327280044555664,both_incorrect
317,317,1.634422779083252,317,True,1.6178374290466309,317,True,-0.016585350036621094,1.6375503540039062,1.6483101844787598,1.671043872833252,1.6523014704386394,0.017878691355387444,1.7037267684936523,317,True,0.06930398941040039,2,1.9180097579956055,317,True,0.2835869789123535,0.21428298950195312,both_correct
318,318,4.546679973602295,318,True,4.52884578704834,318,True,-0.017834186553955078,4.5266313552856445,4.507585048675537,4.519416332244873,4.517877578735352,-0.02880239486694336,4.573962688446045,318,True,0.02728271484375,5,4.721251487731934,318,True,0.17457151412963867,0.14728879928588867,both_correct
319,319,0.4506263732910156,319,True,0.37523841857910156,319,True,-0.07538795471191406,0.37044334411621094,0.4315671920776367,0.4196357727050781,0.4072154362996419,-0.043410936991373716,0.5245246887207031,319,True,0.0738983154296875,6,0.6364974975585938,319,True,0.18587112426757812,0.11197280883789062,both_correct
320,320,2.889288902282715,320,True,2.9290266036987305,320,True,0.039737701416015625,2.894436836242676,2.8956289291381836,2.8832578659057617,2.8911078770955405,0.0018189748128256689,2.9710702896118164,320,True,0.08178138732910156,2,3.0155067443847656,320,True,0.12621784210205078,0.04443645477294922,both_correct
321,321,1.536135196685791,321,True,1.4390416145324707,321,True,-0.09709358215332031,1.5168266296386719,1.572218418121338,1.4826135635375977,1.5238862037658691,-0.012248992919921875,1.6795110702514648,321,True,0.14337587356567383,4,2.266108512878418,321,True,0.729973316192627,0.5865974426269531,both_correct
322,322,4.264897346496582,322,True,4.245303630828857,322,True,-0.01959371566772461,4.255281925201416,4.239980697631836,4.271745204925537,4.255669275919597,-0.009228070576985381,4.330939292907715,322,True,0.06604194641113281,3,4.48809289932251,322,True,0.22319555282592773,0.15715360641479492,both_correct
323,323,6.592720985412598,323,True,6.556683540344238,323,True,-0.036037445068359375,6.600818634033203,6.621887683868408,6.635252952575684,6.619319756825765,0.02659877141316702,6.685454368591309,323,True,0.09273338317871094,5,6.754630088806152,323,True,0.1619091033935547,0.06917572021484375,both_correct
324,324,2.802995204925537,324,True,2.7510671615600586,324,True,-0.051928043365478516,2.815767765045166,2.7996931076049805,2.7652244567871094,2.7935617764790854,-0.009433428446451675,2.909890651702881,324,True,0.10689544677734375,3,3.106998920440674,324,True,0.3040037155151367,0.19710826873779297,both_correct
325,325,4.068066120147705,325,True,4.065857887268066,325,True,-0.002208232879638672,4.036071300506592,4.030930519104004,4.040375709533691,4.035792509714763,-0.03227361043294241,4.136033535003662,325,True,0.06796741485595703,5,4.295267581939697,325,True,0.2272014617919922,0.15923404693603516,both_correct
326,326,4.8111066818237305,326,True,4.7524285316467285,326,True,-0.05867815017700195,4.81809663772583,4.834407329559326,4.841348648071289,4.831284205118815,0.02017752329508493,4.931074619293213,326,True,0.11996793746948242,1,5.029070854187012,326,True,0.21796417236328125,0.09799623489379883,both_correct
327,327,5.356965065002441,327,True,5.297077178955078,327,True,-0.05988788604736328,5.359451770782471,5.362311363220215,5.3862199783325195,5.369327704111735,0.012362639109293916,5.410496711730957,327,True,0.053531646728515625,5,5.544687271118164,327,True,0.18772220611572266,0.13419055938720703,both_correct
328,328,1.22810697555542,328,True,1.1413302421569824,328,True,-0.0867767333984375,1.193284034729004,1.2300410270690918,1.2371392250061035,1.2201547622680664,-0.007952213287353516,1.5055451393127441,328,True,0.2774381637573242,3,1.7405238151550293,328,True,0.5124168395996094,0.23497867584228516,both_correct
329,329,0.35924530029296875,329,True,0.29668378829956055,329,True,-0.0625615119934082,0.32497215270996094,0.3269844055175781,0.2929344177246094,0.3149636586507161,-0.04428164164225262,0.5429263114929199,329,True,0.18368101119995117,6,0.8540692329406738,329,True,0.4948239326477051,0.3111429214477539,both_correct
330,330,2.302713394165039,330,True,2.2930550575256348,330,True,-0.009658336639404297,2.2729411125183105,2.267003059387207,2.304354190826416,2.281432787577311,-0.021280606587728013,2.334669589996338,330,True,0.03195619583129883,5,2.4460482597351074,330,True,0.14333486557006836,0.11137866973876953,both_correct
331,331,0.6177682876586914,331,True,0.6415143013000488,331,True,0.023746013641357422,0.6192488670349121,0.6803689002990723,0.6653008460998535,0.6549728711446127,0.03720458348592126,0.7045536041259766,331,True,0.08678531646728516,1,0.8383712768554688,331,True,0.22060298919677734,0.1338176727294922,both_correct
332,332,3.183681011199951,332,True,3.2161898612976074,332,True,0.03250885009765625,3.204592227935791,3.214500904083252,3.1231608390808105,3.180751323699951,-0.0029296875,3.2830324172973633,332,True,0.09935140609741211,1,3.6957850456237793,332,True,0.5121040344238281,0.412752628326416,both_correct
333,333,3.675658702850342,333,True,3.668355941772461,333,True,-0.007302761077880859,3.63932466506958,3.616054058074951,3.659879207611084,3.6384193102518716,-0.0372393925984702,3.769803524017334,333,True,0.09414482116699219,0,4.0068159103393555,333,True,0.33115720748901367,0.23701238632202148,both_correct
334,334,4.341662883758545,334,True,4.394598007202148,334,True,0.052935123443603516,4.378174781799316,4.3881378173828125,4.390063285827637,4.385458628336589,0.043795744578043916,4.347261905670166,334,True,0.005599021911621094,0,4.460955619812012,334,True,0.1192927360534668,0.1136937141418457,both_correct
335,335,5.229212284088135,335,True,5.25864839553833,335,True,0.029436111450195312,5.168490409851074,5.182499885559082,5.200685501098633,5.183891932169597,-0.045320351918538115,5.322397708892822,335,True,0.0931854248046875,3,5.4767680168151855,335,True,0.24755573272705078,0.15437030792236328,both_correct
336,336,4.31527853012085,336,True,4.349525451660156,336,True,0.03424692153930664,4.250761985778809,4.309478759765625,4.238357067108154,4.266199270884196,-0.04907925923665335,4.43147087097168,336,True,0.11619234085083008,3,4.566544055938721,336,True,0.2512655258178711,0.13507318496704102,both_correct
337,337,4.440037250518799,337,True,4.379326343536377,337,True,-0.060710906982421875,4.454430103302002,4.48719596862793,4.464574813842773,4.468733628590901,0.02869637807210257,4.539391040802002,337,True,0.09935379028320312,3,4.6988701820373535,337,True,0.2588329315185547,0.15947914123535156,both_correct
338,338,-2.7409772872924805,332,False,-2.7561182975769043,332,False,-0.015141010284423828,-2.659245014190674,-2.6990389823913574,-2.8200860023498535,-2.726123332977295,0.014853954315185547,-2.61086368560791,332,False,0.1301136016845703,2,-2.1939711570739746,332,False,0.5470061302185059,0.41689252853393555,both_incorrect
339,339,2.67965030670166,339,True,2.566694736480713,339,True,-0.11295557022094727,2.635679244995117,2.6687259674072266,2.6132869720458984,2.639230728149414,-0.040419578552246094,2.7544727325439453,339,True,0.07482242584228516,5,3.0224804878234863,339,True,0.34283018112182617,0.268007755279541,both_correct
340,340,6.127899169921875,340,True,6.116531848907471,340,True,-0.011367321014404297,6.1445207595825195,6.127536773681641,6.148268222808838,6.140108585357666,0.012209415435791016,6.19197940826416,340,True,0.06408023834228516,2,6.295102119445801,340,True,0.16720294952392578,0.10312271118164062,both_correct
341,341,-5.264201641082764,247,False,-5.224194526672363,247,False,0.04000711441040039,-5.206572532653809,-5.280644416809082,-5.208487510681152,-5.231901486714681,0.03230015436808298,-5.188810348510742,251,False,0.07539129257202148,0,-5.078099250793457,251,False,0.18610239028930664,0.11071109771728516,both_incorrect
342,342,0.5166254043579102,342,True,0.5228996276855469,342,True,0.006274223327636719,0.5256280899047852,0.5449275970458984,0.5375871658325195,0.536047617594401,0.01942221323649085,0.5525741577148438,342,True,0.035948753356933594,4,0.6458425521850586,342,True,0.12921714782714844,0.09326839447021484,both_correct
343,343,2.5604400634765625,343,True,2.498528480529785,343,True,-0.061911582946777344,2.5326590538024902,2.5184149742126465,2.5847744941711426,2.5452828407287598,-0.015157222747802734,2.7117252349853516,343,True,0.15128517150878906,4,2.919729709625244,343,True,0.35928964614868164,0.20800447463989258,both_correct
344,344,5.4615349769592285,344,True,5.491366386413574,344,True,0.029831409454345703,5.426133155822754,5.440432071685791,5.431445121765137,5.4326701164245605,-0.02886486053466797,5.583969593048096,344,True,0.12243461608886719,0,5.688262462615967,344,True,0.22672748565673828,0.1042928695678711,both_correct
345,345,2.4886226654052734,345,True,2.59586238861084,345,True,0.1072397232055664,2.5609021186828613,2.576012134552002,2.5634169578552246,2.566777070363363,0.07815440495808934,2.74188232421875,345,True,0.25325965881347656,4,3.0200114250183105,345,True,0.5313887596130371,0.27812910079956055,both_correct
346,346,4.402770042419434,346,True,4.3959431648254395,346,True,-0.006826877593994141,4.4210405349731445,4.402636528015137,4.435898780822754,4.419858614603679,0.017088572184245088,4.481629371643066,346,True,0.07885932922363281,1,4.628220558166504,346,True,0.2254505157470703,0.1465911865234375,both_correct
347,347,4.823591232299805,347,True,4.657783508300781,347,True,-0.16580772399902344,4.789165019989014,4.79876184463501,4.826639175415039,4.8048553466796875,-0.018735885620117188,4.914013862609863,347,True,0.0904226303100586,5,5.08299446105957,347,True,0.2594032287597656,0.16898059844970703,both_correct
348,348,-3.682838201522827,222,False,-3.6424245834350586,222,False,0.040413618087768555,-3.644416332244873,-3.7422657012939453,-3.6909804344177246,-3.692554155985514,-0.009715954462687026,-3.5484728813171387,222,False,0.13436532020568848,4,-3.244476079940796,222,False,0.43836212158203125,0.3039968013763428,both_incorrect
349,349,1.3080511093139648,349,True,1.2987141609191895,349,True,-0.00933694839477539,1.3233757019042969,1.3115882873535156,1.300715446472168,1.311893145243327,0.003842035929362053,1.3643407821655273,349,True,0.0562896728515625,4,1.4556522369384766,349,True,0.14760112762451172,0.09131145477294922,both_correct
350,350,3.57407808303833,350,True,3.6185832023620605,350,True,0.04450511932373047,3.594686508178711,3.619006633758545,3.57773494720459,3.5971426963806152,0.023064613342285156,3.6610093116760254,350,True,0.08693122863769531,0,3.8774256706237793,350,True,0.3033475875854492,0.2164163589477539,both_correct
351,351,3.675605297088623,351,True,3.6622118949890137,351,True,-0.013393402099609375,3.6968750953674316,3.6807641983032227,3.652184009552002,3.6766077677408853,0.0010024706522622218,3.7335104942321777,351,True,0.05790519714355469,2,3.928992748260498,351,True,0.253387451171875,0.1954822540283203,both_correct
352,352,1.6292662620544434,352,True,1.6402349472045898,352,True,0.010968685150146484,1.6327705383300781,1.6312894821166992,1.6279120445251465,1.6306573549906414,0.0013910929361979907,1.6753754615783691,352,True,0.04610919952392578,0,1.808763027191162,352,True,0.17949676513671875,0.13338756561279297,both_correct
353,353,1.51908540725708,353,True,1.492337703704834,353,True,-0.026747703552246094,1.5186047554016113,1.5067734718322754,1.4946351051330566,1.5066711107889812,-0.012414296468098884,1.5501532554626465,353,True,0.031067848205566406,3,1.7334909439086914,353,True,0.21440553665161133,0.18333768844604492,both_correct
354,354,1.7203412055969238,354,True,1.8111820220947266,354,True,0.09084081649780273,1.8478107452392578,1.7716097831726074,1.770322322845459,1.7965809504191081,0.07623974482218432,1.989119052886963,354,True,0.26877784729003906,1,2.264617443084717,354,True,0.544276237487793,0.2754983901977539,both_correct
355,355,4.289834499359131,355,True,4.3001604080200195,355,True,0.010325908660888672,4.302765846252441,4.259660720825195,4.176653861999512,4.246360143025716,-0.04347435633341501,4.348091125488281,355,True,0.05825662612915039,5,4.83033561706543,355,True,0.5405011177062988,0.48224449157714844,both_correct
356,356,-2.0693554878234863,358,False,-2.0978617668151855,358,False,-0.02850627899169922,-2.0743894577026367,-2.0733914375305176,-2.1067681312561035,-2.0848496754964194,-0.01549418767293309,-2.0215225219726562,358,False,0.04783296585083008,1,-1.9471073150634766,358,False,0.12224817276000977,0.07441520690917969,both_incorrect
357,357,1.9026808738708496,357,True,1.9391026496887207,357,True,0.036421775817871094,1.8800907135009766,1.9147100448608398,1.908555507659912,1.9011187553405762,-0.0015621185302734375,2.0250048637390137,357,True,0.12232398986816406,2,2.0735130310058594,357,True,0.17083215713500977,0.0485081672668457,both_correct
358,358,0.35866498947143555,358,True,0.36400604248046875,358,True,0.005341053009033203,0.3561530113220215,0.3627314567565918,0.3488636016845703,0.35591602325439453,-0.0027489662170410156,0.3906254768371582,358,True,0.031960487365722656,0,0.5174837112426758,358,True,0.15881872177124023,0.12685823440551758,both_correct
359,359,0.9654645919799805,359,True,0.9527568817138672,359,True,-0.012707710266113281,0.9932994842529297,0.9648489952087402,0.9818410873413086,0.9799965222676595,0.014531930287679073,1.0331125259399414,359,True,0.06764793395996094,1,1.1071276664733887,359,True,0.1416630744934082,0.07401514053344727,both_correct
360,360,1.3525705337524414,360,True,1.367197036743164,360,True,0.014626502990722656,1.3761487007141113,1.3159751892089844,1.3718767166137695,1.3546668688456218,0.0020963350931804126,1.488265037536621,360,True,0.1356945037841797,1,1.7049036026000977,360,True,0.35233306884765625,0.21663856506347656,both_correct
361,361,5.671748161315918,361,True,5.691409587860107,361,True,0.019661426544189453,5.674305438995361,5.685864448547363,5.635291576385498,5.665153821309407,-0.006594340006510713,5.702208518981934,361,True,0.030460357666015625,0,5.946720123291016,361,True,0.27497196197509766,0.24451160430908203,both_correct
362,362,5.292510986328125,362,True,5.301151275634766,362,True,0.008640289306640625,5.318216323852539,5.329509735107422,5.301339626312256,5.316355228424072,0.023844242095947266,5.354917526245117,362,True,0.06240653991699219,6,5.573518753051758,362,True,0.2810077667236328,0.21860122680664062,both_correct
363,363,4.992132186889648,363,True,5.042269706726074,363,True,0.05013751983642578,4.9516754150390625,4.9633684158325195,4.9790730476379395,4.964705626169841,-0.027426560719807647,5.042269706726074,363,True,0.05013751983642578,7,5.200668811798096,363,True,0.20853662490844727,0.15839910507202148,both_correct
364,364,7.133753776550293,364,True,7.1473798751831055,364,True,0.0136260986328125,7.162886619567871,7.158705711364746,7.141685962677002,7.154426097869873,0.020672321319580078,7.180981636047363,364,True,0.04722785949707031,5,7.4016618728637695,364,True,0.26790809631347656,0.22068023681640625,both_correct
365,365,3.9708919525146484,365,True,3.9959640502929688,365,True,0.025072097778320312,3.9696168899536133,3.9452261924743652,3.963499069213867,3.9594473838806152,-0.011444568634033203,4.021077632904053,365,True,0.0501856803894043,0,4.191776275634766,365,True,0.2208843231201172,0.1706986427307129,both_correct
366,366,2.642977714538574,366,True,2.638742446899414,366,True,-0.004235267639160156,2.648953437805176,2.625509262084961,2.6368908882141113,2.637117862701416,-0.005859851837158203,2.716643810272217,366,True,0.07366609573364258,2,2.896627902984619,366,True,0.2536501884460449,0.17998409271240234,both_correct
367,367,2.567330837249756,367,True,2.535550594329834,367,True,-0.031780242919921875,2.6335525512695312,2.6067214012145996,2.5601563453674316,2.6001434326171875,0.03281259536743164,2.8164634704589844,367,True,0.24913263320922852,0,3.1049036979675293,367,True,0.5375728607177734,0.2884402275085449,both_correct
368,368,1.9042420387268066,368,True,2.0507678985595703,368,True,0.14652585983276367,1.8516921997070312,1.8589038848876953,1.9234161376953125,1.8780040740966797,-0.026237964630126953,2.033639907836914,368,True,0.12939786911010742,6,2.3779516220092773,368,True,0.4737095832824707,0.3443117141723633,both_correct
369,369,1.9595527648925781,369,True,1.9504427909851074,369,True,-0.009109973907470703,1.9700651168823242,1.9236078262329102,2.0338926315307617,1.9758551915486653,0.016302426656087166,2.025965690612793,369,True,0.06641292572021484,6,2.2509145736694336,369,True,0.29136180877685547,0.22494888305664062,both_correct
370,370,2.72530460357666,370,True,2.6961617469787598,370,True,-0.02914285659790039,2.7320332527160645,2.741417407989502,2.7531657218933105,2.7422054608662925,0.01690085728963231,2.778451442718506,370,True,0.0531468391418457,6,3.008028507232666,370,True,0.28272390365600586,0.22957706451416016,both_correct
371,371,1.6670851707458496,371,True,1.5372681617736816,371,True,-0.12981700897216797,1.6420869827270508,1.6486601829528809,1.5124011039733887,1.6010494232177734,-0.06603574752807617,1.8005766868591309,371,True,0.13349151611328125,6,2.1615076065063477,371,True,0.49442243576049805,0.3609309196472168,both_correct
372,372,-0.5054717063903809,373,False,-0.5821266174316406,373,False,-0.07665491104125977,-0.4356575012207031,-0.5492897033691406,-0.574286937713623,-0.5197447141011556,-0.014273007710774777,-0.32617950439453125,373,False,0.1792922019958496,5,-0.024662017822265625,373,False,0.48080968856811523,0.3015174865722656,both_incorrect
373,373,2.840888023376465,373,True,2.867304801940918,373,True,0.026416778564453125,2.8378171920776367,2.8598833084106445,2.8092498779296875,2.8356501261393228,-0.005237897237142075,2.984760284423828,373,True,0.14387226104736328,0,3.1687259674072266,373,True,0.3278379440307617,0.18396568298339844,both_correct
374,374,1.9038286209106445,374,True,1.8367886543273926,374,True,-0.06703996658325195,1.946199893951416,1.9074511528015137,1.8821125030517578,1.9119211832682292,0.00809256235758471,2.0588736534118652,374,True,0.1550450325012207,1,2.202868938446045,374,True,0.2990403175354004,0.1439952850341797,both_correct
375,375,3.169661521911621,375,True,3.1214241981506348,375,True,-0.04823732376098633,3.132269859313965,3.1397180557250977,3.084111213684082,3.1186997095743814,-0.05096181233723973,3.2439184188842773,375,True,0.07425689697265625,4,3.455493450164795,375,True,0.28583192825317383,0.21157503128051758,both_correct
376,376,5.575865745544434,376,True,5.612974166870117,376,True,0.037108421325683594,5.586124420166016,5.604307174682617,5.618033409118652,5.602821667989095,0.026955922444661162,5.632521629333496,376,True,0.0566558837890625,0,5.785477638244629,376,True,0.2096118927001953,0.1529560089111328,both_correct
377,377,-0.46563148498535156,360,False,-0.52667236328125,360,False,-0.06104087829589844,-0.5001440048217773,-0.3994135856628418,-0.47640514373779297,-0.458654244740804,0.0069772402445475445,-0.36417388916015625,360,False,0.10145759582519531,4,0.22653865814208984,377,True,0.6921701431274414,0.5907125473022461,tokenwise_only
378,378,3.364752769470215,378,True,3.371580123901367,378,True,0.006827354431152344,3.360590934753418,3.3740992546081543,3.339538097381592,3.3580760955810547,-0.006676673889160156,3.419623851776123,378,True,0.0548710823059082,5,3.5365185737609863,378,True,0.17176580429077148,0.11689472198486328,both_correct
379,379,3.586052894592285,379,True,3.5501999855041504,379,True,-0.035852909088134766,3.6130738258361816,3.60349178314209,3.577308177947998,3.5979579289754233,0.011905034383138169,3.719527244567871,379,True,0.13347434997558594,0,4.027425289154053,379,True,0.4413723945617676,0.30789804458618164,both_correct
380,380,3.0347933769226074,380,True,3.0622568130493164,380,True,0.027463436126708984,3.0352983474731445,3.0417981147766113,2.989138126373291,3.022078196207682,-0.012715180714925278,3.18341064453125,380,True,0.14861726760864258,0,3.361055374145508,380,True,0.3262619972229004,0.1776447296142578,both_correct
381,381,-1.704256534576416,368,False,-1.7876310348510742,368,False,-0.0833745002746582,-1.6324005126953125,-1.6507911682128906,-1.6686735153198242,-1.650621732076009,0.053634802500406975,-1.469965934753418,368,False,0.23429059982299805,3,-1.1069679260253906,368,False,0.5972886085510254,0.36299800872802734,both_incorrect
382,382,1.0100722312927246,382,True,1.0508723258972168,382,True,0.04080009460449219,0.999753475189209,0.9887452125549316,0.9676089286804199,0.9853692054748535,-0.024703025817871094,1.0508723258972168,382,True,0.04080009460449219,7,1.2141261100769043,382,True,0.2040538787841797,0.1632537841796875,both_correct
383,383,-1.3381905555725098,281,False,-1.1725854873657227,281,False,0.1656050682067871,-1.3032183647155762,-1.2997393608093262,-1.324397087097168,-1.3091182708740234,0.029072284698486328,-1.131972312927246,281,False,0.20621824264526367,1,-0.7630667686462402,281,False,0.5751237869262695,0.36890554428100586,both_incorrect
384,384,2.678344249725342,384,True,2.6680240631103516,384,True,-0.010320186614990234,2.721370220184326,2.6880035400390625,2.7241811752319336,2.7111849784851074,0.032840728759765625,2.8120574951171875,384,True,0.1337132453918457,3,3.0352039337158203,384,True,0.3568596839904785,0.2231464385986328,both_correct
385,385,0.09260940551757812,385,True,0.10464000701904297,385,True,0.012030601501464844,0.08866214752197266,0.11111688613891602,0.10805320739746094,0.10261074701944987,0.01000134150187175,0.16983795166015625,385,True,0.07722854614257812,0,0.30391359329223633,385,True,0.2113041877746582,0.13407564163208008,both_correct
386,386,-0.5803380012512207,101,False,-0.5798115730285645,101,False,0.00052642822265625,-0.5953960418701172,-0.5726022720336914,-0.570746898651123,-0.5795817375183105,0.0007562637329101562,-0.5451431274414062,101,False,0.03519487380981445,1,-0.43028688430786133,101,False,0.15005111694335938,0.11485624313354492,both_incorrect
387,387,5.055759429931641,387,True,5.037313461303711,387,True,-0.018445968627929688,5.025737762451172,5.146396636962891,5.07755184173584,5.083228747049968,0.02746931711832712,5.135981559753418,387,True,0.08022212982177734,0,5.447975158691406,387,True,0.3922157287597656,0.3119935989379883,both_correct
388,388,-3.659745693206787,850,False,-3.638138771057129,850,False,0.021606922149658203,-3.5835418701171875,-3.5985727310180664,-3.641483783721924,-3.607866128285726,0.05187956492106105,-3.494028091430664,850,False,0.16571760177612305,1,-3.0819106101989746,850,False,0.5778350830078125,0.41211748123168945,both_incorrect
389,389,5.138451099395752,389,True,5.043224334716797,389,True,-0.09522676467895508,5.1712493896484375,5.141972541809082,5.137973308563232,5.150398413340251,0.011947313944498994,5.245546340942383,389,True,0.10709524154663086,1,5.282021522521973,389,True,0.1435704231262207,0.036475181579589844,both_correct
390,390,2.250770092010498,390,True,2.3277950286865234,390,True,0.07702493667602539,2.286344051361084,2.2830066680908203,2.2620158195495605,2.277122179667155,0.026352087656656753,2.346116065979004,390,True,0.09534597396850586,5,2.5281901359558105,390,True,0.2774200439453125,0.18207406997680664,both_correct
391,391,1.2990999221801758,391,True,1.3327150344848633,391,True,0.0336151123046875,1.2833433151245117,1.285470962524414,1.3369503021240234,1.3019215265909831,0.0028216044108073657,1.415266990661621,391,True,0.11616706848144531,3,1.5456600189208984,391,True,0.24656009674072266,0.13039302825927734,both_correct
392,392,2.130260467529297,392,True,2.1254258155822754,392,True,-0.004834651947021484,2.182020664215088,2.183314800262451,2.1342616081237793,2.166532357533773,0.03627189000447606,2.204662799835205,392,True,0.0744023323059082,3,2.404752731323242,392,True,0.2744922637939453,0.2000899314880371,both_correct
393,393,2.770026683807373,393,True,2.736898899078369,393,True,-0.033127784729003906,2.758016586303711,2.7526297569274902,2.7329087257385254,2.7478516896565757,-0.022174994150797378,2.8182168006896973,393,True,0.04819011688232422,1,2.954864501953125,393,True,0.18483781814575195,0.13664770126342773,both_correct
394,394,3.8008480072021484,394,True,3.7084693908691406,394,True,-0.09237861633300781,3.8020124435424805,3.80772066116333,3.8605618476867676,3.823431650797526,0.022583643595377456,3.945054054260254,394,True,0.14420604705810547,0,4.125147819519043,394,True,0.32429981231689453,0.18009376525878906,both_correct
395,395,2.3717522621154785,395,True,2.338196277618408,395,True,-0.03355598449707031,2.3082947731018066,2.31058406829834,2.3711094856262207,2.329996109008789,-0.04175615310668945,2.43733549118042,395,True,0.0655832290649414,4,2.6919445991516113,395,True,0.3201923370361328,0.2546091079711914,both_correct
396,396,1.3796682357788086,396,True,1.2840394973754883,396,True,-0.09562873840332031,1.4811620712280273,1.3333606719970703,1.3838834762573242,1.3994687398274739,0.01980050404866529,1.5905952453613281,396,True,0.21092700958251953,5,2.0245981216430664,396,True,0.6449298858642578,0.4340028762817383,both_correct
397,397,4.744331359863281,397,True,4.731767654418945,397,True,-0.012563705444335938,4.6190948486328125,4.664098739624023,4.627765655517578,4.636986414591472,-0.1073449452718096,4.775411605834961,397,True,0.031080245971679688,0,5.250035285949707,397,True,0.5057039260864258,0.4746236801147461,both_correct
398,398,5.0139570236206055,398,True,4.85302209854126,398,True,-0.1609349250793457,5.042046070098877,5.000744819641113,5.040421962738037,5.027737617492676,0.013780593872070312,5.1691789627075195,398,True,0.15522193908691406,1,5.4652299880981445,398,True,0.45127296447753906,0.296051025390625,both_correct
399,399,2.824531078338623,399,True,2.7855091094970703,399,True,-0.039021968841552734,2.8047165870666504,2.817051410675049,2.8125996589660645,2.8114558855692544,-0.013075192769368638,2.9049572944641113,399,True,0.08042621612548828,0,3.11942195892334,399,True,0.2948908805847168,0.21446466445922852,both_correct
400,400,0.9157280921936035,400,True,0.9152579307556152,400,True,-0.00047016143798828125,0.9220705032348633,0.9023985862731934,0.9055666923522949,0.9100119272867838,-0.0057161649068196985,0.9548249244689941,400,True,0.039096832275390625,4,1.0600385665893555,400,True,0.14431047439575195,0.10521364212036133,both_correct
401,401,1.7670464515686035,401,True,1.8099932670593262,401,True,0.042946815490722656,1.752458095550537,1.7495193481445312,1.7556672096252441,1.7525482177734375,-0.014498233795166016,1.9316010475158691,401,True,0.16455459594726562,0,2.420553684234619,401,True,0.6535072326660156,0.48895263671875,both_correct
402,402,3.956143379211426,402,True,3.8933162689208984,402,True,-0.06282711029052734,3.901752471923828,3.9696221351623535,3.955212116241455,3.9421955744425454,-0.013947804768880356,4.054076194763184,402,True,0.09793281555175781,5,4.327663421630859,402,True,0.3715200424194336,0.2735872268676758,both_correct
403,403,-1.5682735443115234,718,False,-1.5010862350463867,718,False,0.06718730926513672,-1.5081205368041992,-1.538599967956543,-1.5684418678283691,-1.5383874575297039,0.029886086781819587,-1.3997044563293457,437,False,0.16856908798217773,3,-0.8927721977233887,437,False,0.6755013465881348,0.506932258605957,both_incorrect
404,404,1.6112451553344727,404,True,1.3630475997924805,404,True,-0.2481975555419922,1.5439119338989258,1.5597667694091797,1.5630741119384766,1.5555842717488606,-0.05566088358561205,2.0139846801757812,404,True,0.4027395248413086,1,2.107142448425293,404,True,0.4958972930908203,0.09315776824951172,both_correct
405,405,4.896454811096191,405,True,4.820065498352051,405,True,-0.07638931274414062,4.930615425109863,4.914237022399902,4.909481048583984,4.918111165364583,0.02165635426839163,4.915771484375,405,True,0.019316673278808594,4,4.829857349395752,405,True,-0.06659746170043945,-0.08591413497924805,both_correct
406,406,0.39040279388427734,406,True,0.369962215423584,406,True,-0.02044057846069336,0.3583531379699707,0.3753499984741211,0.3826136589050293,0.37210559844970703,-0.018297195434570312,0.43859052658081055,406,True,0.0481877326965332,5,0.6379556655883789,406,True,0.24755287170410156,0.19936513900756836,both_correct
407,407,1.1696577072143555,407,True,1.2165732383728027,407,True,0.046915531158447266,1.1394429206848145,1.1401748657226562,1.123356819152832,1.1343248685201008,-0.03533283869425463,1.2165732383728027,407,True,0.046915531158447266,7,1.54616117477417,407,True,0.37650346755981445,0.3295879364013672,both_correct
408,408,2.2920145988464355,408,True,2.4667229652404785,408,True,0.17470836639404297,2.281442165374756,2.3735923767089844,2.292158603668213,2.3157310485839844,0.023716449737548828,2.4667229652404785,408,True,0.17470836639404297,7,2.9475836753845215,408,True,0.6555690765380859,0.48086071014404297,both_correct
409,409,0.8142056465148926,409,True,0.8108725547790527,409,True,-0.0033330917358398438,0.8079090118408203,0.8200516700744629,0.8226485252380371,0.8168697357177734,0.0026640892028808594,0.8441033363342285,409,True,0.029897689819335938,5,0.9584898948669434,409,True,0.14428424835205078,0.11438655853271484,both_correct
410,410,3.7248549461364746,410,True,3.748440742492676,410,True,0.023585796356201172,3.7373900413513184,3.736664295196533,3.7218880653381348,3.731980800628662,0.0071258544921875,3.809457778930664,410,True,0.08460283279418945,1,3.989917278289795,410,True,0.2650623321533203,0.18045949935913086,both_correct
411,411,-0.2873673439025879,775,False,-0.25170040130615234,775,False,0.03566694259643555,-0.2782778739929199,-0.27077722549438477,-0.27416372299194336,-0.27440627415974933,0.01296106974283856,-0.09930849075317383,775,False,0.18805885314941406,2,-0.04631328582763672,636,False,0.24105405807495117,0.05299520492553711,both_incorrect
412,412,1.832554817199707,412,True,1.8996210098266602,412,True,0.06706619262695312,1.8927764892578125,1.8586087226867676,1.8894462585449219,1.880277156829834,0.04772233963012695,1.9710979461669922,412,True,0.13854312896728516,1,2.197967529296875,412,True,0.36541271209716797,0.2268695831298828,both_correct
413,413,1.287126064300537,413,True,1.288271427154541,413,True,0.0011453628540039062,1.2981700897216797,1.2947053909301758,1.3222293853759766,1.3050349553426106,0.017908891042073494,1.3258013725280762,413,True,0.03867530822753906,6,1.4345049858093262,413,True,0.14737892150878906,0.10870361328125,both_correct
414,414,-1.489856243133545,797,False,-1.4810471534729004,797,False,0.008809089660644531,-1.5070300102233887,-1.52146577835083,-1.504016399383545,-1.5108373959859211,-0.020981152852376228,-1.363976001739502,797,False,0.12588024139404297,3,-1.1119461059570312,797,False,0.37791013717651367,0.2520298957824707,both_incorrect
415,415,-5.542677879333496,934,False,-5.470321178436279,934,False,0.0723567008972168,-5.518459320068359,-5.527278900146484,-5.544561386108398,-5.530099868774414,0.012578010559082031,-5.413069725036621,934,False,0.129608154296875,0,-5.085864067077637,934,False,0.4568138122558594,0.3272056579589844,both_incorrect
416,416,1.9268527030944824,416,True,1.9892749786376953,416,True,0.06242227554321289,1.952326774597168,1.951974868774414,1.9259395599365234,1.9434137344360352,0.016561031341552734,1.9892749786376953,416,True,0.06242227554321289,7,2.225645065307617,416,True,0.29879236221313477,0.23637008666992188,both_correct
417,417,2.934237480163574,417,True,3.0145339965820312,417,True,0.08029651641845703,2.9557061195373535,2.8944363594055176,2.9345502853393555,2.9282309214274087,-0.006006558736165513,3.0145339965820312,417,True,0.08029651641845703,7,3.1700267791748047,417,True,0.23578929901123047,0.15549278259277344,both_correct
418,418,1.2621345520019531,418,True,1.284538745880127,418,True,0.022404193878173828,1.2626762390136719,1.2933588027954102,1.2593889236450195,1.2718079884847004,0.009673436482747322,1.2890024185180664,418,True,0.02686786651611328,3,1.5210394859313965,418,True,0.25890493392944336,0.23203706741333008,both_correct
419,419,0.6850185394287109,419,True,0.7964334487915039,419,True,0.11141490936279297,0.6717562675476074,0.7569789886474609,0.7090005874633789,0.7125786145528158,0.027560075124104855,0.7241554260253906,419,True,0.03913688659667969,0,1.1107916831970215,419,True,0.42577314376831055,0.38663625717163086,both_correct
420,420,5.111486434936523,420,True,4.995053291320801,420,True,-0.11643314361572266,5.144478797912598,5.141606330871582,5.073855400085449,5.119980176289876,0.008493741353352569,5.15633487701416,420,True,0.04484844207763672,6,5.350521564483643,420,True,0.23903512954711914,0.19418668746948242,both_correct
421,421,-0.8288593292236328,450,False,-0.8361973762512207,450,False,-0.007338047027587891,-0.8996648788452148,-0.7396726608276367,-0.8135061264038086,-0.8176145553588867,0.011244773864746094,-0.6805210113525391,450,False,0.14833831787109375,4,-0.10208797454833984,450,False,0.726771354675293,0.5784330368041992,both_incorrect
422,422,-7.093750953674316,739,False,-6.999872207641602,739,False,0.09387874603271484,-7.125534534454346,-7.038542747497559,-7.084903240203857,-7.082993507385254,0.0107574462890625,-6.999872207641602,739,False,0.09387874603271484,7,-6.229820251464844,739,False,0.8639307022094727,0.7700519561767578,both_incorrect
423,423,3.7968921661376953,423,True,3.7790708541870117,423,True,-0.017821311950683594,3.7831873893737793,3.787708282470703,3.7995901107788086,3.790161927541097,-0.006730238596598159,3.8373374938964844,423,True,0.04044532775878906,1,4.073544502258301,423,True,0.27665233612060547,0.2362070083618164,both_correct
424,424,0.8138837814331055,424,True,0.8108673095703125,424,True,-0.0030164718627929688,0.7607851028442383,0.8000144958496094,0.8767309188842773,0.8125101725260416,-0.001373608907063839,0.8527660369873047,424,True,0.03888225555419922,0,1.1241455078125,424,True,0.31026172637939453,0.2713794708251953,both_correct
425,425,3.2267045974731445,425,True,3.285557270050049,425,True,0.0588526725769043,3.2515907287597656,3.237856864929199,3.1946372985839844,3.2280282974243164,0.001323699951171875,3.285557270050049,425,True,0.0588526725769043,7,3.5504612922668457,425,True,0.32375669479370117,0.2649040222167969,both_correct
426,426,3.892578125,426,True,3.91195011138916,426,True,0.019371986389160156,3.8953866958618164,3.868223190307617,3.9225406646728516,3.8953835169474282,0.0028053919474282374,4.025307655334473,426,True,0.13272953033447266,2,4.2505903244018555,426,True,0.35801219940185547,0.2252826690673828,both_correct
427,427,1.1550350189208984,427,True,1.2524757385253906,427,True,0.09744071960449219,1.1179418563842773,1.1377158164978027,1.127739429473877,1.1277990341186523,-0.027235984802246094,1.2524757385253906,427,True,0.09744071960449219,7,1.4186792373657227,427,True,0.2636442184448242,0.16620349884033203,both_correct
428,428,4.034205913543701,428,True,4.047598361968994,428,True,0.013392448425292969,4.008557319641113,4.099547863006592,4.020066261291504,4.042723814646403,0.008517901102702119,4.168237209320068,428,True,0.1340312957763672,4,4.468327045440674,428,True,0.43412113189697266,0.30008983612060547,both_correct
429,429,5.463135719299316,429,True,5.4559502601623535,429,True,-0.007185459136962891,5.471778392791748,5.4694318771362305,5.470375061035156,5.470528443654378,0.007392724355061553,5.5178632736206055,429,True,0.05472755432128906,5,5.58907413482666,429,True,0.12593841552734375,0.07121086120605469,both_correct
430,430,1.3100790977478027,430,True,1.2552862167358398,430,True,-0.05479288101196289,1.3073396682739258,1.2629928588867188,1.2990994453430176,1.2898106575012207,-0.02026844024658203,1.56724214553833,430,True,0.25716304779052734,0,1.828707218170166,430,True,0.5186281204223633,0.26146507263183594,both_correct
431,431,-1.96504545211792,529,False,-1.9083609580993652,529,False,0.05668449401855469,-1.9719595909118652,-2.0025153160095215,-1.9945602416992188,-1.9896783828735352,-0.024632930755615234,-1.8890881538391113,529,False,0.0759572982788086,4,-1.5114693641662598,529,False,0.45357608795166016,0.37761878967285156,both_incorrect
432,432,-3.060652256011963,967,False,-3.0124802589416504,967,False,0.0481719970703125,-2.968867301940918,-3.0562210083007812,-3.0383801460266113,-3.021156152089437,0.039496103922525894,-3.013599395751953,967,False,0.047052860260009766,0,-2.3198647499084473,967,False,0.7407875061035156,0.6937346458435059,both_incorrect
433,433,-0.7837114334106445,808,False,-0.7023544311523438,808,False,0.08135700225830078,-0.7778587341308594,-0.8122224807739258,-0.7490005493164062,-0.7796939214070638,0.004017512003580692,-0.683650016784668,808,False,0.10006141662597656,4,-0.17252445220947266,808,False,0.6111869812011719,0.5111255645751953,both_incorrect
434,434,-3.557133674621582,854,False,-3.5991196632385254,854,False,-0.04198598861694336,-3.5137858390808105,-3.533771514892578,-3.550916910171509,-3.532824754714966,0.02430891990661621,-3.440692901611328,854,False,0.1164407730102539,4,-3.2298765182495117,427,False,0.3272571563720703,0.2108163833618164,both_incorrect
435,435,0.4330587387084961,435,True,0.43961429595947266,435,True,0.0065555572509765625,0.4378690719604492,0.42789649963378906,0.4290962219238281,0.43162059783935547,-0.001438140869140625,0.451202392578125,435,True,0.018143653869628906,3,0.49970436096191406,435,True,0.06664562225341797,0.04850196838378906,both_correct
436,436,1.050501823425293,436,True,1.190232276916504,436,True,0.13973045349121094,1.0215530395507812,1.0633811950683594,1.071096420288086,1.052010218302409,0.0015083948771159594,1.190232276916504,436,True,0.13973045349121094,7,1.553884506225586,436,True,0.503382682800293,0.36365222930908203,both_correct
437,437,1.6907615661621094,437,True,1.789484977722168,437,True,0.0987234115600586,1.673919677734375,1.7641067504882812,1.7352399826049805,1.7244221369425456,0.03366057078043627,1.8813552856445312,437,True,0.19059371948242188,1,2.2085275650024414,437,True,0.517765998840332,0.32717227935791016,both_correct
438,438,-4.780506134033203,659,False,-4.9596147537231445,659,False,-0.1791086196899414,-4.791060447692871,-4.775689125061035,-4.691952705383301,-4.752900759379069,0.02760537465413382,-4.727572441101074,659,False,0.052933692932128906,3,-4.0674614906311035,659,False,0.7130446434020996,0.6601109504699707,both_incorrect
439,439,4.929194927215576,439,True,4.919197082519531,439,True,-0.009997844696044922,4.9633307456970215,4.911474704742432,4.928574562072754,4.934460004170735,0.005265076955159209,5.0745320320129395,439,True,0.14533710479736328,2,5.3336663246154785,439,True,0.40447139739990234,0.25913429260253906,both_correct
440,440,1.343613624572754,440,True,1.449770450592041,440,True,0.10615682601928711,1.3751130104064941,1.3726744651794434,1.3202080726623535,1.3559985160827637,0.012384891510009766,1.4601101875305176,440,True,0.11649656295776367,5,1.8262066841125488,440,True,0.4825930595397949,0.36609649658203125,both_correct
441,441,4.7899932861328125,441,True,4.740444183349609,441,True,-0.049549102783203125,4.747377872467041,4.769250392913818,4.800127029418945,4.7722517649332685,-0.017741521199543975,4.796187877655029,441,True,0.006194591522216797,6,5.1196794509887695,441,True,0.32968616485595703,0.32349157333374023,both_correct
442,442,4.0370988845825195,442,True,3.882772445678711,442,True,-0.1543264389038086,3.9776391983032227,4.039796829223633,4.003687858581543,4.007041295369466,-0.03005758921305368,4.102648735046387,442,True,0.06554985046386719,0,4.38607120513916,442,True,0.3489723205566406,0.28342247009277344,both_correct
443,443,-2.594940185546875,593,False,-2.6977014541625977,593,False,-0.10276126861572266,-2.3832015991210938,-2.709667682647705,-2.5239381790161133,-2.538935820261637,0.05600436528523778,-2.38264799118042,593,False,0.21229219436645508,1,-2.189807415008545,680,False,0.4051327705383301,0.192840576171875,both_incorrect
444,444,2.919412612915039,444,True,2.856722354888916,444,True,-0.06269025802612305,2.8423819541931152,2.911332130432129,2.8262782096862793,2.8599974314371743,-0.05941518147786473,2.9344887733459473,444,True,0.015076160430908203,6,3.1651687622070312,444,True,0.2457561492919922,0.23067998886108398,both_correct
445,445,-0.9706387519836426,459,False,-0.9133529663085938,459,False,0.05728578567504883,-0.9395112991333008,-0.9247474670410156,-0.9256205558776855,-0.929959774017334,0.040678977966308594,-0.7957711219787598,459,False,0.1748676300048828,4,-0.6270966529846191,459,False,0.34354209899902344,0.16867446899414062,both_incorrect
446,446,-0.25601673126220703,664,False,-0.42071008682250977,664,False,-0.16469335556030273,-0.29127931594848633,-0.26109933853149414,-0.20145845413208008,-0.2512790362040202,0.0047376950581868305,-0.1044921875,664,False,0.15152454376220703,4,0.34517908096313477,446,True,0.6011958122253418,0.44967126846313477,tokenwise_only
447,447,-4.036506652832031,807,False,-3.9423511028289795,807,False,0.09415555000305176,-4.005097389221191,-4.075462341308594,-4.062132835388184,-4.047564188639323,-0.011057535807291963,-3.8453500270843506,807,False,0.19115662574768066,6,-3.395819664001465,807,False,0.6406869888305664,0.44953036308288574,both_incorrect
448,448,5.599003314971924,448,True,5.703348159790039,448,True,0.10434484481811523,5.611281871795654,5.62811803817749,5.678394794464111,5.639264901479085,0.04026158650716116,5.716763973236084,448,True,0.11776065826416016,2,6.007974147796631,448,True,0.40897083282470703,0.2912101745605469,both_correct
449,449,0.9658141136169434,449,True,1.1459364891052246,449,True,0.18012237548828125,0.8525247573852539,1.0668072700500488,0.8833661079406738,0.9342327117919922,-0.03158140182495117,1.1459364891052246,449,True,0.18012237548828125,7,1.729586124420166,449,True,0.7637720108032227,0.5836496353149414,both_correct
450,450,5.396632671356201,450,True,5.287951469421387,450,True,-0.10868120193481445,5.456096172332764,5.390023708343506,5.421851634979248,5.422657171885173,0.02602450052897165,5.658868312835693,450,True,0.2622356414794922,0,6.194278717041016,450,True,0.7976460456848145,0.5354104042053223,both_correct
451,451,4.4645490646362305,451,True,4.417360305786133,451,True,-0.047188758850097656,4.41253137588501,4.449123382568359,4.4651689529418945,4.442274570465088,-0.022274494171142578,4.528818130493164,451,True,0.0642690658569336,6,4.788517475128174,451,True,0.32396841049194336,0.25969934463500977,both_correct
452,452,1.1247448921203613,452,True,1.1253595352172852,452,True,0.0006146430969238281,1.1137537956237793,1.1434836387634277,1.145505428314209,1.134247620900472,0.009502728780110603,1.2469263076782227,452,True,0.12218141555786133,5,1.6548781394958496,452,True,0.5301332473754883,0.40795183181762695,both_correct
453,453,-0.912574291229248,624,False,-1.027782917022705,624,False,-0.11520862579345703,-0.9420332908630371,-0.9472784996032715,-0.933774471282959,-0.9410287539164225,-0.028454462687174442,-0.8676886558532715,624,False,0.04488563537597656,6,-0.652885913848877,624,False,0.2596883773803711,0.21480274200439453,both_incorrect
454,454,-1.8541967868804932,800,False,-1.7748982906341553,800,False,0.07929849624633789,-1.8435676097869873,-1.8579905033111572,-1.8205459117889404,-1.8407013416290283,0.013495445251464844,-1.6459331512451172,800,False,0.20826363563537598,0,-1.345315933227539,794,False,0.5088808536529541,0.3006172180175781,both_incorrect
455,455,-0.2879652976989746,679,False,-0.34368419647216797,679,False,-0.05571889877319336,-0.19739151000976562,-0.3005704879760742,-0.16058015823364258,-0.2195140520731608,0.06845124562581381,0.06198930740356445,455,True,0.34995460510253906,1,0.394045352935791,455,True,0.6820106506347656,0.33205604553222656,both_correct
456,456,3.668567657470703,456,True,3.752565383911133,456,True,0.08399772644042969,3.656635284423828,3.693012237548828,3.7466506958007812,3.698766072591146,0.030198415120442856,3.795311450958252,456,True,0.12674379348754883,0,4.371870040893555,456,True,0.7033023834228516,0.5765585899353027,both_correct
457,457,-3.96829891204834,652,False,-3.983633518218994,652,False,-0.015334606170654297,-3.8715648651123047,-4.010356903076172,-4.050716400146484,-3.977546056111654,-0.00924714406331395,-3.918128728866577,652,False,0.050170183181762695,1,-3.2957539558410645,652,False,0.6725449562072754,0.6223747730255127,both_incorrect
458,458,4.605318069458008,458,True,4.618682861328125,458,True,0.013364791870117188,4.639291763305664,4.623971939086914,4.635272979736328,4.632845560709636,0.0275274912516279,4.721036911010742,458,True,0.11571884155273438,2,4.926989555358887,458,True,0.3216714859008789,0.20595264434814453,both_correct
459,459,-3.3130922317504883,419,False,-3.508899688720703,419,False,-0.19580745697021484,-3.421067953109741,-3.4789724349975586,-3.455315589904785,-3.4517853260040283,-0.13869309425354004,-3.181173324584961,720,False,0.13191890716552734,2,-2.784336566925049,720,False,0.5287556648254395,0.3968367576599121,both_incorrect
460,460,-2.8423686027526855,437,False,-2.7730751037597656,437,False,0.06929349899291992,-2.8980727195739746,-2.851407527923584,-2.8293051719665527,-2.8595951398213706,-0.017226537068685044,-2.75411319732666,437,False,0.08825540542602539,2,-2.5633678436279297,437,False,0.27900075912475586,0.19074535369873047,both_incorrect
461,461,0.7118558883666992,461,True,0.7171592712402344,461,True,0.005303382873535156,0.6994428634643555,0.700650691986084,0.7128410339355469,0.7043115297953287,-0.00754435857137048,0.7407083511352539,461,True,0.028852462768554688,5,0.7847299575805664,461,True,0.07287406921386719,0.0440216064453125,both_correct
462,462,3.386408805847168,462,True,3.415858745574951,462,True,0.029449939727783203,3.393777847290039,3.386019229888916,3.3891310691833496,3.3896427154541016,0.0032339096069335938,3.508574962615967,462,True,0.12216615676879883,0,3.646366596221924,462,True,0.25995779037475586,0.13779163360595703,both_correct
463,463,2.9766602516174316,463,True,2.9077162742614746,463,True,-0.06894397735595703,3.00589656829834,2.985670566558838,2.973598003387451,2.9883883794148765,0.01172812779744481,3.0427050590515137,463,True,0.06604480743408203,5,3.3600144386291504,463,True,0.38335418701171875,0.3173093795776367,both_correct
464,464,-5.2271728515625,451,False,-5.175991535186768,451,False,0.05118131637573242,-5.282601356506348,-5.243910312652588,-5.183594226837158,-5.236701965332031,-0.00952911376953125,-5.123117446899414,451,False,0.10405540466308594,6,-4.927236557006836,451,False,0.29993629455566406,0.19588088989257812,both_incorrect
465,465,5.186174392700195,465,True,5.176353931427002,465,True,-0.00982046127319336,5.116784572601318,5.151123523712158,5.191715240478516,5.153207778930664,-0.03296661376953125,5.262297630310059,465,True,0.07612323760986328,1,5.384008407592773,465,True,0.19783401489257812,0.12171077728271484,both_correct
466,466,4.922580242156982,466,True,4.8415303230285645,466,True,-0.08104991912841797,4.915828227996826,4.886514186859131,4.920206546783447,4.907516320546468,-0.015063921610514619,4.984179496765137,466,True,0.0615992546081543,6,5.22265625,466,True,0.3000760078430176,0.23847675323486328,both_correct
467,467,-4.901181221008301,391,False,-4.873386383056641,391,False,0.027794837951660156,-4.884680271148682,-4.878423690795898,-4.856247901916504,-4.873117287953694,0.028063933054606416,-4.822179794311523,391,False,0.07900142669677734,6,-4.571942329406738,391,False,0.3292388916015625,0.25023746490478516,both_incorrect
468,468,-0.34671735763549805,817,False,-0.2613377571105957,817,False,0.08537960052490234,-0.4304070472717285,-0.38140058517456055,-0.41585874557495117,-0.4092221260070801,-0.06250476837158203,-0.2613377571105957,817,False,0.08537960052490234,7,0.041556358337402344,468,True,0.3882737159729004,0.30289411544799805,tokenwise_only
469,469,-1.9206666946411133,926,False,-1.889277458190918,926,False,0.03138923645019531,-1.8990545272827148,-1.870192050933838,-1.8715434074401855,-1.880263328552246,0.04040336608886719,-1.6901402473449707,926,False,0.23052644729614258,1,-1.4457926750183105,926,False,0.47487401962280273,0.24434757232666016,both_incorrect
470,470,2.763540267944336,470,True,2.7568016052246094,470,True,-0.0067386627197265625,2.718764305114746,2.791747570037842,2.753148078918457,2.7545533180236816,-0.008986949920654297,2.8167061805725098,470,True,0.05316591262817383,4,3.3455729484558105,470,True,0.5820326805114746,0.5288667678833008,both_correct
471,471,0.6750602722167969,471,True,0.7176227569580078,471,True,0.04256248474121094,0.6648044586181641,0.6900815963745117,0.6893043518066406,0.6813968022664388,0.006336530049641964,0.8701629638671875,471,True,0.19510269165039062,0,1.1035881042480469,471,True,0.42852783203125,0.23342514038085938,both_correct
472,472,2.1358108520507812,472,True,2.172740936279297,472,True,0.036930084228515625,2.1382393836975098,2.0997347831726074,2.1457886695861816,2.127920945485433,-0.00788990656534816,2.210137367248535,472,True,0.0743265151977539,0,2.30918025970459,472,True,0.1733694076538086,0.09904289245605469,both_correct
473,473,-0.9850420951843262,778,False,-1.053288459777832,778,False,-0.06824636459350586,-0.9221639633178711,-0.9655213356018066,-0.9696235656738281,-0.9524362881978353,0.03260580698649085,-0.8201112747192383,778,False,0.1649308204650879,6,-0.5360584259033203,778,False,0.44898366928100586,0.28405284881591797,both_incorrect
474,474,-0.5141773223876953,735,False,-0.4810032844543457,735,False,0.03317403793334961,-0.49689817428588867,-0.5184545516967773,-0.5016322135925293,-0.5056616465250651,0.008515675862630245,-0.4895038604736328,735,False,0.0246734619140625,5,-0.2553439140319824,735,False,0.2588334083557129,0.2341599464416504,both_incorrect
475,475,4.22090482711792,475,True,4.175030708312988,475,True,-0.04587411880493164,4.249969959259033,4.197498798370361,4.2176408767700195,4.221703211466472,0.0007983843485517284,4.2976393699646,475,True,0.07673454284667969,2,4.52239465713501,475,True,0.30148983001708984,0.22475528717041016,both_correct
476,476,5.259368896484375,476,True,5.323605537414551,476,True,0.06423664093017578,5.343222141265869,5.353438377380371,5.3206939697265625,5.3391181627909345,0.07974926630655954,5.375721454620361,476,True,0.11635255813598633,2,5.642820835113525,476,True,0.3834519386291504,0.26709938049316406,both_correct
477,477,-4.890578269958496,676,False,-4.8900227546691895,464,False,0.0005555152893066406,-4.934600830078125,-4.8857903480529785,-4.942098140716553,-4.920829772949219,-0.030251502990722656,-4.8900227546691895,464,False,0.0005555152893066406,7,-4.5561628341674805,464,False,0.3344154357910156,0.333859920501709,both_incorrect
478,478,1.2930607795715332,478,True,1.369736671447754,478,True,0.0766758918762207,1.284471035003662,1.3061819076538086,1.3255109786987305,1.3053879737854004,0.012327194213867188,1.4581480026245117,478,True,0.16508722305297852,5,1.6913414001464844,478,True,0.39828062057495117,0.23319339752197266,both_correct
479,479,-5.057493209838867,864,False,-5.035502910614014,864,False,0.021990299224853516,-5.081191062927246,-5.044053554534912,-5.041525840759277,-5.0555901527404785,0.0019030570983886719,-4.959400653839111,864,False,0.09809255599975586,1,-4.694009780883789,864,False,0.3634834289550781,0.26539087295532227,both_incorrect
480,480,-0.7598476409912109,921,False,-0.6187458038330078,921,False,0.14110183715820312,-0.6972112655639648,-0.7576227188110352,-0.7983365058898926,-0.7510568300882975,0.008790810902913448,-0.558072566986084,921,False,0.20177507400512695,1,-0.13343238830566406,921,False,0.6264152526855469,0.4246401786804199,both_incorrect
481,481,1.7985739707946777,481,True,1.7769684791564941,481,True,-0.021605491638183594,1.7895684242248535,1.7634434700012207,1.7926244735717773,1.7818787892659504,-0.016695181528727288,1.8472113609313965,481,True,0.04863739013671875,2,2.084956645965576,481,True,0.28638267517089844,0.2377452850341797,both_correct
482,482,-0.9921088218688965,848,False,-0.9943280220031738,848,False,-0.0022192001342773438,-0.9812602996826172,-0.9864211082458496,-0.9775652885437012,-0.981748898824056,0.010359923044840458,-0.9649834632873535,848,False,0.02712535858154297,6,-0.9024152755737305,848,False,0.08969354629516602,0.06256818771362305,both_incorrect
483,483,0.7382087707519531,483,True,0.7165513038635254,483,True,-0.021657466888427734,0.7405366897583008,0.7583656311035156,0.7426304817199707,0.7471776008605957,0.008968830108642578,0.8182501792907715,483,True,0.08004140853881836,0,0.9514107704162598,483,True,0.21320199966430664,0.13316059112548828,both_correct
484,484,0.05803394317626953,484,True,0.01911163330078125,484,True,-0.03892230987548828,0.018802642822265625,0.03800010681152344,0.030271530151367188,0.029024759928385418,-0.029009183247884113,0.08971595764160156,484,True,0.03168201446533203,4,0.17612552642822266,484,True,0.11809158325195312,0.0864095687866211,both_correct
485,485,-0.5795598030090332,754,False,-0.5657777786254883,754,False,0.013782024383544922,-0.5978631973266602,-0.5606508255004883,-0.5538077354431152,-0.5707739194234213,0.008785883585611942,-0.49608802795410156,754,False,0.08347177505493164,5,-0.2823467254638672,754,False,0.297213077545166,0.21374130249023438,both_incorrect
486,486,1.6453351974487305,486,True,1.6529922485351562,486,True,0.007657051086425781,1.6865510940551758,1.687819480895996,1.6041274070739746,1.6594993273417156,0.0141641298929851,1.7415862083435059,486,True,0.09625101089477539,1,1.8879022598266602,486,True,0.2425670623779297,0.1463160514831543,both_correct
487,487,-1.029282569885254,590,False,-1.0366578102111816,590,False,-0.007375240325927734,-0.9737930297851562,-1.0262088775634766,-1.0094127655029297,-1.0031382242838542,0.026144345601399666,-0.8715696334838867,590,False,0.1577129364013672,2,-0.6941022872924805,590,False,0.33518028259277344,0.17746734619140625,both_incorrect
488,488,3.7485222816467285,488,True,3.757856845855713,488,True,0.009334564208984375,3.8281021118164062,3.793999195098877,3.829514980316162,3.8172054290771484,0.06868314743041992,3.920910358428955,488,True,0.17238807678222656,3,4.062784671783447,488,True,0.31426239013671875,0.1418743133544922,both_correct
489,489,2.828622817993164,489,True,2.8599138259887695,489,True,0.03129100799560547,2.8096094131469727,2.8191170692443848,2.8282523155212402,2.8189929326375327,-0.009629885355631362,2.8599138259887695,489,True,0.03129100799560547,7,2.977691173553467,489,True,0.14906835556030273,0.11777734756469727,both_correct
490,490,0.5892720222473145,490,True,0.5989961624145508,490,True,0.009724140167236328,0.5948433876037598,0.5851607322692871,0.5877842903137207,0.5892628033955892,-9.21885172522341e-06,0.7902669906616211,490,True,0.20099496841430664,2,1.1870431900024414,490,True,0.597771167755127,0.3967761993408203,both_correct
491,491,-5.0681562423706055,450,False,-5.061807632446289,450,False,0.006348609924316406,-5.146335601806641,-4.939083099365234,-5.112505912780762,-5.065974871317546,0.0021813710530595998,-4.959694862365723,450,False,0.10846138000488281,0,-4.38062858581543,450,False,0.6875276565551758,0.579066276550293,both_incorrect
492,492,0.21513843536376953,492,True,0.1976613998413086,492,True,-0.017477035522460938,0.23728561401367188,0.23717880249023438,0.24219703674316406,0.23888715108235678,0.02374871571858725,0.32645416259765625,492,True,0.11131572723388672,5,0.6330718994140625,492,True,0.41793346405029297,0.30661773681640625,both_correct
493,493,1.1450109481811523,493,True,1.1323566436767578,493,True,-0.012654304504394531,1.1300783157348633,1.1023283004760742,1.1217584609985352,1.118055025736491,-0.026955922444661384,1.19706392288208,493,True,0.052052974700927734,1,1.3989906311035156,493,True,0.2539796829223633,0.20192670822143555,both_correct
494,494,-0.45513486862182617,475,False,-0.33122825622558594,475,False,0.12390661239624023,-0.43428850173950195,-0.477755069732666,-0.4687967300415039,-0.4602801005045573,-0.005145231882731138,-0.20379400253295898,475,False,0.2513408660888672,5,0.23781681060791016,494,True,0.6929516792297363,0.44161081314086914,tokenwise_only
495,495,-1.0390334129333496,651,False,-1.12054443359375,651,False,-0.08151102066040039,-1.1424827575683594,-1.12239408493042,-1.0911850929260254,-1.1186873118082683,-0.0796538988749187,-0.9275565147399902,651,False,0.11147689819335938,6,-0.24859094619750977,651,False,0.7904424667358398,0.6789655685424805,both_incorrect
496,496,4.335888385772705,496,True,4.260446548461914,496,True,-0.07544183731079102,4.360780715942383,4.38916015625,4.362343788146973,4.370761553446452,0.03487316767374704,4.430451393127441,496,True,0.09456300735473633,5,4.719236373901367,496,True,0.3833479881286621,0.2887849807739258,both_correct
497,497,0.9684662818908691,497,True,0.903414249420166,497,True,-0.06505203247070312,0.9721055030822754,0.9654331207275391,0.9745612144470215,0.9706999460856119,0.0022336641947428015,1.0607290267944336,497,True,0.09226274490356445,1,1.1493558883666992,497,True,0.18088960647583008,0.08862686157226562,both_correct
498,498,3.9906201362609863,498,True,4.030113697052002,498,True,0.039493560791015625,3.9846391677856445,3.9521799087524414,3.951169967651367,3.962663014729818,-0.027957121531168472,4.033120155334473,498,True,0.04250001907348633,5,4.3439226150512695,498,True,0.3533024787902832,0.3108024597167969,both_correct
499,499,1.8139300346374512,499,True,1.8005871772766113,499,True,-0.013342857360839844,1.811779499053955,1.8094663619995117,1.7495551109313965,1.790266990661621,-0.023663043975830078,1.8635640144348145,499,True,0.04963397979736328,2,2.2424683570861816,499,True,0.42853832244873047,0.3789043426513672,both_correct
500,500,-1.0943622589111328,972,False,-1.0212397575378418,972,False,0.07312250137329102,-1.124464511871338,-1.1192278861999512,-1.0923891067504883,-1.1120271682739258,-0.01766490936279297,-0.9937019348144531,972,False,0.10066032409667969,3,-0.7869133949279785,972,False,0.3074488639831543,0.2067885398864746,both_incorrect
501,501,-1.3819942474365234,689,False,-1.3772706985473633,689,False,0.004723548889160156,-1.3615684509277344,-1.3544106483459473,-1.3523287773132324,-1.3561026255289714,0.02589162190755201,-1.2936062812805176,689,False,0.08838796615600586,4,-1.1392979621887207,689,False,0.24269628524780273,0.15430831909179688,both_incorrect
502,502,-0.8114943504333496,551,False,-0.7865557670593262,551,False,0.024938583374023438,-0.7411928176879883,-0.7298808097839355,-0.6723957061767578,-0.7144897778828939,0.09700457255045569,-0.5471954345703125,551,False,0.2642989158630371,0,-0.18048906326293945,551,False,0.6310052871704102,0.36670637130737305,both_incorrect
503,503,3.316974639892578,503,True,3.189389228820801,503,True,-0.12758541107177734,3.260786533355713,3.2664523124694824,3.3240551948547363,3.283764680226644,-0.0332099596659341,3.422173500061035,503,True,0.10519886016845703,3,3.7253870964050293,503,True,0.40841245651245117,0.30321359634399414,both_correct
504,504,-3.445718288421631,696,False,-3.583590269088745,696,False,-0.13787198066711426,-3.4208076000213623,-3.472909450531006,-3.454716682434082,-3.4494779109954834,-0.003759622573852539,-3.2727715969085693,594,False,0.17294669151306152,0,-3.1537394523620605,594,False,0.2919788360595703,0.11903214454650879,both_incorrect
505,505,0.5275411605834961,505,True,0.5510702133178711,505,True,0.023529052734375,0.521397590637207,0.5694408416748047,0.5216217041015625,0.537486712137858,0.009945551554361942,0.5976600646972656,505,True,0.07011890411376953,3,0.7821130752563477,505,True,0.25457191467285156,0.18445301055908203,both_correct
506,506,4.254153251647949,506,True,4.206815719604492,506,True,-0.04733753204345703,4.234241962432861,4.308192729949951,4.261606693267822,4.268013795216878,0.01386054356892874,4.5121169090271,506,True,0.2579636573791504,1,4.955129146575928,506,True,0.7009758949279785,0.4430122375488281,both_correct
507,507,-1.771538257598877,489,False,-1.8308196067810059,489,False,-0.059281349182128906,-1.7157130241394043,-1.8048386573791504,-1.7837834358215332,-1.7681117057800293,0.0034265518188476562,-1.6622576713562012,489,False,0.10928058624267578,0,-1.3968596458435059,489,False,0.3746786117553711,0.2653980255126953,both_incorrect
508,508,2.2756800651550293,508,True,2.301146984100342,508,True,0.0254669189453125,2.297048568725586,2.3081612586975098,2.2913193702697754,2.2988430658976235,0.023163000742594253,2.3603644371032715,508,True,0.08468437194824219,2,2.4471826553344727,508,True,0.17150259017944336,0.08681821823120117,both_correct
509,509,-1.5375924110412598,582,False,-1.527144432067871,582,False,0.010447978973388672,-1.5453777313232422,-1.5576677322387695,-1.5340805053710938,-1.5457086563110352,-0.00811624526977539,-1.4559106826782227,582,False,0.08168172836303711,5,-1.2808399200439453,582,False,0.25675249099731445,0.17507076263427734,both_incorrect
510,510,0.020279407501220703,510,True,0.20293521881103516,510,True,0.18265581130981445,-0.002639293670654297,0.01796722412109375,0.01543426513671875,0.0102540651957194,-0.010025342305501303,0.20293521881103516,510,True,0.18265581130981445,7,0.6037616729736328,510,True,0.5834822654724121,0.40082645416259766,both_correct
511,511,2.9417619705200195,511,True,2.944244384765625,511,True,0.0024824142456054688,2.938002109527588,2.9663753509521484,2.9663476943969727,2.956908384958903,0.015146414438883316,2.9984302520751953,511,True,0.05666828155517578,6,3.125476360321045,511,True,0.1837143898010254,0.1270461082458496,both_correct
512,512,-0.6317720413208008,477,False,-0.4424600601196289,477,False,0.18931198120117188,-0.6731719970703125,-0.6697921752929688,-0.6956162452697754,-0.6795268058776855,-0.047754764556884766,-0.4424600601196289,477,False,0.18931198120117188,7,-0.20317840576171875,477,False,0.42859363555908203,0.23928165435791016,both_incorrect
513,513,-0.19291019439697266,558,False,-0.2544693946838379,558,False,-0.061559200286865234,-0.22610044479370117,-0.14891958236694336,-0.16582298278808594,-0.1802810033162435,0.012629191080729157,-0.08241605758666992,558,False,0.11049413681030273,6,0.28820371627807617,513,True,0.48111391067504883,0.3706197738647461,tokenwise_only
514,514,5.113372802734375,514,True,5.051365852355957,514,True,-0.06200695037841797,5.093567371368408,5.137851238250732,5.082311630249023,5.104576746622722,-0.00879605611165335,5.299818992614746,514,True,0.1864461898803711,5,5.474461555480957,514,True,0.36108875274658203,0.17464256286621094,both_correct
515,515,1.6212444305419922,515,True,1.5783710479736328,515,True,-0.042873382568359375,1.649404525756836,1.682023048400879,1.6878728866577148,1.6731001536051433,0.051855723063151116,1.7026739120483398,515,True,0.08142948150634766,1,1.9300785064697266,515,True,0.3088340759277344,0.22740459442138672,both_correct
516,516,-0.5476703643798828,431,False,-0.5146007537841797,431,False,0.033069610595703125,-0.5160627365112305,-0.5223588943481445,-0.5147662162780762,-0.5177292823791504,0.029941082000732422,-0.48092079162597656,431,False,0.06674957275390625,6,-0.29398298263549805,431,False,0.25368738174438477,0.18693780899047852,both_incorrect
517,517,2.8648910522460938,517,True,2.9165992736816406,517,True,0.051708221435546875,2.8285913467407227,2.818420886993408,2.8003931045532227,2.8158017794291177,-0.04908927281697606,2.944141387939453,517,True,0.07925033569335938,0,3.321901321411133,517,True,0.45701026916503906,0.3777599334716797,both_correct
518,518,2.6701412200927734,518,True,2.6837668418884277,518,True,0.013625621795654297,2.75997257232666,2.7851409912109375,2.7588891983032227,2.768000920613607,0.09785970052083348,2.929149627685547,518,True,0.25900840759277344,6,3.258333683013916,518,True,0.5881924629211426,0.32918405532836914,both_correct
519,519,-0.4202232360839844,478,False,-0.4385666847229004,478,False,-0.018343448638916016,-0.3919386863708496,-0.4427328109741211,-0.46915531158447266,-0.43460893630981445,-0.014385700225830078,-0.330841064453125,478,False,0.08938217163085938,0,-0.032172203063964844,478,False,0.38805103302001953,0.29866886138916016,both_incorrect
520,520,2.5009522438049316,520,True,2.543468475341797,520,True,0.042516231536865234,2.4949827194213867,2.461395263671875,2.446753978729248,2.4677106539408364,-0.0332415898640952,2.543468475341797,520,True,0.042516231536865234,7,2.714871883392334,520,True,0.21391963958740234,0.1714034080505371,both_correct
521,521,0.48634958267211914,521,True,0.44913387298583984,521,True,-0.0372157096862793,0.501439094543457,0.47713375091552734,0.4677724838256836,0.48211510976155597,-0.0042344729105631695,0.6773300170898438,521,True,0.1909804344177246,4,0.9157180786132812,521,True,0.4293684959411621,0.2383880615234375,both_correct
522,522,0.6764316558837891,522,True,0.6876583099365234,522,True,0.011226654052734375,0.6274127960205078,0.6119451522827148,0.6951632499694824,0.644840399424235,-0.03159125645955407,0.8093314170837402,522,True,0.13289976119995117,0,0.9505085945129395,522,True,0.2740769386291504,0.14117717742919922,both_correct
523,523,-2.849409818649292,843,False,-2.848048686981201,843,False,0.0013611316680908203,-2.871568441390991,-2.8725247383117676,-2.881897449493408,-2.8753302097320557,-0.025920391082763672,-2.7616758346557617,843,False,0.08773398399353027,2,-2.3702659606933594,843,False,0.4791438579559326,0.39140987396240234,both_incorrect
524,524,0.346376895904541,524,True,0.32369279861450195,524,True,-0.022684097290039062,0.3566131591796875,0.36594581604003906,0.35559797286987305,0.3593856493631999,0.013008753458658873,0.44577789306640625,524,True,0.09940099716186523,0,0.4806857109069824,524,True,0.1343088150024414,0.03490781784057617,both_correct
525,525,1.0286903381347656,525,True,0.9412517547607422,525,True,-0.08743858337402344,1.2317795753479004,1.176142692565918,1.0709500312805176,1.1596240997314453,0.1309337615966797,1.2507710456848145,525,True,0.22208070755004883,2,1.5824460983276367,525,True,0.5537557601928711,0.33167505264282227,both_correct
526,526,-0.4933958053588867,532,False,-0.3706822395324707,532,False,0.12271356582641602,-0.49819135665893555,-0.5170631408691406,-0.43688201904296875,-0.48404550552368164,0.009350299835205078,-0.2666654586791992,532,False,0.2267303466796875,2,0.09080982208251953,526,True,0.5842056274414062,0.35747528076171875,tokenwise_only
527,527,0.7160754203796387,527,True,0.6771988868713379,527,True,-0.03887653350830078,0.7060151100158691,0.7219986915588379,0.7147865295410156,0.7142667770385742,-0.0018086433410644531,0.7765393257141113,527,True,0.060463905334472656,3,0.8630375862121582,527,True,0.14696216583251953,0.08649826049804688,both_correct
528,528,1.2869973182678223,528,True,1.3211231231689453,528,True,0.03412580490112305,1.276115894317627,1.241948127746582,1.3391823768615723,1.285748799641927,-0.0012485186258952563,1.3825321197509766,528,True,0.0955348014831543,3,1.785433292388916,528,True,0.49843597412109375,0.40290117263793945,both_correct
529,529,-1.3163433074951172,982,False,-1.3527922630310059,982,False,-0.03644895553588867,-1.2173347473144531,-1.2495064735412598,-1.2733073234558105,-1.2467161814371746,0.06962712605794263,-0.9782981872558594,982,False,0.3380451202392578,1,-0.3994565010070801,982,False,0.9168868064880371,0.5788416862487793,both_incorrect
530,530,-3.275059700012207,781,False,-3.16689395904541,781,False,0.10816574096679688,-3.252425193786621,-3.25069522857666,-3.275567054748535,-3.2595624923706055,0.015497207641601562,-3.16689395904541,781,False,0.10816574096679688,7,-2.9895176887512207,781,False,0.28554201126098633,0.17737627029418945,both_incorrect
531,531,-8.66096019744873,608,False,-8.667156219482422,608,False,-0.006196022033691406,-8.71957015991211,-8.676661491394043,-8.694509506225586,-8.696913719177246,-0.035953521728515625,-8.592347145080566,608,False,0.06861305236816406,0,-8.18441104888916,608,False,0.4765491485595703,0.40793609619140625,both_incorrect
532,532,-1.5281386375427246,765,False,-1.471811294555664,765,False,0.05632734298706055,-1.5672802925109863,-1.4959850311279297,-1.5360298156738281,-1.5330983797709148,-0.004959742228190178,-1.3912816047668457,765,False,0.1368570327758789,0,-1.1057238578796387,765,False,0.42241477966308594,0.28555774688720703,both_incorrect
533,533,3.6766300201416016,533,True,3.597917079925537,533,True,-0.07871294021606445,3.6723384857177734,3.65974760055542,3.674001693725586,3.6686959266662598,-0.007934093475341797,3.8268375396728516,533,True,0.15020751953125,1,4.001815319061279,533,True,0.32518529891967773,0.17497777938842773,both_correct
534,534,5.087836265563965,534,True,5.058172225952148,534,True,-0.029664039611816406,5.114706039428711,5.156499862670898,5.171462059020996,5.147555987040202,0.059719721476237275,5.249655723571777,534,True,0.1618194580078125,4,5.457091808319092,534,True,0.36925554275512695,0.20743608474731445,both_correct
535,535,3.0934343338012695,535,True,2.999638080596924,535,True,-0.0937962532043457,3.083470344543457,3.0500845909118652,3.0285630226135254,3.0540393193562827,-0.03939501444498683,3.1806888580322266,535,True,0.08725452423095703,5,3.515941619873047,535,True,0.42250728607177734,0.3352527618408203,both_correct
536,536,-5.468724250793457,724,False,-5.47017240524292,724,False,-0.0014481544494628906,-5.450677871704102,-5.438632011413574,-5.443746089935303,-5.444351991017659,0.024372259775797822,-5.330735206604004,724,False,0.13798904418945312,1,-5.030438423156738,724,False,0.43828582763671875,0.3002967834472656,both_incorrect
537,537,0.8030714988708496,537,True,0.7630963325500488,537,True,-0.03997516632080078,0.8027348518371582,0.8548908233642578,0.835176944732666,0.830934206644694,0.027862707773844364,0.9604215621948242,537,True,0.1573500633239746,0,1.114743709564209,537,True,0.3116722106933594,0.15432214736938477,both_correct
538,538,2.143657684326172,538,True,2.213840961456299,538,True,0.07018327713012695,2.1243410110473633,2.1905975341796875,2.1723804473876953,2.1624396642049155,0.018781979878743638,2.213840961456299,538,True,0.07018327713012695,7,2.46614933013916,538,True,0.3224916458129883,0.25230836868286133,both_correct
539,539,-0.1891002655029297,714,False,-0.17656803131103516,714,False,0.012532234191894531,-0.29636287689208984,-0.28307676315307617,-0.30628204345703125,-0.2952405611673991,-0.10614029566446942,-0.0627593994140625,714,False,0.1263408660888672,4,0.030246257781982422,539,True,0.2193465232849121,0.09300565719604492,tokenwise_only
540,540,3.9608426094055176,540,True,3.9905338287353516,540,True,0.029691219329833984,3.987642288208008,3.9717726707458496,3.9620280265808105,3.973814328511556,0.01297171910603856,4.104249000549316,540,True,0.14340639114379883,5,4.279638290405273,540,True,0.31879568099975586,0.17538928985595703,both_correct
541,541,-4.59956169128418,830,False,-4.675442218780518,830,False,-0.07588052749633789,-4.688632011413574,-4.62409782409668,-4.631196975708008,-4.647975603739421,-0.04841391245524118,-4.424284934997559,830,False,0.1752767562866211,5,-4.122071266174316,830,False,0.4774904251098633,0.3022136688232422,both_incorrect
542,542,-0.9963436126708984,674,False,-0.8741493225097656,674,False,0.12219429016113281,-1.207590103149414,-0.9737591743469238,-0.9697160720825195,-1.0503551165262859,-0.054011503855387444,-0.8741493225097656,674,False,0.12219429016113281,7,-0.6840147972106934,767,False,0.3123288154602051,0.19013452529907227,both_incorrect
543,543,-0.3337688446044922,422,False,-0.3267483711242676,422,False,0.007020473480224609,-0.3754301071166992,-0.37831783294677734,-0.352414608001709,-0.36872084935506183,-0.03495200475056964,-0.27850818634033203,422,False,0.055260658264160156,6,-0.10009956359863281,422,False,0.23366928100585938,0.17840862274169922,both_incorrect
544,544,3.3656840324401855,544,True,3.3968143463134766,544,True,0.031130313873291016,3.341240406036377,3.3478264808654785,3.3791069984436035,3.35605796178182,-0.009626070658365737,3.4743528366088867,544,True,0.10866880416870117,5,3.735623836517334,544,True,0.36993980407714844,0.26127099990844727,both_correct
545,545,4.425886631011963,545,True,4.356115341186523,545,True,-0.06977128982543945,4.396421909332275,4.391293048858643,4.489016532897949,4.425577163696289,-0.0003094673156738281,4.504634857177734,545,True,0.07874822616577148,1,4.785289287567139,545,True,0.3594026565551758,0.2806544303894043,both_correct
546,546,4.176723957061768,546,True,4.224402904510498,546,True,0.04767894744873047,4.227795124053955,4.212927341461182,4.171560287475586,4.204094250996907,0.027370293935139678,4.301363468170166,546,True,0.12463951110839844,6,4.491133213043213,546,True,0.3144092559814453,0.18976974487304688,both_correct
547,547,3.370889186859131,547,True,3.300842761993408,547,True,-0.07004642486572266,3.4362688064575195,3.3623738288879395,3.3747639656066895,3.3911355336507163,0.020246346791585434,3.443878650665283,547,True,0.07298946380615234,3,3.660372734069824,547,True,0.28948354721069336,0.21649408340454102,both_correct
548,548,2.5552124977111816,548,True,2.577755928039551,548,True,0.02254343032836914,2.570671558380127,2.547316074371338,2.5375828742980957,2.551856835683187,-0.0033556620279946436,2.619347095489502,548,True,0.06413459777832031,0,2.752514362335205,548,True,0.19730186462402344,0.13316726684570312,both_correct
549,549,1.3528547286987305,549,True,1.3370966911315918,549,True,-0.015758037567138672,1.4182286262512207,1.332848072052002,1.3812999725341797,1.377458890279134,0.024604161580403572,1.4160633087158203,549,True,0.06320858001708984,4,1.775214672088623,549,True,0.4223599433898926,0.35915136337280273,both_correct
550,550,4.7473368644714355,550,True,4.693026542663574,550,True,-0.05431032180786133,4.74576473236084,4.778292179107666,4.788998126983643,4.771018346150716,0.023681481679280303,4.851867198944092,550,True,0.10453033447265625,2,5.1355085372924805,550,True,0.3881716728210449,0.28364133834838867,both_correct
551,551,-0.7850356101989746,629,False,-0.8091673851013184,629,False,-0.02413177490234375,-0.7512249946594238,-0.7389473915100098,-0.7737865447998047,-0.7546529769897461,0.030382633209228516,-0.724372386932373,631,False,0.06066322326660156,1,-0.5435781478881836,631,False,0.24145746231079102,0.18079423904418945,both_incorrect
552,552,2.8500757217407227,552,True,2.984463691711426,552,True,0.13438796997070312,2.793424606323242,2.683347702026367,2.809229850769043,2.7620007197062173,-0.08807500203450536,3.1462674140930176,552,True,0.2961916923522949,5,3.663114070892334,552,True,0.8130383491516113,0.5168466567993164,both_correct
553,553,-0.3926734924316406,453,False,-0.3531332015991211,453,False,0.03954029083251953,-0.3641033172607422,-0.35755109786987305,-0.3825078010559082,-0.3680540720621745,0.024619420369466127,-0.3043251037597656,453,False,0.088348388671875,0,0.07130765914916992,553,True,0.46398115158081055,0.37563276290893555,tokenwise_only
554,554,4.9908246994018555,554,True,4.963245391845703,554,True,-0.027579307556152344,5.079344749450684,5.0104875564575195,5.026788711547852,5.038873672485352,0.048048973083496094,5.1121015548706055,554,True,0.12127685546875,2,5.268409252166748,554,True,0.2775845527648926,0.15630769729614258,both_correct
555,555,4.2337470054626465,555,True,4.183527946472168,555,True,-0.050219058990478516,4.201033592224121,4.181403160095215,4.192197799682617,4.191544850667317,-0.04220215479532907,4.286487102508545,555,True,0.05274009704589844,4,4.722824573516846,555,True,0.4890775680541992,0.4363374710083008,both_correct
556,556,1.8295912742614746,556,True,1.6701927185058594,556,True,-0.15939855575561523,1.7965826988220215,1.720677375793457,1.8265247344970703,1.7812616030375164,-0.04832967122395826,1.9787287712097168,556,True,0.1491374969482422,0,2.387448787689209,556,True,0.5578575134277344,0.4087200164794922,both_correct
557,557,2.7062954902648926,557,True,2.735705852508545,557,True,0.029410362243652344,2.704272747039795,2.7555413246154785,2.70692777633667,2.722247282663981,0.015951792399088394,2.7531442642211914,557,True,0.04684877395629883,4,2.9023795127868652,557,True,0.19608402252197266,0.14923524856567383,both_correct
558,558,-2.6978206634521484,432,False,-2.527766227722168,432,False,0.17005443572998047,-2.690333843231201,-2.710723400115967,-2.662198066711426,-2.6877517700195312,0.010068893432617188,-2.527766227722168,432,False,0.17005443572998047,7,-2.2811641693115234,432,False,0.416656494140625,0.24660205841064453,both_incorrect
559,559,1.4324860572814941,559,True,1.2755217552185059,559,True,-0.15696430206298828,1.4032177925109863,1.4083824157714844,1.4100141525268555,1.4072047869364421,-0.02528127034505201,1.5870985984802246,559,True,0.15461254119873047,2,1.9807605743408203,559,True,0.5482745170593262,0.3936619758605957,both_correct
560,560,-3.157496690750122,557,False,-3.0880606174468994,645,False,0.06943607330322266,-3.178997755050659,-3.140876531600952,-3.2900543212890625,-3.2033095359802246,-0.04581284523010254,-2.9886443614959717,557,False,0.1688523292541504,2,-2.6081411838531494,557,False,0.5493555068969727,0.38050317764282227,both_incorrect
561,561,1.4543943405151367,561,True,1.395338535308838,561,True,-0.05905580520629883,1.4126977920532227,1.4105644226074219,1.4388823509216309,1.4207148551940918,-0.03367948532104492,1.5485315322875977,561,True,0.09413719177246094,5,1.990046501159668,561,True,0.5356521606445312,0.4415149688720703,both_correct
562,562,-0.08105230331420898,698,False,-0.07829570770263672,698,False,0.0027565956115722656,-0.0012593269348144531,0.005627632141113281,-0.04958963394165039,-0.015073776245117188,0.0659785270690918,0.06326627731323242,562,True,0.1443185806274414,1,0.4371309280395508,562,True,0.5181832313537598,0.37386465072631836,both_correct
563,563,-3.8331551551818848,774,False,-3.9438633918762207,774,False,-0.11070823669433594,-3.8259243965148926,-3.854670524597168,-3.8775792121887207,-3.8527247111002603,-0.019569555918375503,-3.4843802452087402,774,False,0.34877490997314453,6,-3.1061086654663086,774,False,0.7270464897155762,0.37827157974243164,both_incorrect
564,564,-0.5337014198303223,669,False,-0.5266485214233398,669,False,0.007052898406982422,-0.536231517791748,-0.49616384506225586,-0.5466251373291016,-0.5263401667277018,0.00736125310262048,-0.5007796287536621,669,False,0.032921791076660156,2,-0.2202129364013672,669,False,0.3134884834289551,0.2805666923522949,both_incorrect
565,565,4.795330047607422,565,True,4.810199737548828,565,True,0.01486968994140625,4.78050422668457,4.82722282409668,4.822683334350586,4.810136795043945,0.014806747436523438,4.9061737060546875,565,True,0.11084365844726562,5,5.113650321960449,565,True,0.31832027435302734,0.20747661590576172,both_correct
566,566,4.475388050079346,566,True,4.487239837646484,566,True,0.011851787567138672,4.5385332107543945,4.5061845779418945,4.516576766967773,4.5204315185546875,0.0450434684753418,4.613032341003418,566,True,0.13764429092407227,1,4.841090679168701,566,True,0.36570262908935547,0.2280583381652832,both_correct
567,567,-1.171422004699707,969,False,-1.10260009765625,969,False,0.06882190704345703,-1.16278076171875,-1.1837282180786133,-1.1281318664550781,-1.1582136154174805,0.013208389282226562,-1.0631184577941895,969,False,0.10830354690551758,2,-0.7400860786437988,969,False,0.4313359260559082,0.3230323791503906,both_incorrect
568,568,3.3736095428466797,568,True,3.2581262588500977,568,True,-0.11548328399658203,3.3808603286743164,3.380981922149658,3.441598415374756,3.40114688873291,0.02753734588623047,3.59983491897583,568,True,0.2262253761291504,1,3.7474560737609863,568,True,0.37384653091430664,0.14762115478515625,both_correct
569,569,4.526037216186523,569,True,4.514006614685059,569,True,-0.012030601501464844,4.519491195678711,4.5473246574401855,4.58664608001709,4.551153977711995,0.02511676152547171,4.63372802734375,569,True,0.10769081115722656,4,4.876265525817871,569,True,0.35022830963134766,0.2425374984741211,both_correct
570,570,2.027096748352051,570,True,2.043437957763672,570,True,0.016341209411621094,2.031909942626953,2.0030317306518555,2.0160112380981445,2.016984303792318,-0.010112444559732925,2.111492156982422,570,True,0.0843954086303711,0,2.352161407470703,570,True,0.32506465911865234,0.24066925048828125,both_correct
571,571,-1.885082721710205,848,False,-1.865159511566162,848,False,0.01992321014404297,-1.829479694366455,-1.8696298599243164,-1.9251346588134766,-1.8747480710347493,0.010334650675455803,-1.6414012908935547,848,False,0.2436814308166504,4,-1.1324982643127441,848,False,0.7525844573974609,0.5089030265808105,both_incorrect
572,572,-3.3140764236450195,966,False,-3.3594422340393066,966,False,-0.04536581039428711,-3.3049960136413574,-3.317605495452881,-3.3037467002868652,-3.3087827364603677,0.005293687184651841,-3.1528449058532715,966,False,0.16123151779174805,0,-3.010786533355713,966,False,0.30328989028930664,0.1420583724975586,both_incorrect
573,573,0.001399993896484375,573,True,-0.061408042907714844,575,False,-0.06280803680419922,0.09659004211425781,0.2198348045349121,0.0760350227355957,0.13081995646158853,0.12941996256510416,0.22446632385253906,573,True,0.2230663299560547,2,0.6077761650085449,573,True,0.6063761711120605,0.38330984115600586,both_correct
574,574,4.203160285949707,574,True,4.224559307098389,574,True,0.02139902114868164,4.1890153884887695,4.165476322174072,4.190938472747803,4.181810061136882,-0.021350224812825225,4.3460283279418945,574,True,0.1428680419921875,1,4.423648357391357,574,True,0.2204880714416504,0.07762002944946289,both_correct
575,575,6.698366165161133,575,True,6.670388221740723,575,True,-0.027977943420410156,6.723307132720947,6.67978572845459,6.678702354431152,6.6939317385355634,-0.004434426625569365,6.7482380867004395,575,True,0.04987192153930664,3,6.936193466186523,575,True,0.23782730102539062,0.18795537948608398,both_correct
576,576,5.814605236053467,576,True,5.769774436950684,576,True,-0.0448307991027832,5.789777755737305,5.824553489685059,5.755880832672119,5.790070692698161,-0.024534543355305694,5.866884708404541,576,True,0.05227947235107422,5,6.090847492218018,576,True,0.2762422561645508,0.22396278381347656,both_correct
577,577,0.9941167831420898,577,True,1.023000717163086,577,True,0.028883934020996094,0.9770298004150391,1.0048599243164062,0.9926619529724121,0.9915172259012858,-0.0025995572408040735,1.0326042175292969,577,True,0.03848743438720703,4,1.113408088684082,577,True,0.11929130554199219,0.08080387115478516,both_correct
578,578,2.2435145378112793,578,True,2.324233055114746,578,True,0.0807185173034668,2.304645538330078,2.2218546867370605,2.2252655029296875,2.250588575998942,0.007074038187662612,2.4370718002319336,578,True,0.1935572624206543,5,2.5091395378112793,578,True,0.265625,0.0720677375793457,both_correct
579,579,0.7995095252990723,579,True,0.8516049385070801,579,True,0.05209541320800781,0.812899112701416,0.8179278373718262,0.8142080307006836,0.8150116602579752,0.015502134958902958,0.8901562690734863,579,True,0.09064674377441406,0,1.009263515472412,579,True,0.20975399017333984,0.11910724639892578,both_correct
580,580,-0.7176284790039062,756,False,-0.7056269645690918,756,False,0.012001514434814453,-0.7657594680786133,-0.6869635581970215,-0.7773284912109375,-0.7433505058288574,-0.025722026824951172,-0.6326251029968262,756,False,0.08500337600708008,6,-0.34360694885253906,904,False,0.3740215301513672,0.2890181541442871,both_incorrect
581,581,1.7165918350219727,581,True,1.7352452278137207,581,True,0.018653392791748047,1.6989951133728027,1.7304186820983887,1.7052021026611328,1.7115386327107747,-0.005053202311197991,1.890932559967041,581,True,0.17434072494506836,4,2.3218231201171875,581,True,0.6052312850952148,0.4308905601501465,both_correct
582,582,0.41759300231933594,582,True,0.4817008972167969,582,True,0.06410789489746094,0.43394947052001953,0.47899293899536133,0.4307856559753418,0.4479093551635742,0.03031635284423828,0.5305352210998535,582,True,0.11294221878051758,0,0.7115592956542969,582,True,0.29396629333496094,0.18102407455444336,both_correct
583,583,5.319766521453857,583,True,5.282714366912842,583,True,-0.037052154541015625,5.295782566070557,5.272742748260498,5.214829444885254,5.261118253072103,-0.05864826838175485,5.405450344085693,583,True,0.08568382263183594,2,5.621832847595215,583,True,0.3020663261413574,0.21638250350952148,both_correct
584,584,-1.2506437301635742,582,False,-1.2993245124816895,582,False,-0.048680782318115234,-1.3920536041259766,-1.316946029663086,-1.3328566551208496,-1.3472854296366374,-0.09664169947306323,-1.196826457977295,582,False,0.0538172721862793,6,-0.6582245826721191,582,False,0.5924191474914551,0.5386018753051758,both_incorrect
585,585,-1.3598642349243164,551,False,-1.3854641914367676,551,False,-0.025599956512451172,-1.2972912788391113,-1.3502192497253418,-1.371737003326416,-1.3397491772969563,0.0201150576273601,-1.2070279121398926,551,False,0.15283632278442383,0,-0.8843669891357422,551,False,0.4754972457885742,0.3226609230041504,both_incorrect
586,586,4.205560207366943,586,True,4.1613688468933105,586,True,-0.04419136047363281,4.211442470550537,4.353054523468018,4.2828688621521,4.282455285390218,0.07689507802327444,4.473797798156738,586,True,0.2682375907897949,0,4.730889797210693,586,True,0.52532958984375,0.2570919990539551,both_correct
587,587,-0.5156660079956055,477,False,-0.4675154685974121,477,False,0.04815053939819336,-0.5101079940795898,-0.5268669128417969,-0.5218634605407715,-0.5196127891540527,-0.003946781158447266,-0.4620370864868164,477,False,0.05362892150878906,3,-0.1063694953918457,477,False,0.40929651260375977,0.3556675910949707,both_incorrect
588,588,2.7107744216918945,588,True,2.7188615798950195,588,True,0.008087158203125,2.6658787727355957,2.632988929748535,2.6714887619018555,2.656785488128662,-0.05398893356323242,2.7850184440612793,588,True,0.07424402236938477,6,2.936326503753662,588,True,0.22555208206176758,0.1513080596923828,both_correct
589,589,1.2210073471069336,589,True,1.225576400756836,589,True,0.004569053649902344,1.1814332008361816,1.2110352516174316,1.2213330268859863,1.2046004931132,-0.01640685399373365,1.252232551574707,589,True,0.031225204467773438,2,1.5085148811340332,589,True,0.2875075340270996,0.25628232955932617,both_correct
590,590,-1.281200885772705,810,False,-1.29876708984375,810,False,-0.017566204071044922,-1.3585000038146973,-1.348374843597412,-1.3425889015197754,-1.3498212496439617,-0.06862036387125658,-1.177839756011963,810,False,0.10336112976074219,4,-1.0123591423034668,810,False,0.2688417434692383,0.1654806137084961,both_incorrect
591,591,2.3768978118896484,591,True,2.525360584259033,591,True,0.14846277236938477,2.367433547973633,2.3785972595214844,2.403289794921875,2.3831068674723306,0.006209055582682144,2.525360584259033,591,True,0.14846277236938477,7,2.5773425102233887,591,True,0.20044469833374023,0.05198192596435547,both_correct
592,592,5.885364532470703,592,True,5.886178970336914,592,True,0.0008144378662109375,5.894146919250488,5.912125110626221,5.8967132568359375,5.900995095570882,0.01563056310017874,5.959552764892578,592,True,0.074188232421875,4,6.156036853790283,592,True,0.2706723213195801,0.19648408889770508,both_correct
593,593,6.397008419036865,593,True,6.416579246520996,593,True,0.01957082748413086,6.308856010437012,6.367668151855469,6.33512544631958,6.3372165362040205,-0.059791882832844756,6.52583646774292,593,True,0.1288280487060547,0,6.825767993927002,593,True,0.4287595748901367,0.29993152618408203,both_correct
594,594,5.403078079223633,594,True,5.429044246673584,594,True,0.025966167449951172,5.421762943267822,5.361688137054443,5.397085666656494,5.39351224899292,-0.00956583023071289,5.567134380340576,594,True,0.16405630111694336,3,5.826377868652344,594,True,0.42329978942871094,0.2592434883117676,both_correct
595,595,0.8612651824951172,595,True,0.8423504829406738,595,True,-0.01891469955444336,0.8630995750427246,0.8465142250061035,0.8598518371582031,0.8564885457356771,-0.004776636759440067,0.9037656784057617,595,True,0.04250049591064453,5,1.1072230339050293,595,True,0.2459578514099121,0.20345735549926758,both_correct
596,596,-0.7980389595031738,587,False,-0.7990660667419434,587,False,-0.0010271072387695312,-0.811070442199707,-0.801018238067627,-0.7935957908630371,-0.8018948237101237,-0.003855864206949833,-0.7444839477539062,587,False,0.05355501174926758,6,-0.5997509956359863,587,False,0.1982879638671875,0.14473295211791992,both_incorrect
597,597,-3.5288901329040527,752,False,-3.6529717445373535,752,False,-0.12408161163330078,-3.4136664867401123,-3.5921120643615723,-3.4357783794403076,-3.4805189768473306,0.04837115605672215,-3.2831921577453613,752,False,0.2456979751586914,3,-2.9251887798309326,752,False,0.6037013530731201,0.3580033779144287,both_incorrect
598,598,0.9804220199584961,598,True,1.0546083450317383,598,True,0.07418632507324219,1.0058374404907227,0.9935779571533203,0.9835977554321289,0.9943377176920573,0.013915697733561161,1.0546083450317383,598,True,0.07418632507324219,7,1.282623291015625,598,True,0.3022012710571289,0.22801494598388672,both_correct
599,599,4.7769775390625,599,True,4.661430358886719,599,True,-0.11554718017578125,4.783339500427246,4.797881126403809,4.795509338378906,4.792243321736653,0.01526578267415335,4.909431457519531,599,True,0.13245391845703125,3,5.013885498046875,599,True,0.236907958984375,0.10445404052734375,both_correct
600,600,0.5877699851989746,600,True,0.538266658782959,600,True,-0.049503326416015625,0.5074472427368164,0.5615649223327637,0.591221809387207,0.5534113248189291,-0.034358660380045536,0.5781388282775879,600,True,-0.009631156921386719,2,0.642059326171875,600,True,0.05428934097290039,0.06392049789428711,both_correct
601,601,0.3992128372192383,601,True,0.35146570205688477,601,True,-0.047747135162353516,0.3255453109741211,0.2572789192199707,0.326901912689209,0.3032420476277669,-0.09597078959147137,0.4384737014770508,601,True,0.0392608642578125,3,1.0211830139160156,601,True,0.6219701766967773,0.5827093124389648,both_correct
602,602,-1.7106013298034668,416,False,-1.737779140472412,416,False,-0.027177810668945312,-1.727482795715332,-1.744905948638916,-1.722208023071289,-1.7315322558085124,-0.020930926005045647,-1.6397299766540527,416,False,0.07087135314941406,0,-1.3667950630187988,416,False,0.34380626678466797,0.2729349136352539,both_incorrect
603,603,-0.2729372978210449,970,False,-0.28948450088500977,970,False,-0.016547203063964844,-0.2948756217956543,-0.2234783172607422,-0.1722426414489746,-0.23019886016845703,0.04273843765258789,-0.12686634063720703,970,False,0.1460709571838379,6,0.18284034729003906,603,True,0.455777645111084,0.3097066879272461,tokenwise_only
604,604,0.744840145111084,604,True,0.731879711151123,604,True,-0.012960433959960938,0.7479252815246582,0.6883487701416016,0.6153664588928223,0.6838801701863607,-0.06095997492472327,0.9219546318054199,604,True,0.17711448669433594,5,1.5307226181030273,604,True,0.7858824729919434,0.6087679862976074,both_correct
605,605,-6.5398783683776855,678,False,-6.397876739501953,678,False,0.14200162887573242,-6.60400390625,-6.618950366973877,-6.591306686401367,-6.604753653208415,-0.06487528483072946,-6.397876739501953,678,False,0.14200162887573242,7,-6.012846946716309,678,False,0.527031421661377,0.38502979278564453,both_incorrect
606,606,3.8662657737731934,606,True,3.8716559410095215,606,True,0.005390167236328125,3.8393445014953613,3.9481091499328613,3.8127732276916504,3.8667422930399575,0.0004765192667641749,3.863983154296875,606,True,-0.0022826194763183594,2,4.112068176269531,606,True,0.2458024024963379,0.24808502197265625,both_correct
607,607,5.150486946105957,607,True,5.1191511154174805,607,True,-0.03133583068847656,5.190099716186523,5.15113639831543,5.146400451660156,5.162545522054036,0.012058575948079131,5.244193077087402,607,True,0.09370613098144531,2,5.429502010345459,607,True,0.27901506423950195,0.18530893325805664,both_correct
608,608,-0.4099912643432617,502,False,-0.3185739517211914,502,False,0.09141731262207031,-0.38814353942871094,-0.5252895355224609,-0.415952205657959,-0.44312842686971027,-0.03313716252644855,-0.3185739517211914,502,False,0.09141731262207031,7,-0.016494274139404297,502,False,0.3934969902038574,0.3020796775817871,both_incorrect
609,609,1.2205443382263184,609,True,1.2753162384033203,609,True,0.05477190017700195,1.2062511444091797,1.1900839805603027,1.3547759056091309,1.2503703435262044,0.029826005299885994,1.3352789878845215,609,True,0.11473464965820312,6,1.8673858642578125,609,True,0.6468415260314941,0.532106876373291,both_correct
610,610,1.81744384765625,610,True,1.8533868789672852,610,True,0.035943031311035156,1.7989296913146973,1.8107719421386719,1.8111271858215332,1.8069429397583008,-0.010500907897949219,1.8638386726379395,610,True,0.04639482498168945,2,2.0268964767456055,610,True,0.20945262908935547,0.16305780410766602,both_correct
611,611,-0.39777183532714844,750,False,-0.2746763229370117,750,False,0.12309551239013672,-0.4670681953430176,-0.4372901916503906,-0.3991851806640625,-0.43451452255249023,-0.0367426872253418,-0.2829732894897461,750,False,0.11479854583740234,5,0.17165803909301758,611,True,0.569429874420166,0.45463132858276367,tokenwise_only
612,612,4.812770843505859,612,True,4.759061336517334,612,True,-0.05370950698852539,4.8196187019348145,4.810091495513916,4.820876598358154,4.816862265268962,0.00409142176310251,4.872592449188232,612,True,0.05982160568237305,5,5.122463226318359,612,True,0.3096923828125,0.24987077713012695,both_correct
613,613,3.56772518157959,613,True,3.6045265197753906,613,True,0.03680133819580078,3.5672264099121094,3.5297322273254395,3.571981430053711,3.5563133557637534,-0.01141182581583644,3.6045265197753906,613,True,0.03680133819580078,7,3.899629592895508,613,True,0.33190441131591797,0.2951030731201172,both_correct
614,614,-1.257502555847168,775,False,-1.2229690551757812,775,False,0.03453350067138672,-1.2641105651855469,-1.194493293762207,-1.2280845642089844,-1.228896141052246,0.028606414794921875,-0.970850944519043,775,False,0.286651611328125,2,-0.6406574249267578,775,False,0.6168451309204102,0.33019351959228516,both_incorrect
615,615,4.397744655609131,615,True,4.454074382781982,615,True,0.05632972717285156,4.409163475036621,4.430055141448975,4.435348987579346,4.424855868021647,0.027111212412516572,4.5748209953308105,615,True,0.1770763397216797,1,4.906242847442627,615,True,0.5084981918334961,0.3314218521118164,both_correct
616,616,4.872490406036377,616,True,4.806423664093018,616,True,-0.06606674194335938,4.897661209106445,4.909415245056152,4.894394874572754,4.900490442911784,0.028000036875407197,5.06885290145874,616,True,0.19636249542236328,4,5.1716227531433105,616,True,0.2991323471069336,0.10276985168457031,both_correct
617,617,-2.563425064086914,823,False,-2.6171035766601562,823,False,-0.05367851257324219,-2.5210776329040527,-2.4833054542541504,-2.520272731781006,-2.50821860631307,0.05520645777384425,-2.3691201210021973,823,False,0.1943049430847168,4,-2.113133430480957,823,False,0.45029163360595703,0.25598669052124023,both_incorrect
618,618,-1.569227695465088,587,False,-1.5927677154541016,587,False,-0.023540019989013672,-1.4719581604003906,-1.5217599868774414,-1.6350913047790527,-1.5429364840189617,0.026291211446126228,-1.481062889099121,587,False,0.0881648063659668,4,-1.0177078247070312,587,False,0.5515198707580566,0.46335506439208984,both_incorrect
619,619,-0.39879322052001953,846,False,-0.3906564712524414,846,False,0.008136749267578125,-0.3791627883911133,-0.3871173858642578,-0.3993701934814453,-0.3885501225789388,0.010243097941080748,-0.3547782897949219,846,False,0.044014930725097656,1,-0.2078571319580078,846,False,0.19093608856201172,0.14692115783691406,both_incorrect
620,620,-4.3317413330078125,219,False,-4.362579345703125,219,False,-0.0308380126953125,-4.320176124572754,-4.352775573730469,-4.3421549797058105,-4.338368892669678,-0.006627559661865234,-4.192612648010254,219,False,0.1391286849975586,3,-3.804509162902832,219,False,0.5272321701049805,0.3881034851074219,both_incorrect
621,621,1.1881628036499023,621,True,1.098823070526123,621,True,-0.0893397331237793,1.1824684143066406,1.109483242034912,1.1275172233581543,1.1398229598999023,-0.04833984375,1.2799482345581055,621,True,0.09178543090820312,4,1.384775161743164,621,True,0.19661235809326172,0.1048269271850586,both_correct
622,622,-2.868666648864746,714,False,-2.812685251235962,714,False,0.05598139762878418,-3.0037569999694824,-2.9616589546203613,-2.8844501972198486,-2.949955383936564,-0.08128873507181789,-2.721749782562256,714,False,0.14691686630249023,2,-2.4109442234039307,585,False,0.45772242546081543,0.3108055591583252,both_incorrect
623,623,-0.422060489654541,777,False,-0.3245234489440918,777,False,0.09753704071044922,-0.4106111526489258,-0.4330587387084961,-0.39035701751708984,-0.4113423029581706,0.010718186696370424,-0.31458187103271484,777,False,0.10747861862182617,1,-0.11651420593261719,777,False,0.30554628372192383,0.19806766510009766,both_incorrect
624,624,1.3101329803466797,624,True,1.2048144340515137,624,True,-0.10531854629516602,1.289663314819336,1.3425512313842773,1.393568992614746,1.3419278462727864,0.0317948659261067,1.5424346923828125,624,True,0.2323017120361328,3,2.1360201835632324,624,True,0.8258872032165527,0.5935854911804199,both_correct
625,625,6.423771858215332,625,True,6.4381327629089355,625,True,0.014360904693603516,6.422303199768066,6.454309940338135,6.452469348907471,6.443027496337891,0.019255638122558594,6.488511562347412,625,True,0.06473970413208008,4,6.696409225463867,625,True,0.27263736724853516,0.20789766311645508,both_correct
626,626,-2.509549140930176,777,False,-2.4146265983581543,777,False,0.09492254257202148,-2.5179829597473145,-2.523137092590332,-2.519155979156494,-2.520092010498047,-0.010542869567871094,-2.4146265983581543,777,False,0.09492254257202148,7,-1.8928136825561523,777,False,0.6167354583740234,0.521812915802002,both_incorrect
627,627,1.8091826438903809,627,True,1.6926703453063965,627,True,-0.11651229858398438,1.7957749366760254,1.762317180633545,1.8576674461364746,1.8052531878153484,-0.003929456075032478,1.9004631042480469,627,True,0.09128046035766602,1,2.5484323501586914,627,True,0.7392497062683105,0.6479692459106445,both_correct
628,628,5.539546966552734,628,True,5.516702651977539,628,True,-0.022844314575195312,5.533743381500244,5.538497447967529,5.53261661529541,5.534952481587728,-0.0045944849650068065,5.6344380378723145,628,True,0.09489107131958008,1,5.794663429260254,628,True,0.25511646270751953,0.16022539138793945,both_correct
629,629,1.1792941093444824,629,True,1.1998162269592285,629,True,0.020522117614746094,1.0210442543029785,1.1857495307922363,1.1032052040100098,1.1033329963684082,-0.07596111297607422,1.2024083137512207,629,True,0.02311420440673828,2,1.7135043144226074,629,True,0.534210205078125,0.5110960006713867,both_correct
630,630,2.3660717010498047,630,True,2.2625789642333984,630,True,-0.10349273681640625,2.354957103729248,2.3361382484436035,2.3473639488220215,2.3461531003316245,-0.01991860071818019,2.4432826042175293,630,True,0.07721090316772461,5,2.694305896759033,630,True,0.3282341957092285,0.2510232925415039,both_correct
631,631,-3.1933441162109375,459,False,-3.116528034210205,459,False,0.07681608200073242,-3.1401453018188477,-3.102385997772217,-3.158923625946045,-3.1338183085123696,0.059525807698567856,-3.056816577911377,459,False,0.13652753829956055,0,-2.6363449096679688,459,False,0.5569992065429688,0.4204716682434082,both_incorrect
632,632,1.790389060974121,632,True,1.6854400634765625,632,True,-0.1049489974975586,1.7784919738769531,1.7531538009643555,1.7941055297851562,1.7752504348754883,-0.015138626098632812,1.950063705444336,632,True,0.15967464447021484,3,2.1186442375183105,632,True,0.32825517654418945,0.1685805320739746,both_correct
633,633,-2.173119068145752,759,False,-2.140028476715088,759,False,0.03309059143066406,-2.192814826965332,-2.228907585144043,-2.2560062408447266,-2.2259095509847007,-0.052790482838948716,-2.140028476715088,759,False,0.03309059143066406,7,-1.7611231803894043,447,False,0.41199588775634766,0.3789052963256836,both_incorrect
634,634,2.750331401824951,634,True,2.7304654121398926,634,True,-0.019865989685058594,2.75531005859375,2.755760669708252,2.748521327972412,2.753197352091471,0.0028659502665200343,2.8944144248962402,634,True,0.14408302307128906,1,3.216966152191162,634,True,0.46663475036621094,0.3225517272949219,both_correct
635,635,2.155703544616699,635,True,2.069324493408203,635,True,-0.0863790512084961,2.170621395111084,2.192018985748291,2.223144054412842,2.1952614784240723,0.03955793380737305,2.326411247253418,635,True,0.17070770263671875,0,2.575294017791748,635,True,0.41959047317504883,0.24888277053833008,both_correct
636,636,0.09114837646484375,636,True,0.10677337646484375,636,True,0.015625,0.11892509460449219,0.07394695281982422,0.09902095794677734,0.09729766845703125,0.0061492919921875,0.16631221771240234,636,True,0.0751638412475586,4,0.2541170120239258,636,True,0.16296863555908203,0.08780479431152344,both_correct
637,637,3.1800856590270996,637,True,3.145359992980957,637,True,-0.03472566604614258,3.0946669578552246,3.101822853088379,3.090693950653076,3.0957279205322266,-0.08435773849487305,3.160836696624756,637,True,-0.01924896240234375,6,3.3744845390319824,637,True,0.1943988800048828,0.21364784240722656,both_correct
638,638,-1.2731132507324219,639,False,-1.259659767150879,639,False,0.013453483581542969,-1.2572755813598633,-1.2853765487670898,-1.269099235534668,-1.2705837885538738,0.002529462178548103,-1.2328681945800781,639,False,0.04024505615234375,2,-1.0904827117919922,639,False,0.1826305389404297,0.14238548278808594,both_incorrect
639,639,1.4747180938720703,639,True,1.4612512588500977,639,True,-0.013466835021972656,1.4824247360229492,1.4726676940917969,1.4562406539916992,1.4704443613688152,-0.004273732503255134,1.4966497421264648,639,True,0.02193164825439453,6,1.6035547256469727,639,True,0.12883663177490234,0.10690498352050781,both_correct
640,640,0.869903564453125,640,True,0.8649563789367676,640,True,-0.004947185516357422,0.8369321823120117,0.8185162544250488,0.8468961715698242,0.8341148694356283,-0.03578869501749671,1.0343470573425293,640,True,0.1644434928894043,2,1.2590012550354004,640,True,0.3890976905822754,0.2246541976928711,both_correct
641,641,3.9381027221679688,641,True,4.060635089874268,641,True,0.12253236770629883,3.930417537689209,3.935068130493164,3.940688133239746,3.9353912671407065,-0.0027114550272622218,4.060635089874268,641,True,0.12253236770629883,7,4.252679824829102,641,True,0.3145771026611328,0.19204473495483398,both_correct
642,642,5.061703681945801,642,True,5.04689359664917,642,True,-0.01481008529663086,5.066617488861084,5.068028926849365,5.054954528808594,5.063200314839681,0.0014966328938799123,5.123449325561523,642,True,0.061745643615722656,4,5.424212455749512,642,True,0.36250877380371094,0.3007631301879883,both_correct
643,643,-2.8209879398345947,840,False,-2.8998491764068604,840,False,-0.07886123657226562,-2.853679895401001,-2.8682358264923096,-2.893383741378784,-2.8717664877573648,-0.050778547922770034,-2.711578130722046,840,False,0.10940980911254883,0,-2.250877857208252,228,False,0.5701100826263428,0.46070027351379395,both_incorrect
644,644,4.305565357208252,644,True,4.388031482696533,644,True,0.08246612548828125,4.325586795806885,4.294518947601318,4.346458911895752,4.322188218434651,0.016622861226399444,4.419384002685547,644,True,0.11381864547729492,5,4.525632381439209,644,True,0.22006702423095703,0.10624837875366211,both_correct
645,645,-1.519162654876709,879,False,-1.6249194145202637,879,False,-0.10575675964355469,-1.5822091102600098,-1.5884175300598145,-1.5574336051940918,-1.576020081837972,-0.05685742696126295,-1.334805965423584,879,False,0.184356689453125,0,-1.0064730644226074,879,False,0.5126895904541016,0.32833290100097656,both_incorrect
646,646,5.56931209564209,646,True,5.601806640625,646,True,0.032494544982910156,5.590996742248535,5.550919532775879,5.528936386108398,5.5569508870442705,-0.012361208597819306,5.6753973960876465,646,True,0.10608530044555664,5,5.7800092697143555,646,True,0.21069717407226562,0.10461187362670898,both_correct
647,647,-4.591832160949707,969,False,-4.592411041259766,969,False,-0.0005788803100585938,-4.553027153015137,-4.589266777038574,-4.510631561279297,-4.550975163777669,0.040856997172038056,-4.45822811126709,969,False,0.1336040496826172,6,-4.13812255859375,927,False,0.45370960235595703,0.32010555267333984,both_incorrect
648,648,-3.718242645263672,894,False,-3.8822269439697266,894,False,-0.1639842987060547,-3.7420501708984375,-3.74118709564209,-3.716648578643799,-3.733295281728109,-0.015052636464436997,-3.6326632499694824,894,False,0.08557939529418945,2,-3.480241298675537,894,False,0.23800134658813477,0.1524219512939453,both_incorrect
649,649,5.634268760681152,649,True,5.49851131439209,649,True,-0.1357574462890625,5.627310752868652,5.639116287231445,5.622990608215332,5.62980588277181,-0.004462877909342744,5.7169599533081055,649,True,0.08269119262695312,1,5.808683395385742,649,True,0.17441463470458984,0.09172344207763672,both_correct
650,650,-4.172626495361328,740,False,-4.10244607925415,740,False,0.07018041610717773,-4.246034622192383,-4.225478172302246,-4.1306257247924805,-4.20071283976237,-0.028086344401041963,-4.063924789428711,740,False,0.10870170593261719,2,-3.5970118045806885,740,False,0.5756146907806396,0.46691298484802246,both_incorrect
651,651,2.666505813598633,651,True,2.6686601638793945,651,True,0.0021543502807617188,2.682676315307617,2.632382392883301,2.6677584648132324,2.6609390576680503,-0.005566755930582534,2.7161612510681152,651,True,0.04965543746948242,4,2.9890666007995605,651,True,0.32256078720092773,0.2729053497314453,both_correct
652,652,-7.841700077056885,860,False,-7.864389896392822,860,False,-0.0226898193359375,-7.852247714996338,-7.772552013397217,-7.8391618728637695,-7.821320533752441,0.02037954330444336,-7.615416526794434,860,False,0.22628355026245117,2,-7.185799598693848,860,False,0.6559004783630371,0.42961692810058594,both_incorrect
653,653,-6.929253101348877,493,False,-6.857458591461182,493,False,0.07179450988769531,-6.910803318023682,-6.960936546325684,-6.9280314445495605,-6.933257102966309,-0.004004001617431641,-6.857458591461182,493,False,0.07179450988769531,7,-6.6741533279418945,493,False,0.2550997734069824,0.1833052635192871,both_incorrect
654,654,2.473051071166992,654,True,2.487668037414551,654,True,0.014616966247558594,2.436119556427002,2.473904609680176,2.4327573776245117,2.447593847910563,-0.025457223256429184,2.5920772552490234,654,True,0.11902618408203125,6,2.881744861602783,654,True,0.408693790435791,0.28966760635375977,both_correct
655,655,0.5658769607543945,655,True,0.6077122688293457,655,True,0.04183530807495117,0.45653200149536133,0.5507659912109375,0.5550374984741211,0.52077849706014,-0.04509846369425452,0.741546630859375,655,True,0.17566967010498047,2,1.3977203369140625,655,True,0.831843376159668,0.6561737060546875,both_correct
656,656,1.2447171211242676,656,True,1.3436856269836426,656,True,0.098968505859375,1.2745065689086914,1.2652649879455566,1.2631478309631348,1.2676397959391277,0.0229226748148601,1.362520694732666,656,True,0.11780357360839844,0,1.693591594696045,656,True,0.44887447357177734,0.3310708999633789,both_correct
657,657,-0.44050168991088867,744,False,-0.43218564987182617,744,False,0.0083160400390625,-0.45537424087524414,-0.4528183937072754,-0.45268917083740234,-0.4536272684733073,-0.013125578562418638,-0.43218564987182617,744,False,0.0083160400390625,7,-0.36818981170654297,744,False,0.0723118782043457,0.0639958381652832,both_incorrect
658,658,2.3461785316467285,658,True,2.410208225250244,658,True,0.06402969360351562,2.369349956512451,2.339249610900879,2.329383373260498,2.345994313557943,-0.00018421808878565926,2.429654121398926,658,True,0.08347558975219727,0,2.587667942047119,658,True,0.24148941040039062,0.15801382064819336,both_correct
659,659,2.1228017807006836,659,True,2.255049228668213,659,True,0.1322474479675293,2.0826973915100098,2.1378798484802246,2.088624954223633,2.103067398071289,-0.01973438262939453,2.255049228668213,659,True,0.1322474479675293,7,2.4587159156799316,659,True,0.33591413497924805,0.20366668701171875,both_correct
660,660,-3.3836865425109863,839,False,-3.3952202796936035,839,False,-0.011533737182617188,-3.3737988471984863,-3.4090237617492676,-3.417722702026367,-3.400181770324707,-0.016495227813720703,-3.269486904144287,839,False,0.11419963836669922,4,-3.0118250846862793,867,False,0.37186145782470703,0.2576618194580078,both_incorrect
661,661,3.6363110542297363,661,True,3.614941120147705,661,True,-0.02136993408203125,3.6953797340393066,3.68880033493042,3.660682201385498,3.6816207567850747,0.045309702555338394,3.7130942344665527,661,True,0.0767831802368164,2,4.072535037994385,661,True,0.43622398376464844,0.35944080352783203,both_correct
662,662,-2.0926713943481445,859,False,-2.167501449584961,859,False,-0.0748300552368164,-2.061026096343994,-2.0120787620544434,-2.145702362060547,-2.0729357401529946,0.019735654195149888,-1.7419781684875488,859,False,0.3506932258605957,0,-1.4396295547485352,745,False,0.6530418395996094,0.30234861373901367,both_incorrect
663,663,1.5450387001037598,663,True,1.5265631675720215,663,True,-0.01847553253173828,1.4396038055419922,1.5008015632629395,1.427781581878662,1.4560623168945312,-0.08897638320922852,1.6161389350891113,663,True,0.07110023498535156,6,2.2252049446105957,663,True,0.6801662445068359,0.6090660095214844,both_correct
664,664,-3.3503451347351074,598,False,-3.1670632362365723,598,False,0.18328189849853516,-3.2827134132385254,-3.234872341156006,-3.2403788566589355,-3.2526548703511557,0.09769026438395167,-3.0871682167053223,598,False,0.26317691802978516,2,-2.8494057655334473,598,False,0.5009393692016602,0.237762451171875,both_incorrect
665,665,0.1562180519104004,665,True,0.19004058837890625,665,True,0.03382253646850586,0.21737432479858398,0.20549869537353516,0.1980118751525879,0.20696163177490234,0.05074357986450195,0.35132360458374023,665,True,0.19510555267333984,3,0.8734712600708008,665,True,0.7172532081604004,0.5221476554870605,both_correct
666,666,-0.7005486488342285,708,False,-0.6741642951965332,708,False,0.026384353637695312,-0.6808977127075195,-0.6830606460571289,-0.7275772094726562,-0.6971785227457682,0.0033701260884603235,-0.4976673126220703,708,False,0.2028813362121582,4,-0.24737024307250977,708,False,0.45317840576171875,0.25029706954956055,both_incorrect
667,667,-0.724668025970459,400,False,-0.7250323295593262,400,False,-0.0003643035888671875,-0.7429852485656738,-0.7542662620544434,-0.7341403961181641,-0.7437973022460938,-0.019129276275634766,-0.6828079223632812,400,False,0.041860103607177734,0,-0.5676259994506836,400,False,0.1570420265197754,0.11518192291259766,both_incorrect
668,668,4.9961323738098145,668,True,4.9835381507873535,668,True,-0.012594223022460938,4.960284233093262,4.913698196411133,4.979867935180664,4.9512834548950195,-0.04484891891479492,5.032537937164307,668,True,0.03640556335449219,1,5.249538898468018,668,True,0.2534065246582031,0.21700096130371094,both_correct
669,669,-3.163588047027588,431,False,-3.0795040130615234,431,False,0.08408403396606445,-3.146942138671875,-3.2011380195617676,-3.1960744857788086,-3.181384881337484,-0.01779683430989598,-3.0795040130615234,431,False,0.08408403396606445,7,-2.829035758972168,601,False,0.3345522880554199,0.25046825408935547,both_incorrect
670,670,-2.929378032684326,450,False,-2.7801060676574707,450,False,0.14927196502685547,-2.917295455932617,-2.933060646057129,-3.015326499938965,-2.955227533976237,-0.02584950129191066,-2.7801060676574707,450,False,0.14927196502685547,7,-1.8012323379516602,450,False,1.128145694732666,0.9788737297058105,both_incorrect
671,671,1.84718656539917,671,True,1.8785395622253418,671,True,0.031352996826171875,1.710120677947998,1.8345928192138672,1.8423810005187988,1.7956981658935547,-0.051488399505615234,2.017533779144287,671,True,0.1703472137451172,0,2.244753360748291,671,True,0.3975667953491211,0.2272195816040039,both_correct
672,672,-1.3741192817687988,417,False,-1.454453945159912,417,False,-0.08033466339111328,-1.3639001846313477,-1.3544201850891113,-1.3702149391174316,-1.3628451029459636,0.011274178822835212,-1.2407493591308594,417,False,0.13336992263793945,5,-0.8316268920898438,417,False,0.5424923896789551,0.4091224670410156,both_incorrect
673,673,-4.519620895385742,261,False,-4.432033538818359,261,False,0.08758735656738281,-4.580467224121094,-4.472561359405518,-4.398955821990967,-4.483994801839192,0.035626093546549775,-4.245278835296631,261,False,0.27434206008911133,1,-3.9484596252441406,261,False,0.5711612701416016,0.29681921005249023,both_incorrect
674,674,6.287552833557129,674,True,6.2755255699157715,674,True,-0.012027263641357422,6.295216083526611,6.313085556030273,6.300782203674316,6.303027947743733,0.015475114186604522,6.397640705108643,674,True,0.11008787155151367,3,6.74594259262085,674,True,0.4583897590637207,0.34830188751220703,both_correct
675,675,0.3849024772644043,675,True,0.3450613021850586,675,True,-0.0398411750793457,0.4271059036254883,0.4208507537841797,0.4195570945739746,0.42250458399454754,0.03760210673014325,0.4819169044494629,675,True,0.0970144271850586,6,0.8704237937927246,675,True,0.4855213165283203,0.3885068893432617,both_correct
676,676,5.486556053161621,676,True,5.55364465713501,676,True,0.06708860397338867,5.48943567276001,5.4786248207092285,5.489009380340576,5.4856899579366045,-0.0008660952250165721,5.600636959075928,676,True,0.11408090591430664,6,5.880523204803467,676,True,0.3939671516418457,0.27988624572753906,both_correct
677,677,-0.28900814056396484,494,False,-0.27470827102661133,494,False,0.014299869537353516,-0.30090808868408203,-0.2899012565612793,-0.32026195526123047,-0.30369043350219727,-0.014682292938232422,-0.27470827102661133,494,False,0.014299869537353516,7,0.13143301010131836,677,True,0.4204411506652832,0.4061412811279297,tokenwise_only
678,678,3.818230152130127,678,True,3.8894104957580566,678,True,0.07118034362792969,3.7848310470581055,3.833894729614258,3.8566722869873047,3.825132687886556,0.0069025357564291845,3.972353458404541,678,True,0.15412330627441406,6,4.069514751434326,678,True,0.2512845993041992,0.09716129302978516,both_correct
679,679,1.0937681198120117,679,True,1.0395689010620117,679,True,-0.05419921875,1.0636787414550781,1.0942697525024414,1.0837316513061523,1.0805600484212239,-0.013208071390787834,1.2836103439331055,679,True,0.18984222412109375,0,1.4851045608520508,679,True,0.39133644104003906,0.2014942169189453,both_correct
680,680,-1.039198398590088,515,False,-0.9506535530090332,515,False,0.08854484558105469,-0.9404807090759277,-0.9748625755310059,-1.0174503326416016,-0.9775978724161783,0.06160052617390954,-0.873011589050293,515,False,0.16618680953979492,3,-0.6606183052062988,515,False,0.37858009338378906,0.21239328384399414,both_incorrect
681,681,0.9763522148132324,681,True,0.9479999542236328,681,True,-0.02835226058959961,0.9915761947631836,0.9811015129089355,0.9855656623840332,0.9860811233520508,0.00972890853881836,1.0405364036560059,681,True,0.06418418884277344,6,1.1104841232299805,681,True,0.13413190841674805,0.06994771957397461,both_correct
682,682,4.061534404754639,682,True,4.068758964538574,682,True,0.007224559783935547,4.084164142608643,4.03739595413208,4.070466995239258,4.064009030659993,0.0024746259053545216,4.077821731567383,682,True,0.01628732681274414,6,4.208498954772949,682,True,0.14696455001831055,0.1306772232055664,both_correct
683,683,-5.924083709716797,558,False,-5.851280689239502,558,False,0.07280302047729492,-5.917755126953125,-5.968782424926758,-5.963187217712402,-5.949908256530762,-0.025824546813964844,-5.851280689239502,558,False,0.07280302047729492,7,-5.722806930541992,558,False,0.2012767791748047,0.12847375869750977,both_incorrect
684,684,4.584964275360107,684,True,4.525939464569092,684,True,-0.059024810791015625,4.616584300994873,4.624098777770996,4.5829596519470215,4.60788091023763,0.02291663487752249,4.700974941253662,684,True,0.11601066589355469,1,4.928612232208252,684,True,0.34364795684814453,0.22763729095458984,both_correct
685,685,6.250571250915527,685,True,6.212370872497559,685,True,-0.03820037841796875,6.242470741271973,6.223968505859375,6.255764007568359,6.240734418233235,-0.009836832682291963,6.33432674407959,685,True,0.0837554931640625,1,6.463493347167969,685,True,0.2129220962524414,0.1291666030883789,both_correct
686,686,-0.41021251678466797,544,False,-0.5947842597961426,544,False,-0.1845717430114746,-0.5378236770629883,-0.5214853286743164,-0.4822812080383301,-0.5138634045918783,-0.10365088780721032,-0.2920417785644531,544,False,0.11817073822021484,0,0.06216144561767578,686,True,0.47237396240234375,0.3542032241821289,tokenwise_only
687,687,3.2875452041625977,687,True,3.280762195587158,687,True,-0.006783008575439453,3.26120662689209,3.3267569541931152,3.248055934906006,3.2786731719970703,-0.008872032165527344,3.3407397270202637,687,True,0.053194522857666016,2,3.5983500480651855,687,True,0.3108048439025879,0.2576103210449219,both_correct
688,688,3.605327606201172,688,True,3.5126590728759766,688,True,-0.09266853332519531,3.607872486114502,3.6078739166259766,3.582059383392334,3.599268595377604,-0.006059010823567856,3.7492523193359375,688,True,0.14392471313476562,1,4.067554473876953,688,True,0.46222686767578125,0.3183021545410156,both_correct
689,689,1.0723271369934082,689,True,1.0553603172302246,689,True,-0.016966819763183594,1.1028494834899902,1.069173812866211,1.079862117767334,1.083961804707845,0.011634667714436775,1.1223344802856445,689,True,0.05000734329223633,4,1.256840705871582,689,True,0.18451356887817383,0.1345062255859375,both_correct
690,690,-1.252671718597412,586,False,-1.2874011993408203,586,False,-0.0347294807434082,-1.28898286819458,-1.252894401550293,-1.2443318367004395,-1.2620697021484375,-0.00939798355102539,-1.0151042938232422,586,False,0.23756742477416992,1,-0.5613512992858887,856,False,0.6913204193115234,0.4537529945373535,both_incorrect
691,691,3.9192166328430176,691,True,3.871616840362549,691,True,-0.04759979248046875,3.9002928733825684,3.9486594200134277,3.912540912628174,3.92049773534139,0.0012811024983725439,4.02736234664917,691,True,0.10814571380615234,6,4.272497177124023,691,True,0.35328054428100586,0.24513483047485352,both_correct
692,692,1.780013084411621,692,True,1.703078269958496,692,True,-0.076934814453125,1.7941064834594727,1.7510952949523926,1.733473777770996,1.7595585187276204,-0.020454565684000725,1.908310890197754,692,True,0.1282978057861328,0,2.125119209289551,692,True,0.3451061248779297,0.21680831909179688,both_correct
693,693,-1.1781845092773438,472,False,-1.2387847900390625,472,False,-0.06060028076171875,-1.1768484115600586,-1.1716117858886719,-1.1744804382324219,-1.1743135452270508,0.0038709640502929688,-1.1129388809204102,472,False,0.0652456283569336,3,-1.0022926330566406,472,False,0.17589187622070312,0.11064624786376953,both_incorrect
694,694,-0.21466064453125,525,False,-0.23873567581176758,525,False,-0.024075031280517578,-0.2273883819580078,-0.26662158966064453,-0.2927112579345703,-0.2622404098510742,-0.04757976531982422,-0.20646095275878906,525,False,0.008199691772460938,0,0.2631034851074219,694,True,0.4777641296386719,0.46956443786621094,tokenwise_only
695,695,0.4273819923400879,695,True,0.2868614196777344,695,True,-0.14052057266235352,0.42059326171875,0.4629206657409668,0.4644169807434082,0.449310302734375,0.02192831039428711,0.6615629196166992,695,True,0.23418092727661133,3,0.8341670036315918,695,True,0.4067850112915039,0.17260408401489258,both_correct
696,696,-0.8831086158752441,749,False,-0.8858609199523926,749,False,-0.0027523040771484375,-0.8391485214233398,-0.9520969390869141,-0.8934588432312012,-0.894901434580485,-0.011792818705240848,-0.7245182991027832,749,False,0.15859031677246094,5,-0.45063018798828125,749,False,0.4324784278869629,0.27388811111450195,both_incorrect
697,697,3.2637839317321777,697,True,3.281803607940674,697,True,0.018019676208496094,3.192002773284912,3.2289180755615234,3.247678756713867,3.2228665351867676,-0.040917396545410156,3.423407554626465,697,True,0.1596236228942871,0,3.62623929977417,697,True,0.3624553680419922,0.20283174514770508,both_correct
698,698,3.558520793914795,698,True,3.509876251220703,698,True,-0.0486445426940918,3.6292724609375,3.584779739379883,3.613661766052246,3.6092379887898765,0.05071719487508153,3.7420482635498047,698,True,0.18352746963500977,3,4.041322708129883,698,True,0.4828019142150879,0.2992744445800781,both_correct
699,699,4.698222637176514,699,True,4.566691875457764,699,True,-0.13153076171875,4.6610541343688965,4.663968563079834,4.678457260131836,4.6678266525268555,-0.030395984649658203,4.738534450531006,699,True,0.04031181335449219,1,4.892096996307373,699,True,0.19387435913085938,0.1535625457763672,both_correct
700,700,0.0964822769165039,700,True,-0.011827468872070312,709,False,-0.10830974578857422,0.1231069564819336,0.14006423950195312,0.2128458023071289,0.15867233276367188,0.06219005584716797,0.33063650131225586,700,True,0.23415422439575195,1,0.5697436332702637,700,True,0.47326135635375977,0.2391071319580078,both_correct
701,701,4.663809776306152,701,True,4.66555643081665,701,True,0.0017466545104980469,4.6934990882873535,4.668243885040283,4.671693801879883,4.677812258402507,0.014002482096354463,4.741788387298584,701,True,0.07797861099243164,5,4.847180366516113,701,True,0.18337059020996094,0.1053919792175293,both_correct
702,702,0.22607946395874023,702,True,0.2477273941040039,702,True,0.021647930145263672,0.2672080993652344,0.2300100326538086,0.2383427619934082,0.24518696467081705,0.019107500712076814,0.24679946899414062,702,True,0.02072000503540039,4,0.45949840545654297,702,True,0.23341894149780273,0.21269893646240234,both_correct
703,703,2.2634782791137695,703,True,2.4397597312927246,703,True,0.17628145217895508,2.288693428039551,2.2656164169311523,2.2491793632507324,2.267829736073812,0.004351456960042466,2.4397597312927246,703,True,0.17628145217895508,7,2.644198417663574,703,True,0.3807201385498047,0.2044386863708496,both_correct
704,704,0.005830287933349609,704,True,0.12464094161987305,704,True,0.11881065368652344,0.05345487594604492,0.010996818542480469,-0.07036018371582031,-0.001969496409098307,-0.007799784342447916,0.38956594467163086,704,True,0.38373565673828125,4,1.0737719535827637,704,True,1.067941665649414,0.6842060089111328,both_correct
705,705,1.5989346504211426,705,True,1.5835514068603516,705,True,-0.015383243560791016,1.533890724182129,1.603713035583496,1.600052833557129,1.579218864440918,-0.01971578598022461,1.6947498321533203,705,True,0.09581518173217773,2,1.9542150497436523,705,True,0.35528039932250977,0.25946521759033203,both_correct
706,706,1.4180655479431152,706,True,1.445213794708252,706,True,0.02714824676513672,1.4533090591430664,1.476339340209961,1.443410873413086,1.457686424255371,0.03962087631225586,1.51332426071167,706,True,0.09525871276855469,0,1.8405499458312988,706,True,0.4224843978881836,0.3272256851196289,both_correct
707,707,0.9621357917785645,707,True,0.9709568023681641,707,True,0.00882101058959961,0.9589591026306152,0.9654245376586914,0.9460368156433105,0.9568068186442057,-0.005328973134358761,0.9976973533630371,707,True,0.035561561584472656,1,1.432565689086914,707,True,0.4704298973083496,0.43486833572387695,both_correct
708,708,0.7900533676147461,708,True,0.7512578964233398,708,True,-0.03879547119140625,0.8747344017028809,0.9134507179260254,0.796055793762207,0.8614136377970377,0.07136027018229163,0.9415693283081055,708,True,0.15151596069335938,2,1.1270027160644531,708,True,0.33694934844970703,0.18543338775634766,both_correct
709,709,-2.2998995780944824,529,False,-2.3347840309143066,529,False,-0.03488445281982422,-2.2992005348205566,-2.3132753372192383,-2.30338716506958,-2.3052876790364585,-0.0053881009419760595,-2.2016077041625977,529,False,0.09829187393188477,4,-1.9137272834777832,529,False,0.3861722946166992,0.28788042068481445,both_incorrect
710,710,-1.5166826248168945,412,False,-1.5283088684082031,412,False,-0.011626243591308594,-1.5796117782592773,-1.5868949890136719,-1.6103253364562988,-1.5922773679097493,-0.07559474309285474,-1.435018539428711,412,False,0.0816640853881836,6,-0.8824577331542969,412,False,0.6342248916625977,0.5525608062744141,both_incorrect
711,711,-0.5291957855224609,551,False,-0.6370248794555664,551,False,-0.10782909393310547,-0.513157844543457,-0.5199270248413086,-0.5400934219360352,-0.5243927637736002,0.004803021748860714,-0.3789358139038086,551,False,0.15025997161865234,4,-0.03367137908935547,551,False,0.49552440643310547,0.3452644348144531,both_incorrect
712,712,-0.16283464431762695,441,False,0.049054622650146484,712,True,0.21188926696777344,-0.14873886108398438,-0.14807701110839844,-0.18815183639526367,-0.16165590286254883,0.001178741455078125,0.049054622650146484,712,True,0.21188926696777344,7,0.41750001907348633,712,True,0.5803346633911133,0.36844539642333984,both_correct
713,713,3.3844056129455566,713,True,3.420713424682617,713,True,0.03630781173706055,3.3834657669067383,3.421799659729004,3.4052271842956543,3.4034975369771323,0.01909192403157567,3.52762508392334,713,True,0.1432194709777832,0,3.601344108581543,713,True,0.21693849563598633,0.07371902465820312,both_correct
714,714,2.165713310241699,714,True,2.1365175247192383,714,True,-0.029195785522460938,2.121614456176758,2.131293296813965,2.131509780883789,2.1281391779581704,-0.037574132283528794,2.210477828979492,714,True,0.04476451873779297,6,2.453598976135254,714,True,0.2878856658935547,0.24312114715576172,both_correct
715,715,-5.189570426940918,428,False,-5.165569305419922,428,False,0.024001121520996094,-5.234918117523193,-5.2044677734375,-5.233409404754639,-5.224265098571777,-0.034694671630859375,-5.136970043182373,428,False,0.05260038375854492,5,-4.794785022735596,428,False,0.39478540420532227,0.34218502044677734,both_incorrect
716,716,1.2196688652038574,716,True,1.189126968383789,716,True,-0.03054189682006836,1.1740646362304688,1.2305641174316406,1.1814165115356445,1.1953484217325847,-0.024320443471272712,1.275853157043457,716,True,0.05618429183959961,5,1.4110350608825684,716,True,0.19136619567871094,0.13518190383911133,both_correct
717,717,-0.020467758178710938,436,False,0.004427909851074219,717,True,0.024895668029785156,-0.03045177459716797,-0.06821632385253906,-0.010667800903320312,-0.036445299784342446,-0.015977541605631508,0.032108306884765625,717,True,0.05257606506347656,3,0.35215282440185547,717,True,0.3726205825805664,0.32004451751708984,both_correct
718,718,-1.249135971069336,839,False,-1.235774040222168,839,False,0.013361930847167969,-1.2578582763671875,-1.2755498886108398,-1.2748289108276367,-1.269412358601888,-0.02027638753255201,-1.217707633972168,839,False,0.03142833709716797,5,-1.0163779258728027,839,False,0.2327580451965332,0.20132970809936523,both_incorrect
719,719,3.7800655364990234,719,True,3.650547981262207,719,True,-0.1295175552368164,3.7784323692321777,3.7370591163635254,3.7308878898620605,3.748793125152588,-0.03127241134643555,3.8509159088134766,719,True,0.07085037231445312,5,4.180111885070801,719,True,0.40004634857177734,0.3291959762573242,both_correct
720,720,-1.4564809799194336,622,False,-1.5799646377563477,622,False,-0.12348365783691406,-1.4497222900390625,-1.4612126350402832,-1.3848352432250977,-1.4319233894348145,0.02455759048461914,-1.1653976440429688,622,False,0.29108333587646484,4,-0.8125758171081543,622,False,0.6439051628112793,0.35282182693481445,both_incorrect
721,721,-0.2550206184387207,588,False,-0.21531295776367188,588,False,0.03970766067504883,-0.2912321090698242,-0.36264657974243164,-0.33776092529296875,-0.3305465380350749,-0.07552591959635419,0.1341404914855957,721,True,0.3891611099243164,6,0.5141077041625977,721,True,0.7691283226013184,0.37996721267700195,both_correct
722,722,1.7922015190124512,722,True,1.7378077507019043,722,True,-0.054393768310546875,1.8617262840270996,1.8000950813293457,1.7855310440063477,1.8157841364542644,0.023582617441813225,1.9770503044128418,722,True,0.18484878540039062,1,2.243983268737793,722,True,0.4517817497253418,0.26693296432495117,both_correct
723,723,4.930679798126221,723,True,4.950014591217041,723,True,0.019334793090820312,4.934816837310791,4.995271682739258,4.995375633239746,4.975154717763265,0.044474919637043975,5.007009983062744,723,True,0.07633018493652344,1,5.208017826080322,723,True,0.27733802795410156,0.20100784301757812,both_correct
724,724,2.291975498199463,724,True,2.276211738586426,724,True,-0.01576375961303711,2.333780288696289,2.311110019683838,2.330904960632324,2.325265089670817,0.03328959147135402,2.3531675338745117,724,True,0.06119203567504883,0,2.5279650688171387,724,True,0.23598957061767578,0.17479753494262695,both_correct
725,725,-0.8453316688537598,438,False,-0.7853436470031738,438,False,0.05998802185058594,-0.8697447776794434,-0.9019312858581543,-0.7754850387573242,-0.849053700764974,-0.0037220319112142297,-0.615236759185791,438,False,0.23009490966796875,0,-0.3698434829711914,438,False,0.47548818588256836,0.2453932762145996,both_incorrect
726,726,4.172684192657471,726,True,4.1970038414001465,726,True,0.02431964874267578,4.146597862243652,4.134182929992676,4.197927474975586,4.159569422403972,-0.013114770253499053,4.221473693847656,726,True,0.04878950119018555,4,4.6219587326049805,726,True,0.44927453994750977,0.4004850387573242,both_correct
727,727,4.332546234130859,727,True,4.308473587036133,727,True,-0.024072647094726562,4.3211870193481445,4.311448097229004,4.314245700836182,4.315626939137776,-0.01691929499308298,4.586639881134033,727,True,0.25409364700317383,6,4.786744594573975,727,True,0.45419836044311523,0.2001047134399414,both_correct
728,728,-6.436849594116211,663,False,-6.461613178253174,663,False,-0.02476358413696289,-6.429686069488525,-6.413301944732666,-6.419839859008789,-6.420942624409993,0.015906969706217744,-6.197538375854492,663,False,0.23931121826171875,2,-5.770249366760254,663,False,0.666600227355957,0.4272890090942383,both_incorrect
729,729,0.016734600067138672,729,True,0.024219036102294922,729,True,0.00748443603515625,-0.01673126220703125,-0.013542652130126953,-0.016616344451904297,-0.015630086263020832,-0.0323646863301595,0.20483827590942383,729,True,0.18810367584228516,6,0.4675278663635254,729,True,0.4507932662963867,0.26268959045410156,both_correct
730,730,-0.8334445953369141,609,False,-0.9350275993347168,609,False,-0.10158300399780273,-0.9769859313964844,-0.8511166572570801,-0.8146686553955078,-0.8809237480163574,-0.04747915267944336,-0.8135075569152832,913,False,0.01993703842163086,5,-0.4477376937866211,913,False,0.38570690155029297,0.3657698631286621,both_incorrect
731,731,-2.7791409492492676,666,False,-2.8049445152282715,666,False,-0.025803565979003906,-2.802565097808838,-2.8704471588134766,-2.8460092544555664,-2.8396738370259604,-0.060532887776692856,-2.756539821624756,666,False,0.02260112762451172,1,-2.3040037155151367,666,False,0.47513723373413086,0.45253610610961914,both_incorrect
732,732,2.675628185272217,732,True,2.6485486030578613,732,True,-0.02707958221435547,2.7130541801452637,2.6264238357543945,2.6057229042053223,2.64840030670166,-0.02722787857055664,2.851799488067627,732,True,0.17617130279541016,4,3.346860885620117,732,True,0.6712327003479004,0.49506139755249023,both_correct
733,733,-0.9976730346679688,602,False,-1.1392154693603516,405,False,-0.1415424346923828,-1.0414257049560547,-0.9518952369689941,-0.9524679183959961,-0.981929620107015,0.01574341456095374,-0.9524602890014648,405,False,0.045212745666503906,4,-0.7382407188415527,405,False,0.259432315826416,0.2142195701599121,both_incorrect
734,734,3.4078054428100586,734,True,3.491140842437744,734,True,0.08333539962768555,3.387610912322998,3.4360580444335938,3.507524013519287,3.4437309900919595,0.035925547281900894,3.540867805480957,734,True,0.13306236267089844,4,3.826190948486328,734,True,0.41838550567626953,0.2853231430053711,both_correct
735,735,2.2042675018310547,735,True,2.2409729957580566,735,True,0.03670549392700195,2.227426052093506,2.2115964889526367,2.2075347900390625,2.215519110361735,0.01125160853068019,2.2794532775878906,735,True,0.07518577575683594,5,2.3781142234802246,735,True,0.17384672164916992,0.09866094589233398,both_correct
736,736,5.133038520812988,736,True,5.031427383422852,736,True,-0.10161113739013672,5.135573387145996,5.121675491333008,5.085911750793457,5.114386876424153,-0.01865164438883493,5.221107482910156,736,True,0.08806896209716797,0,5.5298309326171875,736,True,0.3967924118041992,0.30872344970703125,both_correct
737,737,-3.116276264190674,940,False,-3.2206852436065674,940,False,-0.10440897941589355,-3.0070393085479736,-3.1254124641418457,-3.0903263092041016,-3.074259360631307,0.042016903559366714,-2.795530080795288,940,False,0.32074618339538574,1,-2.4086294174194336,940,False,0.7076468467712402,0.3869006633758545,both_incorrect
738,738,1.842529296875,738,True,1.8886752128601074,738,True,0.04614591598510742,1.795886516571045,1.8373489379882812,1.7684440612792969,1.8005598386128743,-0.041969458262125725,1.8886752128601074,738,True,0.04614591598510742,7,2.273629665374756,738,True,0.43110036849975586,0.38495445251464844,both_correct
739,739,6.629095554351807,739,True,6.617293357849121,739,True,-0.011802196502685547,6.611241340637207,6.59958553314209,6.681704521179199,6.630843798319499,0.0017482439676923534,6.727755546569824,739,True,0.09865999221801758,6,6.85076904296875,739,True,0.22167348861694336,0.12301349639892578,both_correct
740,740,0.8930397033691406,740,True,0.8694558143615723,740,True,-0.02358388900756836,0.8377280235290527,0.862701416015625,0.9428019523620605,0.8810771306355795,-0.011962572733561161,0.9207673072814941,740,True,0.027727603912353516,3,0.9794759750366211,740,True,0.08643627166748047,0.05870866775512695,both_correct
741,741,1.7088351249694824,741,True,1.698293685913086,741,True,-0.010541439056396484,1.69124174118042,1.689352035522461,1.6972546577453613,1.6926161448160808,-0.01621898015340162,1.7514715194702148,741,True,0.04263639450073242,0,1.9869661331176758,741,True,0.27813100814819336,0.23549461364746094,both_correct
742,742,0.13472843170166016,742,True,0.1544508934020996,742,True,0.019722461700439453,0.13354015350341797,0.24866914749145508,0.244049072265625,0.20875279108683267,0.07402435938517252,0.5303521156311035,742,True,0.39562368392944336,1,0.9677963256835938,742,True,0.8330678939819336,0.43744421005249023,both_correct
743,743,-1.204338550567627,873,False,-1.294632911682129,873,False,-0.09029436111450195,-1.1998519897460938,-1.2454075813293457,-1.229550838470459,-1.224936803181966,-0.02059825261433912,-1.1395835876464844,663,False,0.06475496292114258,6,-0.9495539665222168,663,False,0.25478458404541016,0.19002962112426758,both_incorrect
744,744,-4.61542272567749,608,False,-4.7157111167907715,608,False,-0.10028839111328125,-4.608611583709717,-4.558605194091797,-4.6100053787231445,-4.59240738550822,0.023015340169270537,-4.409666061401367,608,False,0.20575666427612305,3,-3.977945566177368,608,False,0.6374771595001221,0.431720495223999,both_incorrect
745,745,-1.5451879501342773,570,False,-1.4068150520324707,570,False,0.13837289810180664,-1.5725936889648438,-1.5083694458007812,-1.492811679840088,-1.524591604868571,0.020596345265706306,-1.3340916633605957,570,False,0.21109628677368164,1,-0.851402759552002,570,False,0.6937851905822754,0.48268890380859375,both_incorrect
746,746,4.517611980438232,746,True,4.6230268478393555,746,True,0.10541486740112305,4.477058410644531,4.4626383781433105,4.437322616577148,4.459006468454997,-0.05860551198323538,4.6230268478393555,746,True,0.10541486740112305,7,4.868844509124756,746,True,0.35123252868652344,0.2458176612854004,both_correct
747,747,-1.0614080429077148,827,False,-0.9504561424255371,827,False,0.11095190048217773,-1.0831608772277832,-1.0468811988830566,-1.1046185493469238,-1.0782202084859211,-0.016812165578206306,-0.8299040794372559,827,False,0.23150396347045898,2,-0.09545755386352539,827,False,0.9659504890441895,0.7344465255737305,both_incorrect
748,748,-2.2151083946228027,793,False,-1.9314055442810059,793,False,0.2837028503417969,-2.1631641387939453,-2.211681842803955,-2.191579818725586,-2.1888086001078286,0.026299794514974106,-1.9227986335754395,793,False,0.2923097610473633,6,-1.5312976837158203,793,False,0.6838107109069824,0.39150094985961914,both_incorrect
749,749,5.272311687469482,749,True,5.208837032318115,749,True,-0.06347465515136719,5.2430267333984375,5.229955673217773,5.2945942878723145,5.255858898162842,-0.016452789306640625,5.341542720794678,749,True,0.06923103332519531,6,5.488696098327637,749,True,0.2163844108581543,0.14715337753295898,both_correct
750,750,1.0568337440490723,750,True,0.9576926231384277,750,True,-0.09914112091064453,1.0797548294067383,0.9837040901184082,1.0688281059265137,1.0440956751505535,-0.012738068898518806,1.0247607231140137,750,True,-0.032073020935058594,1,1.181962013244629,750,True,0.12512826919555664,0.15720129013061523,both_correct
751,751,-0.26166629791259766,422,False,-0.5130529403686523,422,False,-0.2513866424560547,-0.10253047943115234,-0.24133825302124023,-0.08509206771850586,-0.14298693339029947,0.11867936452229819,0.1625075340270996,751,True,0.42417383193969727,1,0.9651150703430176,751,True,1.2267813682556152,0.802607536315918,both_correct
752,752,2.0760655403137207,752,True,1.9309396743774414,752,True,-0.1451258659362793,2.057213306427002,2.0162081718444824,1.9980311393737793,2.023817539215088,-0.05224800109863281,2.302298069000244,752,True,0.22623252868652344,4,2.4199628829956055,752,True,0.34389734268188477,0.11766481399536133,both_correct
753,753,1.8693761825561523,753,True,1.8836431503295898,753,True,0.0142669677734375,1.8837065696716309,1.8763060569763184,1.9278459548950195,1.895952860514323,0.026576677958170647,1.969162940979004,753,True,0.09978675842285156,3,2.4107894897460938,753,True,0.5414133071899414,0.44162654876708984,both_correct
754,754,-2.0001492500305176,848,False,-2.038097381591797,848,False,-0.0379481315612793,-2.00653076171875,-2.011819839477539,-2.0347766876220703,-2.0177090962727866,-0.017559846242269028,-1.9785575866699219,848,False,0.021591663360595703,0,-1.7873344421386719,848,False,0.2128148078918457,0.19122314453125,both_incorrect
755,755,3.1139254570007324,755,True,3.150327205657959,755,True,0.03640174865722656,3.134735584259033,3.1335206031799316,3.163443088531494,3.14389975865682,0.029974301656087388,3.2385849952697754,755,True,0.12465953826904297,2,3.3502345085144043,755,True,0.23630905151367188,0.1116495132446289,both_correct
756,756,-1.3944482803344727,877,False,-1.4750041961669922,877,False,-0.08055591583251953,-1.4193964004516602,-1.4125676155090332,-1.3431215286254883,-1.3916951815287273,0.0027530988057453687,-1.2823939323425293,877,False,0.11205434799194336,4,-0.44088268280029297,877,False,0.9535655975341797,0.8415112495422363,both_incorrect
757,757,3.045738697052002,757,True,2.8714351654052734,757,True,-0.17430353164672852,3.102569580078125,3.0516552925109863,3.090653419494629,3.0816260973612466,0.035887400309244644,3.2048487663269043,757,True,0.15911006927490234,0,3.7434277534484863,757,True,0.6976890563964844,0.538578987121582,both_correct
758,758,1.6386852264404297,758,True,1.6549181938171387,758,True,0.016232967376708984,1.54752779006958,1.6728391647338867,1.6082763671875,1.609547773996989,-0.02913745244344068,1.7709126472473145,758,True,0.13222742080688477,5,2.1244258880615234,758,True,0.48574066162109375,0.353513240814209,both_correct
759,759,4.2777581214904785,759,True,4.256444931030273,759,True,-0.021313190460205078,4.279304504394531,4.288763523101807,4.277413845062256,4.281827290852864,0.004069169362385772,4.335782527923584,759,True,0.05802440643310547,3,4.42102575302124,759,True,0.14326763153076172,0.08524322509765625,both_correct
760,760,2.7702746391296387,760,True,2.7434091567993164,760,True,-0.026865482330322266,2.806046485900879,2.8206839561462402,2.814474582672119,2.813735008239746,0.04346036911010742,2.9587197303771973,760,True,0.1884450912475586,1,3.5255069732666016,760,True,0.7552323341369629,0.5667872428894043,both_correct
761,761,0.5982999801635742,761,True,0.6205897331237793,761,True,0.022289752960205078,0.6231575012207031,0.6682000160217285,0.6610813140869141,0.6508129437764486,0.052512963612874386,0.7782630920410156,761,True,0.1799631118774414,2,1.1031112670898438,761,True,0.5048112869262695,0.3248481750488281,both_correct
762,762,-1.6893658638000488,415,False,-1.7580718994140625,415,False,-0.06870603561401367,-1.7290277481079102,-1.6865687370300293,-1.7949423789978027,-1.7368462880452473,-0.047480424245198494,-1.5535597801208496,415,False,0.13580608367919922,3,-1.1326375007629395,415,False,0.5567283630371094,0.42092227935791016,both_incorrect
763,763,-0.8312497138977051,413,False,-0.9067234992980957,413,False,-0.07547378540039062,-0.8460326194763184,-0.8818049430847168,-0.88134765625,-0.8697284062703451,-0.03847869237264001,-0.8178896903991699,413,False,0.013360023498535156,6,-0.5849909782409668,413,False,0.24625873565673828,0.23289871215820312,both_incorrect
764,764,0.4342193603515625,764,True,0.47090768814086914,764,True,0.03668832778930664,0.4509119987487793,0.4796867370605469,0.4396038055419922,0.45673418045043945,0.022514820098876953,0.5113925933837891,764,True,0.07717323303222656,3,0.8764877319335938,764,True,0.44226837158203125,0.3650951385498047,both_correct
765,765,-1.4058122634887695,577,False,-1.4308314323425293,577,False,-0.025019168853759766,-1.306661605834961,-1.1665449142456055,-1.4417805671691895,-1.3049956957499187,0.10081656773885084,-1.0388193130493164,577,False,0.3669929504394531,1,-0.41071081161499023,577,False,0.9951014518737793,0.6281085014343262,both_incorrect
766,766,5.173701763153076,766,True,5.028168201446533,766,True,-0.14553356170654297,5.2176713943481445,5.228851795196533,5.193845748901367,5.213456312815349,0.03975454966227243,5.345439910888672,766,True,0.1717381477355957,4,5.663150310516357,766,True,0.48944854736328125,0.31771039962768555,both_correct
767,767,-0.6159305572509766,542,False,-0.6576242446899414,542,False,-0.041693687438964844,-0.5816850662231445,-0.5987300872802734,-0.5931057929992676,-0.5911736488342285,0.024756908416748047,-0.44419384002685547,542,False,0.1717367172241211,1,-0.20063114166259766,542,False,0.4152994155883789,0.2435626983642578,both_incorrect
768,768,-0.010431289672851562,444,False,0.04591655731201172,768,True,0.05634784698486328,0.059380531311035156,-0.0025801658630371094,-0.016564369201660156,0.013411998748779297,0.02384328842163086,0.11506986618041992,768,True,0.12550115585327148,2,0.5577049255371094,768,True,0.5681362152099609,0.44263505935668945,both_correct
769,769,-3.521495819091797,583,False,-3.5730581283569336,583,False,-0.05156230926513672,-3.468935012817383,-3.561532974243164,-3.4579224586486816,-3.4961301485697427,0.025365670522054184,-3.305363655090332,583,False,0.21613216400146484,0,-2.8593320846557617,583,False,0.6621637344360352,0.4460315704345703,both_incorrect
770,770,5.787258148193359,770,True,5.8004655838012695,770,True,0.013207435607910156,5.779908180236816,5.783035755157471,5.7796173095703125,5.780853748321533,-0.006404399871826172,5.815415859222412,770,True,0.028157711029052734,2,5.955801010131836,770,True,0.16854286193847656,0.14038515090942383,both_correct
771,771,-2.6358723640441895,844,False,-2.6830387115478516,844,False,-0.04716634750366211,-2.51552152633667,-2.582181453704834,-2.629687786102295,-2.575796922047933,0.06007544199625636,-2.4979372024536133,844,False,0.13793516159057617,1,-2.234163284301758,844,False,0.40170907974243164,0.26377391815185547,both_incorrect
772,772,4.9233574867248535,772,True,4.874507427215576,772,True,-0.048850059509277344,4.942430019378662,4.930412292480469,4.973637104034424,4.9488264719645185,0.02546898523966501,4.975975513458252,772,True,0.05261802673339844,3,5.220334053039551,772,True,0.29697656631469727,0.24435853958129883,both_correct
773,773,3.7826085090637207,773,True,3.8091559410095215,773,True,0.02654743194580078,3.8286843299865723,3.8087596893310547,3.784268856048584,3.8072376251220703,0.02462911605834961,3.8489632606506348,773,True,0.06635475158691406,0,4.16676664352417,773,True,0.3841581344604492,0.31780338287353516,both_correct
774,774,1.7537002563476562,774,True,1.7881860733032227,774,True,0.034485816955566406,1.8342537879943848,1.757843017578125,1.827256679534912,1.8064511617024739,0.052750905354817634,1.9265403747558594,774,True,0.17284011840820312,5,2.1561436653137207,774,True,0.40244340896606445,0.22960329055786133,both_correct
775,775,2.951472759246826,775,True,2.9845356941223145,775,True,0.03306293487548828,2.9407973289489746,2.898679256439209,2.963547706604004,2.9343414306640625,-0.017131328582763672,3.147660732269287,775,True,0.19618797302246094,0,3.244387149810791,775,True,0.29291439056396484,0.0967264175415039,both_correct
776,776,4.425499439239502,776,True,4.4606099128723145,776,True,0.0351104736328125,4.505417823791504,4.449209690093994,4.47020959854126,4.474945704142253,0.04944626490275095,4.552024841308594,776,True,0.1265254020690918,4,4.7279052734375,776,True,0.30240583419799805,0.17588043212890625,both_correct
777,777,2.0122580528259277,777,True,2.018909454345703,777,True,0.006651401519775391,2.0222506523132324,2.001295566558838,2.0120162963867188,2.0118541717529297,-0.0004038810729980469,2.0846381187438965,777,True,0.07238006591796875,3,2.280457019805908,777,True,0.26819896697998047,0.19581890106201172,both_correct
778,778,1.5882034301757812,778,True,1.5211868286132812,778,True,-0.0670166015625,1.6394963264465332,1.649627685546875,1.639333724975586,1.6428192456563313,0.054615815480550056,1.7220749855041504,778,True,0.13387155532836914,2,1.9540066719055176,778,True,0.36580324172973633,0.2319316864013672,both_correct
779,779,-0.5616922378540039,874,False,-0.45453357696533203,874,False,0.10715866088867188,-0.5532360076904297,-0.5740575790405273,-0.4588589668273926,-0.5287175178527832,0.0329747200012207,-0.37239551544189453,874,False,0.18929672241210938,0,0.012302398681640625,779,True,0.5739946365356445,0.38469791412353516,tokenwise_only
780,780,3.076051712036133,780,True,3.08734130859375,780,True,0.011289596557617188,3.072983741760254,3.0839767456054688,3.0869674682617188,3.0813093185424805,0.005257606506347656,3.14816951751709,780,True,0.07211780548095703,5,3.2930989265441895,780,True,0.21704721450805664,0.1449294090270996,both_correct
781,781,2.476688861846924,781,True,2.4225192070007324,781,True,-0.054169654846191406,2.4726290702819824,2.5086355209350586,2.528656482696533,2.503307024637858,0.026618162790934097,2.585671901702881,781,True,0.10898303985595703,5,2.9875407218933105,781,True,0.5108518600463867,0.4018688201904297,both_correct
782,782,1.1117782592773438,782,True,1.0927834510803223,782,True,-0.018994808197021484,1.0877251625061035,1.0775303840637207,1.0957036018371582,1.0869863828023274,-0.02479187647501635,1.1547036170959473,782,True,0.042925357818603516,3,1.265364170074463,782,True,0.15358591079711914,0.11066055297851562,both_correct
783,783,2.9753990173339844,783,True,2.9773178100585938,783,True,0.001918792724609375,2.9610743522644043,2.942574977874756,2.949307918548584,2.9509857495625815,-0.024413267771402847,2.9878149032592773,783,True,0.012415885925292969,1,3.098050594329834,783,True,0.12265157699584961,0.11023569107055664,both_correct
784,784,0.8389368057250977,784,True,0.9015460014343262,784,True,0.06260919570922852,0.8022470474243164,0.8358612060546875,0.832697868347168,0.823602040608724,-0.015334765116373661,0.9015460014343262,784,True,0.06260919570922852,7,1.1883082389831543,784,True,0.34937143325805664,0.2867622375488281,both_correct
785,785,3.7276854515075684,785,True,3.75447416305542,785,True,0.026788711547851562,3.737788677215576,3.7185463905334473,3.7262377738952637,3.7275242805480957,-0.00016117095947265625,3.815308094024658,785,True,0.08762264251708984,6,4.006201267242432,785,True,0.2785158157348633,0.19089317321777344,both_correct
786,786,-7.186058044433594,762,False,-7.290715217590332,762,False,-0.10465717315673828,-7.259564399719238,-7.234711170196533,-7.220229625701904,-7.238168398539226,-0.052110354105631806,-7.024829864501953,762,False,0.16122817993164062,2,-6.7659406661987305,762,False,0.4201173782348633,0.25888919830322266,both_incorrect
787,787,-5.592906951904297,642,False,-5.582280158996582,642,False,0.010626792907714844,-5.60792350769043,-5.587047100067139,-5.5727009773254395,-5.589223861694336,0.0036830902099609375,-5.445885181427002,642,False,0.14702177047729492,1,-4.892836570739746,642,False,0.7000703811645508,0.5530486106872559,both_incorrect
788,788,-1.0057635307312012,762,False,-1.0173792839050293,762,False,-0.011615753173828125,-0.9252395629882812,-0.9813299179077148,-0.9337306022644043,-0.9467666943868002,0.058996836344401005,-0.8860058784484863,762,False,0.11975765228271484,5,-0.31147003173828125,423,False,0.6942934989929199,0.5745358467102051,both_incorrect
789,789,1.3400802612304688,789,True,1.242889404296875,789,True,-0.09719085693359375,1.3092904090881348,1.3211288452148438,1.3170194625854492,1.3158129056294758,-0.024267355600992913,1.5785293579101562,789,True,0.2384490966796875,3,1.8964147567749023,789,True,0.5563344955444336,0.3178853988647461,both_correct
790,790,-2.4623360633850098,195,False,-2.43796443939209,195,False,0.024371623992919922,-2.3917064666748047,-2.5543227195739746,-2.5089468955993652,-2.484992027282715,-0.022655963897705078,-2.330900192260742,195,False,0.13143587112426758,2,-1.8843989372253418,195,False,0.577937126159668,0.4465012550354004,both_incorrect
791,791,3.274641990661621,791,True,3.278069496154785,791,True,0.0034275054931640625,3.305169105529785,3.2910642623901367,3.2752957344055176,3.2905097007751465,0.01586771011352539,3.345290184020996,791,True,0.070648193359375,4,3.4471936225891113,791,True,0.17255163192749023,0.10190343856811523,both_correct
792,792,-0.9429588317871094,997,False,-0.8940186500549316,997,False,0.048940181732177734,-1.0016965866088867,-0.8873634338378906,-0.9544286727905273,-0.9478295644124349,-0.004870732625325558,-0.7521514892578125,997,False,0.19080734252929688,1,-0.5489726066589355,596,False,0.39398622512817383,0.20317888259887695,both_incorrect
793,793,0.7510800361633301,793,True,0.8354554176330566,793,True,0.08437538146972656,0.7060189247131348,0.7410335540771484,0.7636299133300781,0.7368941307067871,-0.014185905456542969,0.8354554176330566,793,True,0.08437538146972656,7,1.4434080123901367,793,True,0.6923279762268066,0.6079525947570801,both_correct
794,794,-0.011340141296386719,885,False,0.010755538940429688,794,True,0.022095680236816406,0.03770303726196289,0.009426593780517578,0.03791189193725586,0.028347174326578777,0.0396873156229655,0.1215825080871582,794,True,0.13292264938354492,1,0.2232351303100586,794,True,0.2345752716064453,0.10165262222290039,both_correct
795,795,1.7030563354492188,795,True,1.8226184844970703,795,True,0.11956214904785156,1.7179923057556152,1.7057948112487793,1.7460436820983887,1.723276933034261,0.020220597585042244,1.9824600219726562,795,True,0.2794036865234375,1,2.4573726654052734,795,True,0.7543163299560547,0.4749126434326172,both_correct
796,796,1.474679946899414,796,True,1.524174690246582,796,True,0.04949474334716797,1.4770145416259766,1.458024024963379,1.4907751083374023,1.475271224975586,0.000591278076171875,1.5510358810424805,796,True,0.0763559341430664,6,1.9081249237060547,796,True,0.4334449768066406,0.3570890426635742,both_correct
797,797,5.531538486480713,797,True,5.589692115783691,797,True,0.058153629302978516,5.604450225830078,5.528693199157715,5.490493297576904,5.541212240854899,0.009673754374186494,5.638927936553955,797,True,0.10738945007324219,1,5.858016014099121,797,True,0.3264775276184082,0.21908807754516602,both_correct
798,798,4.796725749969482,798,True,4.778663158416748,798,True,-0.018062591552734375,4.77425479888916,4.79835844039917,4.79036283493042,4.78765869140625,-0.009067058563232422,4.9012908935546875,798,True,0.10456514358520508,3,4.947032451629639,798,True,0.15030670166015625,0.04574155807495117,both_correct
799,799,0.604555606842041,799,True,0.6055912971496582,799,True,0.0010356903076171875,0.6346292495727539,0.6174230575561523,0.6443896293640137,0.6321473121643066,0.027591705322265625,0.7164435386657715,799,True,0.11188793182373047,2,1.0008330345153809,799,True,0.39627742767333984,0.2843894958496094,both_correct
800,800,3.589787006378174,800,True,3.550905704498291,800,True,-0.03888130187988281,3.6020359992980957,3.6416544914245605,3.583407402038574,3.60903263092041,0.019245624542236328,3.741147994995117,800,True,0.15136098861694336,3,4.036496639251709,800,True,0.44670963287353516,0.2953486442565918,both_correct
801,801,-1.387458324432373,445,False,-1.4235801696777344,445,False,-0.03612184524536133,-1.383448600769043,-1.344923973083496,-1.2344317436218262,-1.320934772491455,0.06652355194091797,-1.263902187347412,445,False,0.12355613708496094,5,-0.7474641799926758,445,False,0.6399941444396973,0.5164380073547363,both_incorrect
802,802,5.106499671936035,802,True,5.053918361663818,802,True,-0.0525813102722168,5.114147663116455,5.128331661224365,5.097008228302002,5.113162517547607,0.006662845611572266,5.210021495819092,802,True,0.10352182388305664,0,5.369466304779053,802,True,0.2629666328430176,0.15944480895996094,both_correct
803,803,-2.8159656524658203,705,False,-2.7523179054260254,705,False,0.06364774703979492,-2.870126724243164,-2.798612117767334,-2.834658145904541,-2.834465662638346,-0.018500010172525894,-2.6891961097717285,705,False,0.1267695426940918,6,-2.1352601051330566,705,False,0.6807055473327637,0.5539360046386719,both_incorrect
804,804,-4.509493350982666,641,False,-4.506702899932861,641,False,0.0027904510498046875,-4.452449321746826,-4.51824426651001,-4.595879554748535,-4.522191047668457,-0.012697696685791016,-4.338063716888428,641,False,0.17142963409423828,2,-3.880077838897705,641,False,0.6294155120849609,0.45798587799072266,both_incorrect
805,805,2.203075885772705,805,True,2.3099007606506348,805,True,0.10682487487792969,2.2001147270202637,2.2031502723693848,2.2387771606445312,2.2140140533447266,0.010938167572021484,2.4134068489074707,805,True,0.21033096313476562,1,2.5368847846984863,805,True,0.33380889892578125,0.12347793579101562,both_correct
806,806,-2.4586691856384277,496,False,-2.4140243530273438,496,False,0.044644832611083984,-2.4463047981262207,-2.4499382972717285,-2.4425878524780273,-2.4462769826253257,0.012392203013102066,-2.315213680267334,496,False,0.14345550537109375,1,-2.179561138153076,496,False,0.27910804748535156,0.1356525421142578,both_incorrect
807,807,5.090662956237793,807,True,4.996847152709961,807,True,-0.09381580352783203,5.082332134246826,5.092565059661865,5.0863847732543945,5.087093989054362,-0.0035689671834306935,5.148260116577148,807,True,0.05759716033935547,1,5.278120040893555,807,True,0.18745708465576172,0.12985992431640625,both_correct
808,808,2.9571685791015625,808,True,2.9488158226013184,808,True,-0.00835275650024414,2.92148494720459,2.972442150115967,2.921889305114746,2.938605467478434,-0.018563111623128403,2.997121810913086,808,True,0.03995323181152344,1,3.1457924842834473,808,True,0.18862390518188477,0.14867067337036133,both_correct
809,809,-3.0657119750976562,666,False,-3.0622754096984863,666,False,0.003436565399169922,-3.0740580558776855,-3.062030792236328,-3.0954833030700684,-3.077190717061361,-0.011478741963704575,-2.9825096130371094,666,False,0.08320236206054688,6,-2.7108540534973145,666,False,0.3548579216003418,0.2716555595397949,both_incorrect
810,810,0.13251399993896484,810,True,0.1369457244873047,810,True,0.004431724548339844,0.1217803955078125,0.1202535629272461,0.12466049194335938,0.12223148345947266,-0.010282516479492188,0.15502071380615234,810,True,0.0225067138671875,5,0.22263622283935547,810,True,0.09012222290039062,0.06761550903320312,both_correct
811,811,0.23851442337036133,811,True,0.05712127685546875,811,True,-0.18139314651489258,0.20148181915283203,0.21658945083618164,0.26612329483032227,0.22806485493977866,-0.010449568430582673,0.3678574562072754,811,True,0.12934303283691406,6,0.6510806083679199,811,True,0.4125661849975586,0.28322315216064453,both_correct
812,812,0.4990377426147461,812,True,0.4052257537841797,812,True,-0.0938119888305664,0.5212054252624512,0.5277557373046875,0.5111141204833984,0.5200250943501791,0.02098735173543298,0.5738906860351562,812,True,0.07485294342041016,1,0.8426814079284668,812,True,0.3436436653137207,0.26879072189331055,both_correct
813,813,0.15967130661010742,813,True,0.12208175659179688,813,True,-0.03758955001831055,0.20928668975830078,0.2961249351501465,0.22787714004516602,0.2444295883178711,0.08475828170776367,0.3415217399597168,813,True,0.18185043334960938,6,0.7366786003112793,813,True,0.5770072937011719,0.3951568603515625,both_correct
814,814,5.004794597625732,814,True,4.974363327026367,814,True,-0.030431270599365234,5.009735107421875,5.044996738433838,5.007394313812256,5.020708719889323,0.01591412226359079,5.093281269073486,814,True,0.0884866714477539,3,5.221217155456543,814,True,0.21642255783081055,0.12793588638305664,both_correct
815,815,-0.8756260871887207,73,False,-0.8796381950378418,73,False,-0.004012107849121094,-0.880711555480957,-0.8646063804626465,-0.887873649597168,-0.8777305285135905,-0.0021044413248697547,-0.8087577819824219,73,False,0.06686830520629883,5,-0.6202244758605957,73,False,0.255401611328125,0.18853330612182617,both_incorrect
816,816,4.217568874359131,816,True,4.199374198913574,816,True,-0.01819467544555664,4.180180549621582,4.230288028717041,4.166116237640381,4.192194938659668,-0.02537393569946289,4.299006462097168,816,True,0.08143758773803711,0,4.568719387054443,816,True,0.3511505126953125,0.2697129249572754,both_correct
817,817,0.16107177734375,817,True,0.1976757049560547,817,True,0.03660392761230469,0.2187786102294922,0.23929786682128906,0.19139575958251953,0.2164907455444336,0.055418968200683594,0.24252796173095703,817,True,0.08145618438720703,4,0.44263601303100586,817,True,0.28156423568725586,0.20010805130004883,both_correct
818,818,-2.0125837326049805,846,False,-1.9700713157653809,846,False,0.04251241683959961,-1.9857831001281738,-2.0262045860290527,-1.9852666854858398,-1.9990847905476887,0.01349894205729174,-1.9356298446655273,846,False,0.07695388793945312,1,-1.7354941368103027,846,False,0.27708959579467773,0.2001357078552246,both_incorrect
819,819,0.5092811584472656,819,True,0.6408271789550781,819,True,0.1315460205078125,0.5162954330444336,0.39091014862060547,0.6229071617126465,0.5100375811258951,0.0007564226786295203,0.6671671867370605,819,True,0.15788602828979492,2,1.334397792816162,819,True,0.8251166343688965,0.6672306060791016,both_correct
820,820,4.6668782234191895,820,True,4.61050271987915,820,True,-0.05637550354003906,4.663486003875732,4.662805080413818,4.66220235824585,4.6628311475118,-0.004047075907389619,4.776798725128174,820,True,0.10992050170898438,5,4.939171314239502,820,True,0.2722930908203125,0.16237258911132812,both_correct
821,821,1.1137161254882812,821,True,1.0915193557739258,821,True,-0.02219676971435547,1.1168889999389648,1.103811264038086,1.1110615730285645,1.1105872790018718,-0.003128846486409431,1.174783706665039,821,True,0.06106758117675781,0,1.3639230728149414,821,True,0.25020694732666016,0.18913936614990234,both_correct
822,822,4.336938858032227,822,True,4.396080493927002,822,True,0.05914163589477539,4.300678730010986,4.237781047821045,4.274465084075928,4.270974953969319,-0.0659639040629072,4.396080493927002,822,True,0.05914163589477539,7,4.941626071929932,822,True,0.6046872138977051,0.5455455780029297,both_correct
823,823,-2.965822219848633,830,False,-2.952637195587158,830,False,0.01318502426147461,-3.1883554458618164,-3.074859142303467,-3.1823625564575195,-3.1485257148742676,-0.18270349502563477,-2.934304714202881,830,False,0.03151750564575195,5,-2.1231727600097656,830,False,0.8426494598388672,0.8111319541931152,both_incorrect
824,824,2.3530097007751465,824,True,2.3693413734436035,824,True,0.01633167266845703,2.3666915893554688,2.365436553955078,2.368439197540283,2.36685578028361,0.013846079508463394,2.4272336959838867,824,True,0.07422399520874023,6,2.5809836387634277,824,True,0.22797393798828125,0.15374994277954102,both_correct
825,825,0.6109790802001953,825,True,0.6484484672546387,825,True,0.03746938705444336,0.6385469436645508,0.6335568428039551,0.6066756248474121,0.6262598037719727,0.015280723571777344,0.6494536399841309,825,True,0.03847455978393555,6,1.0476436614990234,825,True,0.4366645812988281,0.3981900215148926,both_correct
826,826,-0.3095126152038574,590,False,-0.20890140533447266,590,False,0.10061120986938477,-0.26116180419921875,-0.32810401916503906,-0.3428664207458496,-0.31071074803670246,-0.0011981328328450336,-0.20890140533447266,590,False,0.10061120986938477,7,0.08656501770019531,826,True,0.39607763290405273,0.29546642303466797,tokenwise_only
827,827,-2.6366400718688965,507,False,-2.6767630577087402,507,False,-0.04012298583984375,-2.568398952484131,-2.58436918258667,-2.6425857543945312,-2.598451296488444,0.03818877538045262,-2.351106643676758,507,False,0.28553342819213867,1,-2.0853514671325684,507,False,0.5512886047363281,0.26575517654418945,both_incorrect
828,828,2.789780616760254,828,True,2.776299476623535,828,True,-0.01348114013671875,2.739288330078125,2.8011550903320312,2.901730537414551,2.814057985941569,0.024277369181314956,3.0019149780273438,828,True,0.21213436126708984,1,3.457304000854492,828,True,0.6675233840942383,0.45538902282714844,both_correct
829,829,1.6321697235107422,829,True,1.6534996032714844,829,True,0.021329879760742188,1.6161689758300781,1.6463146209716797,1.5988197326660156,1.6204344431559246,-0.011735280354817634,1.756119728088379,829,True,0.12395000457763672,5,2.0279502868652344,829,True,0.3957805633544922,0.27183055877685547,both_correct
830,830,1.6668577194213867,830,True,1.7271647453308105,830,True,0.06030702590942383,1.652961254119873,1.7459063529968262,1.7119903564453125,1.7036193211873372,0.03676160176595045,1.8719677925109863,830,True,0.2051100730895996,1,2.7042436599731445,830,True,1.0373859405517578,0.8322758674621582,both_correct
831,831,1.8036932945251465,831,True,1.7149033546447754,831,True,-0.0887899398803711,1.8065910339355469,1.774606704711914,1.820075511932373,1.8004244168599446,-0.003268877665201897,1.8831095695495605,831,True,0.07941627502441406,5,2.171003818511963,831,True,0.3673105239868164,0.28789424896240234,both_correct
832,832,4.625368118286133,832,True,4.590469837188721,832,True,-0.03489828109741211,4.562211513519287,4.579834938049316,4.55726957321167,4.566438674926758,-0.058929443359375,4.703460693359375,832,True,0.07809257507324219,0,5.123749732971191,832,True,0.4983816146850586,0.4202890396118164,both_correct
833,833,0.19540834426879883,833,True,0.15671014785766602,833,True,-0.03869819641113281,0.20502138137817383,0.14064407348632812,0.09715890884399414,0.14760812123616537,-0.047800223032633454,0.5829958915710449,833,True,0.3875875473022461,2,0.8766512870788574,833,True,0.6812429428100586,0.2936553955078125,both_correct
834,834,-2.1882762908935547,743,False,-2.1202845573425293,743,False,0.06799173355102539,-2.139822483062744,-2.09462833404541,-2.218937873840332,-2.1511295636494956,0.0371467272440591,-2.089350700378418,743,False,0.09892559051513672,0,-1.8182415962219238,399,False,0.37003469467163086,0.27110910415649414,both_incorrect
835,835,4.153043746948242,835,True,4.114503860473633,835,True,-0.038539886474609375,4.160107135772705,4.144289493560791,4.225053787231445,4.1764834721883135,0.02343972524007132,4.29533052444458,835,True,0.1422867774963379,3,4.610730171203613,835,True,0.4576864242553711,0.3153996467590332,both_correct
836,836,-4.028153419494629,629,False,-4.034527778625488,629,False,-0.006374359130859375,-3.956441879272461,-3.9736270904541016,-4.00686502456665,-3.978977998097738,0.04917542139689113,-3.786098003387451,629,False,0.24205541610717773,1,-3.3396553993225098,629,False,0.6884980201721191,0.4464426040649414,both_incorrect
837,837,-3.5254507064819336,854,False,-3.6087210178375244,854,False,-0.08327031135559082,-3.4594202041625977,-3.4729862213134766,-3.447705030441284,-3.4600371519724527,0.06541355450948094,-3.2839207649230957,854,False,0.2415299415588379,5,-2.6494407653808594,854,False,0.8760099411010742,0.6344799995422363,both_incorrect
838,838,-3.6360325813293457,593,False,-3.6522481441497803,593,False,-0.01621556282043457,-3.6540677547454834,-3.650601863861084,-3.610137939453125,-3.6382691860198975,-0.002236604690551758,-3.5320611000061035,593,False,0.10397148132324219,1,-3.2137749195098877,593,False,0.422257661819458,0.3182861804962158,both_incorrect
839,839,0.4851651191711426,839,True,0.39246320724487305,839,True,-0.09270191192626953,0.48529815673828125,0.5033364295959473,0.4893932342529297,0.4926759401957194,0.007510821024576841,0.5474467277526855,839,True,0.06228160858154297,3,0.7912192344665527,839,True,0.30605411529541016,0.2437725067138672,both_correct
840,840,2.6277313232421875,840,True,2.5722551345825195,840,True,-0.05547618865966797,2.5770931243896484,2.613130569458008,2.5874710083007812,2.592564900716146,-0.03516642252604152,2.729811668395996,840,True,0.1020803451538086,3,2.9004321098327637,840,True,0.27270078659057617,0.17062044143676758,both_correct
841,841,-0.6614952087402344,496,False,-0.7272000312805176,496,False,-0.0657048225402832,-0.7035918235778809,-0.664461612701416,-0.6858196258544922,-0.6846243540445963,-0.023129145304361942,-0.3915519714355469,496,False,0.2699432373046875,4,-0.04000997543334961,496,False,0.6214852333068848,0.35154199600219727,both_incorrect
842,842,2.6627349853515625,842,True,2.563070297241211,842,True,-0.09966468811035156,2.6240358352661133,2.6532068252563477,2.5876946449279785,2.62164576848348,-0.041089216868082534,2.8363819122314453,842,True,0.1736469268798828,3,3.1097726821899414,842,True,0.4470376968383789,0.2733907699584961,both_correct
843,843,0.34372711181640625,843,True,0.3395404815673828,843,True,-0.0041866302490234375,0.3943805694580078,0.36919307708740234,0.31455230712890625,0.3593753178914388,0.015648206075032534,0.41777515411376953,843,True,0.07404804229736328,2,0.6963129043579102,843,True,0.3525857925415039,0.2785377502441406,both_correct
844,844,-3.1023411750793457,757,False,-3.07130765914917,757,False,0.03103351593017578,-3.091188669204712,-3.1369376182556152,-3.16672682762146,-3.131617705027262,-0.02927652994791652,-2.8873538970947266,757,False,0.21498727798461914,5,-2.652362823486328,771,False,0.4499783515930176,0.23499107360839844,both_incorrect
845,845,-1.218317985534668,769,False,-1.3250293731689453,769,False,-0.10671138763427734,-1.2384710311889648,-1.1484160423278809,-1.1740326881408691,-1.186973253885905,0.03134473164876295,-0.9869146347045898,769,False,0.23140335083007812,1,-0.7184333801269531,769,False,0.49988460540771484,0.2684812545776367,both_incorrect
846,846,0.2527809143066406,846,True,0.2825040817260742,846,True,0.029723167419433594,0.24356365203857422,0.22774744033813477,0.23489093780517578,0.23540067672729492,-0.017380237579345703,0.33344221115112305,846,True,0.08066129684448242,3,0.46482419967651367,846,True,0.21204328536987305,0.13138198852539062,both_correct
847,847,-3.6353745460510254,586,False,-3.5972561836242676,586,False,0.03811836242675781,-3.6454758644104004,-3.7291340827941895,-3.7195658683776855,-3.698058605194092,-0.0626840591430664,-3.5972561836242676,586,False,0.03811836242675781,7,-3.2656126022338867,586,False,0.36976194381713867,0.33164358139038086,both_incorrect
848,848,1.1239819526672363,848,True,1.0923213958740234,848,True,-0.03166055679321289,1.1231088638305664,1.133695125579834,1.1175599098205566,1.124787966410319,0.0008060137430827563,1.165367603302002,848,True,0.041385650634765625,3,1.3101110458374023,848,True,0.18612909317016602,0.1447434425354004,both_correct
849,849,-3.0456719398498535,505,False,-3.060779094696045,505,False,-0.015107154846191406,-3.088472366333008,-3.09505033493042,-3.1003189086914062,-3.094613869984945,-0.048941930135091294,-2.8319778442382812,505,False,0.21369409561157227,0,-2.7378525733947754,505,False,0.3078193664550781,0.09412527084350586,both_incorrect
850,850,1.9626274108886719,850,True,1.8891992568969727,850,True,-0.07342815399169922,1.9589381217956543,1.9588351249694824,1.921576976776123,1.9464500745137532,-0.016177336374918694,2.0209527015686035,850,True,0.05832529067993164,5,2.2576355934143066,850,True,0.29500818252563477,0.23668289184570312,both_correct
851,851,2.2516584396362305,851,True,2.275770664215088,851,True,0.024112224578857422,2.2473106384277344,2.2244906425476074,2.2334084510803223,2.235069910685221,-0.016588528951009263,2.3226866722106934,851,True,0.07102823257446289,6,2.506985664367676,851,True,0.2553272247314453,0.18429899215698242,both_correct
852,852,3.8427724838256836,852,True,3.9117445945739746,852,True,0.06897211074829102,3.840209484100342,3.850322723388672,3.845029354095459,3.845187187194824,0.002414703369140625,3.9117445945739746,852,True,0.06897211074829102,7,4.067587852478027,852,True,0.22481536865234375,0.15584325790405273,both_correct
853,853,2.00302791595459,853,True,2.0371150970458984,853,True,0.034087181091308594,1.948866367340088,1.9509902000427246,1.9691858291625977,1.9563474655151367,-0.046680450439453125,2.0599794387817383,853,True,0.05695152282714844,3,2.3573765754699707,853,True,0.35434865951538086,0.2973971366882324,both_correct
854,854,5.162513732910156,854,True,5.185335159301758,854,True,0.022821426391601562,5.222232818603516,5.177309036254883,5.192583084106445,5.197374979654948,0.03486124674479196,5.232888221740723,854,True,0.0703744888305664,1,5.322169303894043,854,True,0.15965557098388672,0.08928108215332031,both_correct
855,855,-6.302892684936523,885,False,-6.234179973602295,885,False,0.06871271133422852,-6.2207722663879395,-6.362575054168701,-6.291280269622803,-6.2915425300598145,0.011350154876708984,-6.169657230377197,885,False,0.13323545455932617,1,-5.79189920425415,885,False,0.510993480682373,0.3777580261230469,both_incorrect
856,856,1.3825616836547852,856,True,1.4604406356811523,856,True,0.07787895202636719,1.3235855102539062,1.3937435150146484,1.399627685546875,1.3723189036051433,-0.010242780049641853,1.4604406356811523,856,True,0.07787895202636719,7,1.7448158264160156,856,True,0.36225414276123047,0.2843751907348633,both_correct
857,857,2.040360927581787,857,True,1.9922528266906738,857,True,-0.04810810089111328,2.0718140602111816,2.0461044311523438,2.016047954559326,2.0446554819742837,0.004294554392496597,2.128754138946533,857,True,0.0883932113647461,4,2.6013193130493164,857,True,0.5609583854675293,0.4725651741027832,both_correct
858,858,-0.03838205337524414,437,False,-0.11372852325439453,437,False,-0.07534646987915039,-0.07151412963867188,-0.03871726989746094,-0.06448030471801758,-0.05823723475138346,-0.01985518137613932,0.05303192138671875,858,True,0.09141397476196289,0,0.18228578567504883,858,True,0.22066783905029297,0.12925386428833008,both_correct
859,859,3.385711669921875,859,True,3.2403860092163086,859,True,-0.1453256607055664,3.3650174140930176,3.430105209350586,3.4523844718933105,3.415835698445638,0.03012402852376317,3.492196559906006,859,True,0.10648488998413086,5,3.525691032409668,859,True,0.13997936248779297,0.03349447250366211,both_correct
860,860,2.6241860389709473,860,True,2.682929515838623,860,True,0.05874347686767578,2.655195713043213,2.6437549591064453,2.697202205657959,2.665384292602539,0.0411982536315918,2.6877613067626953,860,True,0.06357526779174805,3,2.902740001678467,860,True,0.27855396270751953,0.21497869491577148,both_correct
861,861,3.527468681335449,861,True,3.6027369499206543,861,True,0.07526826858520508,3.5596656799316406,3.564056396484375,3.5556459426879883,3.5597893397013345,0.03232065836588527,3.7124171257019043,861,True,0.18494844436645508,1,3.796213150024414,861,True,0.26874446868896484,0.08379602432250977,both_correct
862,862,0.648125171661377,862,True,0.5184731483459473,862,True,-0.1296520233154297,0.624722957611084,0.7003269195556641,0.6295294761657715,0.6515264511108398,0.0034012794494628906,0.8449058532714844,862,True,0.19678068161010742,1,1.4345808029174805,862,True,0.7864556312561035,0.5896749496459961,both_correct
863,863,1.081212043762207,863,True,0.9802618026733398,863,True,-0.10095024108886719,1.105799674987793,1.0751314163208008,1.075911521911621,1.0856142044067383,0.00440216064453125,1.1819477081298828,863,True,0.10073566436767578,3,1.3258509635925293,863,True,0.24463891983032227,0.14390325546264648,both_correct
864,864,1.8970155715942383,864,True,1.8143548965454102,864,True,-0.08266067504882812,1.8359932899475098,1.891923427581787,1.8832015991210938,1.8703727722167969,-0.026642799377441406,2.0455570220947266,864,True,0.14854145050048828,3,2.294529914855957,864,True,0.39751434326171875,0.24897289276123047,both_correct
865,865,-0.23643922805786133,860,False,-0.25351572036743164,860,False,-0.017076492309570312,-0.21850919723510742,-0.2226424217224121,-0.21666669845581055,-0.21927277247111002,0.01716645558675131,-0.11372900009155273,860,False,0.1227102279663086,1,0.1476602554321289,865,True,0.38409948348999023,0.26138925552368164,tokenwise_only
866,866,-0.6907072067260742,856,False,-0.6550240516662598,856,False,0.03568315505981445,-0.6919240951538086,-0.6150016784667969,-0.631011962890625,-0.6459792455037435,0.04472796122233069,-0.5607666969299316,595,False,0.12994050979614258,1,-0.2773151397705078,595,False,0.4133920669555664,0.28345155715942383,both_incorrect
867,867,2.032684326171875,867,True,2.0065059661865234,867,True,-0.026178359985351562,2.0074124336242676,2.0222935676574707,2.0338964462280273,2.0212008158365884,-0.011483510335286606,2.0188822746276855,867,True,-0.013802051544189453,5,2.078662395477295,867,True,0.04597806930541992,0.059780120849609375,both_correct
868,868,2.9150285720825195,868,True,3.012505531311035,868,True,0.09747695922851562,2.8884639739990234,2.8158254623413086,2.8687939643859863,2.857694466908773,-0.0573341051737466,3.1418275833129883,868,True,0.22679901123046875,5,3.4020910263061523,868,True,0.4870624542236328,0.26026344299316406,both_correct
869,869,-0.21909141540527344,689,False,-0.12981748580932617,689,False,0.08927392959594727,-0.11868429183959961,-0.25197839736938477,-0.22709989547729492,-0.19925419489542642,0.019837220509847014,-0.01299428939819336,689,False,0.20609712600708008,2,0.43758487701416016,869,True,0.6566762924194336,0.4505791664123535,tokenwise_only
870,870,1.9907011985778809,870,True,2.2667527198791504,870,True,0.27605152130126953,2.0242114067077637,1.8577880859375,1.9445343017578125,1.9421779314676921,-0.04852326711018873,2.2667527198791504,870,True,0.27605152130126953,7,2.4932494163513184,870,True,0.5025482177734375,0.22649669647216797,both_correct
871,871,1.5919113159179688,871,True,1.5933833122253418,871,True,0.0014719963073730469,1.5998620986938477,1.6025171279907227,1.5928020477294922,1.5983937581380208,0.006482442220052009,1.628392219543457,871,True,0.03648090362548828,6,1.791860580444336,871,True,0.1999492645263672,0.1634683609008789,both_correct
872,872,0.9719057083129883,872,True,0.9134631156921387,872,True,-0.05844259262084961,0.9877939224243164,0.9642515182495117,1.0302705764770508,0.994105339050293,0.022199630737304688,1.1782407760620117,872,True,0.20633506774902344,3,1.4594383239746094,872,True,0.4875326156616211,0.28119754791259766,both_correct
873,873,6.019883155822754,873,True,5.987204551696777,873,True,-0.03267860412597656,5.994302272796631,5.989722728729248,5.989587306976318,5.9912041028340655,-0.028679052988688447,6.076868057250977,873,True,0.056984901428222656,1,6.259160041809082,873,True,0.23927688598632812,0.18229198455810547,both_correct
874,874,1.425445556640625,874,True,1.4550437927246094,874,True,0.029598236083984375,1.3764033317565918,1.4689955711364746,1.5043325424194336,1.4499104817708333,0.02446492513020826,1.5241527557373047,874,True,0.09870719909667969,6,1.8465566635131836,874,True,0.4211111068725586,0.3224039077758789,both_correct
875,875,0.2789897918701172,875,True,0.2575969696044922,875,True,-0.021392822265625,0.29715442657470703,0.28888607025146484,0.26712703704833984,0.2843891779581706,0.005399386088053404,0.3584709167480469,875,True,0.07948112487792969,1,0.5223073959350586,875,True,0.2433176040649414,0.16383647918701172,both_correct
876,876,0.04786491394042969,876,True,0.046553611755371094,876,True,-0.0013113021850585938,0.03597068786621094,0.046746253967285156,0.06170177459716797,0.04813957214355469,0.000274658203125,0.06269454956054688,876,True,0.014829635620117188,4,0.15094852447509766,876,True,0.10308361053466797,0.08825397491455078,both_correct
877,877,1.7907977104187012,877,True,1.8360919952392578,877,True,0.04529428482055664,1.754239559173584,1.8046255111694336,1.7966136932373047,1.7851595878601074,-0.00563812255859375,1.9285001754760742,877,True,0.13770246505737305,1,2.340677261352539,877,True,0.5498795509338379,0.41217708587646484,both_correct
878,878,0.9518985748291016,878,True,0.9595699310302734,878,True,0.007671356201171875,0.930546760559082,0.9494495391845703,0.9474325180053711,0.9424762725830078,-0.00942230224609375,0.9719915390014648,878,True,0.02009296417236328,4,1.087991714477539,878,True,0.1360931396484375,0.11600017547607422,both_correct
879,879,-6.2922821044921875,416,False,-6.322046279907227,416,False,-0.029764175415039062,-6.371761322021484,-6.382040023803711,-6.484837532043457,-6.412879625956218,-0.12059752146403024,-6.114748954772949,416,False,0.17753314971923828,4,-5.7060441970825195,416,False,0.586237907409668,0.4087047576904297,both_incorrect
880,880,2.37955904006958,880,True,2.378979206085205,880,True,-0.000579833984375,2.3783016204833984,2.3798556327819824,2.3689193725585938,2.3756922086079917,-0.0038668314615883936,2.2701501846313477,880,True,-0.10940885543823242,0,2.483132839202881,880,True,0.10357379913330078,0.2129826545715332,both_correct
881,881,-0.8303179740905762,593,False,-0.9455142021179199,593,False,-0.11519622802734375,-0.8348126411437988,-0.7635955810546875,-0.8228983879089355,-0.8071022033691406,0.023215770721435547,-0.6069393157958984,593,False,0.22337865829467773,4,-0.2456817626953125,593,False,0.5846362113952637,0.36125755310058594,both_incorrect
882,882,0.5199766159057617,882,True,0.45685529708862305,882,True,-0.06312131881713867,0.5864996910095215,0.5451769828796387,0.4650101661682129,0.532228946685791,0.012252330780029297,0.5920205116271973,882,True,0.07204389572143555,0,1.1088590621948242,882,True,0.5888824462890625,0.516838550567627,both_correct
883,883,0.07853221893310547,883,True,0.15970993041992188,883,True,0.0811777114868164,0.1142892837524414,0.06521034240722656,0.11714029312133789,0.09887997309366862,0.020347754160563156,0.15970993041992188,883,True,0.0811777114868164,7,0.4658212661743164,883,True,0.38728904724121094,0.30611133575439453,both_correct
884,884,3.389892101287842,884,True,3.4174294471740723,884,True,0.02753734588623047,3.406841278076172,3.405118942260742,3.4133129119873047,3.4084243774414062,0.018532276153564453,3.467334270477295,884,True,0.07744216918945312,4,3.6106629371643066,884,True,0.22077083587646484,0.14332866668701172,both_correct
885,885,-3.3838930130004883,831,False,-3.3397483825683594,831,False,0.044144630432128906,-3.397955894470215,-3.418694496154785,-3.3599424362182617,-3.392197608947754,-0.008304595947265625,-3.3238630294799805,831,False,0.06002998352050781,0,-3.1279664039611816,831,False,0.25592660903930664,0.19589662551879883,both_incorrect
886,886,5.406181335449219,886,True,5.384819030761719,886,True,-0.0213623046875,5.407332420349121,5.40275764465332,5.402303218841553,5.404131094614665,-0.0020502408345537404,5.464694023132324,886,True,0.05851268768310547,1,5.673860549926758,886,True,0.26767921447753906,0.2091665267944336,both_correct
887,887,0.28516292572021484,887,True,0.17304563522338867,887,True,-0.11211729049682617,0.3201413154602051,0.36356496810913086,0.2980766296386719,0.32726097106933594,0.042098045349121094,0.3371744155883789,887,True,0.05201148986816406,0,0.560295581817627,887,True,0.2751326560974121,0.22312116622924805,both_correct
888,888,2.479196548461914,888,True,2.337883949279785,888,True,-0.1413125991821289,2.4799842834472656,2.388279914855957,2.444277763366699,2.437513987223307,-0.04168256123860692,2.484647750854492,888,True,0.005451202392578125,4,2.797053337097168,888,True,0.3178567886352539,0.3124055862426758,both_correct
889,889,-0.8810634613037109,830,False,-0.7643575668334961,830,False,0.11670589447021484,-1.0741257667541504,-0.9495458602905273,-1.1730585098266602,-1.065576712290446,-0.1845132509867351,-0.7580676078796387,830,False,0.12299585342407227,5,-0.04817962646484375,830,False,0.8328838348388672,0.7098879814147949,both_incorrect
890,890,3.8708815574645996,890,True,3.80330228805542,890,True,-0.06757926940917969,3.8279995918273926,3.8944430351257324,3.8059048652648926,3.842782497406006,-0.02809906005859375,3.9106693267822266,890,True,0.03978776931762695,3,4.372067928314209,890,True,0.5011863708496094,0.4613986015319824,both_correct
891,891,-5.867062568664551,424,False,-5.80584716796875,424,False,0.06121540069580078,-5.983304977416992,-5.825541973114014,-5.906493186950684,-5.9051133791605634,-0.038050810496012666,-5.774437427520752,424,False,0.09262514114379883,1,-5.204082012176514,424,False,0.6629805564880371,0.5703554153442383,both_incorrect
892,892,2.165464401245117,892,True,2.1846485137939453,892,True,0.019184112548828125,2.1831188201904297,2.1751632690429688,2.1634387969970703,2.1739069620768228,0.008442560831705581,2.2092514038085938,892,True,0.04378700256347656,5,2.3719778060913086,892,True,0.2065134048461914,0.16272640228271484,both_correct
893,893,-1.5565333366394043,692,False,-1.4818768501281738,692,False,0.07465648651123047,-1.6151132583618164,-1.5469322204589844,-1.5946688652038574,-1.5855714480082195,-0.029038111368815178,-1.4818768501281738,692,False,0.07465648651123047,7,-1.2096061706542969,692,False,0.3469271659851074,0.27227067947387695,both_incorrect
894,894,2.375235080718994,894,True,2.4500412940979004,894,True,0.07480621337890625,2.4527859687805176,2.4436612129211426,2.4085640907287598,2.4350037574768066,0.0597686767578125,2.5647239685058594,894,True,0.18948888778686523,3,2.80149507522583,894,True,0.42625999450683594,0.2367711067199707,both_correct
895,895,0.19543838500976562,895,True,0.2399768829345703,895,True,0.04453849792480469,0.2180919647216797,0.20560741424560547,0.20841407775878906,0.21070448557535806,0.015266100565592439,0.3558502197265625,895,True,0.16041183471679688,4,0.6408052444458008,895,True,0.44536685943603516,0.2849550247192383,both_correct
896,896,2.0359411239624023,896,True,2.0089645385742188,896,True,-0.026976585388183594,2.0187926292419434,2.025650978088379,2.0202226638793945,2.0215554237365723,-0.014385700225830078,2.0720272064208984,896,True,0.036086082458496094,6,2.2407708168029785,896,True,0.20482969284057617,0.16874361038208008,both_correct
897,897,4.847579002380371,897,True,4.712617874145508,897,True,-0.13496112823486328,4.909518241882324,4.8738532066345215,4.848708629608154,4.877360026041667,0.02978102366129587,4.992649555206299,897,True,0.14507055282592773,3,5.439112663269043,897,True,0.5915336608886719,0.44646310806274414,both_correct
898,898,-4.460686683654785,405,False,-4.443723678588867,405,False,0.01696300506591797,-4.529040336608887,-4.445002555847168,-4.458104133605957,-4.477382342020671,-0.016695658365885713,-4.111431121826172,405,False,0.3492555618286133,6,-3.725809335708618,405,False,0.734877347946167,0.3856217861175537,both_incorrect
899,899,0.15419530868530273,899,True,0.11992740631103516,899,True,-0.03426790237426758,0.19313812255859375,0.1872391700744629,0.1591196060180664,0.17983229955037436,0.025636990865071624,0.2383122444152832,899,True,0.08411693572998047,5,0.2751779556274414,899,True,0.12098264694213867,0.0368657112121582,both_correct
900,900,-1.3055095672607422,755,False,-1.2554383277893066,755,False,0.05007123947143555,-1.36383056640625,-1.3650970458984375,-1.3463106155395508,-1.358412742614746,-0.052903175354003906,-1.2404723167419434,755,False,0.06503725051879883,5,-0.8020696640014648,755,False,0.5034399032592773,0.4384026527404785,both_incorrect
901,901,7.121376991271973,901,True,7.073966979980469,901,True,-0.047410011291503906,7.165379524230957,7.033444404602051,7.071649551391602,7.090157826741536,-0.031219164530436494,7.196756362915039,901,True,0.0753793716430664,6,7.3819899559021,901,True,0.26061296463012695,0.18523359298706055,both_correct
902,902,2.431797504425049,902,True,2.4301886558532715,902,True,-0.0016088485717773438,2.4524216651916504,2.390547752380371,2.4646172523498535,2.4358622233072915,0.0040647188822426905,2.5795669555664062,902,True,0.14776945114135742,6,2.8169174194335938,902,True,0.3851199150085449,0.2373504638671875,both_correct
903,903,1.50675630569458,903,True,1.6598248481750488,903,True,0.15306854248046875,1.5631308555603027,1.5259242057800293,1.5434837341308594,1.5441795984903972,0.03742329279581713,1.6598248481750488,903,True,0.15306854248046875,7,1.9211502075195312,903,True,0.41439390182495117,0.2613253593444824,both_correct
904,904,-1.2508020401000977,284,False,-1.1883134841918945,284,False,0.062488555908203125,-1.2564764022827148,-1.2668437957763672,-1.2569494247436523,-1.2600898742675781,-0.009287834167480469,-1.1883134841918945,284,False,0.062488555908203125,7,-0.8841681480407715,284,False,0.36663389205932617,0.30414533615112305,both_incorrect
905,905,-1.4932880401611328,789,False,-1.3772354125976562,789,False,0.11605262756347656,-1.5234360694885254,-1.5029821395874023,-1.480682373046875,-1.5023668607076008,-0.009078820546468025,-1.3041834831237793,789,False,0.18910455703735352,6,-1.1246204376220703,789,False,0.3686676025390625,0.17956304550170898,both_incorrect
906,906,-7.613466739654541,444,False,-7.596501350402832,444,False,0.016965389251708984,-7.676119327545166,-7.645868301391602,-7.619245529174805,-7.647077719370524,-0.03361097971598337,-7.565321922302246,444,False,0.04814481735229492,0,-7.273784637451172,444,False,0.33968210220336914,0.2915372848510742,both_incorrect
907,907,-1.4077882766723633,563,False,-1.4691219329833984,563,False,-0.061333656311035156,-1.3223881721496582,-1.4535741806030273,-1.4516019821166992,-1.4091881116231282,-0.0013998349507649,-1.200784683227539,563,False,0.20700359344482422,1,-0.7505741119384766,563,False,0.6572141647338867,0.4502105712890625,both_incorrect
908,908,4.813880920410156,908,True,4.8225884437561035,908,True,0.008707523345947266,4.81123685836792,4.811972618103027,4.777240753173828,4.800150076548259,-0.01373084386189749,4.919112205505371,908,True,0.10523128509521484,5,4.905051231384277,908,True,0.0911703109741211,-0.01406097412109375,both_correct
909,909,-5.552285194396973,923,False,-5.484921455383301,923,False,0.06736373901367188,-5.513164520263672,-5.5078887939453125,-5.535394668579102,-5.518815994262695,0.033469200134277344,-5.413311958312988,923,False,0.13897323608398438,2,-5.100034713745117,923,False,0.45225048065185547,0.3132772445678711,both_incorrect
910,910,2.9882125854492188,910,True,2.9154014587402344,910,True,-0.07281112670898438,2.9301795959472656,2.977128028869629,2.9106054306030273,2.9393043518066406,-0.048908233642578125,3.0664029121398926,910,True,0.07819032669067383,5,3.5140771865844727,910,True,0.5258646011352539,0.4476742744445801,both_correct
911,911,-0.3200559616088867,616,False,-0.25683069229125977,616,False,0.06322526931762695,-0.36453962326049805,-0.3113560676574707,-0.32019805908203125,-0.33203125,-0.011975288391113281,-0.25683069229125977,616,False,0.06322526931762695,7,0.06757879257202148,911,True,0.3876347541809082,0.32440948486328125,tokenwise_only
912,912,5.510494709014893,912,True,5.418116092681885,912,True,-0.09237861633300781,5.5257744789123535,5.475432872772217,5.4883503913879395,5.496519247690837,-0.013975461324055694,5.456282615661621,912,True,-0.054212093353271484,6,5.514275550842285,912,True,0.003780841827392578,0.05799293518066406,both_correct
913,913,5.527950286865234,913,True,5.5078840255737305,913,True,-0.020066261291503906,5.530223846435547,5.571458339691162,5.53507137298584,5.545584519704183,0.01763423283894827,5.597261428833008,913,True,0.06931114196777344,6,5.7678093910217285,913,True,0.23985910415649414,0.1705479621887207,both_correct
914,914,0.7995100021362305,914,True,0.7498464584350586,914,True,-0.049663543701171875,0.8035335540771484,0.8212137222290039,0.8215312957763672,0.8154261906941732,0.015916188557942745,0.8885631561279297,914,True,0.08905315399169922,3,0.9833841323852539,914,True,0.18387413024902344,0.09482097625732422,both_correct
915,915,4.3826398849487305,915,True,4.385229110717773,915,True,0.0025892257690429688,4.343538284301758,4.258318901062012,4.331409454345703,4.311088879903157,-0.07155100504557321,4.399409770965576,915,True,0.016769886016845703,0,4.739730358123779,915,True,0.35709047317504883,0.3403205871582031,both_correct
916,916,1.6026177406311035,916,True,1.6106152534484863,916,True,0.007997512817382812,1.6265854835510254,1.6143746376037598,1.6000313758850098,1.6136638323465984,0.011046091715494866,1.7862238883972168,916,True,0.18360614776611328,6,1.9991579055786133,916,True,0.39654016494750977,0.21293401718139648,both_correct
917,917,1.814012050628662,917,True,1.7100872993469238,917,True,-0.10392475128173828,1.8146357536315918,1.807816982269287,1.833864688873291,1.8187724749247234,0.004760424296061272,1.940223217010498,917,True,0.12621116638183594,2,2.2106494903564453,917,True,0.3966374397277832,0.27042627334594727,both_correct
918,918,7.033308982849121,918,True,7.08623743057251,918,True,0.05292844772338867,7.0353007316589355,7.028675079345703,7.002194404602051,7.0220567385355634,-0.011252244313557647,7.08623743057251,918,True,0.05292844772338867,7,7.102080345153809,918,True,0.0687713623046875,0.015842914581298828,both_correct
919,919,3.041658401489258,919,True,3.1310033798217773,919,True,0.08934497833251953,3.079345226287842,3.0653276443481445,3.015651226043701,3.053441365559896,0.011782964070638169,3.3422679901123047,919,True,0.3006095886230469,0,3.7179765701293945,919,True,0.6763181686401367,0.37570858001708984,both_correct
920,920,3.160130023956299,920,True,3.112764835357666,920,True,-0.04736518859863281,3.164421558380127,3.205965995788574,3.152806282043457,3.1743979454040527,0.014267921447753906,3.2374753952026367,920,True,0.07734537124633789,3,3.4507431983947754,920,True,0.29061317443847656,0.21326780319213867,both_correct
921,921,-4.260478496551514,749,False,-4.278078079223633,749,False,-0.01759958267211914,-4.2835001945495605,-4.290600776672363,-4.2900471687316895,-4.288049379984538,-0.027570883433024385,-4.186244964599609,749,False,0.0742335319519043,5,-3.7760114669799805,749,False,0.4844670295715332,0.4102334976196289,both_incorrect
922,922,1.8632774353027344,922,True,2.015042304992676,922,True,0.1517648696899414,1.840646743774414,1.8031396865844727,1.884232521057129,1.8426729838053386,-0.02060445149739576,2.015042304992676,922,True,0.1517648696899414,7,2.216078758239746,922,True,0.3528013229370117,0.2010364532470703,both_correct
923,923,-2.094939708709717,964,False,-2.090951442718506,964,False,0.0039882659912109375,-2.0926146507263184,-2.0613036155700684,-2.0931191444396973,-2.082345803578695,0.012593905131021987,-1.9662952423095703,964,False,0.12864446640014648,1,-1.592994213104248,964,False,0.5019454956054688,0.37330102920532227,both_incorrect
924,924,4.914158821105957,924,True,4.942381858825684,924,True,0.028223037719726562,4.9271039962768555,4.930210113525391,4.94365119934082,4.9336551030476885,0.019496281941731475,4.942381858825684,924,True,0.028223037719726562,7,5.086225509643555,924,True,0.17206668853759766,0.1438436508178711,both_correct
925,925,5.1881842613220215,925,True,5.136752605438232,925,True,-0.05143165588378906,5.176650047302246,5.172464847564697,5.175940036773682,5.175018310546875,-0.013165950775146484,5.219847202301025,925,True,0.031662940979003906,3,5.401435375213623,925,True,0.21325111389160156,0.18158817291259766,both_correct
926,926,2.692331314086914,926,True,2.7168664932250977,926,True,0.024535179138183594,2.697474479675293,2.720550537109375,2.7683944702148438,2.728806495666504,0.036475181579589844,2.789536476135254,926,True,0.09720516204833984,4,3.018190860748291,926,True,0.32585954666137695,0.2286543846130371,both_correct
927,927,5.509379863739014,927,True,5.522980213165283,927,True,0.013600349426269531,5.548957824707031,5.51538610458374,5.492318630218506,5.518887519836426,0.00950765609741211,5.562102317810059,927,True,0.05272245407104492,0,5.713570594787598,927,True,0.20419073104858398,0.15146827697753906,both_correct
928,928,0.8049139976501465,928,True,0.8155732154846191,928,True,0.010659217834472656,0.793123722076416,0.770841121673584,0.7849535942077637,0.7829728126525879,-0.021941184997558594,0.9160480499267578,928,True,0.11113405227661133,0,1.1326031684875488,928,True,0.32768917083740234,0.21655511856079102,both_correct
929,929,-1.761641025543213,584,False,-1.9109044075012207,584,False,-0.1492633819580078,-1.839479923248291,-1.910749912261963,-1.75042724609375,-1.833552360534668,-0.07191133499145508,-1.5371651649475098,584,False,0.22447586059570312,0,-0.9978065490722656,584,False,0.7638344764709473,0.5393586158752441,both_incorrect
930,930,2.340531826019287,930,True,2.3377599716186523,930,True,-0.0027718544006347656,2.321194648742676,2.319711208343506,2.3153076171875,2.318737824757894,-0.02179400126139308,2.3722753524780273,930,True,0.031743526458740234,6,2.5228796005249023,930,True,0.18234777450561523,0.150604248046875,both_correct
931,931,-2.377241611480713,930,False,-2.4360408782958984,930,False,-0.05879926681518555,-2.354487419128418,-2.343809127807617,-2.2915077209472656,-2.3299347559611,0.04730685551961278,-2.1867642402648926,930,False,0.1904773712158203,2,-1.9652748107910156,930,False,0.41196680068969727,0.22148942947387695,both_incorrect
932,932,2.969956398010254,932,True,3.0115880966186523,932,True,0.04163169860839844,2.982980728149414,3.029355049133301,2.98006010055542,2.9974652926127114,0.027508894602457534,3.0406694412231445,932,True,0.07071304321289062,1,3.372323513031006,932,True,0.40236711502075195,0.33165407180786133,both_correct
933,933,4.036352157592773,933,True,4.048648834228516,933,True,0.012296676635742188,3.9810967445373535,4.039855003356934,4.044980049133301,4.021977265675862,-0.014374891916911103,4.057265281677246,933,True,0.020913124084472656,3,4.280019760131836,933,True,0.2436676025390625,0.22275447845458984,both_correct
934,934,3.207108974456787,934,True,3.255934238433838,934,True,0.04882526397705078,3.22043514251709,3.1606574058532715,3.182976245880127,3.1880229314168296,-0.019086043039957534,3.2803683280944824,934,True,0.07325935363769531,2,3.5644149780273438,934,True,0.35730600357055664,0.28404664993286133,both_correct
935,935,-0.5112338066101074,923,False,-0.5185551643371582,923,False,-0.007321357727050781,-0.5442867279052734,-0.544281005859375,-0.5360746383666992,-0.5415474573771158,-0.030313650767008427,-0.4681358337402344,923,False,0.04309797286987305,0,-0.1594099998474121,923,False,0.3518238067626953,0.30872583389282227,both_incorrect
936,936,-0.3590874671936035,956,False,-0.3645353317260742,956,False,-0.005447864532470703,-0.41201114654541016,-0.45462989807128906,-0.44670867919921875,-0.43778324127197266,-0.07869577407836914,-0.3116912841796875,956,False,0.047396183013916016,6,0.05419588088989258,936,True,0.4132833480834961,0.3658871650695801,tokenwise_only
937,937,2.9209890365600586,937,True,2.9504804611206055,937,True,0.029491424560546875,2.9284205436706543,2.921415328979492,2.9297008514404297,2.9265122413635254,0.005523204803466797,3.0455002784729004,937,True,0.1245112419128418,0,3.1474437713623047,937,True,0.2264547348022461,0.1019434928894043,both_correct
938,938,3.088111400604248,938,True,3.0968265533447266,938,True,0.008715152740478516,3.085822582244873,3.078914165496826,3.104541301727295,3.089759349822998,0.00164794921875,3.15513277053833,938,True,0.06702136993408203,6,3.2308340072631836,938,True,0.14272260665893555,0.07570123672485352,both_correct
939,939,2.469177722930908,939,True,2.463705062866211,939,True,-0.005472660064697266,2.438058376312256,2.440396785736084,2.438002109527588,2.438819090525309,-0.030358632405599106,2.5525903701782227,939,True,0.08341264724731445,4,2.570258617401123,939,True,0.10108089447021484,0.01766824722290039,both_correct
940,940,2.914102077484131,940,True,2.9384560585021973,940,True,0.024353981018066406,2.891902446746826,2.8850111961364746,2.911405086517334,2.896106243133545,-0.017995834350585938,2.9384560585021973,940,True,0.024353981018066406,7,3.100648880004883,940,True,0.18654680252075195,0.16219282150268555,both_correct
941,941,0.18992853164672852,941,True,0.2844057083129883,941,True,0.09447717666625977,0.21933555603027344,0.1631155014038086,0.20817279815673828,0.19687461853027344,0.006946086883544922,0.29973697662353516,941,True,0.10980844497680664,1,0.6103086471557617,941,True,0.4203801155090332,0.31057167053222656,both_correct
942,942,0.28864097595214844,942,True,0.1541123390197754,942,True,-0.13452863693237305,0.2689957618713379,0.30886125564575195,0.2738180160522461,0.2838916778564453,-0.004749298095703125,0.40869712829589844,942,True,0.12005615234375,0,0.8618602752685547,942,True,0.5732192993164062,0.45316314697265625,both_correct
943,943,-0.8399500846862793,582,False,-0.7971806526184082,582,False,0.042769432067871094,-0.8914980888366699,-0.835808277130127,-0.868192195892334,-0.865166187286377,-0.025216102600097656,-0.7971806526184082,582,False,0.042769432067871094,7,-0.4645957946777344,582,False,0.3753542900085449,0.33258485794067383,both_incorrect
944,944,3.6946473121643066,944,True,3.6485557556152344,944,True,-0.046091556549072266,3.7267651557922363,3.7345290184020996,3.729276657104492,3.7301902770996094,0.035542964935302734,3.8783373832702637,944,True,0.18369007110595703,2,3.892001152038574,944,True,0.19735383987426758,0.013663768768310547,both_correct
945,945,5.307338714599609,945,True,5.303167343139648,945,True,-0.0041713714599609375,5.296352863311768,5.2825846672058105,5.276259899139404,5.285065809885661,-0.02227290471394827,5.35244083404541,945,True,0.04510211944580078,5,5.476096153259277,945,True,0.16875743865966797,0.12365531921386719,both_correct
946,946,3.3441123962402344,946,True,3.3651251792907715,946,True,0.02101278305053711,3.3327832221984863,3.353947162628174,3.3478617668151855,3.3448640505472818,0.000751654307047378,3.41154146194458,946,True,0.0674290657043457,4,3.496119976043701,946,True,0.1520075798034668,0.0845785140991211,both_correct
947,947,-7.748435974121094,994,False,-7.752566337585449,994,False,-0.004130363464355469,-7.755427360534668,-7.762087821960449,-7.764119625091553,-7.760544935862224,-0.012108961741129853,-7.706562042236328,994,False,0.041873931884765625,5,-7.550816535949707,994,False,0.19761943817138672,0.1557455062866211,both_incorrect
948,948,4.084673881530762,948,True,4.178652763366699,948,True,0.0939788818359375,4.120482444763184,4.102132797241211,4.05075740814209,4.091124216715495,0.006450335184733369,4.203630447387695,948,True,0.1189565658569336,4,4.588147163391113,948,True,0.5034732818603516,0.38451671600341797,both_correct
949,949,2.246764659881592,949,True,2.27694034576416,949,True,0.03017568588256836,2.2310099601745605,2.1787524223327637,2.213568687438965,2.2077770233154297,-0.03898763656616211,2.308666706085205,949,True,0.06190204620361328,0,2.6267218589782715,949,True,0.3799571990966797,0.3180551528930664,both_correct
950,950,-3.847970724105835,522,False,-4.085299491882324,522,False,-0.23732876777648926,-3.785465717315674,-3.8351268768310547,-3.7765040397644043,-3.799032211303711,0.04893851280212402,-3.51577091217041,522,False,0.3321998119354248,4,-3.08720064163208,641,False,0.7607700824737549,0.4285702705383301,both_incorrect
951,951,2.238471031188965,951,True,2.1739492416381836,951,True,-0.06452178955078125,2.1845316886901855,2.2120113372802734,2.2310171127319336,2.2091867129007974,-0.029284318288167466,2.2862157821655273,951,True,0.0477447509765625,1,2.49180269241333,951,True,0.25333166122436523,0.20558691024780273,both_correct
952,952,-6.699614524841309,950,False,-6.648894786834717,950,False,0.0507197380065918,-6.7032575607299805,-6.702574253082275,-6.722899913787842,-6.709577242533366,-0.009962717692057588,-6.632822036743164,950,False,0.06679248809814453,3,-6.459997653961182,950,False,0.23961687088012695,0.17282438278198242,both_incorrect
953,953,-1.5914764404296875,962,False,-1.3099875450134277,962,False,0.28148889541625977,-1.5427536964416504,-1.4865097999572754,-1.528566837310791,-1.519276777903239,0.0721996625264485,-1.3099875450134277,962,False,0.28148889541625977,7,-0.8689589500427246,962,False,0.7225174903869629,0.4410285949707031,both_incorrect
954,954,3.8848447799682617,954,True,3.8413166999816895,954,True,-0.043528079986572266,3.9822559356689453,3.974127769470215,3.952010154724121,3.9694646199544272,0.08461983998616551,4.047555923461914,954,True,0.16271114349365234,4,4.134533882141113,954,True,0.24968910217285156,0.08697795867919922,both_correct
955,955,5.045464515686035,955,True,5.108529090881348,955,True,0.0630645751953125,5.064201354980469,5.014135360717773,5.084075927734375,5.054137547810872,0.008673032124836944,5.132920265197754,955,True,0.08745574951171875,5,5.273038864135742,955,True,0.22757434844970703,0.14011859893798828,both_correct
956,956,4.14512825012207,956,True,4.172321319580078,956,True,0.027193069458007812,4.113711357116699,4.148343086242676,4.1886138916015625,4.1502227783203125,0.0050945281982421875,4.263154029846191,956,True,0.1180257797241211,5,4.563920021057129,956,True,0.4187917709350586,0.3007659912109375,both_correct
957,957,5.532559394836426,957,True,5.555785179138184,957,True,0.023225784301757812,5.574851036071777,5.5314178466796875,5.543609619140625,5.549959500630696,0.017400105794270537,5.603607654571533,957,True,0.07104825973510742,3,5.797420501708984,957,True,0.2648611068725586,0.19381284713745117,both_correct
958,958,0.6252250671386719,958,True,0.5828065872192383,958,True,-0.042418479919433594,0.5812463760375977,0.6046075820922852,0.6270427703857422,0.6042989095052084,-0.020926157633463505,0.7689552307128906,958,True,0.14373016357421875,3,1.0216026306152344,958,True,0.3963775634765625,0.25264739990234375,both_correct
959,959,4.201942443847656,959,True,4.19025993347168,959,True,-0.011682510375976562,4.1750407218933105,4.169012069702148,4.162713527679443,4.168922106424968,-0.033020337422688506,4.227690696716309,959,True,0.025748252868652344,3,4.395573616027832,959,True,0.19363117218017578,0.16788291931152344,both_correct
960,960,1.4756183624267578,960,True,1.5270986557006836,960,True,0.05148029327392578,1.4234228134155273,1.4550933837890625,1.4371514320373535,1.4385558764139812,-0.03706248601277662,1.5270986557006836,960,True,0.05148029327392578,7,1.8015632629394531,960,True,0.3259449005126953,0.27446460723876953,both_correct
961,961,-8.127052307128906,963,False,-8.12631607055664,963,False,0.000736236572265625,-8.108522415161133,-8.128010749816895,-8.091785430908203,-8.109439531962076,0.01761277516683002,-8.049497604370117,963,False,0.07755470275878906,5,-7.85762357711792,963,False,0.26942873001098633,0.19187402725219727,both_incorrect
962,962,-1.1533699035644531,930,False,-1.259462833404541,930,False,-0.10609292984008789,-1.119520664215088,-1.1367197036743164,-1.1727027893066406,-1.1429810523986816,0.010388851165771484,-1.0120296478271484,930,False,0.1413402557373047,0,-0.6709442138671875,930,False,0.4824256896972656,0.34108543395996094,both_incorrect
963,963,-1.0941615104675293,930,False,-1.1277384757995605,930,False,-0.03357696533203125,-1.0722265243530273,-1.071911334991455,-1.0915751457214355,-1.0785710016886394,0.0155905087788899,-0.8996062278747559,930,False,0.19455528259277344,0,-0.6892690658569336,930,False,0.4048924446105957,0.21033716201782227,both_incorrect
964,964,4.311985015869141,964,True,4.211733341217041,964,True,-0.10025167465209961,4.327173233032227,4.313625335693359,4.276637554168701,4.305812040964763,-0.006172974904377959,4.376657009124756,964,True,0.06467199325561523,2,4.545976638793945,964,True,0.2339916229248047,0.16931962966918945,both_correct
965,965,1.9323344230651855,965,True,1.946505069732666,965,True,0.014170646667480469,1.9661321640014648,1.95098876953125,1.8883681297302246,1.9351630210876465,0.0028285980224609375,2.014554977416992,965,True,0.08222055435180664,6,2.3936519622802734,965,True,0.4613175392150879,0.37909698486328125,both_correct
966,966,0.7284579277038574,966,True,0.63677978515625,966,True,-0.09167814254760742,0.7058887481689453,0.7026829719543457,0.6686568260192871,0.6924095153808594,-0.03604841232299805,0.854546070098877,966,True,0.12608814239501953,4,1.0128750801086426,966,True,0.28441715240478516,0.15832901000976562,both_correct
967,967,1.292311191558838,967,True,1.3059439659118652,967,True,0.013632774353027344,1.263948917388916,1.2684054374694824,1.2789053916931152,1.2704199155171711,-0.02189127604166674,1.3111467361450195,967,True,0.01883554458618164,3,1.4941062927246094,967,True,0.20179510116577148,0.18295955657958984,both_correct
968,968,-0.23016834259033203,504,False,-0.19461917877197266,504,False,0.035549163818359375,-0.20902633666992188,-0.2417135238647461,-0.2194833755493164,-0.22340774536132812,0.006760597229003906,-0.18580245971679688,504,False,0.044365882873535156,5,-0.09744453430175781,504,False,0.13272380828857422,0.08835792541503906,both_incorrect
969,969,3.5426483154296875,969,True,3.4160351753234863,969,True,-0.12661314010620117,3.495089530944824,3.5658626556396484,3.5807037353515625,3.547218640645345,0.0045703252156577,3.598651885986328,969,True,0.056003570556640625,5,4.04469108581543,969,True,0.5020427703857422,0.44603919982910156,both_correct
970,970,-0.2843036651611328,795,False,-0.21109867095947266,795,False,0.07320499420166016,-0.30008697509765625,-0.28711986541748047,-0.30612754821777344,-0.2977781295776367,-0.013474464416503906,-0.21109867095947266,795,False,0.07320499420166016,7,0.04962348937988281,970,True,0.3339271545410156,0.26072216033935547,tokenwise_only
971,971,2.2464237213134766,971,True,2.20687198638916,971,True,-0.039551734924316406,2.152179718017578,2.1702914237976074,2.224186897277832,2.1822193463643393,-0.06420437494913722,2.3793554306030273,971,True,0.13293170928955078,2,2.67661714553833,971,True,0.4301934242248535,0.29726171493530273,both_correct
972,972,-2.9519858360290527,42,False,-2.887814998626709,42,False,0.06417083740234375,-2.9330248832702637,-2.9500746726989746,-2.940225124359131,-2.941108226776123,0.010877609252929688,-2.8115224838256836,42,False,0.14046335220336914,0,-2.67159366607666,42,False,0.2803921699523926,0.13992881774902344,both_incorrect
973,973,0.7245540618896484,973,True,0.7696943283081055,973,True,0.04514026641845703,0.7406930923461914,0.7169990539550781,0.738398551940918,0.7320302327473959,0.007476170857747433,0.7994537353515625,973,True,0.07489967346191406,0,0.9317426681518555,973,True,0.20718860626220703,0.13228893280029297,both_correct
974,974,2.5148911476135254,974,True,2.595613956451416,974,True,0.08072280883789062,2.5309829711914062,2.550732135772705,2.494476795196533,2.525397300720215,0.010506153106689453,2.595613956451416,974,True,0.08072280883789062,7,2.8650007247924805,974,True,0.3501095771789551,0.26938676834106445,both_correct
975,975,2.460583209991455,975,True,2.508256435394287,975,True,0.04767322540283203,2.464026927947998,2.4286561012268066,2.422739028930664,2.4384740193684897,-0.022109190622965347,2.5238022804260254,975,True,0.06321907043457031,6,2.7079482078552246,975,True,0.24736499786376953,0.18414592742919922,both_correct
976,976,-2.5060195922851562,975,False,-2.460783004760742,975,False,0.04523658752441406,-2.470829486846924,-2.4605860710144043,-2.4682679176330566,-2.4665611584981284,0.03945843378702785,-2.3938632011413574,975,False,0.11215639114379883,3,-2.1932644844055176,975,False,0.31275510787963867,0.20059871673583984,both_incorrect
977,977,0.7265782356262207,977,True,0.7134313583374023,977,True,-0.01314687728881836,0.7358689308166504,0.7132205963134766,0.7191576957702637,0.7227490743001302,-0.003829161326090458,0.7179808616638184,977,True,-0.008597373962402344,0,0.8227324485778809,977,True,0.09615421295166016,0.1047515869140625,both_correct
978,978,-1.4645400047302246,977,False,-1.4536824226379395,977,False,0.010857582092285156,-1.4489455223083496,-1.4654359817504883,-1.4616589546203613,-1.4586801528930664,0.005859851837158203,-1.3850584030151367,977,False,0.07948160171508789,1,-1.3192095756530762,977,False,0.14533042907714844,0.06584882736206055,both_incorrect
979,979,2.126622200012207,979,True,2.0274367332458496,979,True,-0.09918546676635742,2.137417793273926,2.11248779296875,2.1288561820983887,2.126253922780355,-0.0003682772318520655,2.2238478660583496,979,True,0.09722566604614258,1,2.348529815673828,979,True,0.2219076156616211,0.12468194961547852,both_correct
980,980,3.410533905029297,980,True,3.415646553039551,980,True,0.005112648010253906,3.4442148208618164,3.4150757789611816,3.4252147674560547,3.428168455759684,0.017634550730387222,3.505976676940918,980,True,0.0954427719116211,6,3.7637243270874023,980,True,0.35319042205810547,0.2577476501464844,both_correct
981,981,0.6286764144897461,981,True,0.5605087280273438,981,True,-0.06816768646240234,0.647618293762207,0.6351633071899414,0.6638331413269043,0.6488715807596842,0.020195166269938114,0.704707145690918,981,True,0.07603073120117188,4,0.8816537857055664,981,True,0.2529773712158203,0.17694664001464844,both_correct
982,982,0.6151819229125977,982,True,0.6024923324584961,982,True,-0.012689590454101562,0.5981106758117676,0.6327419281005859,0.6188430786132812,0.6165652275085449,0.0013833045959472656,0.6940784454345703,982,True,0.07889652252197266,0,0.9488954544067383,982,True,0.3337135314941406,0.25481700897216797,both_correct
983,983,-4.045714378356934,147,False,-4.0252580642700195,147,False,0.020456314086914062,-3.9815280437469482,-4.001837730407715,-3.9654667377471924,-3.9829441706339517,0.06277020772298192,-3.9014408588409424,147,False,0.1442735195159912,5,-3.7820069789886475,801,False,0.26370739936828613,0.11943387985229492,both_incorrect
984,984,-0.7400832176208496,325,False,-0.6898694038391113,325,False,0.05021381378173828,-0.764279842376709,-0.8545527458190918,-0.7472085952758789,-0.7886803944905599,-0.04859717686971032,-0.6888127326965332,325,False,0.051270484924316406,6,-0.31290197372436523,325,False,0.4271812438964844,0.37591075897216797,both_incorrect
985,985,2.983612537384033,985,True,3.0096426010131836,985,True,0.02603006362915039,2.966930389404297,3.054276466369629,2.984707832336426,3.0019715627034507,0.018359025319417466,3.1031503677368164,985,True,0.1195378303527832,5,3.2772111892700195,985,True,0.29359865188598633,0.17406082153320312,both_correct
986,986,6.195992469787598,986,True,6.140636444091797,986,True,-0.05535602569580078,6.2347869873046875,6.1997833251953125,6.216707229614258,6.217092514038086,0.02110004425048828,6.27579927444458,986,True,0.07980680465698242,5,6.4623823165893555,986,True,0.2663898468017578,0.1865830421447754,both_correct
987,987,-1.0646905899047852,998,False,-1.086273193359375,998,False,-0.021582603454589844,-1.063058853149414,-1.0640220642089844,-1.0624046325683594,-1.063161849975586,0.0015287399291992188,-1.0477294921875,998,False,0.016961097717285156,3,-0.9778575897216797,998,False,0.08683300018310547,0.06987190246582031,both_incorrect
988,988,2.6743783950805664,988,True,2.640460968017578,988,True,-0.03391742706298828,2.664191246032715,2.651512622833252,2.606062412261963,2.6405887603759766,-0.033789634704589844,2.7253317832946777,988,True,0.05095338821411133,0,2.9826607704162598,988,True,0.30828237533569336,0.25732898712158203,both_correct
989,989,6.54285192489624,989,True,6.527149677276611,989,True,-0.015702247619628906,6.550978660583496,6.565741539001465,6.514392852783203,6.543704350789388,0.0008524258931474904,6.619441032409668,989,True,0.07658910751342773,5,6.832319259643555,989,True,0.28946733474731445,0.21287822723388672,both_correct
990,990,4.741330146789551,990,True,4.725605010986328,990,True,-0.015725135803222656,4.749873161315918,4.73227071762085,4.72787618637085,4.736673355102539,-0.004656791687011719,4.854039669036865,990,True,0.11270952224731445,2,5.054739475250244,990,True,0.31340932846069336,0.2006998062133789,both_correct
991,991,4.27284574508667,991,True,4.296428680419922,991,True,0.023582935333251953,4.224024295806885,4.276152610778809,4.288431644439697,4.262869517008464,-0.009976228078206084,4.403965473175049,991,True,0.1311197280883789,6,4.524652004241943,991,True,0.25180625915527344,0.12068653106689453,both_correct
992,992,-2.757009506225586,997,False,-2.6827077865600586,997,False,0.07430171966552734,-2.7721590995788574,-2.7821459770202637,-2.769913673400879,-2.7747395833333335,-0.017730077107747544,-2.6827077865600586,997,False,0.07430171966552734,7,-2.5718994140625,997,False,0.18511009216308594,0.1108083724975586,both_incorrect
993,993,5.350597381591797,993,True,5.318157196044922,993,True,-0.032440185546875,5.367677688598633,5.36002254486084,5.339503288269043,5.355734507242839,0.005137125651041963,5.436956405639648,993,True,0.08635902404785156,6,5.53693962097168,993,True,0.1863422393798828,0.09998321533203125,both_correct
994,994,4.849848747253418,994,True,4.8817362785339355,994,True,0.03188753128051758,4.88226318359375,4.863574981689453,4.890603065490723,4.878813743591309,0.028964996337890625,4.967198371887207,994,True,0.11734962463378906,6,5.08937931060791,994,True,0.2395305633544922,0.12218093872070312,both_correct
995,995,4.781220436096191,995,True,4.791311740875244,995,True,0.010091304779052734,4.76339864730835,4.761776447296143,4.768166542053223,4.764447212219238,-0.016773223876953125,4.847150802612305,995,True,0.06593036651611328,3,4.985993385314941,995,True,0.20477294921875,0.13884258270263672,both_correct
996,996,4.466838359832764,996,True,4.5067901611328125,996,True,0.03995180130004883,4.475614070892334,4.5052032470703125,4.504812240600586,4.495209852854411,0.02837149302164743,4.567572116851807,996,True,0.10073375701904297,6,4.622166633605957,996,True,0.15532827377319336,0.05459451675415039,both_correct
997,997,2.691537380218506,997,True,2.6893205642700195,997,True,-0.002216815948486328,2.7084217071533203,2.7341299057006836,2.6949448585510254,2.7124988238016763,0.020961443583170425,2.824982166290283,997,True,0.13344478607177734,2,2.9976272583007812,997,True,0.3060898780822754,0.17264509201049805,both_correct
998,998,1.2500133514404297,998,True,1.2449169158935547,998,True,-0.005096435546875,1.249288558959961,1.248826026916504,1.2464370727539062,1.2481838862101238,-0.0018294652303059156,1.2796993255615234,998,True,0.02968597412109375,1,1.3286142349243164,998,True,0.07860088348388672,0.04891490936279297,both_correct
999,999,-1.7036752700805664,543,False,-1.6566028594970703,543,False,0.047072410583496094,-1.658717155456543,-1.6292729377746582,-1.6914877891540527,-1.6598259607950847,0.0438493092854817,-1.533097267150879,543,False,0.1705780029296875,2,-1.0833587646484375,543,False,0.6203165054321289,0.4497385025024414,both_incorrect
