sample_id,target_class,base_margin,base_pred,base_correct,most_recent_margin,most_recent_pred,most_recent_correct,most_recent_delta,rand_2501_margin,rand_2502_margin,rand_2503_margin,rand_mean_margin,rand_mean_delta,global_margin,global_pred,global_correct,global_delta,global_selected_layer,tokenwise_margin,tokenwise_pred,tokenwise_correct,tokenwise_delta,tokenwise_vs_global_margin_diff,flip_category
0,0,6.212746620178223,0,True,6.241092681884766,0,True,0.02834606170654297,6.222724437713623,6.220495700836182,6.2218017578125,6.221673965454102,0.008927345275878906,6.26430606842041,0,True,0.0515594482421875,0,6.322169303894043,0,True,0.10942268371582031,0.05786323547363281,both_correct
1,1,4.902529239654541,1,True,4.917515754699707,1,True,0.014986515045166016,4.886761665344238,4.886533737182617,4.91552734375,4.896274248758952,-0.006254990895588897,4.929646015167236,1,True,0.027116775512695312,3,5.032244682312012,1,True,0.1297154426574707,0.10259866714477539,both_correct
2,2,3.991947650909424,2,True,3.9911179542541504,2,True,-0.0008296966552734375,4.000851631164551,4.027602672576904,3.9832873344421387,4.003913879394531,0.011966228485107422,4.067396640777588,2,True,0.07544898986816406,1,4.159141540527344,2,True,0.16719388961791992,0.09174489974975586,both_correct
3,3,3.927070140838623,3,True,3.87382173538208,3,True,-0.05324840545654297,3.930983543395996,3.9060440063476562,3.9269442558288574,3.9213239351908364,-0.005746205647786606,3.9849963188171387,3,True,0.057926177978515625,5,4.071112632751465,3,True,0.1440424919128418,0.08611631393432617,both_correct
4,4,3.7204222679138184,4,True,3.699913501739502,4,True,-0.020508766174316406,3.7561612129211426,3.7403993606567383,3.764291286468506,3.753617286682129,0.03319501876831055,3.801945209503174,4,True,0.08152294158935547,1,3.8717141151428223,4,True,0.1512918472290039,0.06976890563964844,both_correct
5,5,5.824685096740723,5,True,5.82517147064209,5,True,0.0004863739013671875,5.822976112365723,5.824848175048828,5.834641456604004,5.8274885813395185,0.002803484598795869,5.917442321777344,5,True,0.0927572250366211,0,5.972283840179443,5,True,0.1475987434387207,0.05484151840209961,both_correct
6,6,-3.751485824584961,5,False,-3.8129348754882812,5,False,-0.06144905090332031,-3.7428574562072754,-3.7408480644226074,-3.7383031845092773,-3.74066956837972,0.010816256205240737,-3.6364593505859375,5,False,0.11502647399902344,4,-3.465023994445801,5,False,0.28646183013916016,0.17143535614013672,both_incorrect
7,7,-3.0229082107543945,676,False,-3.035951614379883,676,False,-0.013043403625488281,-2.9470109939575195,-3.0672502517700195,-3.023289680480957,-3.012516975402832,0.0103912353515625,-3.1193056106567383,691,False,-0.09639739990234375,0,-2.5059399604797363,691,False,0.5169682502746582,0.613365650177002,both_incorrect
8,8,4.469820022583008,8,True,4.451371192932129,8,True,-0.018448829650878906,4.502169609069824,4.49289608001709,4.473011016845703,4.489358901977539,0.01953887939453125,4.537186145782471,8,True,0.06736612319946289,2,4.567417621612549,8,True,0.09759759902954102,0.030231475830078125,both_correct
9,9,7.484186172485352,9,True,7.518551826477051,9,True,0.03436565399169922,7.475161075592041,7.497232437133789,7.47706937789917,7.483154296875,-0.0010318756103515625,7.487943649291992,9,True,0.003757476806640625,6,7.545516490936279,9,True,0.061330318450927734,0.05757284164428711,both_correct
10,10,7.23936653137207,10,True,7.26378059387207,10,True,0.0244140625,7.2255754470825195,7.2470550537109375,7.228785991668701,7.233805497487386,-0.005561033884684541,7.268619537353516,10,True,0.029253005981445312,0,7.300678253173828,10,True,0.06131172180175781,0.0320587158203125,both_correct
11,11,5.59261417388916,11,True,5.567500114440918,11,True,-0.025114059448242188,5.616569995880127,5.587719917297363,5.592563629150391,5.59895118077596,0.006337006886799834,5.679078102111816,11,True,0.08646392822265625,1,5.797365188598633,11,True,0.20475101470947266,0.1182870864868164,both_correct
12,12,4.050965309143066,12,True,4.020745754241943,12,True,-0.030219554901123047,4.015149116516113,4.036484718322754,4.036754608154297,4.029462814331055,-0.02150249481201172,4.102757453918457,12,True,0.051792144775390625,6,4.304816246032715,12,True,0.25385093688964844,0.2020587921142578,both_correct
13,13,0.8450937271118164,13,True,0.8194890022277832,13,True,-0.025604724884033203,0.8966503143310547,0.776862621307373,0.7671017646789551,0.8135382334391276,-0.03155549367268884,1.077439308166504,13,True,0.2323455810546875,0,1.3503456115722656,13,True,0.5052518844604492,0.2729063034057617,both_correct
14,14,5.274044036865234,14,True,5.195802688598633,14,True,-0.07824134826660156,5.291333198547363,5.251038551330566,5.309971809387207,5.284114519755046,0.010070482889811494,5.3688859939575195,14,True,0.09484195709228516,5,5.484835624694824,14,True,0.21079158782958984,0.11594963073730469,both_correct
15,15,6.144078254699707,15,True,6.130645751953125,15,True,-0.013432502746582031,6.145158767700195,6.1256914138793945,6.125531196594238,6.132127126057942,-0.011951128641764619,6.151130676269531,15,True,0.007052421569824219,1,6.286219120025635,15,True,0.14214086532592773,0.13508844375610352,both_correct
16,16,1.4854559898376465,16,True,1.3255839347839355,16,True,-0.15987205505371094,1.533566951751709,1.5424365997314453,1.5009856224060059,1.5256630579630535,0.040207068125406975,1.6319193840026855,16,True,0.14646339416503906,0,1.8018240928649902,16,True,0.31636810302734375,0.1699047088623047,both_correct
17,17,5.991258144378662,17,True,6.052019119262695,17,True,0.0607609748840332,5.963888645172119,5.98394250869751,5.999427318572998,5.982419490814209,-0.008838653564453125,6.052019119262695,17,True,0.0607609748840332,7,6.154532432556152,17,True,0.16327428817749023,0.10251331329345703,both_correct
18,18,4.432436943054199,18,True,4.29909086227417,18,True,-0.1333460807800293,4.447195529937744,4.411760330200195,4.478274822235107,4.445743560791016,0.013306617736816406,4.499790668487549,18,True,0.06735372543334961,6,4.695871829986572,18,True,0.26343488693237305,0.19608116149902344,both_correct
19,19,4.888439178466797,19,True,4.891365051269531,19,True,0.002925872802734375,4.864474773406982,4.906081199645996,4.9001617431640625,4.890239238739014,0.0018000602722167969,4.986273765563965,19,True,0.09783458709716797,5,5.187911033630371,19,True,0.2994718551635742,0.20163726806640625,both_correct
20,20,-9.193513870239258,95,False,-9.161413192749023,95,False,0.032100677490234375,-9.208395004272461,-9.211944580078125,-9.232068061828613,-9.217469215393066,-0.023955345153808594,-9.161413192749023,95,False,0.032100677490234375,7,-8.998190879821777,95,False,0.19532299041748047,0.1632223129272461,both_incorrect
21,21,5.330949783325195,21,True,5.306266784667969,21,True,-0.024682998657226562,5.312802791595459,5.37307071685791,5.312990188598633,5.332954565684001,0.0020047823588056346,5.36205530166626,21,True,0.031105518341064453,6,5.384002685546875,21,True,0.05305290222167969,0.021947383880615234,both_correct
22,22,5.073941707611084,22,True,5.108037948608398,22,True,0.03409624099731445,5.133373260498047,5.121953010559082,5.0895280838012695,5.114951451619466,0.041009744008381865,5.159067153930664,22,True,0.08512544631958008,1,5.327357292175293,22,True,0.253415584564209,0.1682901382446289,both_correct
23,23,-0.9251556396484375,84,False,-0.9797382354736328,84,False,-0.05458259582519531,-0.7616004943847656,-1.0079960823059082,-0.8350067138671875,-0.8682010968526205,0.05695454279581702,-0.6821093559265137,84,False,0.24304628372192383,2,-0.44675636291503906,84,False,0.47839927673339844,0.2353529930114746,both_incorrect
24,24,7.443737506866455,24,True,7.450845241546631,24,True,0.007107734680175781,7.447757244110107,7.453886985778809,7.460630416870117,7.454091548919678,0.010354042053222656,7.461109161376953,24,True,0.017371654510498047,2,7.506932258605957,24,True,0.06319475173950195,0.045823097229003906,both_correct
25,25,3.9025678634643555,25,True,3.8752050399780273,25,True,-0.027362823486328125,3.924992561340332,3.9156880378723145,3.912973403930664,3.917884667714437,0.015316804250081528,3.9554848670959473,25,True,0.0529170036315918,1,4.010082244873047,25,True,0.1075143814086914,0.05459737777709961,both_correct
26,26,-4.547704219818115,311,False,-4.519735336303711,311,False,0.027968883514404297,-4.563423156738281,-4.586461067199707,-4.503671646118164,-4.551185290018718,-0.0034810702006025096,-4.259280204772949,311,False,0.288424015045166,0,-4.09320068359375,311,False,0.45450353622436523,0.16607952117919922,both_incorrect
27,27,2.349696159362793,27,True,2.366518020629883,27,True,0.016821861267089844,2.345510482788086,2.3464698791503906,2.359410285949707,2.350463549296061,0.0007673899332680811,2.4095563888549805,27,True,0.0598602294921875,1,2.4423789978027344,27,True,0.0926828384399414,0.032822608947753906,both_correct
28,28,2.1773858070373535,28,True,2.190958023071289,28,True,0.013572216033935547,2.183798313140869,2.158877372741699,2.1982240676879883,2.180299917856852,0.00291411081949855,2.2161126136779785,28,True,0.038726806640625,5,2.2942605018615723,28,True,0.11687469482421875,0.07814788818359375,both_correct
29,29,3.5008201599121094,29,True,3.5440759658813477,29,True,0.04325580596923828,3.520812511444092,3.4897351264953613,3.501565933227539,3.504037857055664,0.0032176971435546875,3.579817295074463,29,True,0.07899713516235352,3,3.8090105056762695,29,True,0.30819034576416016,0.22919321060180664,both_correct
30,30,3.0528197288513184,30,True,2.986204147338867,30,True,-0.06661558151245117,3.0601277351379395,3.05863618850708,3.049032211303711,3.05593204498291,0.003112316131591797,3.0836024284362793,30,True,0.030782699584960938,1,3.150094509124756,30,True,0.0972747802734375,0.06649208068847656,both_correct
31,31,-0.02737712860107422,32,False,-0.05217552185058594,32,False,-0.02479839324951172,-0.026763916015625,-0.028936386108398438,-0.0013866424560546875,-0.019028981526692707,0.008348147074381512,0.07006645202636719,31,True,0.0974435806274414,1,0.1425628662109375,31,True,0.16993999481201172,0.07249641418457031,both_correct
32,32,1.6541929244995117,32,True,1.6390132904052734,32,True,-0.015179634094238281,1.6362724304199219,1.6422185897827148,1.6409893035888672,1.639826774597168,-0.01436614990234375,1.7016839981079102,32,True,0.04749107360839844,0,1.755533218383789,32,True,0.10134029388427734,0.053849220275878906,both_correct
33,33,3.1294589042663574,33,True,3.1262831687927246,33,True,-0.0031757354736328125,3.143190860748291,3.129560947418213,3.1382522583007812,3.137001355489095,0.007542451222737778,3.176616668701172,33,True,0.04715776443481445,4,3.2616958618164062,33,True,0.13223695755004883,0.08507919311523438,both_correct
34,34,1.9136409759521484,34,True,1.953768253326416,34,True,0.04012727737426758,1.9077482223510742,1.904097557067871,1.8946847915649414,1.902176856994629,-0.011464118957519531,1.953768253326416,34,True,0.04012727737426758,7,2.0717849731445312,34,True,0.1581439971923828,0.11801671981811523,both_correct
35,35,2.4351606369018555,35,True,2.3283205032348633,35,True,-0.10684013366699219,2.451603412628174,2.4366769790649414,2.4523825645446777,2.446887652079264,0.011727015177408706,2.5087013244628906,35,True,0.07354068756103516,6,2.639077663421631,35,True,0.2039170265197754,0.13037633895874023,both_correct
36,36,0.6009607315063477,36,True,0.5469074249267578,36,True,-0.054053306579589844,0.5829358100891113,0.6408681869506836,0.6118683815002441,0.6118907928466797,0.010930061340332031,0.6618499755859375,36,True,0.060889244079589844,5,0.7939534187316895,36,True,0.1929926872253418,0.13210344314575195,both_correct
37,37,2.485382080078125,37,True,2.4984073638916016,37,True,0.013025283813476562,2.5337157249450684,2.5343027114868164,2.496962547302246,2.521660327911377,0.03627824783325195,2.553800106048584,37,True,0.06841802597045898,3,2.637493133544922,37,True,0.15211105346679688,0.08369302749633789,both_correct
38,38,0.44223976135253906,38,True,0.3743557929992676,38,True,-0.06788396835327148,0.4323906898498535,0.44606733322143555,0.44487476348876953,0.44111092885335285,-0.0011288324991862164,0.4911961555480957,38,True,0.04895639419555664,4,0.6516461372375488,38,True,0.20940637588500977,0.16044998168945312,both_correct
39,39,-4.222658157348633,47,False,-4.233196258544922,47,False,-0.010538101196289062,-4.19785737991333,-4.211598873138428,-4.218584060668945,-4.209346771240234,0.013311386108398438,-4.112602233886719,47,False,0.11005592346191406,4,-3.9745941162109375,47,False,0.2480640411376953,0.13800811767578125,both_incorrect
40,40,1.8046536445617676,40,True,1.7954955101013184,40,True,-0.009158134460449219,1.825871467590332,1.8192081451416016,1.8163070678710938,1.8204622268676758,0.015808582305908203,1.8224740028381348,40,True,0.017820358276367188,3,1.875147819519043,40,True,0.07049417495727539,0.0526738166809082,both_correct
41,41,0.3755507469177246,41,True,0.4366950988769531,41,True,0.061144351959228516,0.37575435638427734,0.36241865158081055,0.378537654876709,0.3722368876139323,-0.003313859303792299,0.4366950988769531,41,True,0.061144351959228516,7,0.5870227813720703,41,True,0.2114720344543457,0.1503276824951172,both_correct
42,42,0.20113039016723633,42,True,0.2166600227355957,42,True,0.015529632568359375,0.25046300888061523,0.24696779251098633,0.2599635124206543,0.25246477127075195,0.051334381103515625,0.37557363510131836,42,True,0.17444324493408203,3,0.4989800453186035,42,True,0.2978496551513672,0.12340641021728516,both_correct
43,43,4.259126663208008,43,True,4.253727912902832,43,True,-0.005398750305175781,4.235348701477051,4.2512311935424805,4.237886905670166,4.241488933563232,-0.01763772964477539,4.257778167724609,43,True,-0.0013484954833984375,0,4.468850135803223,43,True,0.20972347259521484,0.21107196807861328,both_correct
44,44,4.997118949890137,44,True,4.93809700012207,44,True,-0.059021949768066406,5.001977920532227,5.028384208679199,4.99968147277832,5.010014533996582,0.012895584106445312,5.045943260192871,44,True,0.048824310302734375,5,5.181941032409668,44,True,0.18482208251953125,0.13599777221679688,both_correct
45,45,5.250762462615967,45,True,5.282994747161865,45,True,0.03223228454589844,5.2610368728637695,5.223115921020508,5.264087200164795,5.2494133313496905,-0.0013491312662763377,5.282994747161865,45,True,0.03223228454589844,7,5.349750995635986,45,True,0.09898853302001953,0.0667562484741211,both_correct
46,46,-0.7648591995239258,40,False,-0.7368564605712891,40,False,0.02800273895263672,-0.7826309204101562,-0.7881903648376465,-0.7696242332458496,-0.7801485061645508,-0.015289306640625,-0.7368564605712891,40,False,0.02800273895263672,7,-0.6328363418579102,40,False,0.13202285766601562,0.1040201187133789,both_incorrect
47,47,5.882957458496094,47,True,5.942110061645508,47,True,0.05915260314941406,5.8821210861206055,5.871681213378906,5.890467643737793,5.881423314412435,-0.0015341440836591502,5.942110061645508,47,True,0.05915260314941406,7,6.027451515197754,47,True,0.14449405670166016,0.0853414535522461,both_correct
48,48,-6.526761531829834,39,False,-6.500783920288086,39,False,0.025977611541748047,-6.554389476776123,-6.541642189025879,-6.553997039794922,-6.550009568532308,-0.023248036702473662,-6.500783920288086,39,False,0.025977611541748047,7,-6.383561611175537,39,False,0.14319992065429688,0.11722230911254883,both_incorrect
49,49,5.057955741882324,49,True,5.02799129486084,49,True,-0.029964447021484375,5.047804355621338,5.026280403137207,5.024158000946045,5.032747586568196,-0.0252081553141279,5.116304397583008,49,True,0.058348655700683594,1,5.254190444946289,49,True,0.19623470306396484,0.13788604736328125,both_correct
50,50,3.0939764976501465,50,True,3.1280813217163086,50,True,0.03410482406616211,3.118439197540283,3.1247000694274902,3.1276473999023438,3.1235955556233725,0.02961905797322606,3.184060573577881,50,True,0.09008407592773438,1,3.314924716949463,50,True,0.2209482192993164,0.13086414337158203,both_correct
51,51,3.637979030609131,51,True,3.4453916549682617,51,True,-0.19258737564086914,3.576019287109375,3.6068129539489746,3.60310697555542,3.59531307220459,-0.042665958404541016,3.8101887702941895,51,True,0.1722097396850586,2,4.0098466873168945,51,True,0.37186765670776367,0.19965791702270508,both_correct
52,52,5.080205917358398,52,True,5.067948341369629,52,True,-0.012257575988769531,5.058862686157227,5.044710159301758,5.082012176513672,5.061861673990886,-0.018344243367512725,5.129791259765625,52,True,0.04958534240722656,0,5.203859329223633,52,True,0.12365341186523438,0.07406806945800781,both_correct
53,53,4.203523635864258,53,True,4.230943202972412,53,True,0.027419567108154297,4.23928689956665,4.219184398651123,4.231759071350098,4.230076789855957,0.02655315399169922,4.244455337524414,53,True,0.04093170166015625,1,4.319826126098633,53,True,0.116302490234375,0.07537078857421875,both_correct
54,54,1.684915542602539,54,True,1.764796257019043,54,True,0.0798807144165039,1.716874599456787,1.7373909950256348,1.7154207229614258,1.7232287724812825,0.038313229878743416,1.8331542015075684,54,True,0.1482386589050293,3,1.9947090148925781,54,True,0.30979347229003906,0.16155481338500977,both_correct
55,55,0.27652788162231445,55,True,0.29709815979003906,55,True,0.02057027816772461,0.2972903251647949,0.2838120460510254,0.29120826721191406,0.2907702128092448,0.014242331186930357,0.4028663635253906,55,True,0.12633848190307617,1,0.42316436767578125,55,True,0.1466364860534668,0.020298004150390625,both_correct
56,56,1.0909619331359863,56,True,1.1659393310546875,56,True,0.07497739791870117,1.1275115013122559,1.0967702865600586,1.0637164115905762,1.0959993998209636,0.0050374666849772876,1.2846169471740723,56,True,0.19365501403808594,1,1.472254753112793,56,True,0.38129281997680664,0.1876378059387207,both_correct
57,57,3.5285043716430664,57,True,3.608181953430176,57,True,0.07967758178710938,3.578104019165039,3.5278587341308594,3.580138683319092,3.5620338122049966,0.03352944056193019,3.608181953430176,57,True,0.07967758178710938,7,3.7001700401306152,57,True,0.17166566848754883,0.09198808670043945,both_correct
58,58,2.5075197219848633,58,True,2.4857378005981445,58,True,-0.02178192138671875,2.5001912117004395,2.4675350189208984,2.470224380493164,2.4793168703715005,-0.028202851613362778,2.5482330322265625,58,True,0.04071331024169922,0,2.580874443054199,58,True,0.07335472106933594,0.03264141082763672,both_correct
59,59,2.8250327110290527,59,True,2.792140483856201,59,True,-0.03289222717285156,2.847670555114746,2.82597017288208,2.860544204711914,2.8447283109029136,0.019695599873860825,2.8782224655151367,59,True,0.053189754486083984,5,2.9967923164367676,59,True,0.17175960540771484,0.11856985092163086,both_correct
60,60,-7.713376998901367,840,False,-7.681890487670898,840,False,0.03148651123046875,-7.688985824584961,-7.677063465118408,-7.676767349243164,-7.680938879648845,0.03243811925252249,-7.566175937652588,840,False,0.1472010612487793,0,-7.155900001525879,840,False,0.5574769973754883,0.410275936126709,both_incorrect
61,61,-0.6624107360839844,59,False,-0.60601806640625,59,False,0.056392669677734375,-0.5301642417907715,-0.7383298873901367,-0.5365490913391113,-0.6016810735066732,0.06072966257731116,-0.4542860984802246,66,False,0.20812463760375977,2,-0.2452716827392578,66,False,0.41713905334472656,0.2090144157409668,both_incorrect
62,62,1.3126702308654785,62,True,1.3438420295715332,62,True,0.031171798706054688,1.3316755294799805,1.3192496299743652,1.3258981704711914,1.3256077766418457,0.012937545776367188,1.3776373863220215,62,True,0.06496715545654297,3,1.6395797729492188,62,True,0.32690954208374023,0.26194238662719727,both_correct
63,63,5.346816062927246,63,True,5.316855430603027,63,True,-0.02996063232421875,5.350104331970215,5.333691596984863,5.3405303955078125,5.341442108154297,-0.005373954772949219,5.384651184082031,63,True,0.037835121154785156,4,5.460842132568359,63,True,0.11402606964111328,0.07619094848632812,both_correct
64,64,-0.4788985252380371,55,False,-0.5290718078613281,55,False,-0.050173282623291016,-0.5012516975402832,-0.485931396484375,-0.5033750534057617,-0.49685271581013996,-0.017954190572102846,-0.4467964172363281,55,False,0.032102108001708984,6,-0.3689756393432617,55,False,0.10992288589477539,0.0778207778930664,both_incorrect
65,65,2.583897590637207,65,True,2.5989789962768555,65,True,0.015081405639648438,2.604764461517334,2.556540012359619,2.580892562866211,2.5807323455810547,-0.0031652450561523438,2.6235570907592773,65,True,0.03965950012207031,2,2.790774345397949,65,True,0.2068767547607422,0.16721725463867188,both_correct
66,66,-3.062225341796875,63,False,-3.0210442543029785,63,False,0.041181087493896484,-3.018798351287842,-3.0853095054626465,-3.0452442169189453,-3.049784024556478,0.012441317240396987,-3.0210442543029785,63,False,0.041181087493896484,7,-2.78607177734375,63,False,0.276153564453125,0.23497247695922852,both_incorrect
67,67,0.7670249938964844,67,True,0.8461813926696777,67,True,0.07915639877319336,0.7572760581970215,0.7630085945129395,0.7626767158508301,0.760987122853597,-0.006037871042887333,0.8461813926696777,67,True,0.07915639877319336,7,0.9057893753051758,67,True,0.1387643814086914,0.05960798263549805,both_correct
68,68,-1.4983201026916504,38,False,-1.5469508171081543,38,False,-0.048630714416503906,-1.554473876953125,-1.4586901664733887,-1.4590058326721191,-1.4907232920328777,0.0075968106587727124,-1.2874488830566406,38,False,0.21087121963500977,1,-1.1449098587036133,38,False,0.3534102439880371,0.14253902435302734,both_incorrect
69,69,6.0704545974731445,69,True,6.154965400695801,69,True,0.08451080322265625,6.122748851776123,6.091991424560547,6.086618423461914,6.100452899932861,0.029998302459716797,6.155242443084717,69,True,0.08478784561157227,5,6.243766784667969,69,True,0.17331218719482422,0.08852434158325195,both_correct
70,70,4.206976413726807,70,True,4.210214614868164,70,True,0.003238201141357422,4.22265625,4.253948211669922,4.247711181640625,4.241438547770183,0.03446213404337595,4.352052211761475,70,True,0.14507579803466797,4,4.529207706451416,70,True,0.3222312927246094,0.1771554946899414,both_correct
71,71,6.770498275756836,71,True,6.769957542419434,71,True,-0.0005407333374023438,6.785951614379883,6.7782206535339355,6.788728713989258,6.784300327301025,0.013802051544189453,6.824786186218262,71,True,0.05428791046142578,6,6.9092302322387695,71,True,0.1387319564819336,0.08444404602050781,both_correct
72,72,1.381443977355957,72,True,1.4331865310668945,72,True,0.0517425537109375,1.4083118438720703,1.4192986488342285,1.39805269241333,1.4085543950398762,0.027110417683919197,1.4508380889892578,72,True,0.06939411163330078,1,1.5218734741210938,72,True,0.14042949676513672,0.07103538513183594,both_correct
73,73,3.285186767578125,73,True,3.1893577575683594,73,True,-0.09582901000976562,3.2511253356933594,3.2646217346191406,3.2677135467529297,3.26115353902181,-0.024033228556314956,3.3424901962280273,73,True,0.057303428649902344,5,3.4356164932250977,73,True,0.15042972564697266,0.09312629699707031,both_correct
74,74,-1.6935296058654785,72,False,-1.671142578125,72,False,0.022387027740478516,-1.6934318542480469,-1.6893019676208496,-1.6942648887634277,-1.6923329035441081,0.0011967023213703687,-1.6447820663452148,72,False,0.04874753952026367,0,-1.6244277954101562,72,False,0.06910181045532227,0.020354270935058594,both_incorrect
75,75,1.9664745330810547,75,True,1.9174785614013672,75,True,-0.0489959716796875,1.9757194519042969,1.9792594909667969,1.9931440353393555,1.9827076594034831,0.01623312632242846,2.0365757942199707,75,True,0.07010126113891602,2,2.148852825164795,75,True,0.18237829208374023,0.11227703094482422,both_correct
76,76,4.283195495605469,76,True,4.292208671569824,76,True,0.009013175964355469,4.28161096572876,4.286719799041748,4.282151699066162,4.283494154612224,0.00029865900675485335,4.3236541748046875,76,True,0.04045867919921875,2,4.3949055671691895,76,True,0.1117100715637207,0.07125139236450195,both_correct
77,77,-1.6426677703857422,73,False,-1.591895580291748,73,False,0.05077219009399414,-1.6579046249389648,-1.697134017944336,-1.625443458557129,-1.6601607004801433,-0.017492930094401116,-1.591895580291748,73,False,0.05077219009399414,7,-1.4405403137207031,73,False,0.20212745666503906,0.15135526657104492,both_incorrect
78,78,5.636903762817383,78,True,5.602292537689209,78,True,-0.03461122512817383,5.631400108337402,5.657771110534668,5.654455184936523,5.647875467936198,0.0109717051188154,5.692793846130371,78,True,0.05589008331298828,5,5.783585071563721,78,True,0.1466813087463379,0.09079122543334961,both_correct
79,79,3.0668258666992188,79,True,3.111107349395752,79,True,0.0442814826965332,3.129763603210449,3.0994606018066406,3.0781636238098145,3.1024626096089682,0.0356367429097495,3.1818137168884277,79,True,0.11498785018920898,1,3.3205089569091797,79,True,0.25368309020996094,0.13869524002075195,both_correct
80,80,6.306271553039551,80,True,6.2945122718811035,80,True,-0.011759281158447266,6.34702205657959,6.398350715637207,6.335134029388428,6.360168933868408,0.05389738082885742,6.380263328552246,80,True,0.07399177551269531,1,6.40076208114624,80,True,0.09449052810668945,0.02049875259399414,both_correct
81,81,4.0626654624938965,81,True,4.1389546394348145,81,True,0.07628917694091797,4.055234432220459,4.091982841491699,4.02980899810791,4.059008757273356,-0.0036567052205400685,4.1389546394348145,81,True,0.07628917694091797,7,4.312533855438232,81,True,0.24986839294433594,0.17357921600341797,both_correct
82,82,-1.0930404663085938,83,False,-1.1385517120361328,83,False,-0.04551124572753906,-1.104323387145996,-1.1013355255126953,-1.0805492401123047,-1.095402717590332,-0.0023622512817382812,-1.0077977180480957,83,False,0.08524274826049805,4,-0.9127864837646484,83,False,0.1802539825439453,0.09501123428344727,both_incorrect
83,83,4.98819637298584,83,True,4.9285407066345215,83,True,-0.05965566635131836,4.980935096740723,4.965880393981934,4.976097583770752,4.97430435816447,-0.013892014821370147,5.030147075653076,83,True,0.04195070266723633,3,5.132678031921387,83,True,0.14448165893554688,0.10253095626831055,both_correct
84,84,7.350839138031006,84,True,7.389351844787598,84,True,0.0385127067565918,7.341954708099365,7.331955432891846,7.359907150268555,7.344605763753255,-0.006233374277750947,7.389351844787598,84,True,0.0385127067565918,7,7.396197319030762,84,True,0.04535818099975586,0.0068454742431640625,both_correct
85,85,4.936960697174072,85,True,4.928606033325195,85,True,-0.008354663848876953,4.924345016479492,4.922711372375488,4.940548896789551,4.929201761881511,-0.007758935292561553,4.953131198883057,85,True,0.016170501708984375,6,5.022972583770752,85,True,0.08601188659667969,0.06984138488769531,both_correct
86,86,-3.831303119659424,81,False,-3.847663402557373,81,False,-0.01636028289794922,-3.8426313400268555,-3.852619171142578,-3.8422374725341797,-3.8458293279012046,-0.014526208241780747,-3.8002095222473145,81,False,0.031093597412109375,4,-3.7311482429504395,81,False,0.10015487670898438,0.069061279296875,both_incorrect
87,87,4.67625617980957,87,True,4.686988830566406,87,True,0.010732650756835938,4.763479232788086,4.709702491760254,4.742758274078369,4.738646666208903,0.06239048639933298,4.8160247802734375,87,True,0.1397686004638672,1,5.02919864654541,87,True,0.35294246673583984,0.21317386627197266,both_correct
88,88,5.971229553222656,88,True,5.8922271728515625,88,True,-0.07900238037109375,6.0089569091796875,5.986869812011719,5.979971885681152,5.9919328689575195,0.02070331573486328,6.04993200302124,88,True,0.07870244979858398,5,6.179316997528076,88,True,0.20808744430541992,0.12938499450683594,both_correct
89,89,6.429078578948975,89,True,6.46143913269043,89,True,0.03236055374145508,6.456910133361816,6.446081161499023,6.44797945022583,6.450323581695557,0.02124500274658203,6.478171348571777,89,True,0.049092769622802734,0,6.621787071228027,89,True,0.19270849227905273,0.14361572265625,both_correct
90,90,5.988250732421875,90,True,5.902970314025879,90,True,-0.0852804183959961,5.969637870788574,5.991982460021973,6.0131378173828125,5.991586049397786,0.0033353169759111623,6.051754474639893,90,True,0.06350374221801758,6,6.16748046875,90,True,0.179229736328125,0.11572599411010742,both_correct
91,91,-8.094731330871582,95,False,-8.035585403442383,95,False,0.05914592742919922,-8.04098129272461,-8.06857681274414,-8.077468872070312,-8.062342325846354,0.03238900502522846,-7.960137367248535,95,False,0.13459396362304688,6,-7.833160400390625,95,False,0.26157093048095703,0.12697696685791016,both_incorrect
92,92,6.224216461181641,92,True,6.197895526885986,92,True,-0.026320934295654297,6.164789199829102,6.215056419372559,6.23457145690918,6.204805692036946,-0.019410769144694306,6.263155937194824,92,True,0.038939476013183594,5,6.3571906089782715,92,True,0.13297414779663086,0.09403467178344727,both_correct
93,93,0.7671322822570801,93,True,0.7859354019165039,93,True,0.018803119659423828,0.7621059417724609,0.8200650215148926,0.7675790786743164,0.7832500139872233,0.016117731730143192,0.9120035171508789,93,True,0.14487123489379883,0,1.1167936325073242,93,True,0.34966135025024414,0.2047901153564453,both_correct
94,94,1.3012495040893555,94,True,1.235008716583252,94,True,-0.06624078750610352,1.2870721817016602,1.1747021675109863,1.273238182067871,1.2450041770935059,-0.05624532699584961,1.4275832176208496,94,True,0.12633371353149414,1,1.506629467010498,94,True,0.20537996292114258,0.07904624938964844,both_correct
95,95,6.773691177368164,95,True,6.7794976234436035,95,True,0.005806446075439453,6.78494930267334,6.756526947021484,6.787282943725586,6.77625306447347,0.0025618871053056935,6.761187553405762,95,True,-0.012503623962402344,5,6.838834762573242,95,True,0.06514358520507812,0.07764720916748047,both_correct
96,96,6.238333225250244,96,True,6.283563613891602,96,True,0.04523038864135742,6.268455982208252,6.275704383850098,6.251781463623047,6.265313943227132,0.026980717976887725,6.283563613891602,96,True,0.04523038864135742,7,6.372810363769531,96,True,0.1344771385192871,0.08924674987792969,both_correct
97,97,4.987981796264648,97,True,4.9870500564575195,97,True,-0.0009317398071289062,4.985560417175293,5.010002136230469,4.999899864196777,4.99848747253418,0.01050567626953125,5.028511047363281,97,True,0.04052925109863281,2,5.19241189956665,97,True,0.20443010330200195,0.16390085220336914,both_correct
98,98,6.759283065795898,98,True,6.760936737060547,98,True,0.0016536712646484375,6.759833812713623,6.748095512390137,6.749239444732666,6.752389589945476,-0.006893475850422881,6.836286544799805,98,True,0.07700347900390625,1,6.9014573097229,98,True,0.14217424392700195,0.0651707649230957,both_correct
99,99,5.373819351196289,99,True,5.393235206604004,99,True,0.019415855407714844,5.331541061401367,5.382815361022949,5.371297836303711,5.361884752909343,-0.011934598286946319,5.4607086181640625,99,True,0.08688926696777344,4,5.704726696014404,99,True,0.33090734481811523,0.2440180778503418,both_correct
100,100,7.009280681610107,100,True,7.032402515411377,100,True,0.02312183380126953,7.031248092651367,7.017699718475342,7.0167317390441895,7.0218931833903,0.012612501780192353,7.044467449188232,100,True,0.035186767578125,1,7.112071514129639,100,True,0.10279083251953125,0.06760406494140625,both_correct
101,101,-4.542355060577393,862,False,-4.696770191192627,862,False,-0.15441513061523438,-4.54461669921875,-4.4819841384887695,-4.535367488861084,-4.520656108856201,0.021698951721191406,-4.190901279449463,862,False,0.3514537811279297,0,-3.8605599403381348,862,False,0.6817951202392578,0.3303413391113281,both_incorrect
102,102,5.184453964233398,102,True,5.158602714538574,102,True,-0.02585124969482422,5.18358039855957,5.166137218475342,5.1827497482299805,5.177489121754964,-0.006964842478434541,5.202958106994629,102,True,0.01850414276123047,0,5.279007911682129,102,True,0.09455394744873047,0.0760498046875,both_correct
103,103,7.293413162231445,103,True,7.312842845916748,103,True,0.019429683685302734,7.322948455810547,7.321728706359863,7.329007148742676,7.324561436971028,0.031148274739583037,7.31764030456543,103,True,0.024227142333984375,4,7.356711387634277,103,True,0.06329822540283203,0.039071083068847656,both_correct
104,104,5.485853672027588,104,True,5.288486957550049,104,True,-0.19736671447753906,5.442075252532959,5.506967544555664,5.549188137054443,5.499410311381022,0.01355663935343454,5.639517784118652,104,True,0.15366411209106445,6,6.006128311157227,104,True,0.5202746391296387,0.3666105270385742,both_correct
105,105,1.5381202697753906,105,True,1.7628483772277832,105,True,0.22472810745239258,1.5883183479309082,1.5920090675354004,1.5655369758605957,1.581954797108968,0.0438345273335774,1.7628483772277832,105,True,0.22472810745239258,7,2.0618762969970703,105,True,0.5237560272216797,0.2990279197692871,both_correct
106,106,1.3723978996276855,106,True,1.4764838218688965,106,True,0.10408592224121094,1.3386874198913574,1.412919044494629,1.3842120170593262,1.3786061604817708,0.0062082608540852124,1.6302051544189453,106,True,0.25780725479125977,0,2.2717838287353516,106,True,0.899385929107666,0.6415786743164062,both_correct
107,107,6.377779960632324,107,True,6.359750747680664,107,True,-0.018029212951660156,6.360589504241943,6.358818054199219,6.371804237365723,6.363737265268962,-0.014042695363362334,6.396988868713379,107,True,0.019208908081054688,3,6.493459701538086,107,True,0.11567974090576172,0.09647083282470703,both_correct
108,108,2.4080810546875,108,True,2.40692138671875,108,True,-0.00115966796875,2.3999366760253906,2.4315195083618164,2.39987850189209,2.410444895426432,0.0023638407389321436,2.517024040222168,108,True,0.10894298553466797,3,2.6930227279663086,108,True,0.2849416732788086,0.17599868774414062,both_correct
109,109,4.134860515594482,109,True,4.174409866333008,109,True,0.03954935073852539,4.140524864196777,4.107333183288574,4.101816654205322,4.116558233896892,-0.01830228169759085,4.185892105102539,109,True,0.05103158950805664,1,4.3048834800720215,109,True,0.17002296447753906,0.11899137496948242,both_correct
110,110,1.036224365234375,110,True,0.7379817962646484,110,True,-0.29824256896972656,1.1693382263183594,0.9360556602478027,1.0687751770019531,1.058056354522705,0.021831989288330078,1.282081127166748,110,True,0.24585676193237305,6,1.579085350036621,110,True,0.5428609848022461,0.29700422286987305,both_correct
111,111,6.837322235107422,111,True,6.875609874725342,111,True,0.03828763961791992,6.797754287719727,6.839320182800293,6.883640289306641,6.840238253275554,0.0029160181681318065,6.919581413269043,111,True,0.0822591781616211,4,7.044928550720215,111,True,0.20760631561279297,0.12534713745117188,both_correct
112,112,2.4574456214904785,112,True,2.6608877182006836,112,True,0.20344209671020508,2.531799793243408,2.453491687774658,2.499368190765381,2.494886557261149,0.037440935770670425,2.6608877182006836,112,True,0.20344209671020508,7,3.000552177429199,112,True,0.5431065559387207,0.3396644592285156,both_correct
113,113,5.403593063354492,113,True,5.448250770568848,113,True,0.04465770721435547,5.4501752853393555,5.426794052124023,5.431280136108398,5.436083157857259,0.03249009450276663,5.481139659881592,113,True,0.07754659652709961,3,5.633148193359375,113,True,0.2295551300048828,0.1520085334777832,both_correct
114,114,2.9520959854125977,114,True,2.918264865875244,114,True,-0.033831119537353516,2.93093204498291,2.950930595397949,2.9407711029052734,2.940877914428711,-0.011218070983886719,3.054865837097168,114,True,0.10276985168457031,1,3.1681056022644043,114,True,0.21600961685180664,0.11323976516723633,both_correct
115,115,4.845979690551758,115,True,4.726667404174805,115,True,-0.11931228637695312,4.814243316650391,4.8150529861450195,4.839262008666992,4.822852770487468,-0.02312692006429007,4.86591911315918,115,True,0.019939422607421875,5,4.975735664367676,115,True,0.12975597381591797,0.1098165512084961,both_correct
116,116,-3.3546180725097656,995,False,-3.446824073791504,995,False,-0.09220600128173828,-3.383293628692627,-3.4062724113464355,-3.381439208984375,-3.3903350830078125,-0.035717010498046875,-3.231443405151367,995,False,0.12317466735839844,6,-3.002502918243408,995,False,0.3521151542663574,0.22894048690795898,both_incorrect
117,117,4.762093544006348,117,True,4.825151443481445,117,True,0.06305789947509766,4.750857353210449,4.763341903686523,4.750877380371094,4.755025545756022,-0.007067998250325225,4.825151443481445,117,True,0.06305789947509766,7,5.031085014343262,117,True,0.26899147033691406,0.2059335708618164,both_correct
118,118,1.7425012588500977,118,True,1.6878423690795898,118,True,-0.05465888977050781,1.7486886978149414,1.7275104522705078,1.7365694046020508,1.7375895182291667,-0.004911740620930916,1.7966737747192383,118,True,0.054172515869140625,5,1.8999910354614258,118,True,0.15748977661132812,0.1033172607421875,both_correct
119,119,-6.544417381286621,39,False,-6.597777366638184,39,False,-0.0533599853515625,-6.570570468902588,-6.552626609802246,-6.5095720291137695,-6.544256369272868,0.00016101201375295915,-6.434774398803711,39,False,0.10964298248291016,0,-6.294928073883057,39,False,0.24948930740356445,0.1398463249206543,both_incorrect
120,120,5.2067413330078125,120,True,5.269496440887451,120,True,0.06275510787963867,5.183246612548828,5.189808368682861,5.192892074584961,5.18864901860555,-0.018092314402262666,5.269496440887451,120,True,0.06275510787963867,7,5.368734359741211,120,True,0.16199302673339844,0.09923791885375977,both_correct
121,121,5.273714065551758,121,True,5.289538383483887,121,True,0.015824317932128906,5.273582458496094,5.274488925933838,5.289641380310059,5.279237588246663,0.005523522694905303,5.324586868286133,121,True,0.050872802734375,2,5.436545372009277,121,True,0.16283130645751953,0.11195850372314453,both_correct
122,122,6.148603916168213,122,True,6.168654918670654,122,True,0.020051002502441406,6.132837772369385,6.133418560028076,6.121373176574707,6.129209836324056,-0.019394079844157197,6.168654918670654,122,True,0.020051002502441406,7,6.264482498168945,122,True,0.11587858200073242,0.09582757949829102,both_correct
123,123,0.8351736068725586,123,True,0.9270200729370117,123,True,0.09184646606445312,0.824061393737793,0.8145065307617188,0.8187656402587891,0.819111188252767,-0.01606241861979163,0.9270200729370117,123,True,0.09184646606445312,7,1.0610885620117188,123,True,0.22591495513916016,0.13406848907470703,both_correct
124,124,1.1779613494873047,124,True,1.2181811332702637,124,True,0.040219783782958984,1.2159156799316406,1.22230863571167,1.1863107681274414,1.2081783612569172,0.030217011769612556,1.2231240272521973,124,True,0.04516267776489258,5,1.3847575187683105,124,True,0.20679616928100586,0.16163349151611328,both_correct
125,125,4.298376083374023,125,True,4.343647003173828,125,True,0.04527091979980469,4.316318035125732,4.2838006019592285,4.295753002166748,4.298623879750569,0.0002477963765459279,4.343647003173828,125,True,0.04527091979980469,7,4.467781066894531,125,True,0.1694049835205078,0.12413406372070312,both_correct
126,126,4.775573253631592,126,True,4.687960624694824,126,True,-0.08761262893676758,4.733231067657471,4.7347092628479,4.763003826141357,4.743648052215576,-0.031925201416015625,4.935959815979004,126,True,0.1603865623474121,3,5.087215423583984,126,True,0.3116421699523926,0.15125560760498047,both_correct
127,127,3.4976577758789062,127,True,3.4777612686157227,127,True,-0.019896507263183594,3.5175304412841797,3.5290660858154297,3.524447441101074,3.523681322733561,0.0260235468546548,3.5619959831237793,127,True,0.06433820724487305,2,3.6721720695495605,127,True,0.1745142936706543,0.11017608642578125,both_correct
128,128,4.127963542938232,128,True,4.127988815307617,128,True,2.5272369384765625e-05,4.1176629066467285,4.1503496170043945,4.127469062805176,4.131827195485433,0.0038636525472002248,4.164248466491699,128,True,0.0362849235534668,6,4.227969646453857,128,True,0.100006103515625,0.0637211799621582,both_correct
129,129,5.929445266723633,129,True,5.904888153076172,129,True,-0.024557113647460938,5.934203147888184,5.938736915588379,5.93222713470459,5.935055732727051,0.005610466003417969,5.999086380004883,129,True,0.06964111328125,0,6.082171440124512,129,True,0.1527261734008789,0.0830850601196289,both_correct
130,130,6.297343730926514,130,True,6.274074554443359,130,True,-0.023269176483154297,6.309116363525391,6.315740585327148,6.290538787841797,6.305131912231445,0.007788181304931641,6.313128471374512,130,True,0.015784740447998047,1,6.423245429992676,130,True,0.1259016990661621,0.11011695861816406,both_correct
131,131,5.824302673339844,131,True,5.862361907958984,131,True,0.038059234619140625,5.833438873291016,5.846859931945801,5.862237930297852,5.847512245178223,0.023209571838378906,5.862361907958984,131,True,0.038059234619140625,7,6.045655250549316,131,True,0.22135257720947266,0.18329334259033203,both_correct
132,132,3.0650272369384766,132,True,3.0764126777648926,132,True,0.011385440826416016,3.0715818405151367,3.0774316787719727,3.0631089210510254,3.0707074801127114,0.005680243174234878,3.073376178741455,132,True,0.008348941802978516,4,3.1600184440612793,132,True,0.09499120712280273,0.08664226531982422,both_correct
133,133,6.720094680786133,133,True,6.727963447570801,133,True,0.007868766784667969,6.739067554473877,6.737981796264648,6.7293901443481445,6.735479831695557,0.015385150909423828,6.777902126312256,133,True,0.05780744552612305,5,6.800263404846191,133,True,0.0801687240600586,0.022361278533935547,both_correct
134,134,2.8919405937194824,134,True,2.804102897644043,134,True,-0.08783769607543945,2.8915328979492188,2.89617919921875,2.8500404357910156,2.8792508443196616,-0.012689749399820816,3.104696273803711,134,True,0.21275568008422852,5,3.418147087097168,134,True,0.5262064933776855,0.31345081329345703,both_correct
135,135,6.9615559577941895,135,True,6.940539836883545,135,True,-0.02101612091064453,6.9835052490234375,6.967103004455566,6.9790754318237305,6.976561228434245,0.015005270640055635,7.0222978591918945,135,True,0.06074190139770508,5,7.064094543457031,135,True,0.1025385856628418,0.04179668426513672,both_correct
136,136,4.701096534729004,136,True,4.622636795043945,136,True,-0.0784597396850586,4.646773815155029,4.669644832611084,4.664847373962402,4.660422007242839,-0.04067452748616507,4.7645440101623535,136,True,0.06344747543334961,3,4.987303733825684,136,True,0.2862071990966797,0.22275972366333008,both_correct
137,137,2.950693130493164,137,True,2.9283013343811035,137,True,-0.022391796112060547,2.9394917488098145,2.932852268218994,2.969003200531006,2.947115739186605,-0.0035773913065590968,3.0549449920654297,137,True,0.10425186157226562,5,3.3836703300476074,137,True,0.43297719955444336,0.32872533798217773,both_correct
138,138,5.60723876953125,138,True,5.625358581542969,138,True,0.01811981201171875,5.618439674377441,5.617505073547363,5.612366676330566,5.616103808085124,0.008865038553873994,5.675238132476807,138,True,0.06799936294555664,6,5.7475996017456055,138,True,0.14036083221435547,0.07236146926879883,both_correct
139,139,5.875706195831299,139,True,5.84441614151001,139,True,-0.03129005432128906,5.881891250610352,5.876273155212402,5.87542724609375,5.877863883972168,0.0021576881408691406,5.954034328460693,139,True,0.07832813262939453,2,6.026765823364258,139,True,0.15105962753295898,0.07273149490356445,both_correct
140,140,3.641446113586426,140,True,3.6081862449645996,140,True,-0.03325986862182617,3.653073310852051,3.6596474647521973,3.6813840866088867,3.6647016207377114,0.02325550715128566,3.754781723022461,140,True,0.11333560943603516,1,3.8478097915649414,140,True,0.20636367797851562,0.09302806854248047,both_correct
141,141,5.753557205200195,141,True,5.688958168029785,141,True,-0.06459903717041016,5.806748390197754,5.803847312927246,5.799225807189941,5.803273836771647,0.04971663157145212,5.846928596496582,141,True,0.09337139129638672,2,5.907489776611328,141,True,0.1539325714111328,0.060561180114746094,both_correct
142,142,2.7514142990112305,142,True,2.76181697845459,142,True,0.010402679443359375,2.766918182373047,2.672318458557129,2.678278923034668,2.7058385213216147,-0.04557577768961574,2.883662700653076,142,True,0.1322484016418457,5,3.1343841552734375,142,True,0.38296985626220703,0.25072145462036133,both_correct
143,143,6.545615196228027,143,True,6.575724124908447,143,True,0.030108928680419922,6.5707244873046875,6.591527938842773,6.584223747253418,6.58215872446696,0.03654352823893259,6.600580215454102,143,True,0.05496501922607422,5,6.698757171630859,143,True,0.15314197540283203,0.09817695617675781,both_correct
144,144,5.200658321380615,144,True,5.155196189880371,144,True,-0.04546213150024414,5.18758487701416,5.20624303817749,5.215188026428223,5.203005313873291,0.0023469924926757812,5.32777214050293,144,True,0.12711381912231445,5,5.495294570922852,144,True,0.29463624954223633,0.16752243041992188,both_correct
145,145,6.75702428817749,145,True,6.786782264709473,145,True,0.029757976531982422,6.772495269775391,6.769482612609863,6.759212970733643,6.767063617706299,0.010039329528808594,6.78916597366333,145,True,0.032141685485839844,2,6.849603652954102,145,True,0.09257936477661133,0.060437679290771484,both_correct
146,146,1.8502273559570312,146,True,1.92915678024292,146,True,0.07892942428588867,1.8440556526184082,1.8397517204284668,1.755028247833252,1.8129452069600422,-0.037282148996989006,1.92915678024292,146,True,0.07892942428588867,7,2.4966483116149902,146,True,0.646420955657959,0.5674915313720703,both_correct
147,147,6.154675006866455,147,True,6.170986652374268,147,True,0.0163116455078125,6.173384189605713,6.14973783493042,6.127974510192871,6.150365511576335,-0.004309495290120147,6.242700576782227,147,True,0.08802556991577148,3,6.30876350402832,147,True,0.15408849716186523,0.06606292724609375,both_correct
148,148,0.8153257369995117,148,True,0.8075404167175293,148,True,-0.007785320281982422,0.8077597618103027,0.8214387893676758,0.8212447166442871,0.8168144226074219,0.0014886856079101562,0.8463940620422363,148,True,0.03106832504272461,2,1.0009093284606934,148,True,0.18558359146118164,0.15451526641845703,both_correct
149,149,2.5501060485839844,149,True,2.4526524543762207,149,True,-0.09745359420776367,2.5552902221679688,2.575028896331787,2.5983471870422363,2.5762221018473306,0.026116053263346206,2.663839817047119,149,True,0.11373376846313477,6,2.825145721435547,149,True,0.2750396728515625,0.16130590438842773,both_correct
150,150,6.061397552490234,150,True,6.009880542755127,150,True,-0.05151700973510742,6.0301008224487305,6.0375776290893555,6.030839920043945,6.032839457194011,-0.028558095296223662,6.056948184967041,150,True,-0.004449367523193359,6,6.176679611206055,150,True,0.11528205871582031,0.11973142623901367,both_correct
151,151,3.7722673416137695,151,True,3.7230796813964844,151,True,-0.049187660217285156,3.8077192306518555,3.7804393768310547,3.773268699645996,3.7871424357096353,0.014875094095865737,3.8602395057678223,151,True,0.08797216415405273,0,4.05806827545166,151,True,0.2858009338378906,0.1978287696838379,both_correct
152,152,4.1369709968566895,152,True,4.145415782928467,152,True,0.008444786071777344,4.105650901794434,4.1090264320373535,4.095836639404297,4.103504657745361,-0.033466339111328125,4.170248508453369,152,True,0.03327751159667969,6,4.282925128936768,152,True,0.14595413208007812,0.11267662048339844,both_correct
153,153,2.960517406463623,153,True,3.056023120880127,153,True,0.0955057144165039,2.9714736938476562,3.0020432472229004,3.0012059211730957,2.991574287414551,0.031056880950927734,3.056023120880127,153,True,0.0955057144165039,7,3.179419994354248,153,True,0.218902587890625,0.1233968734741211,both_correct
154,154,3.855952262878418,154,True,3.820962905883789,154,True,-0.034989356994628906,3.852313995361328,3.8795948028564453,3.8781161308288574,3.8700083096822104,0.014056046803792466,3.9258432388305664,154,True,0.06989097595214844,4,4.063564300537109,154,True,0.2076120376586914,0.13772106170654297,both_correct
155,155,3.634023666381836,155,True,3.634039878845215,155,True,1.621246337890625e-05,3.6368775367736816,3.6167502403259277,3.632105827331543,3.6285778681437173,-0.005445798238118638,3.6486964225769043,155,True,0.01467275619506836,4,3.7500510215759277,155,True,0.1160273551940918,0.10135459899902344,both_correct
156,156,3.86448335647583,156,True,3.8390607833862305,156,True,-0.02542257308959961,3.884781837463379,3.895592212677002,3.878960609436035,3.886444886525472,0.021961530049642075,3.945054054260254,156,True,0.08057069778442383,2,4.073774814605713,156,True,0.2092914581298828,0.12872076034545898,both_correct
157,157,5.280606746673584,157,True,5.343954563140869,157,True,0.06334781646728516,5.31247615814209,5.317432403564453,5.323225975036621,5.317711512247722,0.037104765574137666,5.339570999145508,157,True,0.05896425247192383,2,5.536570072174072,157,True,0.2559633255004883,0.19699907302856445,both_correct
158,158,2.817763328552246,158,True,2.793903350830078,158,True,-0.02385997772216797,2.8179521560668945,2.862945079803467,2.7996621131896973,2.826853116353353,0.009089787801106919,2.864549160003662,158,True,0.046785831451416016,2,3.11537504196167,158,True,0.29761171340942383,0.2508258819580078,both_correct
159,159,4.4235382080078125,159,True,4.31425142288208,159,True,-0.10928678512573242,4.41450834274292,4.4454426765441895,4.427929401397705,4.4292934735616045,0.005755265553792022,4.473515033721924,159,True,0.04997682571411133,4,4.655436992645264,159,True,0.23189878463745117,0.18192195892333984,both_correct
160,160,5.702096939086914,160,True,5.68830680847168,160,True,-0.013790130615234375,5.701685428619385,5.707342147827148,5.692466735839844,5.700498104095459,-0.0015988349914550781,5.732625484466553,160,True,0.030528545379638672,5,5.853930473327637,160,True,0.15183353424072266,0.12130498886108398,both_correct
161,161,3.2795352935791016,161,True,3.271799087524414,161,True,-0.0077362060546875,3.248406410217285,3.274296760559082,3.2561864852905273,3.2596298853556314,-0.0199054082234702,3.2745261192321777,161,True,-0.005009174346923828,4,3.4407687187194824,161,True,0.16123342514038086,0.1662425994873047,both_correct
162,162,-0.48241472244262695,166,False,-0.5224666595458984,166,False,-0.040051937103271484,-0.4738016128540039,-0.46105337142944336,-0.4865736961364746,-0.47380956013997394,0.008605162302653013,-0.3973088264465332,166,False,0.08510589599609375,2,-0.2198491096496582,166,False,0.26256561279296875,0.177459716796875,both_incorrect
163,163,-5.1720685958862305,168,False,-5.208739757537842,168,False,-0.03667116165161133,-5.132925510406494,-5.157484531402588,-5.142236232757568,-5.14421542485555,0.027853171030680635,-5.035900115966797,168,False,0.1361684799194336,2,-4.838131427764893,168,False,0.3339371681213379,0.1977686882019043,both_incorrect
164,164,3.4728612899780273,164,True,3.5022363662719727,164,True,0.029375076293945312,3.4366822242736816,3.4333157539367676,3.4064841270446777,3.4254940350850425,-0.04736725489298488,3.590318202972412,164,True,0.11745691299438477,0,3.829798698425293,164,True,0.3569374084472656,0.23948049545288086,both_correct
165,165,0.6700057983398438,165,True,0.6920056343078613,165,True,0.021999835968017578,0.6997828483581543,0.6883430480957031,0.6742801666259766,0.687468687693278,0.017462889353434208,0.7993741035461426,165,True,0.12936830520629883,5,1.0787005424499512,165,True,0.4086947441101074,0.2793264389038086,both_correct
166,166,0.7326631546020508,166,True,0.7085347175598145,166,True,-0.024128437042236328,0.7413272857666016,0.7275800704956055,0.7141885757446289,0.7276986440022787,-0.004964510599772098,0.7499532699584961,166,True,0.017290115356445312,6,0.910374641418457,166,True,0.17771148681640625,0.16042137145996094,both_correct
167,167,0.7044577598571777,167,True,0.7121167182922363,167,True,0.007658958435058594,0.707491397857666,0.7030272483825684,0.7081303596496582,0.7062163352966309,0.001758575439453125,0.752321720123291,167,True,0.04786396026611328,4,0.8453879356384277,167,True,0.14093017578125,0.09306621551513672,both_correct
168,168,3.896390438079834,168,True,3.974884033203125,168,True,0.07849359512329102,3.9337353706359863,3.897336006164551,3.892578601837158,3.907883326212565,0.011492888132730972,3.975579261779785,168,True,0.07918882369995117,6,4.189424991607666,168,True,0.29303455352783203,0.21384572982788086,both_correct
169,169,0.32033681869506836,169,True,0.22404813766479492,169,True,-0.09628868103027344,0.35001087188720703,0.3724069595336914,0.3322930335998535,0.35157028834025067,0.03123346964518231,0.616518497467041,169,True,0.29618167877197266,0,0.7634057998657227,169,True,0.4430689811706543,0.14688730239868164,both_correct
170,170,3.6170411109924316,170,True,3.5577778816223145,170,True,-0.05926322937011719,3.6122188568115234,3.63071870803833,3.606346607208252,3.6164280573527017,-0.0006130536397299657,3.6491050720214844,170,True,0.032063961029052734,4,3.78477144241333,170,True,0.16773033142089844,0.1356663703918457,both_correct
171,171,5.161355018615723,171,True,5.198458671569824,171,True,0.03710365295410156,5.183960437774658,5.176791667938232,5.16837215423584,5.176374753316243,0.015019734700520537,5.226578712463379,171,True,0.06522369384765625,2,5.358964443206787,171,True,0.19760942459106445,0.1323857307434082,both_correct
172,172,4.00392484664917,172,True,4.07618522644043,172,True,0.07226037979125977,3.9792113304138184,3.9765162467956543,3.9254775047302246,3.960401693979899,-0.04352315266927098,4.07618522644043,172,True,0.07226037979125977,7,4.066061496734619,172,True,0.06213665008544922,-0.010123729705810547,both_correct
173,173,4.444443225860596,173,True,4.427023887634277,173,True,-0.01741933822631836,4.493674278259277,4.486209869384766,4.464320182800293,4.481401443481445,0.03695821762084961,4.603440284729004,173,True,0.1589970588684082,5,4.787841796875,173,True,0.3433985710144043,0.1844015121459961,both_correct
174,174,4.500054836273193,174,True,4.437386989593506,174,True,-0.0626678466796875,4.520717144012451,4.513204574584961,4.499770641326904,4.5112307866414385,0.011175950368245147,4.621217250823975,174,True,0.12116241455078125,1,4.7919020652771,174,True,0.29184722900390625,0.170684814453125,both_correct
175,175,6.163777828216553,175,True,6.139714241027832,175,True,-0.024063587188720703,6.188738822937012,6.156365871429443,6.179583549499512,6.174896081288655,0.011118253072102569,6.223788261413574,175,True,0.060010433197021484,5,6.334443092346191,175,True,0.17066526412963867,0.11065483093261719,both_correct
176,176,5.668844699859619,176,True,5.734098434448242,176,True,0.06525373458862305,5.703802108764648,5.674062252044678,5.687653064727783,5.68850580851237,0.019661108652750947,5.734098434448242,176,True,0.06525373458862305,7,5.998665809631348,176,True,0.3298211097717285,0.26456737518310547,both_correct
177,177,1.2385458946228027,177,True,1.26090669631958,177,True,0.022360801696777344,1.2286477088928223,1.224492073059082,1.2337775230407715,1.2289724349975586,-0.00957345962524414,1.3037152290344238,177,True,0.0651693344116211,6,1.4350152015686035,177,True,0.19646930694580078,0.1312999725341797,both_correct
178,178,5.911460876464844,178,True,5.877198219299316,178,True,-0.034262657165527344,5.934848785400391,5.911040306091309,5.898172378540039,5.914687156677246,0.0032262802124023438,5.985498428344727,178,True,0.07403755187988281,5,6.155027389526367,178,True,0.24356651306152344,0.16952896118164062,both_correct
179,179,4.340931415557861,179,True,4.292507648468018,179,True,-0.04842376708984375,4.333695888519287,4.351748943328857,4.329103469848633,4.338182767232259,-0.0027486483256025096,4.401936054229736,179,True,0.061004638671875,2,4.487170696258545,179,True,0.1462392807006836,0.0852346420288086,both_correct
180,180,2.3624815940856934,180,True,2.314086437225342,180,True,-0.04839515686035156,2.3603672981262207,2.385354518890381,2.3884034156799316,2.3780417442321777,0.015560150146484375,2.4247078895568848,180,True,0.062226295471191406,0,2.547830581665039,180,True,0.1853489875793457,0.1231226921081543,both_correct
181,181,4.244323253631592,181,True,4.143697738647461,181,True,-0.10062551498413086,4.164193153381348,4.184176921844482,4.158864974975586,4.169078350067139,-0.07524490356445312,4.266144752502441,181,True,0.02182149887084961,5,4.489643573760986,181,True,0.24532032012939453,0.22349882125854492,both_correct
182,182,1.3413219451904297,182,True,1.3745431900024414,182,True,0.03322124481201172,1.2670879364013672,1.2279000282287598,1.3044328689575195,1.266473611195882,-0.0748483339945476,1.5550355911254883,182,True,0.2137136459350586,0,2.0840930938720703,182,True,0.7427711486816406,0.529057502746582,both_correct
183,183,5.175817489624023,183,True,5.201395034790039,183,True,0.025577545166015625,5.163093566894531,5.158449172973633,5.1774420738220215,5.1663282712300616,-0.009489218393961885,5.230436325073242,183,True,0.05461883544921875,1,5.401795864105225,183,True,0.22597837448120117,0.17135953903198242,both_correct
184,184,-1.2452826499938965,202,False,-1.276993751525879,202,False,-0.03171110153198242,-1.2463297843933105,-1.2400708198547363,-1.254671573638916,-1.2470240592956543,-0.0017414093017578125,-1.1916241645812988,202,False,0.053658485412597656,4,-1.025559902191162,202,False,0.21972274780273438,0.16606426239013672,both_incorrect
185,185,4.927008152008057,185,True,4.92082405090332,185,True,-0.006184101104736328,4.914629936218262,4.958061695098877,4.922887802124023,4.931859811147054,0.0048516591389971,5.021367073059082,185,True,0.09435892105102539,5,5.190406322479248,185,True,0.2633981704711914,0.16903924942016602,both_correct
186,186,3.1960935592651367,186,True,3.2259035110473633,186,True,0.029809951782226562,3.1605424880981445,3.1574811935424805,3.156062126159668,3.1580286026000977,-0.03806495666503906,3.2402782440185547,186,True,0.04418468475341797,2,3.4278697967529297,186,True,0.23177623748779297,0.187591552734375,both_correct
187,187,1.6195387840270996,187,True,1.633336067199707,187,True,0.013797283172607422,1.5991835594177246,1.6000242233276367,1.586310863494873,1.5951728820800781,-0.024365901947021484,1.633336067199707,187,True,0.013797283172607422,7,1.7491164207458496,187,True,0.12957763671875,0.11578035354614258,both_correct
188,188,0.08996343612670898,188,True,0.11408615112304688,188,True,0.02412271499633789,0.0808405876159668,0.1109156608581543,0.0952911376953125,0.09568246205647786,0.005719025929768876,0.1284022331237793,188,True,0.03843879699707031,3,0.376711368560791,188,True,0.28674793243408203,0.24830913543701172,both_correct
189,189,-3.4621634483337402,184,False,-3.464780330657959,184,False,-0.00261688232421875,-3.4613537788391113,-3.420968532562256,-3.4260573387145996,-3.4361265500386557,0.026036898295084487,-3.326906681060791,184,False,0.13525676727294922,5,-3.109602451324463,184,False,0.35256099700927734,0.21730422973632812,both_incorrect
190,190,4.292956352233887,190,True,4.291064262390137,190,True,-0.00189208984375,4.3237833976745605,4.267793655395508,4.248302459716797,4.279959837595622,-0.012996514638264678,4.419105529785156,190,True,0.12614917755126953,0,4.876921653747559,190,True,0.5839653015136719,0.45781612396240234,both_correct
191,191,5.096428871154785,191,True,5.077566146850586,191,True,-0.01886272430419922,5.07871150970459,5.101614475250244,5.067829132080078,5.082718372344971,-0.013710498809814453,5.223240852355957,191,True,0.12681198120117188,0,5.2870097160339355,191,True,0.1905808448791504,0.06376886367797852,both_correct
192,192,3.3412461280822754,192,True,3.3452601432800293,192,True,0.004014015197753906,3.303773880004883,3.3241019248962402,3.3247666358947754,3.3175474802652993,-0.02369864781697606,3.391348361968994,192,True,0.05010223388671875,2,3.6345787048339844,192,True,0.293332576751709,0.24323034286499023,both_correct
193,193,0.7748398780822754,193,True,0.6348733901977539,193,True,-0.13996648788452148,0.8257627487182617,0.767390251159668,0.7809567451477051,0.7913699150085449,0.01653003692626953,0.9680328369140625,193,True,0.1931929588317871,3,1.3479676246643066,193,True,0.5731277465820312,0.37993478775024414,both_correct
194,194,6.2329583168029785,194,True,6.278957366943359,194,True,0.04599905014038086,6.281740188598633,6.280529022216797,6.26147985458374,6.274583021799724,0.04162470499674509,6.352320671081543,194,True,0.11936235427856445,2,6.458585739135742,194,True,0.22562742233276367,0.10626506805419922,both_correct
195,195,1.9484128952026367,195,True,2.0135669708251953,195,True,0.0651540756225586,1.9615392684936523,1.9403457641601562,1.8608202934265137,1.9209017753601074,-0.027511119842529297,2.058328628540039,195,True,0.10991573333740234,2,2.3213281631469727,195,True,0.37291526794433594,0.2629995346069336,both_correct
196,196,3.7956771850585938,196,True,3.7752685546875,196,True,-0.02040863037109375,3.805387020111084,3.8328680992126465,3.8088293075561523,3.815694808959961,0.020017623901367188,3.837421417236328,196,True,0.041744232177734375,3,3.9729104042053223,196,True,0.17723321914672852,0.13548898696899414,both_correct
197,197,-0.8539600372314453,183,False,-0.7823333740234375,183,False,0.07162666320800781,-0.8911089897155762,-0.8095149993896484,-0.8971748352050781,-0.8659329414367676,-0.011972904205322266,-0.7321438789367676,183,False,0.12181615829467773,5,-0.453794002532959,183,False,0.40016603469848633,0.2783498764038086,both_incorrect
198,198,2.3754396438598633,198,True,2.3409833908081055,198,True,-0.03445625305175781,2.3869056701660156,2.399538516998291,2.4065942764282227,2.3976794878641763,0.022239844004313003,2.4649477005004883,198,True,0.089508056640625,0,2.682770252227783,198,True,0.3073306083679199,0.21782255172729492,both_correct
199,199,-2.59928560256958,233,False,-2.6492066383361816,233,False,-0.04992103576660156,-2.610537528991699,-2.53157377243042,-2.584017276763916,-2.5753761927286782,0.02390940984090184,-2.405555248260498,233,False,0.19373035430908203,1,-2.263709545135498,177,False,0.33557605743408203,0.141845703125,both_incorrect
200,200,-1.0560264587402344,155,False,-1.0084867477416992,155,False,0.047539710998535156,-1.0859498977661133,-1.0309433937072754,-1.0526056289672852,-1.0564996401468914,-0.00047318140665697506,-1.0084867477416992,155,False,0.047539710998535156,7,-0.8366594314575195,155,False,0.21936702728271484,0.1718273162841797,both_incorrect
201,201,5.752044200897217,201,True,5.798947334289551,201,True,0.046903133392333984,5.734811782836914,5.738976001739502,5.752301216125488,5.742029666900635,-0.010014533996582031,5.798947334289551,201,True,0.046903133392333984,7,5.876439094543457,201,True,0.12439489364624023,0.07749176025390625,both_correct
202,202,0.8742928504943848,202,True,0.8433279991149902,202,True,-0.03096485137939453,0.8727259635925293,0.8749713897705078,0.880063533782959,0.875920295715332,0.0016274452209472656,0.916318416595459,202,True,0.04202556610107422,5,0.9882168769836426,202,True,0.11392402648925781,0.0718984603881836,both_correct
203,203,0.5459227561950684,203,True,0.5488953590393066,203,True,0.0029726028442382812,0.5651121139526367,0.5912604331970215,0.5883426666259766,0.5815717379252116,0.03564898173014319,0.6784720420837402,203,True,0.13254928588867188,3,0.8748049736022949,203,True,0.32888221740722656,0.1963329315185547,both_correct
204,204,-0.7883648872375488,155,False,-0.7917008399963379,155,False,-0.0033359527587890625,-0.7696614265441895,-0.7797179222106934,-0.7839460372924805,-0.7777751286824545,0.010589758555094364,-0.7223773002624512,155,False,0.06598758697509766,2,-0.5963749885559082,155,False,0.19198989868164062,0.12600231170654297,both_incorrect
205,205,3.7231454849243164,205,True,3.72137451171875,205,True,-0.0017709732055664062,3.727229595184326,3.7007346153259277,3.725132942199707,3.7176990509033203,-0.005446434020996094,3.738898277282715,205,True,0.015752792358398438,2,3.900559425354004,205,True,0.1774139404296875,0.16166114807128906,both_correct
206,206,2.567965030670166,206,True,2.5151162147521973,206,True,-0.05284881591796875,2.5366644859313965,2.5192694664001465,2.5948829650878906,2.550272305806478,-0.017692724863688003,2.611555576324463,206,True,0.043590545654296875,0,2.8732481002807617,206,True,0.3052830696105957,0.26169252395629883,both_correct
207,207,3.105433940887451,207,True,3.022341251373291,207,True,-0.08309268951416016,3.078404426574707,3.090775966644287,3.1205129623413086,3.096564451853434,-0.008869489034017075,3.180941104888916,207,True,0.07550716400146484,1,3.3332300186157227,207,True,0.22779607772827148,0.15228891372680664,both_correct
208,208,-4.073139190673828,235,False,-4.2142744064331055,235,False,-0.14113521575927734,-4.072720527648926,-4.0614399909973145,-4.144789695739746,-4.092983404795329,-0.019844214121500947,-3.865628957748413,235,False,0.20751023292541504,6,-3.410510301589966,235,False,0.6626288890838623,0.45511865615844727,both_incorrect
209,209,5.6656999588012695,209,True,5.626855850219727,209,True,-0.03884410858154297,5.680208206176758,5.7057623863220215,5.71034049987793,5.698770364125569,0.033070405324299834,5.780187606811523,209,True,0.1144876480102539,4,5.928569316864014,209,True,0.26286935806274414,0.14838171005249023,both_correct
210,210,4.123047828674316,210,True,4.088137149810791,210,True,-0.03491067886352539,4.126011848449707,4.1496477127075195,4.1825761795043945,4.152745246887207,0.029697418212890625,4.1971893310546875,210,True,0.0741415023803711,6,4.389923095703125,210,True,0.2668752670288086,0.1927337646484375,both_correct
211,211,3.427619457244873,211,True,3.4381284713745117,211,True,0.010509014129638672,3.3399667739868164,3.470595359802246,3.455801010131836,3.422121047973633,-0.005498409271240234,3.542142391204834,211,True,0.11452293395996094,1,3.754080295562744,211,True,0.3264608383178711,0.21193790435791016,both_correct
212,212,1.8469963073730469,212,True,1.8713102340698242,212,True,0.024313926696777344,1.8807787895202637,1.8278136253356934,1.8195204734802246,1.8427042961120605,-0.004292011260986328,1.8917779922485352,212,True,0.04478168487548828,4,2.117565155029297,212,True,0.27056884765625,0.22578716278076172,both_correct
213,213,4.097994327545166,213,True,4.0560102462768555,213,True,-0.04198408126831055,4.101198196411133,4.10123348236084,4.075709819793701,4.092713832855225,-0.005280494689941406,4.169403553009033,213,True,0.07140922546386719,4,4.319324970245361,213,True,0.2213306427001953,0.14992141723632812,both_correct
214,214,5.477837562561035,214,True,5.518993377685547,214,True,0.04115581512451172,5.511241912841797,5.557758331298828,5.522147178649902,5.530382474263509,0.05254491170247366,5.574407577514648,214,True,0.09657001495361328,0,5.785162925720215,214,True,0.3073253631591797,0.2107553482055664,both_correct
215,215,-1.9406251907348633,167,False,-1.9568777084350586,167,False,-0.016252517700195312,-1.944715976715088,-1.94205904006958,-1.9324555397033691,-1.9397435188293457,0.0008816719055175781,-1.8454537391662598,167,False,0.09517145156860352,4,-1.6399497985839844,167,False,0.3006753921508789,0.2055039405822754,both_incorrect
216,216,5.5529465675354,216,True,5.500611782073975,216,True,-0.05233478546142578,5.579719543457031,5.577277183532715,5.544394016265869,5.567130247751872,0.01418368021647165,5.598341941833496,216,True,0.0453953742980957,4,5.727789878845215,216,True,0.17484331130981445,0.12944793701171875,both_correct
217,217,3.5972166061401367,217,True,3.5860471725463867,217,True,-0.01116943359375,3.645325183868408,3.6134285926818848,3.6333675384521484,3.630707105000814,0.03349049886067723,3.728792190551758,217,True,0.1315755844116211,3,3.838740348815918,217,True,0.24152374267578125,0.10994815826416016,both_correct
218,218,2.953770160675049,218,True,2.97158145904541,218,True,0.017811298370361328,2.995789051055908,2.9607415199279785,3.008284568786621,2.988271713256836,0.03450155258178711,3.0513505935668945,218,True,0.0975804328918457,0,3.2942075729370117,218,True,0.3404374122619629,0.2428569793701172,both_correct
219,219,2.567732334136963,219,True,2.5087552070617676,219,True,-0.05897712707519531,2.5618271827697754,2.534346103668213,2.5391974449157715,2.54512357711792,-0.02260875701904297,2.6728391647338867,219,True,0.10510683059692383,1,2.8036675453186035,219,True,0.23593521118164062,0.1308283805847168,both_correct
220,220,-3.909396171569824,213,False,-3.8965258598327637,213,False,0.012870311737060547,-3.960174083709717,-3.9009475708007812,-3.9345321655273438,-3.9318846066792807,-0.022488435109456528,-3.8399205207824707,213,False,0.06947565078735352,4,-3.5561375617980957,213,False,0.3532586097717285,0.283782958984375,both_incorrect
221,221,3.1618409156799316,221,True,3.155860424041748,221,True,-0.005980491638183594,3.1816821098327637,3.148710250854492,3.1686487197875977,3.166347026824951,0.004506111145019531,3.2552971839904785,221,True,0.09345626831054688,0,3.413753032684326,221,True,0.25191211700439453,0.15845584869384766,both_correct
222,222,-2.2571640014648438,257,False,-2.2849326133728027,257,False,-0.027768611907958984,-2.3132100105285645,-2.3173484802246094,-2.299539089202881,-2.310032526652018,-0.05286852518717433,-2.158051013946533,257,False,0.09911298751831055,0,-2.0327582359313965,257,False,0.22440576553344727,0.12529277801513672,both_incorrect
223,223,5.532466411590576,223,True,5.530142307281494,223,True,-0.0023241043090820312,5.557507038116455,5.570267677307129,5.532021522521973,5.553265412648519,0.020799001057942412,5.596046447753906,223,True,0.06358003616333008,1,5.748779296875,223,True,0.21631288528442383,0.15273284912109375,both_correct
224,224,2.7304697036743164,224,True,2.7223567962646484,224,True,-0.008112907409667969,2.750278949737549,2.684757709503174,2.674405574798584,2.7031474113464355,-0.02732229232788086,2.8498306274414062,224,True,0.11936092376708984,0,3.2675423622131348,224,True,0.5370726585388184,0.4177117347717285,both_correct
225,225,4.353516578674316,225,True,4.400466442108154,225,True,0.04694986343383789,4.3979105949401855,4.422790050506592,4.346965789794922,4.389222145080566,0.03570556640625,4.465695858001709,225,True,0.11217927932739258,4,4.7807488441467285,225,True,0.4272322654724121,0.31505298614501953,both_correct
226,226,3.645008087158203,226,True,3.6185083389282227,226,True,-0.02649974822998047,3.6798133850097656,3.65987491607666,3.6250853538513184,3.6549245516459146,0.00991646448771144,3.7042431831359863,226,True,0.0592350959777832,0,3.9199585914611816,226,True,0.2749505043029785,0.2157154083251953,both_correct
227,227,2.1674113273620605,227,True,2.206026554107666,227,True,0.03861522674560547,2.195173740386963,2.1747937202453613,2.1684412956237793,2.179469585418701,0.012058258056640625,2.342471122741699,227,True,0.17505979537963867,3,2.5641117095947266,227,True,0.396700382232666,0.22164058685302734,both_correct
228,228,6.223377227783203,228,True,6.246038436889648,228,True,0.022661209106445312,6.236412525177002,6.223956108093262,6.2248029708862305,6.228390534718831,0.005013306935627959,6.259583950042725,228,True,0.036206722259521484,6,6.322490215301514,228,True,0.09911298751831055,0.06290626525878906,both_correct
229,229,5.68498420715332,229,True,5.75891637802124,229,True,0.07393217086791992,5.698606491088867,5.6778059005737305,5.707606315612793,5.69467290242513,0.0096886952718096,5.773091793060303,229,True,0.08810758590698242,1,5.871945381164551,229,True,0.18696117401123047,0.09885358810424805,both_correct
230,230,0.2623615264892578,230,True,0.34689903259277344,230,True,0.08453750610351562,0.31699419021606445,0.30133628845214844,0.37042713165283203,0.32958587010701496,0.06722434361775714,0.44309043884277344,230,True,0.18072891235351562,4,1.0520005226135254,230,True,0.7896389961242676,0.608910083770752,both_correct
231,231,2.9781384468078613,231,True,2.971737861633301,231,True,-0.006400585174560547,2.9688916206359863,2.9997925758361816,2.990507125854492,2.98639710744222,0.008258660634358872,3.013918399810791,231,True,0.03577995300292969,4,3.183101177215576,231,True,0.20496273040771484,0.16918277740478516,both_correct
232,232,1.8899922370910645,232,True,1.9017715454101562,232,True,0.011779308319091797,1.8970646858215332,1.9007925987243652,1.8972620964050293,1.8983731269836426,0.008380889892578125,1.9441423416137695,232,True,0.05415010452270508,5,1.9821057319641113,232,True,0.09211349487304688,0.0379633903503418,both_correct
233,233,-6.805857181549072,205,False,-6.781081676483154,205,False,0.02477550506591797,-6.884328842163086,-6.772112846374512,-6.808508396148682,-6.82165002822876,-0.0157928466796875,-6.7330169677734375,205,False,0.07284021377563477,5,-6.18366813659668,205,False,0.6221890449523926,0.5493488311767578,both_incorrect
234,234,1.4194326400756836,234,True,1.4436159133911133,234,True,0.024183273315429688,1.5032105445861816,1.427830696105957,1.512545108795166,1.4811954498291016,0.06176280975341797,1.5755929946899414,234,True,0.1561603546142578,5,1.9470586776733398,234,True,0.5276260375976562,0.37146568298339844,both_correct
235,235,3.0216922760009766,235,True,3.0603256225585938,235,True,0.03863334655761719,3.074676513671875,2.9978089332580566,2.9840354919433594,3.0188403129577637,-0.0028519630432128906,3.0603256225585938,235,True,0.03863334655761719,7,3.337306499481201,235,True,0.3156142234802246,0.2769808769226074,both_correct
236,236,4.474062919616699,236,True,4.422358512878418,236,True,-0.05170440673828125,4.520041465759277,4.469144821166992,4.469127178192139,4.486104488372803,0.012041568756103516,4.544597625732422,236,True,0.07053470611572266,4,4.711205959320068,236,True,0.23714303970336914,0.16660833358764648,both_correct
237,237,-1.7928428649902344,253,False,-1.7147135734558105,253,False,0.07812929153442383,-1.7890682220458984,-1.8182859420776367,-1.7905540466308594,-1.7993027369181316,-0.006459871927897209,-1.720402717590332,253,False,0.07244014739990234,1,-1.299370288848877,253,False,0.4934725761413574,0.4210324287414551,both_incorrect
238,238,2.457432270050049,238,True,2.4152846336364746,238,True,-0.04214763641357422,2.4944562911987305,2.4593687057495117,2.410646915435791,2.4548239707946777,-0.0026082992553710938,2.52994966506958,238,True,0.07251739501953125,1,2.7058305740356445,238,True,0.2483983039855957,0.17588090896606445,both_correct
239,239,2.966062545776367,239,True,2.968125343322754,239,True,0.0020627975463867188,2.975943088531494,3.018789291381836,2.9906063079833984,2.995112895965576,0.029050350189208984,3.0401296615600586,239,True,0.0740671157836914,2,3.2258520126342773,239,True,0.25978946685791016,0.18572235107421875,both_correct
240,240,-0.14986753463745117,238,False,-0.25216007232666016,238,False,-0.10229253768920898,-0.16596317291259766,-0.15364837646484375,-0.1539745330810547,-0.15786202748616537,-0.007994492848714202,-0.09802532196044922,238,False,0.05184221267700195,6,0.036629676818847656,240,True,0.18649721145629883,0.13465499877929688,tokenwise_only
241,241,2.980086326599121,241,True,2.9703245162963867,241,True,-0.009761810302734375,2.9558472633361816,2.958186149597168,2.9855856895446777,2.9665397008260093,-0.013546625773111831,3.0286850929260254,241,True,0.0485987663269043,0,3.1450552940368652,241,True,0.16496896743774414,0.11637020111083984,both_correct
242,242,3.115243911743164,242,True,3.1318869590759277,242,True,0.016643047332763672,3.091217517852783,3.104111671447754,3.101609230041504,3.0989794731140137,-0.01626443862915039,3.167112350463867,242,True,0.051868438720703125,0,3.4016942977905273,242,True,0.2864503860473633,0.23458194732666016,both_correct
243,243,-0.12066173553466797,242,False,-0.07594680786132812,242,False,0.044714927673339844,-0.09963035583496094,-0.07321405410766602,-0.09976482391357422,-0.09086974461873372,0.02979199091593425,0.004575252532958984,243,True,0.12523698806762695,4,0.28000545501708984,243,True,0.4006671905517578,0.27543020248413086,both_correct
244,244,4.191569805145264,244,True,4.225832939147949,244,True,0.03426313400268555,4.200998783111572,4.2193922996521,4.185659885406494,4.202016989390056,0.010447184244791963,4.2422685623168945,244,True,0.05069875717163086,2,4.357590675354004,244,True,0.16602087020874023,0.11532211303710938,both_correct
245,245,4.1630024909973145,245,True,4.114957332611084,245,True,-0.04804515838623047,4.180062770843506,4.202033519744873,4.162394046783447,4.181496779123942,0.0184942881266279,4.342426300048828,245,True,0.17942380905151367,0,4.419983386993408,245,True,0.25698089599609375,0.07755708694458008,both_correct
246,246,5.409724712371826,246,True,5.408572673797607,246,True,-0.00115203857421875,5.3815388679504395,5.391627788543701,5.4061970710754395,5.393121242523193,-0.016603469848632812,5.525931358337402,246,True,0.11620664596557617,1,5.747345924377441,246,True,0.33762121200561523,0.22141456604003906,both_correct
247,247,3.277576446533203,247,True,3.277729034423828,247,True,0.000152587890625,3.2947287559509277,3.2527990341186523,3.240086555480957,3.262538115183512,-0.015038331349690903,3.2972168922424316,247,True,0.019640445709228516,0,3.6295247077941895,247,True,0.35194826126098633,0.3323078155517578,both_correct
248,248,-0.2863349914550781,250,False,-0.27235889434814453,250,False,0.013976097106933594,-0.2929420471191406,-0.30272388458251953,-0.2915468215942383,-0.2957375844319661,-0.009402592976888002,-0.27235889434814453,250,False,0.013976097106933594,7,-0.22596359252929688,250,False,0.06037139892578125,0.046395301818847656,both_incorrect
249,249,-0.35474252700805664,250,False,-0.33599328994750977,250,False,0.018749237060546875,-0.37370824813842773,-0.3496251106262207,-0.38781023025512695,-0.3703811963399251,-0.01563866933186847,-0.33698511123657227,250,False,0.017757415771484375,2,-0.00392913818359375,250,False,0.3508133888244629,0.3330559730529785,both_incorrect
250,250,0.770665168762207,250,True,0.7671756744384766,250,True,-0.0034894943237304688,0.7880587577819824,0.7700538635253906,0.7789363861083984,0.7790163358052572,0.008351167043050167,0.8029508590698242,250,True,0.03228569030761719,0,0.8642148971557617,250,True,0.09354972839355469,0.0612640380859375,both_correct
251,251,5.909860610961914,251,True,5.90479850769043,251,True,-0.005062103271484375,5.904688835144043,5.872626304626465,5.864883899688721,5.880733013153076,-0.02912759780883789,5.940976142883301,251,True,0.03111553192138672,1,6.092665672302246,251,True,0.18280506134033203,0.1516895294189453,both_correct
252,252,3.6533422470092773,252,True,3.6288695335388184,252,True,-0.024472713470458984,3.6505861282348633,3.6483993530273438,3.6772007942199707,3.658728758494059,0.005386511484781753,3.719010353088379,252,True,0.06566810607910156,5,3.8123221397399902,252,True,0.1589798927307129,0.09331178665161133,both_correct
253,253,6.015895843505859,253,True,6.037774085998535,253,True,0.02187824249267578,6.026297569274902,6.028690338134766,6.018857955932617,6.024615287780762,0.008719444274902344,6.106322288513184,253,True,0.09042644500732422,1,6.233864784240723,253,True,0.21796894073486328,0.12754249572753906,both_correct
254,254,4.4986796379089355,254,True,4.411077976226807,254,True,-0.0876016616821289,4.548762798309326,4.481499195098877,4.446486473083496,4.492249488830566,-0.006430149078369141,4.596859931945801,254,True,0.09818029403686523,0,4.8957390785217285,254,True,0.39705944061279297,0.29887914657592773,both_correct
255,255,5.835331439971924,255,True,5.82470178604126,255,True,-0.010629653930664062,5.798093318939209,5.8799872398376465,5.882734298706055,5.853604952494304,0.018273512522379853,5.956953048706055,255,True,0.12162160873413086,5,6.185711860656738,255,True,0.35038042068481445,0.2287588119506836,both_correct
256,256,3.322331428527832,256,True,3.349371910095215,256,True,0.027040481567382812,3.330821990966797,3.3731675148010254,3.3438591957092285,3.34928290049235,0.02695147196451808,3.407850742340088,256,True,0.08551931381225586,4,3.5976157188415527,256,True,0.2752842903137207,0.18976497650146484,both_correct
257,257,0.5410332679748535,257,True,0.4613809585571289,257,True,-0.07965230941772461,0.5825676918029785,0.5783848762512207,0.550835132598877,0.570595900217692,0.029562632242838505,0.6399946212768555,257,True,0.09896135330200195,3,0.8545246124267578,257,True,0.3134913444519043,0.21452999114990234,both_correct
258,258,-0.976618766784668,257,False,-0.8130416870117188,257,False,0.16357707977294922,-0.9786205291748047,-1.021500587463379,-1.0812935829162598,-1.0271382331848145,-0.050519466400146484,-0.8130416870117188,257,False,0.16357707977294922,7,-0.6847743988037109,257,False,0.29184436798095703,0.1282672882080078,both_incorrect
259,259,4.093734264373779,259,True,4.165651798248291,259,True,0.07191753387451172,4.074367523193359,4.072202205657959,4.08645486831665,4.077674865722656,-0.016059398651123047,4.165660381317139,259,True,0.07192611694335938,3,4.303004264831543,259,True,0.20927000045776367,0.1373438835144043,both_correct
260,260,4.280856609344482,260,True,4.256544589996338,260,True,-0.02431201934814453,4.283468723297119,4.291225910186768,4.288148403167725,4.287614345550537,0.0067577362060546875,4.365931034088135,260,True,0.08507442474365234,0,4.534814357757568,260,True,0.25395774841308594,0.1688833236694336,both_correct
261,261,5.92112922668457,261,True,5.948718070983887,261,True,0.027588844299316406,5.943260192871094,5.957388877868652,5.969383239746094,5.956677436828613,0.03554821014404297,5.979497909545898,261,True,0.058368682861328125,6,5.995408535003662,261,True,0.0742793083190918,0.015910625457763672,both_correct
262,262,6.534249305725098,262,True,6.511359691619873,262,True,-0.02288961410522461,6.534467697143555,6.557039260864258,6.546862602233887,6.546123186747233,0.011873881022135713,6.6607513427734375,262,True,0.12650203704833984,0,6.695005416870117,262,True,0.16075611114501953,0.03425407409667969,both_correct
263,263,1.7569389343261719,263,True,1.752270221710205,263,True,-0.004668712615966797,1.7434430122375488,1.7817497253417969,1.7866439819335938,1.7706122398376465,0.01367330551147461,1.8272743225097656,263,True,0.07033538818359375,1,1.9632549285888672,263,True,0.2063159942626953,0.13598060607910156,both_correct
264,264,4.625865936279297,264,True,4.549616813659668,264,True,-0.0762491226196289,4.632485866546631,4.661435604095459,4.600004196166992,4.631308555603027,0.005442619323730469,4.770280361175537,264,True,0.14441442489624023,2,4.922529220581055,264,True,0.2966632843017578,0.15224885940551758,both_correct
265,265,-1.1343140602111816,266,False,-1.1261954307556152,266,False,0.008118629455566406,-1.1467223167419434,-1.1412220001220703,-1.1522302627563477,-1.1467248598734539,-0.01241079966227221,-1.1261954307556152,266,False,0.008118629455566406,7,-0.9883227348327637,266,False,0.14599132537841797,0.13787269592285156,both_incorrect
266,266,-0.4881925582885742,267,False,-0.42145681381225586,267,False,0.06673574447631836,-0.5075054168701172,-0.4804115295410156,-0.48113393783569336,-0.4896836280822754,-0.0014910697937011719,-0.42145681381225586,267,False,0.06673574447631836,7,-0.24711036682128906,267,False,0.24108219146728516,0.1743464469909668,both_incorrect
267,267,0.6303386688232422,267,True,0.6701102256774902,267,True,0.03977155685424805,0.6596097946166992,0.6755385398864746,0.6499648094177246,0.6617043813069662,0.031365712483723995,0.703183650970459,267,True,0.0728449821472168,5,0.8824276924133301,267,True,0.2520890235900879,0.1792440414428711,both_correct
268,268,4.604156494140625,268,True,4.598712921142578,268,True,-0.005443572998046875,4.616239547729492,4.61619758605957,4.628481864929199,4.620306332906087,0.016149838765461944,4.716269493103027,268,True,0.11211299896240234,1,4.835027694702148,268,True,0.23087120056152344,0.1187582015991211,both_correct
269,269,2.324248790740967,269,True,2.3389334678649902,269,True,0.014684677124023438,2.361179828643799,2.322021007537842,2.34669828414917,2.343299706776937,0.0190509160359702,2.395939350128174,269,True,0.07169055938720703,1,2.4541635513305664,269,True,0.1299147605895996,0.05822420120239258,both_correct
270,270,4.3831377029418945,270,True,4.371893405914307,270,True,-0.01124429702758789,4.404412746429443,4.389294624328613,4.408084869384766,4.4005974133809405,0.017459710439045928,4.415060997009277,270,True,0.03192329406738281,0,4.338181495666504,270,True,-0.044956207275390625,-0.07687950134277344,both_correct
271,271,5.564651012420654,271,True,5.568402290344238,271,True,0.0037512779235839844,5.579725742340088,5.573770523071289,5.594114780426025,5.582537015279134,0.01788600285847952,5.610630035400391,271,True,0.04597902297973633,2,5.69508171081543,271,True,0.1304306983947754,0.08445167541503906,both_correct
272,272,-5.693415641784668,362,False,-5.712757110595703,362,False,-0.019341468811035156,-5.657686233520508,-5.685337543487549,-5.69283390045166,-5.678619225819905,0.014796415964762666,-5.511537551879883,362,False,0.18187808990478516,0,-5.325054168701172,362,False,0.3683614730834961,0.18648338317871094,both_incorrect
273,273,2.7025017738342285,273,True,2.5970778465270996,273,True,-0.1054239273071289,2.713850975036621,2.705890655517578,2.6613478660583496,2.6936964988708496,-0.008805274963378906,2.7728915214538574,273,True,0.0703897476196289,5,2.9638009071350098,273,True,0.26129913330078125,0.19090938568115234,both_correct
274,274,5.962241172790527,274,True,5.960722923278809,274,True,-0.00151824951171875,5.911585807800293,5.917333602905273,5.910499572753906,5.913139661153157,-0.04910151163737009,5.980427265167236,274,True,0.018186092376708984,6,6.184557914733887,274,True,0.22231674194335938,0.2041306495666504,both_correct
275,275,5.079126358032227,275,True,5.110043525695801,275,True,0.03091716766357422,5.100333213806152,5.073741436004639,5.098563194274902,5.0908792813618975,0.011752923329670928,5.127079963684082,275,True,0.04795360565185547,3,5.18058967590332,275,True,0.10146331787109375,0.05350971221923828,both_correct
276,276,3.545802116394043,276,True,3.5524353981018066,276,True,0.006633281707763672,3.54398775100708,3.5608410835266113,3.5414681434631348,3.5487656593322754,0.002963542938232422,3.624401092529297,276,True,0.0785989761352539,1,3.660989761352539,276,True,0.1151876449584961,0.03658866882324219,both_correct
277,277,2.7079648971557617,277,True,2.71720027923584,277,True,0.009235382080078125,2.710430145263672,2.7141342163085938,2.7026381492614746,2.7090675036112466,0.001102606455484878,2.7474913597106934,277,True,0.03952646255493164,0,2.8109078407287598,277,True,0.10294294357299805,0.0634164810180664,both_correct
278,278,-2.082946300506592,277,False,-2.0638389587402344,277,False,0.019107341766357422,-2.105085849761963,-2.089054584503174,-2.1114559173583984,-2.1018654505411782,-0.01891915003458644,-2.0638389587402344,277,False,0.019107341766357422,7,-1.9806795120239258,277,False,0.10226678848266602,0.0831594467163086,both_incorrect
279,279,5.487863540649414,279,True,5.52495813369751,279,True,0.0370945930480957,5.4771928787231445,5.475156784057617,5.502427101135254,5.484925587972005,-0.0029379526774091502,5.588004112243652,279,True,0.10014057159423828,1,5.641668319702148,279,True,0.15380477905273438,0.053664207458496094,both_correct
280,280,4.115527153015137,280,True,4.132800102233887,280,True,0.01727294921875,4.118847370147705,4.096116065979004,4.113959312438965,4.109640916188558,-0.005886236826579072,4.132800102233887,280,True,0.01727294921875,7,4.235194683074951,280,True,0.11966753005981445,0.10239458084106445,both_correct
281,281,1.6575021743774414,281,True,1.5715827941894531,281,True,-0.08591938018798828,1.6525492668151855,1.6502366065979004,1.6702542304992676,1.6576800346374512,0.00017786026000976562,1.7233495712280273,281,True,0.06584739685058594,1,1.8822541236877441,281,True,0.22475194931030273,0.1589045524597168,both_correct
282,282,-1.3201336860656738,281,False,-1.30389404296875,281,False,0.016239643096923828,-1.2908029556274414,-1.3169093132019043,-1.3075642585754395,-1.305092175801595,0.01504151026407885,-1.2512269020080566,281,False,0.06890678405761719,0,-1.1587958335876465,281,False,0.16133785247802734,0.09243106842041016,both_incorrect
283,283,-0.7858791351318359,285,False,-0.9346890449523926,285,False,-0.14880990982055664,-0.7373619079589844,-0.7314305305480957,-0.7289071083068848,-0.7325665156046549,0.05331261952718103,-0.4064197540283203,285,False,0.3794593811035156,0,-0.20572614669799805,285,False,0.5801529884338379,0.20069360733032227,both_incorrect
284,284,6.208887577056885,284,True,6.136502265930176,284,True,-0.07238531112670898,6.164464950561523,6.231623649597168,6.222247123718262,6.206111907958984,-0.0027756690979003906,6.288996696472168,284,True,0.0801091194152832,6,6.545778274536133,284,True,0.33689069747924805,0.25678157806396484,both_correct
285,285,2.9566664695739746,285,True,2.935163974761963,285,True,-0.02150249481201172,2.9486846923828125,2.9786877632141113,2.956251621246338,2.9612080256144204,0.0045415560404458155,3.010791301727295,285,True,0.05412483215332031,4,3.153348445892334,285,True,0.19668197631835938,0.14255714416503906,both_correct
286,286,4.9889678955078125,286,True,4.950379848480225,286,True,-0.03858804702758789,5.042743682861328,5.039305686950684,5.013033390045166,5.031694253285726,0.042726357777913115,5.133277416229248,286,True,0.14430952072143555,1,5.258258819580078,286,True,0.2692909240722656,0.12498140335083008,both_correct
287,287,6.145788669586182,287,True,6.108585834503174,287,True,-0.03720283508300781,6.159339904785156,6.162890911102295,6.164212226867676,6.162147680918376,0.016359011332194306,6.211899280548096,287,True,0.06611061096191406,6,6.337648391723633,287,True,0.19185972213745117,0.1257491111755371,both_correct
288,288,2.842470169067383,288,True,2.8278698921203613,288,True,-0.014600276947021484,2.8421835899353027,2.8454856872558594,2.8392434120178223,2.842304229736328,-0.0001659393310546875,2.8821301460266113,288,True,0.039659976959228516,2,3.0170979499816895,288,True,0.17462778091430664,0.13496780395507812,both_correct
289,289,2.471302032470703,289,True,2.4665613174438477,289,True,-0.004740715026855469,2.4771833419799805,2.462940216064453,2.488875389099121,2.476332982381185,0.005030949910481919,2.5391640663146973,289,True,0.06786203384399414,1,2.6060266494750977,289,True,0.13472461700439453,0.06686258316040039,both_correct
290,290,-3.14058780670166,288,False,-3.0912623405456543,288,False,0.04932546615600586,-3.1675710678100586,-3.165499210357666,-3.150998592376709,-3.161356290181478,-0.020768483479817856,-3.0912623405456543,288,False,0.04932546615600586,7,-3.0292835235595703,288,False,0.11130428314208984,0.061978816986083984,both_incorrect
291,291,5.539699554443359,291,True,5.520925998687744,291,True,-0.018773555755615234,5.530327796936035,5.511417865753174,5.54648494720459,5.529410203297933,-0.010289351145426728,5.5799665451049805,291,True,0.040266990661621094,2,5.714129447937012,291,True,0.17442989349365234,0.13416290283203125,both_correct
292,292,2.1980786323547363,292,True,2.1880764961242676,292,True,-0.01000213623046875,2.181654453277588,2.1877942085266113,2.196536064147949,2.188661575317383,-0.009417057037353516,2.207590103149414,292,True,0.009511470794677734,6,2.2510151863098145,292,True,0.052936553955078125,0.04342508316040039,both_correct
293,293,5.958284378051758,293,True,5.95460319519043,293,True,-0.003681182861328125,5.951163291931152,5.948122978210449,5.943081855773926,5.947456041971843,-0.010828336079915069,5.970358371734619,293,True,0.012073993682861328,1,6.0527753829956055,293,True,0.09449100494384766,0.08241701126098633,both_correct
294,294,5.174678325653076,294,True,5.150432109832764,294,True,-0.0242462158203125,5.17584753036499,5.197225570678711,5.192636489868164,5.188569863637288,0.013891537984211944,5.244110107421875,294,True,0.06943178176879883,3,5.305418491363525,294,True,0.13074016571044922,0.06130838394165039,both_correct
295,295,2.4737982749938965,295,True,2.440040111541748,295,True,-0.03375816345214844,2.4950437545776367,2.5059618949890137,2.4827208518981934,2.4945755004882812,0.020777225494384766,2.5479750633239746,295,True,0.07417678833007812,4,2.6825661659240723,295,True,0.20876789093017578,0.13459110260009766,both_correct
296,296,5.726857662200928,296,True,5.761223793029785,296,True,0.03436613082885742,5.733257293701172,5.738847732543945,5.747392654418945,5.7398325602213545,0.012974898020426728,5.790261268615723,296,True,0.06340360641479492,2,5.898322105407715,296,True,0.1714644432067871,0.10806083679199219,both_correct
297,297,-2.809234619140625,355,False,-2.681278705596924,355,False,0.12795591354370117,-2.9619336128234863,-2.8534998893737793,-2.9311790466308594,-2.9155375162760415,-0.10630289713541652,-2.681278705596924,355,False,0.12795591354370117,7,-2.291673183441162,355,False,0.5175614356994629,0.3896055221557617,both_incorrect
298,298,-2.670600414276123,299,False,-2.6612706184387207,299,False,0.009329795837402344,-2.6562323570251465,-2.674182891845703,-2.6596627235412598,-2.6633593241373696,0.007241090138753403,-2.638282299041748,299,False,0.032318115234375,2,-2.5490498542785645,299,False,0.1215505599975586,0.0892324447631836,both_incorrect
299,299,3.5040526390075684,299,True,3.5164294242858887,299,True,0.012376785278320312,3.510226249694824,3.500345230102539,3.5232911109924316,3.511287530263265,0.007234891255696763,3.532707691192627,299,True,0.028655052185058594,6,3.5922770500183105,299,True,0.08822441101074219,0.059569358825683594,both_correct
300,300,2.343437671661377,300,True,2.3669371604919434,300,True,0.023499488830566406,2.3387584686279297,2.330702781677246,2.3605408668518066,2.3433340390523276,-0.00010363260904933114,2.3820414543151855,300,True,0.038603782653808594,3,2.5059022903442383,300,True,0.16246461868286133,0.12386083602905273,both_correct
301,301,1.7020001411437988,301,True,1.6844544410705566,301,True,-0.017545700073242188,1.7024288177490234,1.6916003227233887,1.6997628211975098,1.6979306538899739,-0.004069487253824944,1.7620344161987305,301,True,0.06003427505493164,0,1.8165297508239746,301,True,0.11452960968017578,0.05449533462524414,both_correct
302,302,3.160983085632324,302,True,3.209383010864258,302,True,0.048399925231933594,3.1428937911987305,3.1699275970458984,3.176508903503418,3.163110097249349,0.0021270116170248876,3.209383010864258,302,True,0.048399925231933594,7,3.427248477935791,302,True,0.2662653923034668,0.2178654670715332,both_correct
303,303,4.935341835021973,303,True,4.922608375549316,303,True,-0.01273345947265625,4.921560764312744,4.948613166809082,4.921805381774902,4.930659770965576,-0.004682064056396484,5.0011773109436035,303,True,0.06583547592163086,4,5.1658935546875,303,True,0.23055171966552734,0.16471624374389648,both_correct
304,304,2.995138645172119,304,True,2.9688334465026855,304,True,-0.026305198669433594,2.977874279022217,3.03501033782959,2.997591972351074,3.0034921964009604,0.008353551228841294,3.0783486366271973,304,True,0.08320999145507812,3,3.1518397331237793,304,True,0.15670108795166016,0.07349109649658203,both_correct
305,305,0.2480149269104004,305,True,0.21727895736694336,305,True,-0.03073596954345703,0.24250221252441406,0.26206254959106445,0.22684621810913086,0.24380366007486978,-0.004211266835530608,0.36208486557006836,305,True,0.11406993865966797,6,0.7127871513366699,305,True,0.46477222442626953,0.35070228576660156,both_correct
306,306,5.700946807861328,306,True,5.648977279663086,306,True,-0.05196952819824219,5.713756561279297,5.680365562438965,5.683218002319336,5.692446708679199,-0.008500099182128906,5.809447288513184,306,True,0.10850048065185547,2,6.007026672363281,306,True,0.3060798645019531,0.19757938385009766,both_correct
307,307,1.8264727592468262,307,True,1.7937297821044922,307,True,-0.032742977142333984,1.8155183792114258,1.8001723289489746,1.7990708351135254,1.8049205144246419,-0.02155224482218432,1.8579745292663574,307,True,0.03150177001953125,5,1.9978208541870117,307,True,0.17134809494018555,0.1398463249206543,both_correct
308,308,6.160934925079346,308,True,6.155080795288086,308,True,-0.005854129791259766,6.18079948425293,6.185121536254883,6.15677547454834,6.174232165018718,0.01329723993937204,6.1941423416137695,308,True,0.03320741653442383,2,6.313268661499023,308,True,0.15233373641967773,0.1191263198852539,both_correct
309,309,3.52341890335083,309,True,3.430245876312256,309,True,-0.09317302703857422,3.498382568359375,3.4915099143981934,3.523489475250244,3.504460652669271,-0.018958250681559097,3.582127094268799,309,True,0.05870819091796875,2,3.6605982780456543,309,True,0.13717937469482422,0.07847118377685547,both_correct
310,310,6.876703262329102,310,True,6.923364162445068,310,True,0.0466609001159668,6.825850486755371,6.854155540466309,6.879434585571289,6.853146870930989,-0.023556391398112275,6.923364162445068,310,True,0.0466609001159668,7,6.959481239318848,310,True,0.0827779769897461,0.0361170768737793,both_correct
311,311,1.4201064109802246,311,True,1.4333038330078125,311,True,0.01319742202758789,1.4092717170715332,1.3947687149047852,1.3891921043395996,1.3977441787719727,-0.022362232208251953,1.4326653480529785,311,True,0.012558937072753906,3,1.5120234489440918,311,True,0.09191703796386719,0.07935810089111328,both_correct
312,312,-0.038364410400390625,311,False,-0.03403759002685547,311,False,0.004326820373535156,-0.021164894104003906,-0.02051067352294922,-0.03929710388183594,-0.026990890502929688,0.011373519897460938,-0.00736236572265625,311,False,0.031002044677734375,0,0.08220386505126953,312,True,0.12056827545166016,0.08956623077392578,tokenwise_only
313,313,1.4335918426513672,313,True,1.497208595275879,313,True,0.06361675262451172,1.403275489807129,1.4218330383300781,1.4549927711486816,1.4267004330952961,-0.0068914095560710376,1.5296707153320312,313,True,0.09607887268066406,1,1.724599838256836,313,True,0.29100799560546875,0.1949291229248047,both_correct
314,314,1.9932317733764648,314,True,2.043417453765869,314,True,0.0501856803894043,1.9389638900756836,2.0055017471313477,2.010941982269287,1.9851358731587727,-0.008095900217692131,2.0538973808288574,314,True,0.06066560745239258,0,2.2885141372680664,314,True,0.29528236389160156,0.23461675643920898,both_correct
315,315,1.6092133522033691,315,True,1.6242032051086426,315,True,0.014989852905273438,1.5835633277893066,1.6020236015319824,1.5873370170593262,1.5909746487935383,-0.018238703409830803,1.6919631958007812,315,True,0.08274984359741211,0,1.8234648704528809,315,True,0.21425151824951172,0.1315016746520996,both_correct
316,316,4.263509750366211,316,True,4.188471794128418,316,True,-0.07503795623779297,4.197540283203125,4.230940341949463,4.239324569702148,4.222601731618245,-0.04090801874796579,4.326322555541992,316,True,0.06281280517578125,4,4.535032272338867,316,True,0.27152252197265625,0.208709716796875,both_correct
317,317,3.5643606185913086,317,True,3.6541500091552734,317,True,0.08978939056396484,3.573756217956543,3.5784783363342285,3.5741090774536133,3.5754478772481284,0.01108725865681981,3.6541500091552734,317,True,0.08978939056396484,7,3.742156505584717,317,True,0.1777958869934082,0.08800649642944336,both_correct
318,318,6.861627578735352,318,True,6.8320746421813965,318,True,-0.029552936553955078,6.861978054046631,6.877328872680664,6.864194869995117,6.867833932240804,0.006206353505452178,6.919863700866699,318,True,0.058236122131347656,0,6.977903366088867,318,True,0.11627578735351562,0.05803966522216797,both_correct
319,319,0.6493415832519531,319,True,0.5799026489257812,319,True,-0.06943893432617188,0.6697225570678711,0.6791567802429199,0.6230134963989258,0.6572976112365723,0.00795602798461914,0.7785930633544922,319,True,0.12925148010253906,0,0.9227132797241211,319,True,0.27337169647216797,0.1441202163696289,both_correct
320,320,3.2366929054260254,320,True,3.2661213874816895,320,True,0.029428482055664062,3.2480082511901855,3.2416882514953613,3.246610641479492,3.2454357147216797,0.008742809295654297,3.2661213874816895,320,True,0.029428482055664062,7,3.318751811981201,320,True,0.08205890655517578,0.05263042449951172,both_correct
321,321,4.959013938903809,321,True,5.002462387084961,321,True,0.043448448181152344,4.985788345336914,4.929993629455566,4.996396064758301,4.970726013183594,0.011712074279785156,5.029592037200928,321,True,0.07057809829711914,5,5.108994483947754,321,True,0.1499805450439453,0.07940244674682617,both_correct
322,322,5.862250328063965,322,True,5.775060653686523,322,True,-0.0871896743774414,5.87668514251709,5.84908390045166,5.8590407371521,5.861603260040283,-0.0006470680236816406,5.913275241851807,322,True,0.0510249137878418,0,6.015995979309082,322,True,0.1537456512451172,0.10272073745727539,both_correct
323,323,6.5188374519348145,323,True,6.506536483764648,323,True,-0.012300968170166016,6.523611068725586,6.527316093444824,6.541807174682617,6.530911445617676,0.012073993682861328,6.5711517333984375,323,True,0.05231428146362305,5,6.644252777099609,323,True,0.12541532516479492,0.07310104370117188,both_correct
324,324,5.039096832275391,324,True,5.002240180969238,324,True,-0.036856651306152344,5.040996551513672,5.052563667297363,5.062742233276367,5.052100817362468,0.013003985087077119,5.129720687866211,324,True,0.09062385559082031,1,5.216325283050537,324,True,0.17722845077514648,0.08660459518432617,both_correct
325,325,5.608524322509766,325,True,5.529888153076172,325,True,-0.07863616943359375,5.567570686340332,5.590980529785156,5.5868377685546875,5.581796328226726,-0.02672799428304007,5.635258674621582,325,True,0.026734352111816406,2,5.710935592651367,325,True,0.10241127014160156,0.07567691802978516,both_correct
326,326,5.962108135223389,326,True,5.9117021560668945,326,True,-0.05040597915649414,5.939476013183594,5.946530342102051,5.949104309082031,5.945036888122559,-0.017071247100830078,6.050176620483398,326,True,0.08806848526000977,1,6.128052711486816,326,True,0.16594457626342773,0.07787609100341797,both_correct
327,327,6.1776442527771,327,True,6.141181945800781,327,True,-0.03646230697631836,6.183457374572754,6.198971271514893,6.15952730178833,6.180651982625325,0.0030077298482256154,6.2286763191223145,327,True,0.051032066345214844,3,6.2806596755981445,327,True,0.10301542282104492,0.05198335647583008,both_correct
328,328,5.881938934326172,328,True,5.809523582458496,328,True,-0.07241535186767578,5.924777030944824,5.91323184967041,5.895808219909668,5.911272366841634,0.029333432515461944,6.024004936218262,328,True,0.14206600189208984,2,6.143061637878418,328,True,0.2611227035522461,0.11905670166015625,both_correct
329,329,4.230483055114746,329,True,4.311867713928223,329,True,0.08138465881347656,4.222064018249512,4.264092445373535,4.262228965759277,4.249461809794108,0.018978754679362275,4.311867713928223,329,True,0.08138465881347656,7,4.585616111755371,329,True,0.355133056640625,0.27374839782714844,both_correct
330,330,3.2470498085021973,330,True,3.2152600288391113,330,True,-0.03178977966308594,3.2520089149475098,3.266627788543701,3.246051788330078,3.2548961639404297,0.007846355438232422,3.283980369567871,330,True,0.03693056106567383,0,3.325869560241699,330,True,0.07881975173950195,0.041889190673828125,both_correct
331,331,1.6915574073791504,331,True,1.7247309684753418,331,True,0.033173561096191406,1.6952505111694336,1.6667637825012207,1.690382480621338,1.6841322580973308,-0.0074251492818195874,1.7247309684753418,331,True,0.033173561096191406,7,1.9109382629394531,331,True,0.21938085556030273,0.18620729446411133,both_correct
332,332,4.98096227645874,332,True,5.013375282287598,332,True,0.03241300582885742,4.980679512023926,4.945934295654297,4.938511371612549,4.955041726430257,-0.02592055002848337,4.997629165649414,332,True,0.016666889190673828,4,5.170825004577637,332,True,0.18986272811889648,0.17319583892822266,both_correct
333,333,4.67944860458374,333,True,4.594414710998535,333,True,-0.08503389358520508,4.744235992431641,4.697954177856445,4.6731157302856445,4.70510196685791,0.025653362274169922,4.860373497009277,333,True,0.1809248924255371,2,5.190284729003906,333,True,0.510836124420166,0.3299112319946289,both_correct
334,334,4.974459648132324,334,True,4.932271957397461,334,True,-0.04218769073486328,4.979190826416016,4.979578018188477,4.985774993896484,4.981514612833659,0.0070549647013349315,5.031711578369141,334,True,0.057251930236816406,2,5.212873458862305,334,True,0.23841381072998047,0.18116188049316406,both_correct
335,335,5.767279624938965,335,True,5.825300216674805,335,True,0.058020591735839844,5.757834434509277,5.734622955322266,5.773687362670898,5.7553815841674805,-0.011898040771484375,5.825300216674805,335,True,0.058020591735839844,7,5.901717662811279,335,True,0.13443803787231445,0.07641744613647461,both_correct
336,336,3.7413339614868164,336,True,3.745488166809082,336,True,0.004154205322265625,3.7399487495422363,3.762259006500244,3.7407875061035156,3.7476650873819985,0.006331125895182144,3.860942840576172,336,True,0.11960887908935547,0,3.9285011291503906,336,True,0.18716716766357422,0.06755828857421875,both_correct
337,337,6.413530349731445,337,True,6.47239875793457,337,True,0.058868408203125,6.436589241027832,6.440620422363281,6.455787658691406,6.444332440694173,0.03080209096272757,6.47239875793457,337,True,0.058868408203125,7,6.5688982009887695,337,True,0.15536785125732422,0.09649944305419922,both_correct
338,338,-3.645688056945801,332,False,-3.740034580230713,332,False,-0.09434652328491211,-3.620715618133545,-3.5893659591674805,-3.616119384765625,-3.608733654022217,0.036954402923583984,-3.5025296211242676,332,False,0.1431584358215332,1,-3.193105697631836,332,False,0.45258235931396484,0.30942392349243164,both_incorrect
339,339,2.301339626312256,339,True,2.2960286140441895,339,True,-0.005311012268066406,2.312607765197754,2.340406894683838,2.284334182739258,2.3124496142069497,0.011109987894693862,2.396131992340088,339,True,0.09479236602783203,6,2.5735983848571777,339,True,0.2722587585449219,0.17746639251708984,both_correct
340,340,7.0434980392456055,340,True,7.047466278076172,340,True,0.003968238830566406,7.048989295959473,7.050426483154297,7.051053047180176,7.050156275431315,0.0066582361857099315,7.079074382781982,340,True,0.03557634353637695,1,7.127618312835693,340,True,0.08412027359008789,0.04854393005371094,both_correct
341,341,-1.1660690307617188,279,False,-1.269660472869873,279,False,-0.1035914421081543,-1.073369026184082,-1.16571044921875,-1.0772614479064941,-1.1054469744364421,0.06062205632527662,-0.9751334190368652,279,False,0.19093561172485352,0,-0.383481502532959,279,False,0.7825875282287598,0.5916519165039062,both_incorrect
342,342,0.8196277618408203,342,True,0.8263821601867676,342,True,0.006754398345947266,0.8245902061462402,0.8289332389831543,0.827333927154541,0.8269524574279785,0.007324695587158203,0.841071605682373,342,True,0.021443843841552734,6,0.8768057823181152,342,True,0.05717802047729492,0.03573417663574219,both_correct
343,343,3.8922653198242188,343,True,3.8928542137145996,343,True,0.0005888938903808594,3.9226632118225098,3.9032950401306152,3.906744956970215,3.9109010696411133,0.01863574981689453,3.9084787368774414,343,True,0.016213417053222656,0,4.05699348449707,343,True,0.16472816467285156,0.1485147476196289,both_correct
344,344,6.684183120727539,344,True,6.664554119110107,344,True,-0.01962900161743164,6.708398818969727,6.703215599060059,6.67629337310791,6.695969263712565,0.011786142985026338,6.7274041175842285,344,True,0.04322099685668945,6,6.865159034729004,344,True,0.18097591400146484,0.1377549171447754,both_correct
345,345,4.577829360961914,345,True,4.60708475112915,345,True,0.029255390167236328,4.620240688323975,4.602205753326416,4.616988658905029,4.613145033518474,0.03531567255655954,4.703706741333008,345,True,0.12587738037109375,1,5.01328182220459,345,True,0.4354524612426758,0.30957508087158203,both_correct
346,346,4.583366394042969,346,True,4.591604232788086,346,True,0.008237838745117188,4.599066734313965,4.604992866516113,4.595124244689941,4.599727948506673,0.01636155446370413,4.622620105743408,346,True,0.03925371170043945,2,4.696417331695557,346,True,0.11305093765258789,0.07379722595214844,both_correct
347,347,5.430938720703125,347,True,5.295472145080566,347,True,-0.1354665756225586,5.466432094573975,5.431958198547363,5.406671524047852,5.4350206057230634,0.004081885019938447,5.524026870727539,347,True,0.09308815002441406,1,5.631674289703369,347,True,0.20073556900024414,0.10764741897583008,both_correct
348,348,-6.2106781005859375,222,False,-6.258699893951416,222,False,-0.048021793365478516,-6.160358428955078,-6.218451499938965,-6.181297302246094,-6.186702410380046,0.02397569020589163,-6.063154220581055,222,False,0.1475238800048828,5,-5.8548431396484375,222,False,0.3558349609375,0.2083110809326172,both_incorrect
349,349,1.8036580085754395,349,True,1.8131012916564941,349,True,0.009443283081054688,1.8079447746276855,1.8071327209472656,1.812856674194336,1.8093113899230957,0.00565338134765625,1.8271327018737793,349,True,0.023474693298339844,3,1.8977975845336914,349,True,0.09413957595825195,0.07066488265991211,both_correct
350,350,5.081140041351318,350,True,4.998063087463379,350,True,-0.08307695388793945,5.065868377685547,5.039461135864258,5.067938327789307,5.057755947113037,-0.02338409423828125,5.130352020263672,350,True,0.049211978912353516,4,5.264646053314209,350,True,0.18350601196289062,0.1342940330505371,both_correct
351,351,4.483225345611572,351,True,4.467031478881836,351,True,-0.016193866729736328,4.498096942901611,4.503840923309326,4.501730442047119,4.5012227694193525,0.017997423807780244,4.549907207489014,351,True,0.0666818618774414,0,4.634797096252441,351,True,0.15157175064086914,0.08488988876342773,both_correct
352,352,1.3260879516601562,352,True,1.331575870513916,352,True,0.005487918853759766,1.3016862869262695,1.3436617851257324,1.319282054901123,1.3215433756510417,-0.004544576009114509,1.3989677429199219,352,True,0.07287979125976562,0,1.4264039993286133,352,True,0.10031604766845703,0.027436256408691406,both_correct
353,353,1.7691421508789062,353,True,1.787149429321289,353,True,0.018007278442382812,1.7608633041381836,1.7749543190002441,1.8073163032531738,1.781044642130534,0.011902491251627678,1.8583240509033203,353,True,0.08918190002441406,5,1.997429370880127,353,True,0.2282872200012207,0.13910531997680664,both_correct
354,354,1.9334077835083008,354,True,1.9223580360412598,354,True,-0.011049747467041016,1.9219942092895508,1.9328675270080566,1.9333710670471191,1.9294109344482422,-0.003996849060058594,2.001471996307373,354,True,0.06806421279907227,4,2.1936392784118652,354,True,0.26023149490356445,0.1921672821044922,both_correct
355,355,6.910984992980957,355,True,6.955519676208496,355,True,0.04453468322753906,6.923282146453857,6.93955659866333,6.922798156738281,6.928545633951823,0.01756064097086618,6.915257453918457,355,True,0.0042724609375,3,6.969461441040039,355,True,0.05847644805908203,0.05420398712158203,both_correct
356,356,-2.707524299621582,358,False,-2.714789867401123,358,False,-0.007265567779541016,-2.713240146636963,-2.718895435333252,-2.7140212059020996,-2.715385595957438,-0.007861296335855972,-2.6796536445617676,358,False,0.027870655059814453,3,-2.630155086517334,358,False,0.07736921310424805,0.049498558044433594,both_incorrect
357,357,3.0152316093444824,357,True,3.0433402061462402,357,True,0.028108596801757812,2.996152400970459,3.0692086219787598,3.1015067100524902,3.0556225776672363,0.040390968322753906,2.9830193519592285,357,True,-0.032212257385253906,0,3.124483108520508,357,True,0.10925149917602539,0.1414637565612793,both_correct
358,358,1.1097807884216309,358,True,1.1608662605285645,358,True,0.051085472106933594,1.1167492866516113,1.1009254455566406,1.11765718460083,1.1117773056030273,0.0019965171813964844,1.2032270431518555,358,True,0.09344625473022461,0,1.25616455078125,358,True,0.14638376235961914,0.05293750762939453,both_correct
359,359,1.1557483673095703,359,True,1.096292495727539,359,True,-0.05945587158203125,1.141068458557129,1.144963264465332,1.1447553634643555,1.1435956954956055,-0.012152671813964844,1.1710772514343262,359,True,0.01532888412475586,4,1.2470417022705078,359,True,0.0912933349609375,0.07596445083618164,both_correct
360,360,2.5004634857177734,360,True,2.5445680618286133,360,True,0.044104576110839844,2.51509952545166,2.457951545715332,2.4714818000793457,2.481510957082113,-0.01895252863566066,2.5445680618286133,360,True,0.044104576110839844,7,2.8516154289245605,360,True,0.3511519432067871,0.30704736709594727,both_correct
361,361,5.766800880432129,361,True,5.733335494995117,361,True,-0.03346538543701172,5.792943954467773,5.799321174621582,5.787450790405273,5.793238639831543,0.026437759399414062,5.841330528259277,361,True,0.07452964782714844,3,5.881281852722168,361,True,0.11448097229003906,0.039951324462890625,both_correct
362,362,6.400407314300537,362,True,6.39853048324585,362,True,-0.0018768310546875,6.408803939819336,6.40804386138916,6.39619255065918,6.404346783955892,0.003939469655354522,6.436269283294678,362,True,0.035861968994140625,3,6.47851037979126,362,True,0.07810306549072266,0.04224109649658203,both_correct
363,363,7.2479448318481445,363,True,7.264781951904297,363,True,0.016837120056152344,7.247306823730469,7.241818904876709,7.244214057922363,7.244446595509847,-0.003498236338297822,7.254840850830078,363,True,0.006896018981933594,3,7.306358814239502,363,True,0.05841398239135742,0.05151796340942383,both_correct
364,364,7.052654266357422,364,True,7.069991588592529,364,True,0.017337322235107422,7.0598320960998535,7.068538665771484,7.074294090270996,7.067554950714111,0.014900684356689453,7.100790023803711,364,True,0.04813575744628906,2,7.165417194366455,364,True,0.1127629280090332,0.06462717056274414,both_correct
365,365,4.584514617919922,365,True,4.565396785736084,365,True,-0.01911783218383789,4.600178241729736,4.61193323135376,4.613519668579102,4.608543713887532,0.02402909596761038,4.651528835296631,365,True,0.06701421737670898,6,4.74118185043335,365,True,0.15666723251342773,0.08965301513671875,both_correct
366,366,4.131711006164551,366,True,4.104679107666016,366,True,-0.027031898498535156,4.149482250213623,4.1450934410095215,4.131412982940674,4.1419962247212725,0.01028521855672171,4.156805515289307,366,True,0.02509450912475586,2,4.271894454956055,366,True,0.1401834487915039,0.11508893966674805,both_correct
367,367,3.7384986877441406,367,True,3.7355151176452637,367,True,-0.002983570098876953,3.8035216331481934,3.779085636138916,3.796511650085449,3.793039639790853,0.05454095204671239,4.035594463348389,367,True,0.29709577560424805,3,4.354133605957031,367,True,0.6156349182128906,0.3185391426086426,both_correct
368,368,4.414192199707031,368,True,4.464285373687744,368,True,0.05009317398071289,4.39394474029541,4.408377647399902,4.447789192199707,4.416703859965007,0.0025116602579755565,4.504855632781982,368,True,0.09066343307495117,3,4.72623872756958,368,True,0.31204652786254883,0.22138309478759766,both_correct
369,369,2.276686668395996,369,True,2.2781524658203125,369,True,0.0014657974243164062,2.283480644226074,2.283085346221924,2.3005895614624023,2.2890518506368003,0.012365182240804184,2.330613613128662,369,True,0.053926944732666016,4,2.434211254119873,369,True,0.15752458572387695,0.10359764099121094,both_correct
370,370,2.5507493019104004,370,True,2.5588536262512207,370,True,0.008104324340820312,2.578270435333252,2.5526223182678223,2.587130069732666,2.57267427444458,0.021924972534179688,2.6179633140563965,370,True,0.0672140121459961,2,2.718435764312744,370,True,0.16768646240234375,0.10047245025634766,both_correct
371,371,1.4640278816223145,371,True,1.4608650207519531,371,True,-0.003162860870361328,1.4951133728027344,1.4420347213745117,1.491757869720459,1.4763019879659016,0.012274106343587166,1.5766339302062988,371,True,0.11260604858398438,3,1.838212490081787,371,True,0.37418460845947266,0.2615785598754883,both_correct
372,372,-1.8633852005004883,373,False,-1.8028759956359863,373,False,0.06050920486450195,-1.9015369415283203,-1.881455898284912,-1.9012994766235352,-1.8947641054789226,-0.03137890497843432,-1.7638750076293945,373,False,0.09951019287109375,6,-1.5419201850891113,373,False,0.32146501541137695,0.2219548225402832,both_incorrect
373,373,2.7187867164611816,373,True,2.6911263465881348,373,True,-0.027660369873046875,2.7161498069763184,2.7264466285705566,2.721320629119873,2.7213056882222495,0.0025189717610678564,2.758695125579834,373,True,0.039908409118652344,2,2.878424644470215,373,True,0.1596379280090332,0.11972951889038086,both_correct
374,374,-0.632655143737793,371,False,-0.6206769943237305,371,False,0.0119781494140625,-0.6178841590881348,-0.6215858459472656,-0.6085176467895508,-0.6159958839416504,0.016659259796142578,-0.5521259307861328,371,False,0.08052921295166016,0,-0.4229617118835449,371,False,0.20969343185424805,0.1291642189025879,both_incorrect
375,375,4.262824535369873,375,True,4.199378967285156,375,True,-0.0634455680847168,4.260188102722168,4.283146381378174,4.2888102531433105,4.277381579081218,0.014557043711344697,4.319294452667236,375,True,0.05646991729736328,1,4.382174968719482,375,True,0.11935043334960938,0.0628805160522461,both_correct
376,376,7.0284624099731445,376,True,7.073875904083252,376,True,0.04541349411010742,7.039452075958252,7.064522743225098,7.038948059082031,7.047640959421794,0.019178549448649385,7.089958190917969,376,True,0.06149578094482422,5,7.172066688537598,376,True,0.14360427856445312,0.0821084976196289,both_correct
377,377,1.5403285026550293,377,True,1.5243477821350098,377,True,-0.01598072052001953,1.5385780334472656,1.5376877784729004,1.5434679985046387,1.5399112701416016,-0.0004172325134277344,1.5988044738769531,377,True,0.05847597122192383,6,1.686838150024414,377,True,0.14650964736938477,0.08803367614746094,both_correct
378,378,2.6499366760253906,378,True,2.674891948699951,378,True,0.024955272674560547,2.6506972312927246,2.6658596992492676,2.6549572944641113,2.6571714083353677,0.0072347323099770655,2.6929149627685547,378,True,0.04297828674316406,4,2.745119571685791,378,True,0.09518289566040039,0.05220460891723633,both_correct
379,379,5.442136287689209,379,True,5.416396617889404,379,True,-0.025739669799804688,5.45953369140625,5.4267354011535645,5.450599670410156,5.44562292098999,0.00348663330078125,5.510479927062988,379,True,0.0683436393737793,4,5.612030029296875,379,True,0.16989374160766602,0.10155010223388672,both_correct
380,380,4.831715106964111,380,True,4.854233264923096,380,True,0.022518157958984375,4.8338446617126465,4.8558349609375,4.857051372528076,4.848910331726074,0.01719522476196289,4.897667407989502,380,True,0.06595230102539062,1,4.9919867515563965,380,True,0.16027164459228516,0.09431934356689453,both_correct
381,381,0.9238791465759277,381,True,0.7982430458068848,381,True,-0.12563610076904297,0.9588656425476074,1.0382342338562012,0.9730663299560547,0.9900554021199545,0.06617625554402673,1.0598068237304688,381,True,0.13592767715454102,3,1.420511245727539,381,True,0.49663209915161133,0.3607044219970703,both_correct
382,382,1.0760178565979004,382,True,1.0948700904846191,382,True,0.01885223388671875,1.1062450408935547,1.0984783172607422,1.076362133026123,1.0936951637268066,0.01767730712890625,1.1007494926452637,382,True,0.02473163604736328,4,1.2073187828063965,382,True,0.1313009262084961,0.10656929016113281,both_correct
383,383,-0.6265382766723633,384,False,-0.5774726867675781,384,False,0.049065589904785156,-0.6328868865966797,-0.6075906753540039,-0.62799072265625,-0.6228227615356445,0.00371551513671875,-0.5774726867675781,384,False,0.049065589904785156,7,-0.5001125335693359,384,False,0.12642574310302734,0.07736015319824219,both_incorrect
384,384,5.323077201843262,384,True,5.323807716369629,384,True,0.0007305145263671875,5.334896087646484,5.32548713684082,5.322602272033691,5.327661832173665,0.00458463033040335,5.353199005126953,384,True,0.030121803283691406,1,5.446099281311035,384,True,0.12302207946777344,0.09290027618408203,both_correct
385,385,1.50715970993042,385,True,1.454068660736084,385,True,-0.05309104919433594,1.5011272430419922,1.5332651138305664,1.5119271278381348,1.5154398282368977,0.00828011830647779,1.599015235900879,385,True,0.09185552597045898,3,1.7285895347595215,385,True,0.22142982482910156,0.12957429885864258,both_correct
386,386,-0.19983816146850586,101,False,-0.14377641677856445,101,False,0.056061744689941406,-0.2099919319152832,-0.19323396682739258,-0.2133955955505371,-0.20554049809773764,-0.00570233662923178,-0.14377641677856445,101,False,0.056061744689941406,7,-0.08870172500610352,101,False,0.11113643646240234,0.05507469177246094,both_incorrect
387,387,6.6239013671875,387,True,6.588980197906494,387,True,-0.03492116928100586,6.612486362457275,6.616221904754639,6.615926742553711,6.614878336588542,-0.009023030598958037,6.665798187255859,387,True,0.041896820068359375,6,6.786767959594727,387,True,0.16286659240722656,0.12096977233886719,both_correct
388,388,-1.903806209564209,850,False,-2.0725579261779785,850,False,-0.16875171661376953,-1.9029803276062012,-1.954357624053955,-1.9481215476989746,-1.9351531664530437,-0.03134695688883471,-1.7834663391113281,850,False,0.12033987045288086,6,-1.6174650192260742,850,False,0.28634119033813477,0.1660013198852539,both_incorrect
389,389,5.884652614593506,389,True,5.944478988647461,389,True,0.05982637405395508,5.908549785614014,5.930041313171387,5.891514301300049,5.910035133361816,0.025382518768310547,5.980029106140137,389,True,0.09537649154663086,5,6.028253555297852,389,True,0.1436009407043457,0.048224449157714844,both_correct
390,390,4.848803520202637,390,True,4.942200660705566,390,True,0.09339714050292969,4.8406147956848145,4.840590000152588,4.825410842895508,4.835538546244304,-0.013264973958333037,4.942200660705566,390,True,0.09339714050292969,7,4.9812846183776855,390,True,0.13248109817504883,0.03908395767211914,both_correct
391,391,4.380672454833984,391,True,4.288608074188232,391,True,-0.09206438064575195,4.354249000549316,4.348057746887207,4.410511493682861,4.370939413706462,-0.00973304112752249,4.463578701019287,391,True,0.08290624618530273,2,4.568314075469971,391,True,0.18764162063598633,0.1047353744506836,both_correct
392,392,0.6864156723022461,392,True,0.7567610740661621,392,True,0.07034540176391602,0.7105913162231445,0.7034339904785156,0.6921019554138184,0.7020424207051595,0.01562674840291345,0.7567610740661621,392,True,0.07034540176391602,7,0.8992414474487305,392,True,0.21282577514648438,0.14248037338256836,both_correct
393,393,3.0760879516601562,393,True,3.11380672454834,393,True,0.037718772888183594,3.074636459350586,3.111828327178955,3.10931396484375,3.09859291712443,0.02250496546427394,3.157888889312744,393,True,0.08180093765258789,2,3.25526762008667,393,True,0.17917966842651367,0.09737873077392578,both_correct
394,394,5.735360145568848,394,True,5.725869178771973,394,True,-0.009490966796875,5.71817684173584,5.728823184967041,5.727214336395264,5.724738121032715,-0.010622024536132812,5.789738655090332,394,True,0.054378509521484375,5,5.86521053314209,394,True,0.1298503875732422,0.07547187805175781,both_correct
395,395,5.575126647949219,395,True,5.548708438873291,395,True,-0.026418209075927734,5.531242847442627,5.5821685791015625,5.555617332458496,5.5563429196675616,-0.018783728281657197,5.693264007568359,395,True,0.11813735961914062,4,5.785057067871094,395,True,0.209930419921875,0.09179306030273438,both_correct
396,396,4.769501209259033,396,True,4.749719619750977,396,True,-0.01978158950805664,4.757694721221924,4.771337509155273,4.782323837280273,4.77045202255249,0.0009508132934570312,4.831771373748779,396,True,0.062270164489746094,1,5.007231712341309,396,True,0.2377305030822754,0.1754603385925293,both_correct
397,397,5.707876205444336,397,True,5.730748176574707,397,True,0.022871971130371094,5.700809001922607,5.702609539031982,5.681388854980469,5.6949357986450195,-0.012940406799316406,5.7738189697265625,397,True,0.06594276428222656,3,5.892931938171387,397,True,0.18505573272705078,0.11911296844482422,both_correct
398,398,7.136645317077637,398,True,7.155470848083496,398,True,0.018825531005859375,7.144596099853516,7.1261372566223145,7.145933151245117,7.138888835906982,0.002243518829345703,7.158830642700195,398,True,0.022185325622558594,6,7.210968971252441,398,True,0.07432365417480469,0.052138328552246094,both_correct
399,399,3.7259531021118164,399,True,3.612189292907715,399,True,-0.11376380920410156,3.7027292251586914,3.723189353942871,3.704202651977539,3.7100404103597007,-0.015912691752115737,3.7325515747070312,399,True,0.006598472595214844,2,3.94622802734375,399,True,0.2202749252319336,0.21367645263671875,both_correct
400,400,-0.09383296966552734,667,False,-0.10280323028564453,667,False,-0.008970260620117188,-0.09853076934814453,-0.11949920654296875,-0.09755325317382812,-0.1051944096883138,-0.011361440022786454,-0.09174633026123047,667,False,0.002086639404296875,6,0.02887439727783203,400,True,0.12270736694335938,0.1206207275390625,tokenwise_only
401,401,2.6258468627929688,401,True,2.7081217765808105,401,True,0.0822749137878418,2.6931328773498535,2.708169937133789,2.615440845489502,2.672247886657715,0.046401023864746094,2.7806320190429688,401,True,0.15478515625,1,3.2837185859680176,401,True,0.6578717231750488,0.5030865669250488,both_correct
402,402,4.025092124938965,402,True,3.874946117401123,402,True,-0.1501460075378418,4.011490821838379,4.082726955413818,3.992053508758545,4.028757095336914,0.0036649703979492188,4.07724142074585,402,True,0.052149295806884766,4,4.336792945861816,402,True,0.31170082092285156,0.2595515251159668,both_correct
403,403,3.1094112396240234,403,True,3.1207056045532227,403,True,0.011294364929199219,3.04976224899292,3.1310696601867676,3.090364456176758,3.0903987884521484,-0.019012451171875,3.1207056045532227,403,True,0.011294364929199219,7,3.460421562194824,403,True,0.3510103225708008,0.33971595764160156,both_correct
404,404,4.0723395347595215,404,True,4.073130130767822,404,True,0.0007905960083007812,4.040513038635254,4.0628743171691895,4.085307598114014,4.062898317972819,-0.009441216786702178,4.152740001678467,404,True,0.08040046691894531,3,4.391221523284912,404,True,0.3188819885253906,0.2384815216064453,both_correct
405,405,6.662483215332031,405,True,6.629088401794434,405,True,-0.033394813537597656,6.679959297180176,6.659965515136719,6.647305011749268,6.662409941355388,-7.327397664358415e-05,6.794868469238281,405,True,0.13238525390625,0,6.837344169616699,405,True,0.17486095428466797,0.04247570037841797,both_correct
406,406,0.3691892623901367,406,True,0.4537830352783203,406,True,0.0845937728881836,0.36989402770996094,0.33391857147216797,0.41196727752685547,0.37192662556966144,0.002737363179524721,0.4537830352783203,406,True,0.0845937728881836,7,0.6330118179321289,406,True,0.2638225555419922,0.1792287826538086,both_correct
407,407,1.3116779327392578,407,True,1.3218097686767578,407,True,0.0101318359375,1.3253021240234375,1.3341264724731445,1.303426742553711,1.320951779683431,0.009273846944173103,1.441213607788086,407,True,0.12953567504882812,3,1.6941251754760742,407,True,0.3824472427368164,0.2529115676879883,both_correct
408,408,5.984001159667969,408,True,6.047468185424805,408,True,0.06346702575683594,5.960062026977539,5.957113265991211,5.959895133972168,5.959023475646973,-0.024977684020996094,6.057440280914307,408,True,0.07343912124633789,5,6.191102027893066,408,True,0.20710086822509766,0.13366174697875977,both_correct
409,409,1.0962133407592773,409,True,1.0701093673706055,409,True,-0.026103973388671875,1.1092252731323242,1.1194791793823242,1.1128501892089844,1.113851547241211,0.017638206481933594,1.1511774063110352,409,True,0.05496406555175781,1,1.2456474304199219,409,True,0.14943408966064453,0.09447002410888672,both_correct
410,410,2.590059280395508,410,True,2.677849769592285,410,True,0.08779048919677734,2.6338162422180176,2.634769916534424,2.6435351371765137,2.637373765309652,0.04731448491414403,2.6812219619750977,410,True,0.09116268157958984,6,2.8419299125671387,410,True,0.25187063217163086,0.16070795059204102,both_correct
411,411,1.1444487571716309,411,True,1.1434803009033203,411,True,-0.0009684562683105469,1.1516046524047852,1.167668342590332,1.129425048828125,1.1495660146077473,0.0051172574361164624,1.3217291831970215,411,True,0.17728042602539062,6,1.5336289405822754,411,True,0.38918018341064453,0.2118997573852539,both_correct
412,412,2.9597606658935547,412,True,2.9586567878723145,412,True,-0.0011038780212402344,2.9167771339416504,2.857339859008789,2.956545829772949,2.9102209409077964,-0.049539724985758316,2.9586567878723145,412,True,-0.0011038780212402344,7,3.2691903114318848,412,True,0.3094296455383301,0.3105335235595703,both_correct
413,413,0.3983421325683594,413,True,0.4156761169433594,413,True,0.017333984375,0.40223026275634766,0.38506221771240234,0.3937854766845703,0.3936926523844401,-0.004649480183919252,0.4156761169433594,413,True,0.017333984375,7,0.5255117416381836,413,True,0.12716960906982422,0.10983562469482422,both_correct
414,414,1.5455446243286133,414,True,1.6965970993041992,414,True,0.15105247497558594,1.5403070449829102,1.5600166320800781,1.537302017211914,1.5458752314249675,0.0003306070963542407,1.6965970993041992,414,True,0.15105247497558594,7,1.8889265060424805,414,True,0.3433818817138672,0.19232940673828125,both_correct
415,415,-4.477508544921875,934,False,-4.434514045715332,934,False,0.04299449920654297,-4.525944709777832,-4.532073020935059,-4.448549270629883,-4.502189000447591,-0.02468045552571585,-4.529309272766113,930,False,-0.05180072784423828,0,-4.387558937072754,930,False,0.0899496078491211,0.14175033569335938,both_incorrect
416,416,4.588450908660889,416,True,4.569240570068359,416,True,-0.019210338592529297,4.573827743530273,4.584953308105469,4.623844623565674,4.594208558400472,0.005757649739583037,4.6477556228637695,416,True,0.05930471420288086,4,4.816059112548828,416,True,0.22760820388793945,0.1683034896850586,both_correct
417,417,4.996147155761719,417,True,4.975715637207031,417,True,-0.0204315185546875,5.006459712982178,5.001091003417969,5.013550281524658,5.007033665974935,0.01088651021321585,5.045975208282471,417,True,0.04982805252075195,4,5.123478412628174,417,True,0.12733125686645508,0.07750320434570312,both_correct
418,418,2.347993850708008,418,True,2.4076404571533203,418,True,0.0596466064453125,2.361438274383545,2.3869080543518066,2.35324764251709,2.3671979904174805,0.019204139709472656,2.415693759918213,418,True,0.06769990921020508,2,2.6587743759155273,418,True,0.31078052520751953,0.24308061599731445,both_correct
419,419,1.156306266784668,419,True,1.3101015090942383,419,True,0.1537952423095703,1.1740713119506836,1.206362247467041,1.1778631210327148,1.1860988934834797,0.029792626698811775,1.3101015090942383,419,True,0.1537952423095703,7,1.6188249588012695,419,True,0.46251869201660156,0.30872344970703125,both_correct
420,420,6.729406356811523,420,True,6.734001159667969,420,True,0.0045948028564453125,6.769843101501465,6.748504638671875,6.727512359619141,6.74862003326416,0.01921367645263672,6.802346229553223,420,True,0.07293987274169922,3,6.866391658782959,420,True,0.13698530197143555,0.06404542922973633,both_correct
421,421,4.552994728088379,421,True,4.556893348693848,421,True,0.00389862060546875,4.550469398498535,4.573054313659668,4.576537132263184,4.566686948140462,0.013692220052083037,4.639801025390625,421,True,0.0868062973022461,1,4.838559627532959,421,True,0.2855648994445801,0.19875860214233398,both_correct
422,422,-2.365663528442383,822,False,-2.4537172317504883,822,False,-0.08805370330810547,-2.448990821838379,-2.426389694213867,-2.207900047302246,-2.361093521118164,0.00457000732421875,-2.099381923675537,822,False,0.2662816047668457,0,-1.3953852653503418,822,False,0.970278263092041,0.7039966583251953,both_incorrect
423,423,2.887096405029297,423,True,2.9213781356811523,423,True,0.03428173065185547,2.9126834869384766,2.8999247550964355,2.920659065246582,2.9110891024271646,0.02399269739786769,2.96836519241333,423,True,0.0812687873840332,1,3.131175994873047,423,True,0.24407958984375,0.1628108024597168,both_correct
424,424,0.5875506401062012,424,True,0.5673627853393555,424,True,-0.020187854766845703,0.5611963272094727,0.5660572052001953,0.5656986236572266,0.5643173853556315,-0.0232332547505697,0.6092548370361328,424,True,0.02170419692993164,2,0.7889771461486816,424,True,0.20142650604248047,0.17972230911254883,both_correct
425,425,3.814323902130127,425,True,3.818417549133301,425,True,0.004093647003173828,3.82281494140625,3.836915969848633,3.809762954711914,3.823164621988932,0.00884071985880519,3.91133975982666,425,True,0.0970158576965332,6,4.005258560180664,425,True,0.1909346580505371,0.0939188003540039,both_correct
426,426,6.130014419555664,426,True,6.139326095581055,426,True,0.009311676025390625,6.142989158630371,6.165975570678711,6.138947486877441,6.149304072062175,0.019289652506510713,6.210029602050781,426,True,0.08001518249511719,2,6.247753620147705,426,True,0.11773920059204102,0.03772401809692383,both_correct
427,427,0.467864990234375,427,True,0.44693422317504883,427,True,-0.020930767059326172,0.4795193672180176,0.45923280715942383,0.4669833183288574,0.4685784975687663,0.0007135073343912945,0.5739016532897949,427,True,0.10603666305541992,1,0.7362337112426758,427,True,0.2683687210083008,0.16233205795288086,both_correct
428,428,6.381359100341797,428,True,6.299736976623535,428,True,-0.08162212371826172,6.393959999084473,6.3664422035217285,6.40958309173584,6.389995098114014,0.008635997772216797,6.497585773468018,428,True,0.1162266731262207,3,6.540103912353516,428,True,0.15874481201171875,0.04251813888549805,both_correct
429,429,5.976170539855957,429,True,6.004521369934082,429,True,0.028350830078125,5.973271369934082,5.995200157165527,5.969449996948242,5.979307174682617,0.0031366348266601562,6.021595001220703,429,True,0.045424461364746094,1,6.082001686096191,429,True,0.10583114624023438,0.06040668487548828,both_correct
430,430,4.4983229637146,430,True,4.477230548858643,430,True,-0.02109241485595703,4.429572582244873,4.420810222625732,4.4504804611206055,4.433621088663737,-0.06470187505086233,4.686114311218262,430,True,0.1877913475036621,0,4.926587104797363,430,True,0.42826414108276367,0.24047279357910156,both_correct
431,431,-3.808094024658203,529,False,-3.8355889320373535,529,False,-0.02749490737915039,-3.8319172859191895,-3.8204994201660156,-3.822070598602295,-3.8248291015625,-0.016735076904296875,-3.71775484085083,529,False,0.09033918380737305,6,-3.4847359657287598,529,False,0.32335805892944336,0.2330188751220703,both_incorrect
432,432,5.372132778167725,432,True,5.4231438636779785,432,True,0.051011085510253906,5.352035999298096,5.397326469421387,5.370792388916016,5.373384952545166,0.0012521743774414062,5.475289821624756,432,True,0.10315704345703125,5,5.741878986358643,432,True,0.36974620819091797,0.2665891647338867,both_correct
433,433,1.3317699432373047,433,True,1.3272299766540527,433,True,-0.004539966583251953,1.3517484664916992,1.3469018936157227,1.3525609970092773,1.3504037857055664,0.01863384246826172,1.5435853004455566,433,True,0.21181535720825195,3,1.6159234046936035,433,True,0.28415346145629883,0.07233810424804688,both_correct
434,434,0.4690432548522949,434,True,0.5959954261779785,434,True,0.1269521713256836,0.43510961532592773,0.4190025329589844,0.38225793838500977,0.4121233622233073,-0.05691989262898761,0.5959954261779785,434,True,0.1269521713256836,7,0.9245562553405762,434,True,0.45551300048828125,0.32856082916259766,both_correct
435,435,0.8775577545166016,435,True,0.8900270462036133,435,True,0.012469291687011719,0.8779506683349609,0.8878660202026367,0.8722114562988281,0.8793427149454752,0.001784960428873661,0.9041156768798828,435,True,0.02655792236328125,2,0.9604406356811523,435,True,0.08288288116455078,0.05632495880126953,both_correct
436,436,3.9013819694519043,436,True,3.9435925483703613,436,True,0.04221057891845703,3.8829002380371094,3.8119568824768066,3.866569995880127,3.853809038798014,-0.04757293065389012,3.9322524070739746,436,True,0.030870437622070312,1,4.223226070404053,436,True,0.32184410095214844,0.2909736633300781,both_correct
437,437,0.952918529510498,437,True,0.9312295913696289,437,True,-0.02168893814086914,0.9711346626281738,0.935767650604248,0.9623794555664062,0.956427256266276,0.003508726755777958,1.0072665214538574,437,True,0.054347991943359375,2,1.168346881866455,437,True,0.21542835235595703,0.16108036041259766,both_correct
438,438,-5.490326881408691,659,False,-5.326005935668945,659,False,0.1643209457397461,-5.556416034698486,-5.478906631469727,-5.523357391357422,-5.519560019175212,-0.02923313776652048,-5.326005935668945,659,False,0.1643209457397461,7,-4.942733287811279,659,False,0.5475935935974121,0.383272647857666,both_incorrect
439,439,5.4733147621154785,439,True,5.4967780113220215,439,True,0.02346324920654297,5.486023426055908,5.47145414352417,5.454536437988281,5.47067133585612,-0.002643426259358428,5.519258499145508,439,True,0.0459437370300293,5,5.602116584777832,439,True,0.12880182266235352,0.08285808563232422,both_correct
440,440,3.1385746002197266,440,True,3.12467622756958,440,True,-0.013898372650146484,3.0840911865234375,3.0967583656311035,3.1640214920043945,3.114957014719645,-0.023617585500081528,3.2005295753479004,440,True,0.06195497512817383,0,3.4542593955993652,440,True,0.31568479537963867,0.25372982025146484,both_correct
441,441,5.348359107971191,441,True,5.334402561187744,441,True,-0.013956546783447266,5.375979423522949,5.366298198699951,5.374331474304199,5.3722030321757,0.02384392420450876,5.433977127075195,441,True,0.0856180191040039,4,5.667856693267822,441,True,0.31949758529663086,0.23387956619262695,both_correct
442,442,6.16758918762207,442,True,6.164828300476074,442,True,-0.0027608871459960938,6.234408378601074,6.120800971984863,6.24057674407959,6.198595364888509,0.031006177266438506,6.209827423095703,442,True,0.04223823547363281,6,6.27346134185791,442,True,0.10587215423583984,0.06363391876220703,both_correct
443,443,-1.6298785209655762,680,False,-1.7507414817810059,680,False,-0.12086296081542969,-1.6371073722839355,-1.6835055351257324,-1.660818099975586,-1.6604770024617512,-0.030598481496175056,-1.483212947845459,680,False,0.1466655731201172,1,-1.2172627449035645,680,False,0.4126157760620117,0.26595020294189453,both_incorrect
444,444,2.7029271125793457,444,True,2.6193628311157227,444,True,-0.08356428146362305,2.7030301094055176,2.6797451972961426,2.709537982940674,2.6974377632141113,-0.005489349365234375,2.8047823905944824,444,True,0.10185527801513672,2,2.9510226249694824,444,True,0.24809551239013672,0.146240234375,both_correct
445,445,-1.306398868560791,459,False,-1.3070836067199707,459,False,-0.0006847381591796875,-1.3177709579467773,-1.2637481689453125,-1.2733440399169922,-1.2849543889363606,0.021444479624430413,-1.0941309928894043,459,False,0.21226787567138672,1,-1.0260424613952637,459,False,0.28035640716552734,0.06808853149414062,both_incorrect
446,446,1.7436842918395996,446,True,1.8240795135498047,446,True,0.08039522171020508,1.7698121070861816,1.707796573638916,1.7883729934692383,1.7553272247314453,0.011642932891845703,1.9051814079284668,446,True,0.1614971160888672,3,2.268990993499756,446,True,0.5253067016601562,0.36380958557128906,both_correct
447,447,-2.934934616088867,776,False,-2.682067394256592,776,False,0.2528672218322754,-2.80195689201355,-2.899653434753418,-2.8857264518737793,-2.862445592880249,0.07248902320861816,-2.657012939453125,776,False,0.2779216766357422,5,-2.0573480129241943,776,False,0.8775866031646729,0.5996649265289307,both_incorrect
448,448,6.540691375732422,448,True,6.514091491699219,448,True,-0.026599884033203125,6.55621337890625,6.539809226989746,6.548122882843018,6.548048496246338,0.007357120513916016,6.570929050445557,448,True,0.030237674713134766,0,6.657835960388184,448,True,0.11714458465576172,0.08690690994262695,both_correct
449,449,1.3334622383117676,449,True,1.472956657409668,449,True,0.1394944190979004,1.273702621459961,1.3615765571594238,1.3570103645324707,1.3307631810506184,-0.0026990572611491626,1.4390435218811035,449,True,0.10558128356933594,4,1.6938552856445312,449,True,0.36039304733276367,0.25481176376342773,both_correct
450,450,5.662974834442139,450,True,5.624048233032227,450,True,-0.03892660140991211,5.674001693725586,5.668204307556152,5.700894355773926,5.681033452351888,0.018058617909749053,5.714576721191406,450,True,0.05160188674926758,5,5.965723037719727,450,True,0.3027482032775879,0.2511463165283203,both_correct
451,451,7.3827314376831055,451,True,7.3732194900512695,451,True,-0.009511947631835938,7.369658470153809,7.386596202850342,7.384499549865723,7.380251407623291,-0.002480030059814453,7.418281555175781,451,True,0.03555011749267578,1,7.396352767944336,451,True,0.013621330261230469,-0.021928787231445312,both_correct
452,452,2.6190433502197266,452,True,2.655517578125,452,True,0.03647422790527344,2.6606359481811523,2.601719379425049,2.659391403198242,2.640582243601481,0.02153889338175441,2.842909812927246,452,True,0.22386646270751953,5,3.031033515930176,452,True,0.4119901657104492,0.1881237030029297,both_correct
453,453,-2.2268199920654297,454,False,-2.2170448303222656,454,False,0.009775161743164062,-2.2144784927368164,-2.2610044479370117,-2.1961021423339844,-2.2238616943359375,0.0029582977294921875,-2.1324591636657715,454,False,0.0943608283996582,0,-1.8838872909545898,454,False,0.34293270111083984,0.24857187271118164,both_incorrect
454,454,-2.9969191551208496,794,False,-3.0674920082092285,794,False,-0.0705728530883789,-2.963329315185547,-3.0011415481567383,-2.929800033569336,-2.964756965637207,0.03216218948364258,-2.866586208343506,794,False,0.13033294677734375,0,-2.4713592529296875,794,False,0.5255599021911621,0.39522695541381836,both_incorrect
455,455,1.6198005676269531,455,True,1.505117416381836,455,True,-0.11468315124511719,1.595550537109375,1.5721321105957031,1.652104377746582,1.6065956751505535,-0.013204892476399666,1.7626614570617676,455,True,0.14286088943481445,3,2.2152929306030273,455,True,0.5954923629760742,0.45263147354125977,both_correct
456,456,3.9288392066955566,456,True,3.9745383262634277,456,True,0.045699119567871094,4.04607629776001,3.9530653953552246,3.8865103721618652,3.961884021759033,0.03304481506347656,4.101175785064697,456,True,0.17233657836914062,1,4.4640984535217285,456,True,0.5352592468261719,0.36292266845703125,both_correct
457,457,-0.6583194732666016,652,False,-0.6958036422729492,652,False,-0.037484169006347656,-0.6762170791625977,-0.7000284194946289,-0.5295381546020508,-0.6352612177530924,0.02305825551350915,-0.6199827194213867,652,False,0.038336753845214844,5,-0.024911880493164062,652,False,0.6334075927734375,0.5950708389282227,both_incorrect
458,458,4.131280422210693,458,True,4.001550674438477,458,True,-0.1297297477722168,4.1051344871521,4.148475646972656,4.141809463500977,4.131806532541911,0.000526110331217744,4.165929794311523,458,True,0.03464937210083008,6,4.345408916473389,458,True,0.2141284942626953,0.17947912216186523,both_correct
459,459,-4.447812080383301,942,False,-4.373237133026123,942,False,0.07457494735717773,-4.376297950744629,-4.439689636230469,-4.429592132568359,-4.415193239847819,0.032618840535481475,-4.333566665649414,942,False,0.11424541473388672,0,-4.040743827819824,942,False,0.40706825256347656,0.29282283782958984,both_incorrect
460,460,-0.029099464416503906,437,False,-0.05762195587158203,437,False,-0.028522491455078125,-0.032711029052734375,-0.01908397674560547,-0.03627490997314453,-0.029356638590494793,-0.0002571741739908866,-0.007537841796875,437,False,0.021561622619628906,6,0.17414331436157227,460,True,0.20324277877807617,0.18168115615844727,tokenwise_only
461,461,1.229245662689209,461,True,1.2366538047790527,461,True,0.00740814208984375,1.2353615760803223,1.2362489700317383,1.2445268630981445,1.238712469736735,0.009466807047526116,1.2484288215637207,461,True,0.01918315887451172,0,1.3150792121887207,461,True,0.08583354949951172,0.066650390625,both_correct
462,462,6.025942802429199,462,True,6.021722793579102,462,True,-0.004220008850097656,6.049892425537109,6.039473533630371,6.048987865447998,6.046117941538493,0.020175139109293916,6.101408958435059,462,True,0.07546615600585938,0,6.157136917114258,462,True,0.1311941146850586,0.05572795867919922,both_correct
463,463,2.875154495239258,463,True,2.9155430793762207,463,True,0.04038858413696289,2.878364086151123,2.8511252403259277,2.8758792877197266,2.8684562047322593,-0.00669829050699855,3.0287466049194336,463,True,0.15359210968017578,4,3.391299247741699,463,True,0.5161447525024414,0.3625526428222656,both_correct
464,464,-6.664980888366699,451,False,-6.633695602416992,451,False,0.03128528594970703,-6.719719886779785,-6.674330711364746,-6.672848701477051,-6.688966433207194,-0.023985544840495088,-6.597041606903076,451,False,0.06793928146362305,6,-6.472408294677734,451,False,0.19257259368896484,0.1246333122253418,both_incorrect
465,465,4.713072299957275,465,True,4.711429595947266,465,True,-0.0016427040100097656,4.7083516120910645,4.70074987411499,4.72754430770874,4.712215264638265,-0.0008570353190107127,4.760390758514404,465,True,0.047318458557128906,3,4.870322227478027,465,True,0.15724992752075195,0.10993146896362305,both_correct
466,466,6.911873817443848,466,True,6.863752365112305,466,True,-0.04812145233154297,6.904129981994629,6.92634391784668,6.897954940795898,6.909476280212402,-0.0023975372314453125,6.949018478393555,466,True,0.03714466094970703,0,7.058999061584473,466,True,0.147125244140625,0.10998058319091797,both_correct
467,467,-1.6538033485412598,0,False,-1.5830903053283691,0,False,0.07071304321289062,-1.6172199249267578,-1.6355443000793457,-1.673750877380371,-1.6421717007954915,0.011631647745768303,-1.5358538627624512,0,False,0.1179494857788086,4,-1.270789623260498,0,False,0.3830137252807617,0.2650642395019531,both_incorrect
468,468,2.258070945739746,468,True,2.099053382873535,468,True,-0.15901756286621094,2.248380661010742,2.324800491333008,2.223194122314453,2.265458424886068,0.007387479146321763,2.3111586570739746,468,True,0.053087711334228516,2,2.7465391159057617,468,True,0.4884681701660156,0.4353804588317871,both_correct
469,469,-3.0199294090270996,778,False,-3.1593070030212402,778,False,-0.13937759399414062,-3.142249584197998,-3.1182913780212402,-3.10446834564209,-3.1216697692871094,-0.10174036026000977,-2.927527904510498,778,False,0.09240150451660156,0,-2.560908317565918,778,False,0.45902109146118164,0.3666195869445801,both_incorrect
470,470,4.199139595031738,470,True,4.20351505279541,470,True,0.004375457763671875,4.190908432006836,4.192400932312012,4.19911003112793,4.194139798482259,-0.004999796549479463,4.341216564178467,470,True,0.14207696914672852,4,4.6222429275512695,470,True,0.42310333251953125,0.28102636337280273,both_correct
471,471,4.220693588256836,471,True,4.274867534637451,471,True,0.054173946380615234,4.213230133056641,4.231964588165283,4.227298259735107,4.224164326985677,0.0034707387288408498,4.337426662445068,471,True,0.11673307418823242,1,4.484804630279541,471,True,0.2641110420227051,0.14737796783447266,both_correct
472,472,5.398297309875488,472,True,5.326822280883789,472,True,-0.07147502899169922,5.371713161468506,5.367733001708984,5.382137298583984,5.373861153920491,-0.02443615595499704,5.402091026306152,472,True,0.0037937164306640625,1,5.5876617431640625,472,True,0.18936443328857422,0.18557071685791016,both_correct
473,473,1.2777066230773926,473,True,1.346055507659912,473,True,0.06834888458251953,1.2608060836791992,1.2835898399353027,1.224301815032959,1.2562325795491536,-0.021474043528239006,1.4036564826965332,473,True,0.12594985961914062,0,1.6998200416564941,473,True,0.42211341857910156,0.29616355895996094,both_correct
474,474,0.00142669677734375,474,True,0.004482269287109375,474,True,0.003055572509765625,-0.032001495361328125,-0.01964855194091797,-0.025437355041503906,-0.02569580078125,-0.02712249755859375,0.024100303649902344,474,True,0.022673606872558594,1,0.16153335571289062,474,True,0.16010665893554688,0.13743305206298828,both_correct
475,475,6.272607803344727,475,True,6.258602142333984,475,True,-0.014005661010742188,6.252984046936035,6.262034893035889,6.2777204513549805,6.264246463775635,-0.008361339569091797,6.332348823547363,475,True,0.05974102020263672,3,6.440954208374023,475,True,0.16834640502929688,0.10860538482666016,both_correct
476,476,4.8853302001953125,476,True,4.925934791564941,476,True,0.040604591369628906,4.875317573547363,4.848091125488281,4.866377830505371,4.863262176513672,-0.022068023681640625,4.945593357086182,476,True,0.06026315689086914,3,5.081212043762207,476,True,0.19588184356689453,0.1356186866760254,both_correct
477,477,-5.546677589416504,676,False,-5.6015167236328125,676,False,-0.054839134216308594,-5.598799228668213,-5.577354431152344,-5.59061336517334,-5.588922341664632,-0.04224475224812796,-5.28974723815918,676,False,0.2569303512573242,0,-4.921270370483398,676,False,0.6254072189331055,0.36847686767578125,both_incorrect
478,478,1.3522372245788574,478,True,1.5313563346862793,478,True,0.17911911010742188,1.3707356452941895,1.3541693687438965,1.3479218482971191,1.357608954111735,0.005371729532877678,1.5313563346862793,478,True,0.17911911010742188,7,1.6514525413513184,478,True,0.29921531677246094,0.12009620666503906,both_correct
479,479,-3.361219882965088,970,False,-3.3310155868530273,970,False,0.030204296112060547,-3.3924083709716797,-3.3860530853271484,-3.366276741027832,-3.3815793991088867,-0.020359516143798828,-3.1946535110473633,970,False,0.1665663719177246,6,-3.0198349952697754,751,False,0.3413848876953125,0.1748185157775879,both_incorrect
480,480,1.1354117393493652,480,True,1.2739262580871582,480,True,0.13851451873779297,1.188455581665039,1.1837615966796875,1.135085105895996,1.1691007614135742,0.033689022064208984,1.2888402938842773,480,True,0.1534285545349121,2,1.562002182006836,480,True,0.4265904426574707,0.2731618881225586,both_correct
481,481,1.7024850845336914,481,True,1.6728034019470215,481,True,-0.029681682586669922,1.6683425903320312,1.6476149559020996,1.6941285133361816,1.6700286865234375,-0.032456398010253906,1.7248964309692383,481,True,0.022411346435546875,6,1.9277195930480957,481,True,0.2252345085144043,0.20282316207885742,both_correct
482,482,-1.1324005126953125,848,False,-1.07464599609375,848,False,0.0577545166015625,-1.1329717636108398,-1.1555538177490234,-1.1490802764892578,-1.1458686192830403,-0.01346810658772779,-1.07464599609375,848,False,0.0577545166015625,7,-1.0259532928466797,848,False,0.10644721984863281,0.04869270324707031,both_incorrect
483,483,-0.2929964065551758,663,False,-0.28318023681640625,663,False,0.009816169738769531,-0.2809886932373047,-0.2710142135620117,-0.304166316986084,-0.2853897412618001,0.0076066652933756695,-0.21662425994873047,663,False,0.07637214660644531,1,-0.03882408142089844,663,False,0.25417232513427734,0.17780017852783203,both_incorrect
484,484,-0.8432846069335938,871,False,-0.7869205474853516,871,False,0.05636405944824219,-0.8243589401245117,-0.8645763397216797,-0.8382778167724609,-0.8424043655395508,0.0008802413940429688,-0.7697963714599609,871,False,0.07348823547363281,2,-0.6646347045898438,871,False,0.17864990234375,0.10516166687011719,both_incorrect
485,485,0.6770362854003906,485,True,0.8309168815612793,485,True,0.15388059616088867,0.6282773017883301,0.6742877960205078,0.6894254684448242,0.6639968554178873,-0.013039429982503292,0.8929429054260254,485,True,0.21590662002563477,1,1.0590500831604004,485,True,0.38201379776000977,0.166107177734375,both_correct
486,486,4.004675388336182,486,True,4.11396598815918,486,True,0.10929059982299805,4.010923862457275,4.033662796020508,4.017489433288574,4.020692030588786,0.016016642252604463,4.11396598815918,486,True,0.10929059982299805,7,4.29856538772583,486,True,0.29388999938964844,0.1845993995666504,both_correct
487,487,1.8389263153076172,487,True,1.8862686157226562,487,True,0.04734230041503906,1.8521103858947754,1.856705665588379,1.8894877433776855,1.8661012649536133,0.027174949645996094,2.0217089653015137,487,True,0.18278264999389648,3,2.200314998626709,487,True,0.3613886833190918,0.1786060333251953,both_correct
488,488,4.400755405426025,488,True,4.458556175231934,488,True,0.0578007698059082,4.4462809562683105,4.438400745391846,4.4367499351501465,4.440477212270101,0.039721806844075225,4.488151550292969,488,True,0.08739614486694336,1,4.57584810256958,488,True,0.1750926971435547,0.08769655227661133,both_correct
489,489,2.958169460296631,489,True,2.972503185272217,489,True,0.014333724975585938,2.9764838218688965,2.9739866256713867,2.9842991828918457,2.9782565434773765,0.02008708318074559,3.0398449897766113,489,True,0.08167552947998047,2,3.106809616088867,489,True,0.14864015579223633,0.06696462631225586,both_correct
490,490,4.018932819366455,490,True,3.90183687210083,490,True,-0.117095947265625,4.046780586242676,4.044427394866943,3.973717212677002,4.021641731262207,0.002708911895751953,4.091951847076416,490,True,0.07301902770996094,2,4.150958061218262,490,True,0.13202524185180664,0.0590062141418457,both_correct
491,491,-2.4954071044921875,802,False,-2.422358512878418,802,False,0.07304859161376953,-2.4968526363372803,-2.4297502040863037,-2.5690810680389404,-2.4985613028208413,-0.0031541983286538233,-2.3749401569366455,802,False,0.12046694755554199,4,-2.1443941593170166,233,False,0.3510129451751709,0.2305459976196289,both_incorrect
492,492,1.076042652130127,492,True,1.157073974609375,492,True,0.08103132247924805,1.0895395278930664,1.1170463562011719,1.1323633193969727,1.1129830678304036,0.03694041570027662,1.1369876861572266,492,True,0.06094503402709961,1,1.5100936889648438,492,True,0.4340510368347168,0.3731060028076172,both_correct
493,493,2.2523884773254395,493,True,2.195338249206543,493,True,-0.057050228118896484,2.1954236030578613,2.1904821395874023,2.203458786010742,2.1964548428853354,-0.05593363444010402,2.296572208404541,493,True,0.04418373107910156,2,2.4662933349609375,493,True,0.21390485763549805,0.16972112655639648,both_correct
494,494,4.697524547576904,494,True,4.69251012802124,494,True,-0.0050144195556640625,4.676518440246582,4.701789379119873,4.73512601852417,4.704477945963542,0.006953398386637666,4.764645576477051,494,True,0.06712102890014648,6,4.9710283279418945,494,True,0.27350378036499023,0.20638275146484375,both_correct
495,495,0.3658170700073242,495,True,0.3192310333251953,495,True,-0.046586036682128906,0.36803483963012695,0.3458676338195801,0.3529958724975586,0.3556327819824219,-0.010184288024902344,0.45519399642944336,495,True,0.08937692642211914,5,0.7588191032409668,495,True,0.3930020332336426,0.30362510681152344,both_correct
496,496,5.97468376159668,496,True,6.008935928344727,496,True,0.034252166748046875,5.9790143966674805,5.971520900726318,5.962604522705078,5.971046606699626,-0.0036371548970537404,6.008935928344727,496,True,0.034252166748046875,7,6.104691028594971,496,True,0.13000726699829102,0.09575510025024414,both_correct
497,497,1.9485292434692383,497,True,1.9769649505615234,497,True,0.028435707092285156,1.9592113494873047,1.95286226272583,1.93878173828125,1.9502851168314617,0.0017558733622233813,1.9769649505615234,497,True,0.028435707092285156,7,2.0888381004333496,497,True,0.14030885696411133,0.11187314987182617,both_correct
498,498,5.661725997924805,498,True,5.599156379699707,498,True,-0.06256961822509766,5.607863426208496,5.638315200805664,5.591546058654785,5.6125748952229815,-0.04915110270182321,5.666715621948242,498,True,0.0049896240234375,6,5.887056350708008,498,True,0.22533035278320312,0.22034072875976562,both_correct
499,499,-1.2225308418273926,577,False,-1.2842984199523926,577,False,-0.061767578125,-1.3112750053405762,-1.286848545074463,-1.2731084823608398,-1.2904106775919597,-0.06787983576456713,-1.1431407928466797,577,False,0.07939004898071289,6,-0.5682682991027832,813,False,0.6542625427246094,0.5748724937438965,both_incorrect
500,500,-3.093376398086548,972,False,-3.133557081222534,972,False,-0.04018068313598633,-3.1134138107299805,-3.078355550765991,-3.080976724624634,-3.0909153620402017,0.0024610360463461767,-3.056123733520508,825,False,0.03725266456604004,6,-2.9402401447296143,825,False,0.1531362533569336,0.11588358879089355,both_incorrect
501,501,-2.005098342895508,689,False,-2.1168832778930664,689,False,-0.1117849349975586,-2.019318103790283,-2.039384365081787,-2.007868766784668,-2.0221904118855796,-0.017092068990071763,-1.9458279609680176,689,False,0.059270381927490234,2,-1.7686195373535156,689,False,0.2364788055419922,0.17720842361450195,both_incorrect
502,502,2.1853528022766113,502,True,2.283841133117676,502,True,0.09848833084106445,2.2203831672668457,2.2131690979003906,2.1904067993164062,2.207986354827881,0.02263355255126953,2.283841133117676,502,True,0.09848833084106445,7,2.5198240280151367,502,True,0.3344712257385254,0.23598289489746094,both_correct
503,503,5.633474349975586,503,True,5.673691749572754,503,True,0.04021739959716797,5.697694301605225,5.6692280769348145,5.67324161529541,5.680054664611816,0.04658031463623047,5.737342834472656,503,True,0.10386848449707031,1,5.753377437591553,503,True,0.1199030876159668,0.016034603118896484,both_correct
504,504,-0.6988239288330078,899,False,-0.4805598258972168,899,False,0.21826410293579102,-0.7427458763122559,-0.7325243949890137,-0.7082710266113281,-0.7278470993041992,-0.029023170471191406,-0.4805598258972168,899,False,0.21826410293579102,7,-0.18219614028930664,968,False,0.5166277885437012,0.29836368560791016,both_incorrect
505,505,0.34476184844970703,505,True,0.4025888442993164,505,True,0.057826995849609375,0.3677406311035156,0.3609027862548828,0.36647605895996094,0.3650398254394531,0.020277976989746094,0.4025888442993164,505,True,0.057826995849609375,7,0.5475640296936035,505,True,0.20280218124389648,0.1449751853942871,both_correct
506,506,-1.2487192153930664,708,False,-1.2328195571899414,708,False,0.015899658203125,-1.3182344436645508,-1.3505258560180664,-1.3090434074401855,-1.3259345690409343,-0.07721535364786791,-1.105463981628418,708,False,0.14325523376464844,3,-0.6504507064819336,708,False,0.5982685089111328,0.4550132751464844,both_incorrect
507,507,-0.8831286430358887,489,False,-0.9259414672851562,489,False,-0.04281282424926758,-0.8660855293273926,-0.9003429412841797,-0.8549108505249023,-0.8737797737121582,0.009348869323730469,-0.7892303466796875,489,False,0.09389829635620117,6,-0.5445713996887207,489,False,0.33855724334716797,0.2446589469909668,both_incorrect
508,508,3.110128402709961,508,True,3.1126794815063477,508,True,0.0025510787963867188,3.1136727333068848,3.116067409515381,3.1202025413513184,3.116647561391195,0.006519158681233872,3.1518568992614746,508,True,0.04172849655151367,2,3.2364754676818848,508,True,0.12634706497192383,0.08461856842041016,both_correct
509,509,-1.4291467666625977,582,False,-1.3430876731872559,582,False,0.0860590934753418,-1.433824062347412,-1.4159841537475586,-1.436415195465088,-1.4287411371866863,0.0004056294759113843,-1.3430876731872559,582,False,0.0860590934753418,7,-1.104705810546875,582,False,0.32444095611572266,0.23838186264038086,both_incorrect
510,510,4.370784759521484,510,True,4.223982334136963,510,True,-0.14680242538452148,4.384278774261475,4.392737865447998,4.398143768310547,4.391720136006673,0.020935376485188506,4.5780768394470215,510,True,0.2072920799255371,1,4.7093186378479,510,True,0.338533878326416,0.1312417984008789,both_correct
511,511,4.178306579589844,511,True,4.169713020324707,511,True,-0.008593559265136719,4.219025611877441,4.147374153137207,4.193853378295898,4.186751047770183,0.008444468180338838,4.265615463256836,511,True,0.08730888366699219,1,4.408275604248047,511,True,0.22996902465820312,0.14266014099121094,both_correct
512,512,0.9660100936889648,512,True,0.9550752639770508,512,True,-0.010934829711914062,0.9156336784362793,0.9715089797973633,0.9757890701293945,0.9543105761210123,-0.011699517567952511,1.077761173248291,512,True,0.11175107955932617,6,1.287343978881836,512,True,0.3213338851928711,0.20958280563354492,both_correct
513,513,1.8882474899291992,513,True,1.990288257598877,513,True,0.10204076766967773,1.8667235374450684,1.799760341644287,1.8870749473571777,1.8511862754821777,-0.037061214447021484,1.9689216613769531,513,True,0.0806741714477539,3,2.140681743621826,513,True,0.25243425369262695,0.17176008224487305,both_correct
514,514,6.181951522827148,514,True,6.182385444641113,514,True,0.00043392181396484375,6.166561603546143,6.179083824157715,6.170568943023682,6.17207145690918,-0.00988006591796875,6.254299163818359,514,True,0.07234764099121094,1,6.306049346923828,514,True,0.12409782409667969,0.05175018310546875,both_correct
515,515,1.2846317291259766,515,True,1.29205322265625,515,True,0.0074214935302734375,1.2977681159973145,1.2968330383300781,1.2986559867858887,1.2977523803710938,0.013120651245117188,1.3760771751403809,515,True,0.0914454460144043,5,1.40110445022583,515,True,0.11647272109985352,0.02502727508544922,both_correct
516,516,-0.23627614974975586,520,False,-0.2518782615661621,520,False,-0.01560211181640625,-0.23970842361450195,-0.2524895668029785,-0.20409631729125977,-0.23209810256958008,0.004178047180175781,-0.1952810287475586,520,False,0.040995121002197266,0,0.05985879898071289,516,True,0.29613494873046875,0.2551398277282715,tokenwise_only
517,517,5.178521633148193,517,True,5.215148448944092,517,True,0.03662681579589844,5.17409086227417,5.175163269042969,5.18328332901001,5.177512486775716,-0.0010091463724775096,5.215898513793945,517,True,0.03737688064575195,5,5.366005897521973,517,True,0.1874842643737793,0.15010738372802734,both_correct
518,518,5.594929218292236,518,True,5.518838882446289,518,True,-0.07609033584594727,5.619967937469482,5.578164100646973,5.629777431488037,5.609303156534831,0.014373938242594697,5.6992034912109375,518,True,0.10427427291870117,3,5.876879692077637,518,True,0.2819504737854004,0.17767620086669922,both_correct
519,519,-1.165250301361084,478,False,-1.2887930870056152,478,False,-0.12354278564453125,-1.1819348335266113,-1.1263999938964844,-1.1793556213378906,-1.1625634829203289,0.0026868184407551343,-1.0253291130065918,478,False,0.1399211883544922,0,-0.840369701385498,478,False,0.32488059997558594,0.18495941162109375,both_incorrect
520,520,3.824735641479492,520,True,3.830514907836914,520,True,0.005779266357421875,3.815798759460449,3.8276824951171875,3.824538230895996,3.8226731618245444,-0.0020624796549477686,3.8863096237182617,520,True,0.06157398223876953,2,4.010743141174316,520,True,0.18600749969482422,0.12443351745605469,both_correct
521,521,1.9297866821289062,521,True,1.9173574447631836,521,True,-0.012429237365722656,1.8884925842285156,1.9085683822631836,1.939000129699707,1.9120203653971355,-0.01776631673177076,2.0437569618225098,521,True,0.11397027969360352,1,2.2041373252868652,521,True,0.274350643157959,0.16038036346435547,both_correct
522,522,-1.8599438667297363,720,False,-1.7429380416870117,720,False,0.11700582504272461,-1.9505243301391602,-1.893012523651123,-1.9222183227539062,-1.9219183921813965,-0.061974525451660156,-1.7139334678649902,720,False,0.1460103988647461,5,-1.0501832962036133,720,False,0.809760570526123,0.663750171661377,both_incorrect
523,523,-4.915114402770996,693,False,-5.198392868041992,693,False,-0.2832784652709961,-4.953242301940918,-4.967028617858887,-4.894622802734375,-4.9382979075113935,-0.02318350474039743,-4.739291667938232,693,False,0.17582273483276367,3,-4.3337860107421875,693,False,0.5813283920288086,0.4055056571960449,both_incorrect
524,524,-0.11747169494628906,461,False,-0.09961318969726562,461,False,0.017858505249023438,-0.11624717712402344,-0.1258983612060547,-0.11702632904052734,-0.11972395579020183,-0.002252260843912765,-0.09974479675292969,461,False,0.017726898193359375,3,-0.013356208801269531,461,False,0.10411548614501953,0.08638858795166016,both_incorrect
525,525,4.448410511016846,525,True,4.551454067230225,525,True,0.1030435562133789,4.485722541809082,4.445444583892822,4.46245813369751,4.464541753133138,0.01613124211629202,4.551454067230225,525,True,0.1030435562133789,7,4.780703067779541,525,True,0.3322925567626953,0.2292490005493164,both_correct
526,526,1.5252633094787598,526,True,1.4814977645874023,526,True,-0.04376554489135742,1.5088682174682617,1.5600919723510742,1.5204863548278809,1.5298155148824055,0.004552205403645759,1.569127082824707,526,True,0.043863773345947266,1,1.6330366134643555,526,True,0.1077733039855957,0.06390953063964844,both_correct
527,527,1.6009521484375,527,True,1.6225872039794922,527,True,0.021635055541992188,1.5907506942749023,1.6443781852722168,1.6224603652954102,1.6191964149475098,0.018244266510009766,1.7103581428527832,527,True,0.1094059944152832,0,1.7950520515441895,527,True,0.19409990310668945,0.08469390869140625,both_correct
528,528,1.6426525115966797,528,True,1.6638717651367188,528,True,0.021219253540039062,1.6946916580200195,1.6522703170776367,1.7120599746704102,1.6863406499226887,0.04368813832600904,1.7643308639526367,528,True,0.12167835235595703,1,2.1220149993896484,528,True,0.47936248779296875,0.3576841354370117,both_correct
529,529,1.399940013885498,529,True,1.2365632057189941,529,True,-0.1633768081665039,1.397202491760254,1.329272747039795,1.2892460823059082,1.3385737737019856,-0.061366240183512444,1.3978238105773926,529,True,-0.0021162033081054688,3,1.817309856414795,529,True,0.4173698425292969,0.41948604583740234,both_correct
530,530,-5.12269926071167,781,False,-5.131793975830078,781,False,-0.009094715118408203,-5.095893859863281,-5.123128890991211,-5.095933437347412,-5.104985396067302,0.017713864644368194,-5.022251605987549,781,False,0.1004476547241211,2,-4.914813041687012,781,False,0.2078862190246582,0.10743856430053711,both_incorrect
531,531,-9.751211166381836,608,False,-9.76602554321289,608,False,-0.014814376831054688,-9.75381851196289,-9.773550033569336,-9.746716499328613,-9.758028348286947,-0.006817181905111269,-9.57984733581543,608,False,0.17136383056640625,0,-9.361266136169434,608,False,0.38994503021240234,0.2185811996459961,both_incorrect
532,532,0.6115760803222656,532,True,0.644413948059082,532,True,0.032837867736816406,0.5590114593505859,0.6278142929077148,0.5760407447814941,0.5876221656799316,-0.023953914642333984,0.7839393615722656,532,True,0.17236328125,0,0.9486122131347656,532,True,0.3370361328125,0.1646728515625,both_correct
533,533,4.577661991119385,533,True,4.6205315589904785,533,True,0.04286956787109375,4.562532424926758,4.571256160736084,4.577874660491943,4.570554415384929,-0.007107575734456084,4.639984607696533,533,True,0.06232261657714844,0,4.731963157653809,533,True,0.15430116653442383,0.09197854995727539,both_correct
534,534,5.5708417892456055,534,True,5.623408317565918,534,True,0.0525665283203125,5.568127632141113,5.600003242492676,5.598591327667236,5.588907400767009,0.01806561152140329,5.652076721191406,534,True,0.08123493194580078,1,5.762955665588379,534,True,0.19211387634277344,0.11087894439697266,both_correct
535,535,4.181210994720459,535,True,4.197432518005371,535,True,0.01622152328491211,4.197873592376709,4.157626628875732,4.188718318939209,4.181406180063884,0.00019518534342477523,4.270035743713379,535,True,0.08882474899291992,1,4.363406181335449,535,True,0.18219518661499023,0.09337043762207031,both_correct
536,536,-6.225947380065918,724,False,-6.197689056396484,724,False,0.028258323669433594,-6.224230766296387,-6.240536689758301,-6.215452194213867,-6.226739883422852,-0.0007925033569335938,-6.19087028503418,724,False,0.03507709503173828,3,-6.0746870040893555,724,False,0.1512603759765625,0.11618328094482422,both_incorrect
537,537,0.7635059356689453,537,True,0.8428878784179688,537,True,0.07938194274902344,0.7887449264526367,0.7714128494262695,0.7785744667053223,0.7795774141947428,0.01607147852579749,0.8428878784179688,537,True,0.07938194274902344,7,0.9649453163146973,537,True,0.20143938064575195,0.12205743789672852,both_correct
538,538,2.466731548309326,538,True,2.5608954429626465,538,True,0.09416389465332031,2.464841842651367,2.464808464050293,2.4460701942443848,2.458573500315348,-0.008158047993978013,2.5608954429626465,538,True,0.09416389465332031,7,2.7657880783081055,538,True,0.2990565299987793,0.20489263534545898,both_correct
539,539,3.9784202575683594,539,True,3.9681577682495117,539,True,-0.010262489318847656,4.0304365158081055,4.052796840667725,4.021634578704834,4.034955978393555,0.05653572082519531,4.061473369598389,539,True,0.0830531120300293,2,4.560491561889648,539,True,0.5820713043212891,0.49901819229125977,both_correct
540,540,6.636297225952148,540,True,6.657193183898926,540,True,0.020895957946777344,6.658633708953857,6.653257369995117,6.651210784912109,6.654367287953694,0.018070062001545928,6.695900917053223,540,True,0.05960369110107422,2,6.761978626251221,540,True,0.12568140029907227,0.06607770919799805,both_correct
541,541,-3.2339251041412354,807,False,-3.479769706726074,807,False,-0.24584460258483887,-3.167172431945801,-3.1674418449401855,-3.0337910652160645,-3.1228017807006836,0.11112332344055176,-2.8845577239990234,807,False,0.3493673801422119,4,-2.5318470001220703,807,False,0.702078104019165,0.3527107238769531,both_incorrect
542,542,1.9116225242614746,542,True,2.0270447731018066,542,True,0.11542224884033203,1.839066505432129,1.900468349456787,1.862687587738037,1.8674074808756511,-0.044215043385823494,2.1252503395080566,542,True,0.21362781524658203,3,2.411257266998291,542,True,0.4996347427368164,0.2860069274902344,both_correct
543,543,1.6325249671936035,543,True,1.6880593299865723,543,True,0.05553436279296875,1.5912604331970215,1.6151542663574219,1.612619400024414,1.6063446998596191,-0.026180267333984375,1.7187104225158691,543,True,0.08618545532226562,0,1.9538273811340332,543,True,0.3213024139404297,0.23511695861816406,both_correct
544,544,5.2218475341796875,544,True,5.180922985076904,544,True,-0.0409245491027832,5.222960472106934,5.223670482635498,5.211740016937256,5.2194569905598955,-0.0023905436197919627,5.288416385650635,544,True,0.06656885147094727,6,5.495939254760742,544,True,0.2740917205810547,0.20752286911010742,both_correct
545,545,4.101878643035889,545,True,4.040998935699463,545,True,-0.06087970733642578,4.103484153747559,4.082429885864258,4.103755474090576,4.096556504567464,-0.005322138468424775,4.16943883895874,545,True,0.06756019592285156,2,4.295414447784424,545,True,0.19353580474853516,0.1259756088256836,both_correct
546,546,4.493746757507324,546,True,4.382174015045166,546,True,-0.1115727424621582,4.522777557373047,4.519726276397705,4.51296854019165,4.518490791320801,0.024744033813476562,4.557241439819336,546,True,0.06349468231201172,6,4.686298847198486,546,True,0.1925520896911621,0.1290574073791504,both_correct
547,547,4.001338481903076,547,True,3.9749841690063477,547,True,-0.026354312896728516,4.0293755531311035,4.008784770965576,4.008392810821533,4.015517711639404,0.014179229736328125,4.0590338706970215,547,True,0.05769538879394531,0,4.189432621002197,547,True,0.1880941390991211,0.13039875030517578,both_correct
548,548,3.5256237983703613,548,True,3.5128250122070312,548,True,-0.012798786163330078,3.5331645011901855,3.548440933227539,3.5400376319885254,3.5405476888020835,0.014923890431722153,3.570018768310547,548,True,0.04439496994018555,6,3.6663551330566406,548,True,0.1407313346862793,0.09633636474609375,both_correct
549,549,2.1098837852478027,549,True,2.1091184616088867,549,True,-0.0007653236389160156,2.1576318740844727,2.1446127891540527,2.107919216156006,2.1367212931315103,0.026837507883707534,2.204704761505127,549,True,0.09482097625732422,4,2.500765800476074,549,True,0.3908820152282715,0.29606103897094727,both_correct
550,550,6.9388017654418945,550,True,6.956877708435059,550,True,0.018075942993164062,6.938582420349121,6.937832832336426,6.937399864196777,6.937938372294108,-0.0008633931477861623,6.9858012199401855,550,True,0.046999454498291016,3,7.077141761779785,550,True,0.13833999633789062,0.09134054183959961,both_correct
551,551,-1.1638336181640625,629,False,-1.2211527824401855,629,False,-0.05731916427612305,-1.2038588523864746,-1.1765494346618652,-1.1011462211608887,-1.1605181694030762,0.003315448760986328,-1.039383888244629,629,False,0.1244497299194336,3,-0.7366223335266113,629,False,0.42721128463745117,0.3027615547180176,both_incorrect
552,552,5.773810863494873,552,True,5.702606201171875,552,True,-0.07120466232299805,5.777992248535156,5.727986812591553,5.708520889282227,5.7381666501363116,-0.035644213358561494,5.85443639755249,552,True,0.08062553405761719,3,5.939290523529053,552,True,0.1654796600341797,0.0848541259765625,both_correct
553,553,0.29219532012939453,553,True,0.26517343521118164,553,True,-0.02702188491821289,0.30294084548950195,0.27422189712524414,0.2792177200317383,0.2854601542154948,-0.006735165913899721,0.380460262298584,553,True,0.08826494216918945,0,0.6591424942016602,553,True,0.3669471740722656,0.27868223190307617,both_correct
554,554,5.841126441955566,554,True,5.784573078155518,554,True,-0.05655336380004883,5.835333824157715,5.820817947387695,5.832256317138672,5.829469362894694,-0.0116570790608721,5.902105331420898,554,True,0.06097888946533203,6,6.017594337463379,554,True,0.1764678955078125,0.11548900604248047,both_correct
555,555,6.218488693237305,555,True,6.189901351928711,555,True,-0.02858734130859375,6.237522125244141,6.222912788391113,6.19510555267334,6.218513488769531,2.47955322265625e-05,6.281657695770264,555,True,0.06316900253295898,0,6.498791217803955,555,True,0.2803025245666504,0.2171335220336914,both_correct
556,556,2.356398105621338,556,True,2.159674644470215,556,True,-0.19672346115112305,2.289027214050293,2.3186402320861816,2.271897792816162,2.2931884129842124,-0.0632096926371255,2.42098331451416,556,True,0.06458520889282227,5,2.6892447471618652,556,True,0.33284664154052734,0.2682614326477051,both_correct
557,557,1.5495729446411133,557,True,1.5226325988769531,557,True,-0.026940345764160156,1.656785488128662,1.6025810241699219,1.5086259841918945,1.589330832163493,0.03975788752237963,1.7512726783752441,557,True,0.20169973373413086,2,1.93206787109375,557,True,0.3824949264526367,0.18079519271850586,both_correct
558,558,-4.615671157836914,881,False,-4.865533828735352,881,False,-0.2498626708984375,-4.656179904937744,-4.614172458648682,-4.648725986480713,-4.639692783355713,-0.024021625518798828,-4.4722466468811035,881,False,0.14342451095581055,2,-4.052945137023926,881,False,0.5627260208129883,0.41930150985717773,both_incorrect
559,559,3.400897979736328,559,True,3.3518567085266113,559,True,-0.0490412712097168,3.3717598915100098,3.386455535888672,3.4062695503234863,3.3881616592407227,-0.012736320495605469,3.472405433654785,559,True,0.07150745391845703,0,3.7295384407043457,559,True,0.3286404609680176,0.25713300704956055,both_correct
560,560,-4.808722496032715,557,False,-4.784405708312988,557,False,0.024316787719726562,-4.830076217651367,-4.842618942260742,-4.824434280395508,-4.832376480102539,-0.02365398406982422,-4.713112831115723,557,False,0.09560966491699219,5,-4.300577163696289,557,False,0.5081453323364258,0.4125356674194336,both_incorrect
561,561,4.75111722946167,561,True,4.824975490570068,561,True,0.07385826110839844,4.7299299240112305,4.753042697906494,4.717194080352783,4.733388900756836,-0.017728328704833984,4.850210666656494,561,True,0.09909343719482422,2,5.11175012588501,561,True,0.36063289642333984,0.2615394592285156,both_correct
562,562,1.6142463684082031,562,True,1.6169610023498535,562,True,0.0027146339416503906,1.6319642066955566,1.5967707633972168,1.5935449600219727,1.607426643371582,-0.006819725036621094,1.6697688102722168,562,True,0.05552244186401367,6,1.973644733428955,562,True,0.35939836502075195,0.3038759231567383,both_correct
563,563,2.038127899169922,563,True,1.916933536529541,563,True,-0.12119436264038086,2.0556821823120117,1.9340906143188477,2.0135817527770996,2.0011181831359863,-0.03700971603393555,2.1547746658325195,563,True,0.11664676666259766,4,2.4440860748291016,563,True,0.4059581756591797,0.28931140899658203,both_correct
564,564,0.35207509994506836,564,True,0.4585380554199219,564,True,0.10646295547485352,0.3663358688354492,0.3387603759765625,0.33856773376464844,0.3478879928588867,-0.004187107086181641,0.4585380554199219,564,True,0.10646295547485352,7,0.7232275009155273,564,True,0.371152400970459,0.26468944549560547,both_correct
565,565,4.68808650970459,565,True,4.673186302185059,565,True,-0.01490020751953125,4.713187217712402,4.671864032745361,4.67799711227417,4.6876827875773115,-0.0004037221272783498,4.733057975769043,565,True,0.044971466064453125,6,4.868536949157715,565,True,0.180450439453125,0.13547897338867188,both_correct
566,566,6.9789018630981445,566,True,6.933894634246826,566,True,-0.04500722885131836,6.92519474029541,6.920402526855469,6.969135284423828,6.938244183858235,-0.04065767923990915,7.050799369812012,566,True,0.07189750671386719,0,7.166323661804199,566,True,0.1874217987060547,0.1155242919921875,both_correct
567,567,-1.8049416542053223,940,False,-1.8640127182006836,940,False,-0.05907106399536133,-1.8946499824523926,-1.800900936126709,-1.849809169769287,-1.8484533627827961,-0.043511708577473884,-1.7583374977111816,940,False,0.046604156494140625,0,-1.3658218383789062,940,False,0.439119815826416,0.3925156593322754,both_incorrect
568,568,4.559162139892578,568,True,4.514202117919922,568,True,-0.04496002197265625,4.524735450744629,4.523715019226074,4.512913703918457,4.52045472462972,-0.03870741526285837,4.598592758178711,568,True,0.03943061828613281,2,4.743936538696289,568,True,0.18477439880371094,0.14534378051757812,both_correct
569,569,7.010354995727539,569,True,6.975274085998535,569,True,-0.035080909729003906,7.008932113647461,6.996736526489258,7.014549255371094,7.0067392985026045,-0.0036156972249345998,7.040773391723633,569,True,0.03041839599609375,4,7.178338050842285,569,True,0.1679830551147461,0.13756465911865234,both_correct
570,570,1.5589804649353027,570,True,1.4923481941223145,570,True,-0.06663227081298828,1.5324516296386719,1.5755023956298828,1.576934814453125,1.5616296132405598,0.0026491483052570874,1.6558914184570312,570,True,0.09691095352172852,0,1.7679944038391113,570,True,0.2090139389038086,0.11210298538208008,both_correct
571,571,6.27056884765625,571,True,6.273953437805176,571,True,0.0033845901489257812,6.22569465637207,6.210827827453613,6.203588485717773,6.213370323181152,-0.057198524475097656,6.19304084777832,571,True,-0.07752799987792969,1,6.36159610748291,571,True,0.09102725982666016,0.16855525970458984,both_correct
572,572,-1.9909601211547852,966,False,-1.971064567565918,966,False,0.019895553588867188,-1.9157347679138184,-1.922229290008545,-1.9442501068115234,-1.9274047215779622,0.06355539957682299,-1.8426437377929688,966,False,0.1483163833618164,1,-1.754347324371338,966,False,0.23661279678344727,0.08829641342163086,both_incorrect
573,573,5.339531898498535,573,True,5.366385459899902,573,True,0.026853561401367188,5.326875686645508,5.350247383117676,5.350895881652832,5.342672983805339,0.0031410853068036815,5.395238876342773,573,True,0.05570697784423828,2,5.5219526290893555,573,True,0.1824207305908203,0.12671375274658203,both_correct
574,574,6.636899948120117,574,True,6.602756023406982,574,True,-0.034143924713134766,6.639587879180908,6.649044036865234,6.662588596343994,6.650406837463379,0.013506889343261719,6.6889848709106445,574,True,0.052084922790527344,5,6.753141403198242,574,True,0.116241455078125,0.06415653228759766,both_correct
575,575,6.995819091796875,575,True,7.082682132720947,575,True,0.08686304092407227,7.001235008239746,7.016365051269531,7.043020248413086,7.020206769307454,0.02438767751057913,7.10474967956543,575,True,0.10893058776855469,1,7.14746618270874,575,True,0.15164709091186523,0.04271650314331055,both_correct
576,576,6.653968811035156,576,True,6.617498397827148,576,True,-0.03647041320800781,6.674502849578857,6.639502048492432,6.6554412841796875,6.656482060750325,0.0025132497151689748,6.69366455078125,576,True,0.03969573974609375,5,6.87545919418335,576,True,0.22149038314819336,0.1817946434020996,both_correct
577,577,0.9202075004577637,577,True,0.9114389419555664,577,True,-0.008768558502197266,0.9279913902282715,0.9233317375183105,0.9279208183288574,0.9264146486918131,0.006207148234049442,0.9708294868469238,577,True,0.050621986389160156,0,0.9986395835876465,577,True,0.07843208312988281,0.027810096740722656,both_correct
578,578,1.955580234527588,578,True,1.9594812393188477,578,True,0.0039010047912597656,1.9406518936157227,1.9356155395507812,1.9731874465942383,1.9498182932535808,-0.0057619412740070874,2.107349395751953,578,True,0.15176916122436523,1,2.260857582092285,578,True,0.30527734756469727,0.15350818634033203,both_correct
579,579,5.296513557434082,579,True,5.239733695983887,579,True,-0.05677986145019531,5.2822585105896,5.302899360656738,5.2854228019714355,5.290193557739258,-0.006319999694824219,5.356927871704102,579,True,0.06041431427001953,5,5.429105758666992,579,True,0.13259220123291016,0.07217788696289062,both_correct
580,580,0.37212133407592773,580,True,0.3668055534362793,580,True,-0.0053157806396484375,0.3334784507751465,0.45490074157714844,0.41364288330078125,0.4006740252176921,0.02855269114176434,0.5209317207336426,580,True,0.14881038665771484,2,0.8343119621276855,580,True,0.4621906280517578,0.31338024139404297,both_correct
581,581,5.916895866394043,581,True,6.004581451416016,581,True,0.08768558502197266,5.924290657043457,5.918456077575684,5.914530277252197,5.919092337290446,0.002196470896403291,6.004581451416016,581,True,0.08768558502197266,7,6.140358924865723,581,True,0.2234630584716797,0.13577747344970703,both_correct
582,582,0.23387670516967773,582,True,0.2411646842956543,582,True,0.0072879791259765625,0.23147106170654297,0.23757171630859375,0.2510371208190918,0.24002663294474283,0.006149927775065095,0.2922248840332031,582,True,0.05834817886352539,5,0.4355134963989258,582,True,0.20163679122924805,0.14328861236572266,both_correct
583,583,5.347712993621826,583,True,5.194983005523682,583,True,-0.15272998809814453,5.300042629241943,5.3332719802856445,5.338662624359131,5.323992411295573,-0.02372058232625296,5.435446262359619,583,True,0.08773326873779297,6,5.684823513031006,583,True,0.3371105194091797,0.24937725067138672,both_correct
584,584,-1.5858573913574219,692,False,-1.5790247917175293,692,False,0.006832599639892578,-1.6564245223999023,-1.6251554489135742,-1.650644302368164,-1.6440747578938801,-0.05821736653645826,-1.5749497413635254,692,False,0.010907649993896484,2,-0.8921489715576172,692,False,0.6937084197998047,0.6828007698059082,both_incorrect
585,585,0.3789396286010742,585,True,0.4138188362121582,585,True,0.034879207611083984,0.30486106872558594,0.3528156280517578,0.3486189842224121,0.33543189366658527,-0.04350773493448895,0.4138188362121582,585,True,0.034879207611083984,7,0.7455778121948242,585,True,0.36663818359375,0.331758975982666,both_correct
586,586,6.751577854156494,586,True,6.735462188720703,586,True,-0.016115665435791016,6.745728492736816,6.730209827423096,6.734391212463379,6.736776510874431,-0.014801343282063506,6.784424304962158,586,True,0.03284645080566406,0,6.970068454742432,586,True,0.2184906005859375,0.18564414978027344,both_correct
587,587,1.8073382377624512,587,True,1.9667167663574219,587,True,0.1593785285949707,1.8346495628356934,1.788191795349121,1.769434928894043,1.7974254290262859,-0.00991280873616529,1.9667167663574219,587,True,0.1593785285949707,7,2.2250232696533203,587,True,0.41768503189086914,0.25830650329589844,both_correct
588,588,4.24995231628418,588,True,4.289097785949707,588,True,0.039145469665527344,4.253547668457031,4.276217937469482,4.243818759918213,4.257861455281575,0.007909138997395537,4.300960063934326,588,True,0.051007747650146484,1,4.488859176635742,588,True,0.2389068603515625,0.18789911270141602,both_correct
589,589,4.375168323516846,589,True,4.3289570808410645,589,True,-0.04621124267578125,4.319505214691162,4.395096778869629,4.395543575286865,4.370048522949219,-0.005119800567626953,4.442012310028076,589,True,0.06684398651123047,6,4.742550849914551,589,True,0.3673825263977051,0.3005385398864746,both_correct
590,590,2.3382349014282227,590,True,2.2602405548095703,590,True,-0.07799434661865234,2.2836251258850098,2.284860134124756,2.281506061553955,2.2833304405212402,-0.05490446090698242,2.3995819091796875,590,True,0.061347007751464844,5,2.5078225135803223,590,True,0.1695876121520996,0.10824060440063477,both_correct
591,591,6.777344226837158,591,True,6.747713088989258,591,True,-0.02963113784790039,6.756592273712158,6.752073287963867,6.7521467208862305,6.753604094187419,-0.023740132649739287,6.904763221740723,591,True,0.12741899490356445,1,6.971811294555664,591,True,0.19446706771850586,0.0670480728149414,both_correct
592,592,6.816031455993652,592,True,6.8440775871276855,592,True,0.028046131134033203,6.8181610107421875,6.829371452331543,6.822474002838135,6.823335488637288,0.007304032643635772,6.830678939819336,592,True,0.014647483825683594,3,6.851947784423828,592,True,0.03591632843017578,0.021268844604492188,both_correct
593,593,6.880926609039307,593,True,6.899836540222168,593,True,0.018909931182861328,6.896517276763916,6.917088031768799,6.906387805938721,6.9066643714904785,0.025737762451171875,6.943911552429199,593,True,0.06298494338989258,0,7.09232759475708,593,True,0.21140098571777344,0.14841604232788086,both_correct
594,594,7.394084930419922,594,True,7.3970842361450195,594,True,0.0029993057250976562,7.399592399597168,7.423174858093262,7.412802219390869,7.411856492360433,0.01777156194051077,7.430970668792725,594,True,0.036885738372802734,0,7.470592021942139,594,True,0.0765070915222168,0.03962135314941406,both_correct
595,595,2.099447250366211,595,True,2.096430778503418,595,True,-0.0030164718627929688,2.0810136795043945,2.1149415969848633,2.1065292358398438,2.100828170776367,0.00138092041015625,2.209188461303711,595,True,0.1097412109375,1,2.394343852996826,595,True,0.29489660263061523,0.18515539169311523,both_correct
596,596,-0.3002958297729492,587,False,-0.3328824043273926,587,False,-0.03258657455444336,-0.3321361541748047,-0.34511709213256836,-0.3403615951538086,-0.33920494715372723,-0.03890911738077801,-0.2110743522644043,587,False,0.08922147750854492,3,-0.06259536743164062,587,False,0.2377004623413086,0.14847898483276367,both_incorrect
597,597,-2.3822436332702637,752,False,-2.106977939605713,752,False,0.2752656936645508,-2.3841347694396973,-2.3401477336883545,-2.487989902496338,-2.4040908018747964,-0.02184716860453273,-2.106977939605713,752,False,0.2752656936645508,7,-1.6947505474090576,752,False,0.687493085861206,0.4122273921966553,both_incorrect
598,598,0.5182943344116211,598,True,0.502232551574707,598,True,-0.016061782836914062,0.508061408996582,0.5216026306152344,0.5410680770874023,0.5235773722330729,0.005283037821451786,0.568871021270752,598,True,0.05057668685913086,0,0.7230038642883301,598,True,0.20470952987670898,0.15413284301757812,both_correct
599,599,4.626549243927002,599,True,4.639282703399658,599,True,0.01273345947265625,4.631828308105469,4.648059368133545,4.638891696929932,4.639593124389648,0.013043880462646484,4.721177101135254,599,True,0.09462785720825195,3,4.813899993896484,599,True,0.18735074996948242,0.09272289276123047,both_correct
600,600,-2.093472480773926,421,False,-2.188356876373291,421,False,-0.09488439559936523,-2.141387939453125,-2.067999839782715,-2.0022239685058594,-2.070537249247233,0.022935231526692856,-1.9164347648620605,421,False,0.17703771591186523,6,-1.5926060676574707,421,False,0.5008664131164551,0.32382869720458984,both_incorrect
601,601,0.5117220878601074,601,True,0.44180917739868164,601,True,-0.06991291046142578,0.41936159133911133,0.4942293167114258,0.43857717514038086,0.45072269439697266,-0.060999393463134766,0.5151333808898926,601,True,0.0034112930297851562,0,0.9320626258850098,601,True,0.42034053802490234,0.4169292449951172,both_correct
602,602,-3.0520172119140625,416,False,-3.02457332611084,416,False,0.027443885803222656,-3.0555129051208496,-3.041591167449951,-3.0074214935302734,-3.034841855367025,0.017175356547037612,-2.9668149948120117,416,False,0.08520221710205078,5,-2.8063621520996094,416,False,0.24565505981445312,0.16045284271240234,both_incorrect
603,603,3.505222797393799,603,True,3.3716588020324707,603,True,-0.13356399536132812,3.492866039276123,3.4780936241149902,3.4378933906555176,3.4696176846822104,-0.035605112711588394,3.569237232208252,603,True,0.06401443481445312,1,3.678621768951416,603,True,0.1733989715576172,0.10938453674316406,both_correct
604,604,4.990180969238281,604,True,5.139934539794922,604,True,0.14975357055664062,4.962852478027344,4.998814582824707,4.972306251525879,4.977991104125977,-0.012189865112304688,5.139934539794922,604,True,0.14975357055664062,7,5.321609020233154,604,True,0.33142805099487305,0.18167448043823242,both_correct
605,605,-2.797147274017334,451,False,-2.79249906539917,451,False,0.0046482086181640625,-2.7519681453704834,-2.7672157287597656,-2.8218371868133545,-2.7803403536478677,0.016806920369466294,-2.7359349727630615,451,False,0.06121230125427246,5,-2.3204123973846436,451,False,0.47673487663269043,0.41552257537841797,both_incorrect
606,606,5.052942276000977,606,True,5.130353927612305,606,True,0.07741165161132812,5.080390930175781,5.068275451660156,5.088605880737305,5.079090754191081,0.026148478190104463,5.130353927612305,606,True,0.07741165161132812,7,5.415895462036133,606,True,0.36295318603515625,0.2855415344238281,both_correct
607,607,5.086056232452393,607,True,5.113568305969238,607,True,0.027512073516845703,5.061465263366699,5.084503650665283,5.085269927978516,5.077079614003499,-0.008976618448893525,5.151928901672363,607,True,0.0658726692199707,6,5.337040424346924,607,True,0.25098419189453125,0.18511152267456055,both_correct
608,608,-1.42999267578125,630,False,-1.3842391967773438,630,False,0.04575347900390625,-1.3881416320800781,-1.4052391052246094,-1.3909268379211426,-1.3947691917419434,0.03522348403930664,-1.30731201171875,630,False,0.1226806640625,0,-1.0244827270507812,630,False,0.40550994873046875,0.28282928466796875,both_incorrect
609,609,1.856213092803955,609,True,1.9381470680236816,609,True,0.08193397521972656,1.834902286529541,1.8724727630615234,1.8379864692687988,1.8484538396199544,-0.007759253184000725,1.9381470680236816,609,True,0.08193397521972656,7,2.0992789268493652,609,True,0.24306583404541016,0.1611318588256836,both_correct
610,610,1.1222028732299805,610,True,1.1372475624084473,610,True,0.015044689178466797,1.0520191192626953,1.0341739654541016,1.0819082260131836,1.056033770243327,-0.06616910298665357,1.1526226997375488,610,True,0.03041982650756836,6,1.3661231994628906,610,True,0.24392032623291016,0.2135004997253418,both_correct
611,611,3.8185181617736816,611,True,3.766251564025879,611,True,-0.052266597747802734,3.7927584648132324,3.823643684387207,3.8166894912719727,3.811030546824137,-0.007487614949544419,3.9547410011291504,611,True,0.13622283935546875,0,4.207723617553711,611,True,0.3892054557800293,0.25298261642456055,both_correct
612,612,6.3067216873168945,612,True,6.311108589172363,612,True,0.00438690185546875,6.331403732299805,6.327629089355469,6.308321952819824,6.322451591491699,0.015729904174804688,6.34984016418457,612,True,0.04311847686767578,2,6.457067012786865,612,True,0.1503453254699707,0.10722684860229492,both_correct
613,613,2.998495578765869,613,True,3.1125235557556152,613,True,0.1140279769897461,2.940335273742676,3.019197940826416,2.9426512718200684,2.9673948287963867,-0.031100749969482422,3.1125235557556152,613,True,0.1140279769897461,7,3.4768528938293457,613,True,0.47835731506347656,0.36432933807373047,both_correct
614,614,2.0126585960388184,614,True,1.987931728363037,614,True,-0.02472686767578125,1.9906668663024902,2.086915969848633,2.06819486618042,2.0485925674438477,0.0359339714050293,2.080061912536621,614,True,0.06740331649780273,5,2.443748950958252,614,True,0.4310903549194336,0.36368703842163086,both_correct
615,615,7.585648536682129,615,True,7.523001670837402,615,True,-0.06264686584472656,7.604947090148926,7.590826511383057,7.611578941345215,7.602450847625732,0.016802310943603516,7.637921333312988,615,True,0.052272796630859375,2,7.631606578826904,615,True,0.04595804214477539,-0.006314754486083984,both_correct
616,616,6.076695442199707,616,True,6.035282611846924,616,True,-0.0414128303527832,6.058669567108154,6.1215972900390625,6.077254295349121,6.085840384165446,0.009144941965739228,6.186041831970215,616,True,0.10934638977050781,6,6.290041923522949,616,True,0.2133464813232422,0.10400009155273438,both_correct
617,617,-1.1004791259765625,823,False,-1.0636677742004395,823,False,0.03681135177612305,-1.1157264709472656,-1.0905523300170898,-1.0863971710205078,-1.0975586573282878,0.0029204686482746656,-1.0636677742004395,823,False,0.03681135177612305,7,-0.8727889060974121,823,False,0.2276902198791504,0.19087886810302734,both_incorrect
618,618,3.3870463371276855,618,True,3.3468475341796875,618,True,-0.04019880294799805,3.390425682067871,3.40793514251709,3.4191384315490723,3.405833085378011,0.01878674825032567,3.66141939163208,618,True,0.27437305450439453,3,4.043393135070801,618,True,0.6563467979431152,0.3819737434387207,both_correct
619,619,0.23853492736816406,619,True,0.24060440063476562,619,True,0.0020694732666015625,0.24744606018066406,0.23614072799682617,0.2581610679626465,0.24724928538004556,0.008714358011881501,0.2984752655029297,619,True,0.059940338134765625,5,0.44191694259643555,619,True,0.20338201522827148,0.14344167709350586,both_correct
620,620,0.060216426849365234,620,True,-0.09806108474731445,556,False,-0.1582775115966797,0.1934351921081543,0.0628042221069336,0.11527585983276367,0.12383842468261719,0.06362199783325195,0.4057326316833496,620,True,0.3455162048339844,2,0.684135913848877,620,True,0.6239194869995117,0.27840328216552734,both_correct
621,621,5.851439952850342,621,True,5.870582103729248,621,True,0.01914215087890625,5.8172149658203125,5.83260440826416,5.9059367179870605,5.851918697357178,0.0004787445068359375,5.844339847564697,621,True,-0.007100105285644531,4,6.100448131561279,621,True,0.2490081787109375,0.25610828399658203,both_correct
622,622,-2.802245616912842,526,False,-2.665976047515869,526,False,0.13626956939697266,-2.7989044189453125,-2.8209211826324463,-2.834197521209717,-2.818007707595825,-0.0157620906829834,-2.665976047515869,526,False,0.13626956939697266,7,-2.3267078399658203,551,False,0.4755377769470215,0.33926820755004883,both_incorrect
623,623,-1.2426424026489258,777,False,-1.2472734451293945,777,False,-0.00463104248046875,-1.2407827377319336,-1.252030372619629,-1.2605352401733398,-1.251116116841634,-0.00847371419270826,-1.2110366821289062,777,False,0.03160572052001953,0,-0.9980030059814453,777,False,0.24463939666748047,0.21303367614746094,both_incorrect
624,624,2.632728099822998,624,True,2.6847243309020996,624,True,0.05199623107910156,2.6634812355041504,2.7254748344421387,2.6681413650512695,2.685699144999186,0.052971045176188,2.924534320831299,624,True,0.2918062210083008,3,3.178866386413574,624,True,0.5461382865905762,0.2543320655822754,both_correct
625,625,6.765580177307129,625,True,6.7556633949279785,625,True,-0.00991678237915039,6.770664691925049,6.777791500091553,6.778980731964111,6.775812307993571,0.010232130686442353,6.8245930671691895,625,True,0.05901288986206055,0,6.886147499084473,625,True,0.12056732177734375,0.0615544319152832,both_correct
626,626,-4.52195405960083,635,False,-4.37632942199707,635,False,0.14562463760375977,-4.4994330406188965,-4.418335914611816,-4.477273464202881,-4.465014139811198,0.056939919789631865,-4.37632942199707,635,False,0.14562463760375977,7,-3.7585129737854004,635,False,0.7634410858154297,0.6178164482116699,both_incorrect
627,627,6.907543659210205,627,True,6.899369716644287,627,True,-0.008173942565917969,6.872915267944336,6.903491497039795,6.919489860534668,6.898632208506267,-0.008911450703938506,6.918960094451904,627,True,0.011416435241699219,2,7.05255651473999,627,True,0.14501285552978516,0.13359642028808594,both_correct
628,628,5.214702606201172,628,True,5.260491371154785,628,True,0.04578876495361328,5.231184005737305,5.2378692626953125,5.233587265014648,5.234213511149089,0.019510904947916963,5.260491371154785,628,True,0.04578876495361328,7,5.322828769683838,628,True,0.10812616348266602,0.062337398529052734,both_correct
629,629,-0.09425640106201172,563,False,0.09703207015991211,629,True,0.19128847122192383,-0.14560508728027344,-0.09225034713745117,-0.11356210708618164,-0.11713918050130208,-0.02288277943929036,0.09703207015991211,629,True,0.19128847122192383,7,0.4361119270324707,629,True,0.5303683280944824,0.3390798568725586,both_correct
630,630,6.174270153045654,630,True,6.207974433898926,630,True,0.033704280853271484,6.184476375579834,6.185300827026367,6.166077613830566,6.178618272145589,0.0043481190999346,6.1798601150512695,630,True,0.005589962005615234,2,6.309600353240967,630,True,0.1353302001953125,0.12974023818969727,both_correct
631,631,-3.278968334197998,711,False,-3.2704977989196777,711,False,0.008470535278320312,-3.341182231903076,-3.3375391960144043,-3.281186103820801,-3.3199691772460938,-0.0410008430480957,-3.2328333854675293,711,False,0.04613494873046875,4,-3.0188097953796387,711,False,0.2601585388183594,0.21402359008789062,both_incorrect
632,632,5.208548545837402,632,True,5.165916442871094,632,True,-0.042632102966308594,5.239218711853027,5.216670036315918,5.183060646057129,5.212983131408691,0.0044345855712890625,5.293787002563477,632,True,0.08523845672607422,3,5.359312057495117,632,True,0.15076351165771484,0.06552505493164062,both_correct
633,633,-1.269202709197998,759,False,-1.1939234733581543,759,False,0.07527923583984375,-1.3661417961120605,-1.2709574699401855,-1.3759455680847168,-1.3376816113789876,-0.06847890218098951,-1.0850887298583984,759,False,0.1841139793395996,1,-0.6789689064025879,759,False,0.5902338027954102,0.40611982345581055,both_incorrect
634,634,4.5836710929870605,634,True,4.548309326171875,634,True,-0.03536176681518555,4.63707971572876,4.590692043304443,4.6169891357421875,4.614920298258464,0.03124920527140329,4.660360336303711,634,True,0.07668924331665039,0,4.982110500335693,634,True,0.3984394073486328,0.3217501640319824,both_correct
635,635,3.5549960136413574,635,True,3.3391900062561035,635,True,-0.2158060073852539,3.5408377647399902,3.5533804893493652,3.6026573181152344,3.5656251907348633,0.01062917709350586,3.6996092796325684,635,True,0.14461326599121094,0,3.9172821044921875,635,True,0.3622860908508301,0.21767282485961914,both_correct
636,636,1.2157912254333496,636,True,1.213479995727539,636,True,-0.002311229705810547,1.2351350784301758,1.2326068878173828,1.2461414337158203,1.2379611333211262,0.02216990788777662,1.2705955505371094,636,True,0.054804325103759766,2,1.3858447074890137,636,True,0.17005348205566406,0.1152491569519043,both_correct
637,637,5.093997001647949,637,True,4.961320877075195,637,True,-0.1326761245727539,5.111827373504639,5.1232147216796875,5.085335731506348,5.106792608896892,0.012795607248942353,5.212981224060059,637,True,0.11898422241210938,1,5.262820243835449,637,True,0.1688232421875,0.049839019775390625,both_correct
638,638,-0.8899354934692383,639,False,-0.9123320579528809,639,False,-0.022396564483642578,-0.8879575729370117,-0.8835878372192383,-0.9092240333557129,-0.8935898145039877,-0.003654321034749386,-0.824556827545166,639,False,0.06537866592407227,1,-0.756371021270752,639,False,0.13356447219848633,0.06818580627441406,both_incorrect
639,639,0.4015011787414551,639,True,0.4051241874694824,639,True,0.0036230087280273438,0.39986658096313477,0.3875279426574707,0.3796858787536621,0.38902680079142254,-0.012474377950032534,0.42827701568603516,639,True,0.026775836944580078,0,0.48679685592651367,639,True,0.0852956771850586,0.058519840240478516,both_correct
640,640,1.3743181228637695,640,True,1.5150299072265625,640,True,0.14071178436279297,1.3511772155761719,1.3740592002868652,1.4006028175354004,1.3752797444661458,0.0009616216023762281,1.5150299072265625,640,True,0.14071178436279297,7,1.7717080116271973,640,True,0.39738988876342773,0.25667810440063477,both_correct
641,641,5.88127326965332,641,True,5.997870445251465,641,True,0.11659717559814453,5.8764262199401855,5.882061004638672,5.911357402801514,5.88994820912679,0.008674939473469756,5.997870445251465,641,True,0.11659717559814453,7,6.1268205642700195,641,True,0.24554729461669922,0.1289501190185547,both_correct
642,642,7.124403476715088,642,True,7.177646160125732,642,True,0.05324268341064453,7.116805553436279,7.115548610687256,7.131170272827148,7.1211748123168945,-0.0032286643981933594,7.177646160125732,642,True,0.05324268341064453,7,7.255226135253906,642,True,0.13082265853881836,0.07757997512817383,both_correct
643,643,-0.5700974464416504,228,False,-0.5409808158874512,228,False,0.02911663055419922,-0.6266565322875977,-0.5829930305480957,-0.6296257972717285,-0.613091786702474,-0.042994340260823605,-0.4730072021484375,228,False,0.09709024429321289,1,0.005957126617431641,643,True,0.576054573059082,0.47896432876586914,tokenwise_only
644,644,6.222474098205566,644,True,6.2011518478393555,644,True,-0.021322250366210938,6.211978912353516,6.22962760925293,6.20404052734375,6.215215682983398,-0.007258415222167969,6.321889877319336,644,True,0.09941577911376953,0,6.365951061248779,644,True,0.1434769630432129,0.04406118392944336,both_correct
645,645,1.9996528625488281,645,True,1.969198226928711,645,True,-0.030454635620117188,1.960495948791504,2.051837921142578,2.0137157440185547,2.008683204650879,0.009030342102050781,2.0679636001586914,645,True,0.06831073760986328,3,2.3865437507629395,645,True,0.38689088821411133,0.31858015060424805,both_correct
646,646,7.010643482208252,646,True,7.038455486297607,646,True,0.02781200408935547,7.014016151428223,7.016497611999512,7.014792442321777,7.015102068583171,0.004458586374918916,7.038455486297607,646,True,0.02781200408935547,7,7.097993850708008,646,True,0.08735036849975586,0.05953836441040039,both_correct
647,647,-6.8466644287109375,960,False,-6.88297176361084,960,False,-0.036307334899902344,-6.868249416351318,-6.859405994415283,-6.905727863311768,-6.87779442469279,-0.03112999598185251,-6.766434669494629,960,False,0.0802297592163086,2,-6.488563537597656,960,False,0.35810089111328125,0.27787113189697266,both_incorrect
648,648,-3.5223560333251953,894,False,-3.4276347160339355,894,False,0.09472131729125977,-3.455190658569336,-3.449634552001953,-3.456188678741455,-3.4536712964375815,0.06868473688761378,-3.34616756439209,894,False,0.17618846893310547,1,-3.2275500297546387,894,False,0.29480600357055664,0.11861753463745117,both_incorrect
649,649,6.611541748046875,649,True,6.656615257263184,649,True,0.045073509216308594,6.634609222412109,6.637150287628174,6.636316299438477,6.636025269826253,0.02448352177937796,6.668011665344238,649,True,0.05646991729736328,5,6.755985736846924,649,True,0.14444398880004883,0.08797407150268555,both_correct
650,650,-2.724691390991211,477,False,-2.639026641845703,477,False,0.08566474914550781,-2.7818384170532227,-2.7215123176574707,-2.738213062286377,-2.747187932332357,-0.02249654134114598,-2.543883800506592,477,False,0.18080759048461914,4,-2.1674680709838867,477,False,0.5572233200073242,0.3764157295227051,both_incorrect
651,651,4.457803249359131,651,True,4.494852066040039,651,True,0.0370488166809082,4.4690656661987305,4.4684906005859375,4.48992919921875,4.475828488667806,0.018025239308674834,4.514674186706543,651,True,0.05687093734741211,4,4.728694915771484,651,True,0.2708916664123535,0.2140207290649414,both_correct
652,652,-5.983077526092529,860,False,-6.029011249542236,860,False,-0.04593372344970703,-5.953052520751953,-6.066247940063477,-5.9717488288879395,-5.997016429901123,-0.01393890380859375,-5.896264553070068,860,False,0.08681297302246094,2,-5.441027641296387,860,False,0.5420498847961426,0.45523691177368164,both_incorrect
653,653,-6.741365432739258,493,False,-6.7325358390808105,493,False,0.008829593658447266,-6.7089433670043945,-6.772730350494385,-6.721184253692627,-6.734285990397136,0.0070794423421221,-6.605851173400879,493,False,0.1355142593383789,0,-6.442635536193848,493,False,0.29872989654541016,0.16321563720703125,both_incorrect
654,654,4.532313346862793,654,True,4.503521919250488,654,True,-0.028791427612304688,4.504777431488037,4.5409088134765625,4.4881720542907715,4.51128609975179,-0.0210272471110029,4.611286163330078,654,True,0.07897281646728516,5,4.7695112228393555,654,True,0.2371978759765625,0.15822505950927734,both_correct
655,655,4.778918743133545,655,True,4.653482913970947,655,True,-0.12543582916259766,4.682608127593994,4.72620153427124,4.70950984954834,4.706106503804524,-0.07281223932902048,4.830090045928955,655,True,0.051171302795410156,6,5.090548038482666,655,True,0.3116292953491211,0.26045799255371094,both_correct
656,656,2.1483960151672363,656,True,2.1961870193481445,656,True,0.0477910041809082,2.078110694885254,2.1246376037597656,2.105076313018799,2.1026082038879395,-0.045787811279296875,2.1961870193481445,656,True,0.0477910041809082,7,2.584792137145996,656,True,0.43639612197875977,0.38860511779785156,both_correct
657,657,-0.24805355072021484,744,False,-0.23659706115722656,744,False,0.011456489562988281,-0.25626659393310547,-0.24675750732421875,-0.24671554565429688,-0.24991321563720703,-0.0018596649169921875,-0.23659706115722656,744,False,0.011456489562988281,7,-0.17852497100830078,744,False,0.06952857971191406,0.05807209014892578,both_incorrect
658,658,2.634495735168457,658,True,2.5384621620178223,658,True,-0.09603357315063477,2.642591953277588,2.6251087188720703,2.6210947036743164,2.6295984586079917,-0.004897276560465347,2.6247520446777344,658,True,-0.009743690490722656,5,2.7130126953125,658,True,0.07851696014404297,0.08826065063476562,both_correct
659,659,1.853044033050537,659,True,1.8356423377990723,659,True,-0.017401695251464844,1.8026647567749023,1.8735966682434082,1.8083958625793457,1.8282190958658855,-0.02482493718465162,1.9624671936035156,659,True,0.10942316055297852,0,2.269253730773926,659,True,0.41620969772338867,0.30678653717041016,both_correct
660,660,-6.168818473815918,839,False,-6.0971221923828125,839,False,0.07169628143310547,-6.163732528686523,-6.147300720214844,-6.214263916015625,-6.175099054972331,-0.0062805811564130565,-6.06995964050293,839,False,0.09885883331298828,6,-5.62144660949707,839,False,0.5473718643188477,0.4485130310058594,both_incorrect
661,661,4.3351640701293945,661,True,4.33876895904541,661,True,0.003604888916015625,4.384743690490723,4.306407928466797,4.350821495056152,4.347324371337891,0.012160301208496094,4.391298294067383,661,True,0.05613422393798828,1,4.550298690795898,661,True,0.2151346206665039,0.15900039672851562,both_correct
662,662,-0.6956214904785156,859,False,-0.9599995613098145,859,False,-0.26437807083129883,-0.6638360023498535,-0.6524238586425781,-0.7347655296325684,-0.6836751302083334,0.011946360270182255,-0.40359973907470703,859,False,0.2920217514038086,1,-0.1868758201599121,745,False,0.5087456703186035,0.21672391891479492,both_incorrect
663,663,1.723726749420166,663,True,1.7680716514587402,663,True,0.04434490203857422,1.7173137664794922,1.7328238487243652,1.7557239532470703,1.7352871894836426,0.011560440063476562,1.7806358337402344,663,True,0.05690908432006836,0,2.001181125640869,663,True,0.2774543762207031,0.22054529190063477,both_correct
664,664,-1.1538004875183105,598,False,-1.2733044624328613,598,False,-0.11950397491455078,-1.1551766395568848,-1.203202724456787,-1.167497158050537,-1.175292174021403,-0.021491686503092522,-1.0895133018493652,598,False,0.06428718566894531,5,-0.7827267646789551,598,False,0.37107372283935547,0.30678653717041016,both_incorrect
665,665,0.42056798934936523,665,True,0.345670223236084,665,True,-0.07489776611328125,0.47566938400268555,0.4794154167175293,0.3836989402770996,0.4462612469991048,0.025693257649739565,0.6855893135070801,665,True,0.26502132415771484,2,1.202056884765625,665,True,0.7814888954162598,0.5164675712585449,both_correct
666,666,3.072147846221924,666,True,2.9915952682495117,666,True,-0.08055257797241211,3.022061347961426,3.040802478790283,3.063084125518799,3.041982650756836,-0.03016519546508789,3.147399425506592,666,True,0.07525157928466797,1,3.311070442199707,666,True,0.2389225959777832,0.16367101669311523,both_correct
667,667,1.253671646118164,667,True,1.2844958305358887,667,True,0.03082418441772461,1.267704963684082,1.2978324890136719,1.2872743606567383,1.2842706044514973,0.03059895833333326,1.3437309265136719,667,True,0.09005928039550781,4,1.519810676574707,667,True,0.26613903045654297,0.17607975006103516,both_correct
668,668,5.906146049499512,668,True,5.964074611663818,668,True,0.05792856216430664,5.918178558349609,5.892334938049316,5.936758041381836,5.915757179260254,0.009611129760742188,5.964074611663818,668,True,0.05792856216430664,7,6.061744689941406,668,True,0.15559864044189453,0.09767007827758789,both_correct
669,669,-2.597391128540039,601,False,-2.635842800140381,601,False,-0.0384516716003418,-2.62831449508667,-2.61037015914917,-2.6640453338623047,-2.6342433293660483,-0.03685220082600926,-2.4953536987304688,601,False,0.10203742980957031,2,-2.163911819458008,601,False,0.43347930908203125,0.33144187927246094,both_incorrect
670,670,2.0025768280029297,670,True,1.964005470275879,670,True,-0.03857135772705078,2.0180845260620117,1.9980154037475586,2.0316686630249023,2.0159228642781577,0.013346036275228013,2.0507726669311523,670,True,0.048195838928222656,4,2.138786792755127,670,True,0.13620996475219727,0.08801412582397461,both_correct
671,671,3.255451202392578,671,True,3.1956233978271484,671,True,-0.05982780456542969,3.220836639404297,3.1905412673950195,3.21290922164917,3.2080957094828286,-0.0473554929097495,3.326909065246582,671,True,0.0714578628540039,0,3.4618029594421387,671,True,0.20635175704956055,0.13489389419555664,both_correct
672,672,3.613226890563965,672,True,3.749582290649414,672,True,0.13635540008544922,3.66996431350708,3.547004222869873,3.6889853477478027,3.6353179613749185,0.022091070810953628,3.749582290649414,672,True,0.13635540008544922,7,4.06300687789917,672,True,0.4497799873352051,0.31342458724975586,both_correct
673,673,-0.7275457382202148,259,False,-0.8862037658691406,259,False,-0.15865802764892578,-0.7074027061462402,-0.7065553665161133,-0.6915297508239746,-0.7018292744954427,0.0257164637247721,-0.5865573883056641,154,False,0.14098834991455078,5,-0.31663990020751953,154,False,0.4109058380126953,0.26991748809814453,both_incorrect
674,674,4.733504772186279,674,True,4.765234470367432,674,True,0.031729698181152344,4.7699127197265625,4.763181686401367,4.779181957244873,4.7707587877909345,0.037254015604655244,4.8392462730407715,674,True,0.10574150085449219,2,5.019124507904053,674,True,0.28561973571777344,0.17987823486328125,both_correct
675,675,2.9518394470214844,675,True,3.05233097076416,675,True,0.10049152374267578,3.107428550720215,2.715071678161621,2.824753761291504,2.8824179967244468,-0.06942145029703761,3.108478546142578,675,True,0.15663909912109375,6,3.552250385284424,675,True,0.6004109382629395,0.4437718391418457,both_correct
676,676,5.773863315582275,676,True,5.800924777984619,676,True,0.02706146240234375,5.759380340576172,5.824347496032715,5.793422698974609,5.792383511861165,0.018520196278889678,5.8387556076049805,676,True,0.06489229202270508,6,5.980544090270996,676,True,0.2066807746887207,0.14178848266601562,both_correct
677,677,1.0830016136169434,677,True,1.3189949989318848,677,True,0.2359933853149414,1.0956006050109863,1.1040830612182617,1.1341133117675781,1.1112656593322754,0.02826404571533203,1.3189949989318848,677,True,0.2359933853149414,7,1.5848784446716309,677,True,0.5018768310546875,0.2658834457397461,both_correct
678,678,5.383950233459473,678,True,5.361995697021484,678,True,-0.02195453643798828,5.355939865112305,5.402341842651367,5.330936431884766,5.3630727132161455,-0.02087752024332712,5.436907768249512,678,True,0.05295753479003906,1,5.6098480224609375,678,True,0.22589778900146484,0.17294025421142578,both_correct
679,679,1.5166501998901367,679,True,1.6131138801574707,679,True,0.09646368026733398,1.5369715690612793,1.5637426376342773,1.5258374214172363,1.5421838760375977,0.025533676147460938,1.6131138801574707,679,True,0.09646368026733398,7,1.7413544654846191,679,True,0.22470426559448242,0.12824058532714844,both_correct
680,680,3.2002406120300293,680,True,3.1622681617736816,680,True,-0.037972450256347656,3.204832077026367,3.202247142791748,3.1876931190490723,3.1982574462890625,-0.001983165740966797,3.306150436401367,680,True,0.10590982437133789,2,3.4460582733154297,680,True,0.2458176612854004,0.1399078369140625,both_correct
681,681,0.06831979751586914,681,True,0.09941959381103516,681,True,0.031099796295166016,0.10099554061889648,0.0811777114868164,0.07743501663208008,0.08653608957926433,0.018216292063395187,0.15259265899658203,681,True,0.08427286148071289,3,0.3830394744873047,681,True,0.31471967697143555,0.23044681549072266,both_correct
682,682,4.219766616821289,682,True,4.218141078948975,682,True,-0.0016255378723144531,4.251784801483154,4.221258640289307,4.240280628204346,4.237774689992269,0.01800807317097952,4.27769136428833,682,True,0.057924747467041016,1,4.378262519836426,682,True,0.15849590301513672,0.1005711555480957,both_correct
683,683,-7.43700647354126,558,False,-7.46436071395874,558,False,-0.02735424041748047,-7.466500282287598,-7.4584550857543945,-7.459120750427246,-7.461358706156413,-0.02435223261515329,-7.410432815551758,558,False,0.026573657989501953,0,-7.275742530822754,558,False,0.16126394271850586,0.1346902847290039,both_incorrect
684,684,6.6577348709106445,684,True,6.667769432067871,684,True,0.010034561157226562,6.663936614990234,6.687483787536621,6.701585292816162,6.684335231781006,0.026600360870361328,6.736769676208496,684,True,0.07903480529785156,5,6.862519264221191,684,True,0.20478439331054688,0.1257495880126953,both_correct
685,685,7.098222732543945,685,True,7.118072509765625,685,True,0.019849777221679688,7.102457046508789,7.108728885650635,7.091164588928223,7.100783507029216,0.0025607744852704784,7.165576457977295,685,True,0.06735372543334961,0,7.214427947998047,685,True,0.11620521545410156,0.04885149002075195,both_correct
686,686,1.4193687438964844,686,True,1.3836112022399902,686,True,-0.03575754165649414,1.4222331047058105,1.4202113151550293,1.5185017585754395,1.4536487261454265,0.03427998224894213,1.5533695220947266,686,True,0.1340007781982422,2,1.913543701171875,686,True,0.4941749572753906,0.36017417907714844,both_correct
687,687,4.307612419128418,687,True,4.34642219543457,687,True,0.038809776306152344,4.34297513961792,4.28476619720459,4.313305854797363,4.313682397206624,0.006069978078206084,4.3561906814575195,687,True,0.04857826232910156,1,4.4914631843566895,687,True,0.18385076522827148,0.13527250289916992,both_correct
688,688,5.328541278839111,688,True,5.298595428466797,688,True,-0.029945850372314453,5.3634443283081055,5.3445916175842285,5.345992088317871,5.351342678070068,0.02280139923095703,5.375343322753906,688,True,0.04680204391479492,5,5.559828758239746,688,True,0.23128747940063477,0.18448543548583984,both_correct
689,689,0.8892912864685059,689,True,0.8806147575378418,689,True,-0.008676528930664062,0.8438282012939453,0.8630485534667969,0.8449058532714844,0.8505942026774088,-0.03869708379109704,0.9425554275512695,689,True,0.05326414108276367,0,1.137812614440918,689,True,0.2485213279724121,0.19525718688964844,both_correct
690,690,-4.29942512512207,586,False,-4.472081184387207,586,False,-0.17265605926513672,-4.4188923835754395,-4.3623151779174805,-4.300716876983643,-4.3606414794921875,-0.06121635437011719,-4.130489349365234,586,False,0.16893577575683594,1,-3.6880226135253906,586,False,0.6114025115966797,0.44246673583984375,both_incorrect
691,691,6.371060848236084,691,True,6.409072399139404,691,True,0.03801155090332031,6.394066333770752,6.379426002502441,6.39880895614624,6.3907670974731445,0.019706249237060547,6.436362266540527,691,True,0.06530141830444336,5,6.713690280914307,691,True,0.34262943267822266,0.2773280143737793,both_correct
692,692,0.6511635780334473,692,True,0.6829938888549805,692,True,0.0318303108215332,0.6116657257080078,0.6425204277038574,0.6410684585571289,0.631751537322998,-0.01941204071044922,0.7414422035217285,692,True,0.09027862548828125,2,1.03643798828125,692,True,0.38527441024780273,0.2949957847595215,both_correct
693,693,0.7119464874267578,693,True,0.7247757911682129,693,True,0.012829303741455078,0.7196931838989258,0.7227249145507812,0.732874870300293,0.72509765625,0.013151168823242188,0.7515869140625,693,True,0.03964042663574219,4,0.8752808570861816,693,True,0.16333436965942383,0.12369394302368164,both_correct
694,694,2.8997020721435547,694,True,2.899472236633301,694,True,-0.00022983551025390625,2.8779296875,2.8647146224975586,2.8681015968322754,2.870248635609945,-0.029453436533609878,3.066554069519043,694,True,0.16685199737548828,2,3.4474759101867676,694,True,0.5477738380432129,0.3809218406677246,both_correct
695,695,2.3413901329040527,695,True,2.3545289039611816,695,True,0.013138771057128906,2.3454108238220215,2.3501009941101074,2.3649282455444336,2.353480021158854,0.012089888254801284,2.4317479133605957,695,True,0.09035778045654297,0,2.5854926109313965,695,True,0.24410247802734375,0.15374469757080078,both_correct
696,696,2.247615337371826,696,True,2.2727818489074707,696,True,0.02516651153564453,2.3085074424743652,2.2193446159362793,2.3017358779907227,2.276529312133789,0.02891397476196289,2.45035982131958,696,True,0.2027444839477539,1,2.7380995750427246,696,True,0.49048423767089844,0.28773975372314453,both_correct
697,697,6.215166091918945,697,True,6.350955009460449,697,True,0.1357889175415039,6.234025001525879,6.230442047119141,6.226675033569336,6.230380694071452,0.015214602152506806,6.350955009460449,697,True,0.1357889175415039,7,6.407467842102051,697,True,0.19230175018310547,0.05651283264160156,both_correct
698,698,5.935374736785889,698,True,5.922013282775879,698,True,-0.013361454010009766,5.918426990509033,5.902288913726807,5.908315181732178,5.909677028656006,-0.025697708129882812,6.031659126281738,698,True,0.09628438949584961,0,6.053740501403809,698,True,0.11836576461791992,0.022081375122070312,both_correct
699,699,5.990815162658691,699,True,6.019953727722168,699,True,0.029138565063476562,5.9853515625,5.983015060424805,5.989694595336914,5.986020406087239,-0.004794756571452119,6.039361953735352,699,True,0.048546791076660156,0,6.085227966308594,699,True,0.09441280364990234,0.04586601257324219,both_correct
700,700,3.9680604934692383,700,True,3.9924731254577637,700,True,0.02441263198852539,3.9702587127685547,3.9645509719848633,3.964465618133545,3.966425100962321,-0.0016353925069174657,3.983096122741699,700,True,0.015035629272460938,3,4.09096097946167,700,True,0.12290048599243164,0.1078648567199707,both_correct
701,701,6.838207721710205,701,True,6.859216690063477,701,True,0.021008968353271484,6.854741096496582,6.851681709289551,6.825075149536133,6.843832651774089,0.00562493006388376,6.885366439819336,701,True,0.04715871810913086,1,6.939695835113525,701,True,0.10148811340332031,0.05432939529418945,both_correct
702,702,0.8977994918823242,702,True,0.8369598388671875,702,True,-0.06083965301513672,0.9124054908752441,0.9254465103149414,0.9186849594116211,0.9188456535339355,0.021046161651611328,0.986907958984375,702,True,0.08910846710205078,6,1.128946304321289,702,True,0.23114681243896484,0.14203834533691406,both_correct
703,703,1.5849900245666504,703,True,1.775984764099121,703,True,0.1909947395324707,1.6513609886169434,1.6381316184997559,1.6678705215454102,1.6524543762207031,0.06746435165405273,1.9103264808654785,703,True,0.3253364562988281,1,2.1144518852233887,703,True,0.5294618606567383,0.20412540435791016,both_correct
704,704,3.7096872329711914,704,True,3.784337043762207,704,True,0.07464981079101562,3.7131261825561523,3.710984230041504,3.7276782989501953,3.7172629038492837,0.0075756708780923,4.039641380310059,704,True,0.3299541473388672,0,4.384529113769531,704,True,0.6748418807983398,0.34488773345947266,both_correct
705,705,2.9128293991088867,705,True,2.893843173980713,705,True,-0.018986225128173828,2.9140186309814453,2.956115245819092,2.932248115539551,2.9341273307800293,0.021297931671142578,3.026951313018799,705,True,0.11412191390991211,6,3.24954891204834,705,True,0.3367195129394531,0.22259759902954102,both_correct
706,706,3.679835319519043,706,True,3.602327346801758,706,True,-0.07750797271728516,3.660637378692627,3.6449031829833984,3.6714515686035156,3.658997376759847,-0.020837942759195816,3.8299241065979004,706,True,0.15008878707885742,0,4.08898401260376,706,True,0.4091486930847168,0.2590599060058594,both_correct
707,707,0.8465456962585449,707,True,0.46036767959594727,707,True,-0.38617801666259766,0.8594512939453125,0.8409261703491211,0.7782411575317383,0.8262062072753906,-0.020339488983154297,1.0848045349121094,707,True,0.23825883865356445,5,1.5484023094177246,707,True,0.7018566131591797,0.46359777450561523,both_correct
708,708,0.5070991516113281,708,True,0.6846518516540527,708,True,0.1775527000427246,0.5198521614074707,0.5216317176818848,0.5055227279663086,0.5156688690185547,0.008569717407226562,0.6846518516540527,708,True,0.1775527000427246,7,1.06254243850708,708,True,0.555443286895752,0.37789058685302734,both_correct
709,709,-1.9524540901184082,529,False,-2.094921112060547,529,False,-0.14246702194213867,-1.945706844329834,-1.9488272666931152,-1.9585785865783691,-1.9510375658671062,0.0014165242513020093,-1.8024072647094727,529,False,0.15004682540893555,3,-1.3909974098205566,529,False,0.5614566802978516,0.411409854888916,both_incorrect
710,710,-1.2458629608154297,478,False,-1.3140878677368164,478,False,-0.06822490692138672,-1.275740623474121,-1.3040404319763184,-1.2700910568237305,-1.28329070409139,-0.03742774327596021,-1.0095939636230469,478,False,0.2362689971923828,6,-0.4396371841430664,478,False,0.8062257766723633,0.5699567794799805,both_incorrect
711,711,1.329880714416504,711,True,1.336655616760254,711,True,0.00677490234375,1.3469810485839844,1.3057050704956055,1.2891345024108887,1.313940207163493,-0.015940507253010994,1.4292020797729492,711,True,0.09932136535644531,3,1.6626553535461426,711,True,0.33277463912963867,0.23345327377319336,both_correct
712,712,-0.7396254539489746,438,False,-0.8207607269287109,438,False,-0.08113527297973633,-0.7395997047424316,-0.7384657859802246,-0.6775531768798828,-0.7185395558675131,0.02108589808146155,-0.4696989059448242,438,False,0.2699265480041504,0,-0.2957744598388672,438,False,0.4438509941101074,0.17392444610595703,both_incorrect
713,713,4.229422569274902,713,True,4.234606742858887,713,True,0.005184173583984375,4.225826263427734,4.230246543884277,4.243431091308594,4.233167966206868,0.0037453969319658498,4.326234817504883,713,True,0.09681224822998047,0,4.419552326202393,713,True,0.19012975692749023,0.09331750869750977,both_correct
714,714,3.401707172393799,714,True,3.4126877784729004,714,True,0.010980606079101562,3.4238834381103516,3.429379463195801,3.3834056854248047,3.4122228622436523,0.010515689849853516,3.5381827354431152,714,True,0.1364755630493164,0,3.619964599609375,714,True,0.21825742721557617,0.08178186416625977,both_correct
715,715,-6.071809768676758,649,False,-5.993608474731445,649,False,0.0782012939453125,-6.100473403930664,-6.120523929595947,-6.132918357849121,-6.117971897125244,-0.04616212844848633,-5.993608474731445,649,False,0.0782012939453125,7,-5.737934112548828,649,False,0.3338756561279297,0.2556743621826172,both_incorrect
716,716,2.209433078765869,716,True,2.2126145362854004,716,True,0.00318145751953125,2.2160496711730957,2.205441474914551,2.2170352935791016,2.2128421465555825,0.0034090677897133936,2.262002468109131,716,True,0.05256938934326172,1,2.3358535766601562,716,True,0.1264204978942871,0.07385110855102539,both_correct
717,717,1.8526372909545898,717,True,1.906630516052246,717,True,0.05399322509765625,1.8670825958251953,1.7260065078735352,1.830291748046875,1.8077936172485352,-0.04484367370605469,1.9603853225708008,717,True,0.10774803161621094,6,2.3932857513427734,717,True,0.5406484603881836,0.43290042877197266,both_correct
718,718,0.3493070602416992,718,True,0.3792605400085449,718,True,0.029953479766845703,0.32112932205200195,0.32569360733032227,0.3401355743408203,0.32898616790771484,-0.020320892333984375,0.37497711181640625,718,True,0.02567005157470703,6,0.5274181365966797,718,True,0.17811107635498047,0.15244102478027344,both_correct
719,719,6.299947261810303,719,True,6.252294540405273,719,True,-0.0476527214050293,6.313014507293701,6.326152324676514,6.309001922607422,6.316056251525879,0.016108989715576172,6.399654388427734,719,True,0.09970712661743164,1,6.383103370666504,719,True,0.08315610885620117,-0.01655101776123047,both_correct
720,720,5.843457221984863,720,True,5.8347697257995605,720,True,-0.008687496185302734,5.841760158538818,5.930472373962402,5.862065315246582,5.878099282582601,0.034642060597737334,5.943118095397949,720,True,0.09966087341308594,4,6.196056365966797,720,True,0.3525991439819336,0.25293827056884766,both_correct
721,721,1.0218539237976074,721,True,1.136784553527832,721,True,0.11493062973022461,1.0044012069702148,0.9842281341552734,1.0300259590148926,1.006218433380127,-0.01563549041748047,1.1435742378234863,721,True,0.1217203140258789,6,1.4313359260559082,721,True,0.4094820022583008,0.2877616882324219,both_correct
722,722,2.5838379859924316,722,True,2.5353221893310547,722,True,-0.04851579666137695,2.5899085998535156,2.594454288482666,2.582392692565918,2.5889185269673667,0.005080540974935044,2.6422061920166016,722,True,0.05836820602416992,0,2.8440451622009277,722,True,0.2602071762084961,0.20183897018432617,both_correct
723,723,7.466778755187988,723,True,7.54133939743042,723,True,0.07456064224243164,7.4385833740234375,7.496356964111328,7.50886344909668,7.481267929077148,0.014489173889160156,7.533144950866699,723,True,0.06636619567871094,6,7.600610256195068,723,True,0.13383150100708008,0.06746530532836914,both_correct
724,724,2.7179441452026367,724,True,2.6902027130126953,724,True,-0.027741432189941406,2.7263412475585938,2.7383193969726562,2.7292957305908203,2.731318791707357,0.0133746465047202,2.765890598297119,724,True,0.04794645309448242,5,2.867584228515625,724,True,0.14964008331298828,0.10169363021850586,both_correct
725,725,-0.29604148864746094,899,False,-0.3434600830078125,899,False,-0.04741859436035156,-0.284088134765625,-0.2992391586303711,-0.3138551712036133,-0.2990608215332031,-0.0030193328857421875,-0.20595645904541016,899,False,0.09008502960205078,0,0.0064678192138671875,725,True,0.3025093078613281,0.21242427825927734,tokenwise_only
726,726,4.382648468017578,726,True,4.3554911613464355,726,True,-0.027157306671142578,4.347362995147705,4.332441806793213,4.391878128051758,4.357227643330892,-0.025420824686686494,4.461432456970215,726,True,0.07878398895263672,3,4.7537407875061035,726,True,0.3710923194885254,0.29230833053588867,both_correct
727,727,7.141688823699951,727,True,7.153656959533691,727,True,0.011968135833740234,7.176084995269775,7.1491546630859375,7.147231101989746,7.157490253448486,0.015801429748535156,7.189825057983398,727,True,0.048136234283447266,4,7.312009334564209,727,True,0.1703205108642578,0.12218427658081055,both_correct
728,728,-2.0351815223693848,663,False,-2.0498948097229004,663,False,-0.014713287353515625,-2.077514171600342,-2.1318106651306152,-1.9760775566101074,-2.061800797780355,-0.0266192754109702,-1.8888731002807617,663,False,0.14630842208862305,3,-1.3275113105773926,663,False,0.7076702117919922,0.5613617897033691,both_incorrect
729,729,1.3779401779174805,729,True,1.4472765922546387,729,True,0.0693364143371582,1.3896369934082031,1.399209976196289,1.3786234855651855,1.3891568183898926,0.01121664047241211,1.5633397102355957,729,True,0.18539953231811523,5,1.9190096855163574,729,True,0.541069507598877,0.3556699752807617,both_correct
730,730,0.29912376403808594,730,True,0.36180877685546875,730,True,0.06268501281738281,0.27306079864501953,0.2824068069458008,0.3468475341796875,0.30077171325683594,0.00164794921875,0.36180877685546875,730,True,0.06268501281738281,7,0.6675081253051758,730,True,0.36838436126708984,0.30569934844970703,both_correct
731,731,1.527188777923584,731,True,1.6357145309448242,731,True,0.10852575302124023,1.4920306205749512,1.5558137893676758,1.5164246559143066,1.5214230219523113,-0.0057657559712727124,1.6357145309448242,731,True,0.10852575302124023,7,1.9402422904968262,731,True,0.4130535125732422,0.30452775955200195,both_correct
732,732,6.293850898742676,732,True,6.306826591491699,732,True,0.012975692749023438,6.317887306213379,6.310552597045898,6.303884506225586,6.310774803161621,0.016923904418945312,6.40947961807251,732,True,0.11562871932983398,3,6.510242938995361,732,True,0.21639204025268555,0.10076332092285156,both_correct
733,733,-0.831171989440918,476,False,-0.6787447929382324,476,False,0.15242719650268555,-0.7042937278747559,-0.7394576072692871,-0.8060240745544434,-0.7499251365661621,0.08124685287475586,-0.5745553970336914,602,False,0.25661659240722656,1,-0.4624457359313965,602,False,0.3687262535095215,0.11210966110229492,both_incorrect
734,734,6.0610857009887695,734,True,6.013473987579346,734,True,-0.04761171340942383,6.04754638671875,5.975531578063965,6.050981044769287,6.024686336517334,-0.03639936447143555,6.124232292175293,734,True,0.06314659118652344,5,6.289944171905518,734,True,0.22885847091674805,0.1657118797302246,both_correct
735,735,5.083433628082275,735,True,5.015140056610107,735,True,-0.06829357147216797,5.08642053604126,5.0944061279296875,5.084971904754639,5.088599522908528,0.005165894826252959,5.145581245422363,735,True,0.06214761734008789,3,5.225488662719727,735,True,0.14205503463745117,0.07990741729736328,both_correct
736,736,6.3656415939331055,736,True,6.376644134521484,736,True,0.011002540588378906,6.353864669799805,6.354734897613525,6.3594512939453125,6.356016953786214,-0.009624640146891572,6.403460502624512,736,True,0.03781890869140625,0,6.511588096618652,736,True,0.14594650268554688,0.10812759399414062,both_correct
737,737,-2.486337184906006,899,False,-2.4508819580078125,899,False,0.03545522689819336,-2.484954357147217,-2.464297294616699,-2.4619507789611816,-2.470400810241699,0.01593637466430664,-2.399801731109619,899,False,0.08653545379638672,1,-2.0492067337036133,899,False,0.4371304512023926,0.35059499740600586,both_incorrect
738,738,1.33082914352417,738,True,1.292264461517334,738,True,-0.03856468200683594,1.3328185081481934,1.3175926208496094,1.3400053977966309,1.3301388422648113,-0.0006903012593586499,1.4431443214416504,738,True,0.11231517791748047,6,1.665219783782959,738,True,0.33439064025878906,0.2220754623413086,both_correct
739,739,6.749017238616943,739,True,6.711630821228027,739,True,-0.037386417388916016,6.738973140716553,6.745418071746826,6.7662858963012695,6.75022570292155,0.0012084643046064159,6.876827239990234,739,True,0.12781000137329102,1,6.917474746704102,739,True,0.1684575080871582,0.04064750671386719,both_correct
740,740,-3.496929883956909,764,False,-3.230103015899658,764,False,0.266826868057251,-3.5071377754211426,-3.650305986404419,-3.3676462173461914,-3.5083633263905845,-0.011433442433675278,-3.230103015899658,764,False,0.266826868057251,7,-2.709636688232422,764,False,0.7872931957244873,0.5204663276672363,both_incorrect
741,741,3.5518581867218018,741,True,3.6061503887176514,741,True,0.05429220199584961,3.5477442741394043,3.563800573348999,3.5261828899383545,3.5459092458089194,-0.005948940912882339,3.6061503887176514,741,True,0.05429220199584961,7,3.7868282794952393,741,True,0.2349700927734375,0.1806778907775879,both_correct
742,742,-0.41781139373779297,632,False,-0.42580699920654297,632,False,-0.00799560546875,-0.40224695205688477,-0.3574204444885254,-0.3920001983642578,-0.38388919830322266,0.03392219543457031,-0.15136194229125977,632,False,0.2664494514465332,1,0.2403874397277832,742,True,0.6581988334655762,0.39174938201904297,tokenwise_only
743,743,-1.952507495880127,884,False,-2.2121973037719727,884,False,-0.2596898078918457,-1.886429786682129,-1.8950624465942383,-1.929957389831543,-1.90381654103597,0.048690954844156975,-1.6921305656433105,884,False,0.2603769302368164,1,-1.5014982223510742,884,False,0.45100927352905273,0.19063234329223633,both_incorrect
744,744,-3.9166340827941895,589,False,-3.9838078022003174,589,False,-0.06717371940612793,-3.793558120727539,-3.8216891288757324,-3.835533380508423,-3.816926876703898,0.09970720609029149,-3.690643548965454,589,False,0.22599053382873535,6,-3.153747320175171,589,False,0.7628867626190186,0.5368962287902832,both_incorrect
745,745,0.8448858261108398,745,True,0.734619140625,745,True,-0.11026668548583984,0.8466029167175293,0.7447128295898438,0.8976092338562012,0.8296416600545248,-0.015244166056315067,0.8428654670715332,745,True,-0.0020203590393066406,4,1.4234542846679688,745,True,0.5785684585571289,0.5805888175964355,both_correct
746,746,5.735386848449707,746,True,5.777891159057617,746,True,0.042504310607910156,5.7595624923706055,5.742202281951904,5.708116054534912,5.736626942952474,0.001240094502766631,5.86602783203125,746,True,0.13064098358154297,0,5.936328411102295,746,True,0.2009415626525879,0.07030057907104492,both_correct
747,747,-2.1758694648742676,439,False,-2.3030271530151367,439,False,-0.12715768814086914,-2.1165943145751953,-2.03659725189209,-2.0375118255615234,-2.063567797342936,0.11230166753133153,-1.7397174835205078,439,False,0.43615198135375977,3,-1.18424654006958,439,False,0.9916229248046875,0.5554709434509277,both_incorrect
748,748,-0.0841069221496582,636,False,-0.06126117706298828,636,False,0.022845745086669922,-0.15900802612304688,-0.15641498565673828,-0.10892581939697266,-0.1414496103922526,-0.05734268824259439,-0.038068294525146484,636,False,0.04603862762451172,6,0.2121729850769043,748,True,0.2962799072265625,0.2502412796020508,tokenwise_only
749,749,5.494921684265137,749,True,5.512822151184082,749,True,0.017900466918945312,5.478830337524414,5.459972381591797,5.450261116027832,5.463021278381348,-0.03190040588378906,5.512822151184082,749,True,0.017900466918945312,7,5.6718950271606445,749,True,0.1769733428955078,0.1590728759765625,both_correct
750,750,1.1514320373535156,750,True,1.2582473754882812,750,True,0.10681533813476562,1.1716346740722656,1.1978940963745117,1.157130241394043,1.1755530039469402,0.024120966593424553,1.2582473754882812,750,True,0.10681533813476562,7,1.417004108428955,750,True,0.26557207107543945,0.15875673294067383,both_correct
751,751,3.641303062438965,751,True,3.670118808746338,751,True,0.028815746307373047,3.6005072593688965,3.673584461212158,3.6349539756774902,3.636348565419515,-0.004954497019449722,3.6996049880981445,751,True,0.05830192565917969,0,3.952396869659424,751,True,0.311093807220459,0.2527918815612793,both_correct
752,752,2.0353569984436035,752,True,2.049999713897705,752,True,0.014642715454101562,2.0547428131103516,2.0142788887023926,2.0276947021484375,2.032238801320394,-0.0031181971232094874,2.076892375946045,752,True,0.041535377502441406,2,2.212210178375244,752,True,0.17685317993164062,0.13531780242919922,both_correct
753,753,2.82122802734375,753,True,2.875641345977783,753,True,0.0544133186340332,2.8440747261047363,2.817338466644287,2.7468667030334473,2.8027599652608237,-0.018468062082926284,2.9946188926696777,753,True,0.17339086532592773,1,3.1937246322631836,753,True,0.3724966049194336,0.19910573959350586,both_correct
754,754,-1.711348056793213,848,False,-1.7310175895690918,848,False,-0.019669532775878906,-1.7090215682983398,-1.6900572776794434,-1.740530014038086,-1.713202953338623,-0.0018548965454101562,-1.6786484718322754,848,False,0.0326995849609375,3,-1.5437731742858887,848,False,0.16757488250732422,0.13487529754638672,both_incorrect
755,755,4.506126403808594,755,True,4.470635890960693,755,True,-0.03549051284790039,4.508321762084961,4.523876667022705,4.5176496505737305,4.516616026560466,0.01048962275187204,4.626264572143555,755,True,0.12013816833496094,0,4.70408296585083,755,True,0.19795656204223633,0.07781839370727539,both_correct
756,756,-2.028409004211426,912,False,-1.882601261138916,912,False,0.14580774307250977,-2.044970989227295,-1.997053623199463,-2.0320401191711426,-2.024688243865967,0.0037207603454589844,-1.882601261138916,912,False,0.14580774307250977,7,-1.5137696266174316,912,False,0.5146393775939941,0.3688316345214844,both_incorrect
757,757,3.894369125366211,757,True,3.8910531997680664,757,True,-0.0033159255981445312,3.9031100273132324,3.9153432846069336,3.9132046699523926,3.910552660624186,0.016183535257975112,3.934694290161133,757,True,0.040325164794921875,3,4.058115005493164,757,True,0.16374588012695312,0.12342071533203125,both_correct
758,758,3.352053642272949,758,True,3.385417938232422,758,True,0.033364295959472656,3.3888778686523438,3.346379280090332,3.3552470207214355,3.3635013898213706,0.011447747548421372,3.462862491607666,758,True,0.1108088493347168,6,3.6233067512512207,758,True,0.2712531089782715,0.1604442596435547,both_correct
759,759,4.605076313018799,759,True,4.609094619750977,759,True,0.004018306732177734,4.606932163238525,4.615807056427002,4.623038291931152,4.615259170532227,0.010182857513427734,4.624308109283447,759,True,0.019231796264648438,5,4.720698833465576,759,True,0.11562252044677734,0.0963907241821289,both_correct
760,760,4.669743537902832,760,True,4.648690700531006,760,True,-0.021052837371826172,4.711296081542969,4.703703880310059,4.708418846130371,4.7078062693278,0.038062731424967744,4.800808906555176,760,True,0.13106536865234375,1,5.024663925170898,760,True,0.3549203872680664,0.22385501861572266,both_correct
761,761,4.534026622772217,761,True,4.595601558685303,761,True,0.06157493591308594,4.526762962341309,4.541738986968994,4.56842565536499,4.545642534891765,0.011615912119547822,4.584223747253418,761,True,0.05019712448120117,4,4.931382179260254,761,True,0.3973555564880371,0.34715843200683594,both_correct
762,762,-4.104569435119629,415,False,-4.116048812866211,415,False,-0.011479377746582031,-4.1065874099731445,-4.122614860534668,-4.119717121124268,-4.11630646387736,-0.011737028757731416,-3.9966318607330322,415,False,0.10793757438659668,2,-3.7426869869232178,415,False,0.36188244819641113,0.25394487380981445,both_incorrect
763,763,-0.4545116424560547,413,False,-0.5026726722717285,413,False,-0.04816102981567383,-0.4716153144836426,-0.4445228576660156,-0.4336695671081543,-0.4499359130859375,0.0045757293701171875,-0.3983926773071289,413,False,0.05611896514892578,6,-0.23295307159423828,413,False,0.2215585708618164,0.16543960571289062,both_incorrect
764,764,2.7198195457458496,764,True,2.672591209411621,764,True,-0.047228336334228516,2.728503704071045,2.7390122413635254,2.7535147666931152,2.7403435707092285,0.020524024963378906,2.8326544761657715,764,True,0.11283493041992188,1,2.897408962249756,764,True,0.17758941650390625,0.06475448608398438,both_correct
765,765,1.5994043350219727,765,True,1.6485071182250977,765,True,0.049102783203125,1.594907283782959,1.6170783042907715,1.6474394798278809,1.6198083559672039,0.020404020945231194,1.6877694129943848,765,True,0.08836507797241211,1,2.226553440093994,765,True,0.6271491050720215,0.5387840270996094,both_correct
766,766,6.138198375701904,766,True,6.135908126831055,766,True,-0.0022902488708496094,6.109808921813965,6.140758991241455,6.093167781829834,6.114578564961751,-0.02361981074015329,6.251680374145508,766,True,0.11348199844360352,5,6.482221603393555,766,True,0.3440232276916504,0.23054122924804688,both_correct
767,767,3.515899181365967,767,True,3.4438281059265137,767,True,-0.07207107543945312,3.4692835807800293,3.4805240631103516,3.4543213844299316,3.468043009440104,-0.04785617192586278,3.6653990745544434,767,True,0.14949989318847656,0,3.804926872253418,767,True,0.28902769088745117,0.1395277976989746,both_correct
768,768,2.9508261680603027,768,True,2.9723238945007324,768,True,0.021497726440429688,3.001314640045166,2.927924633026123,3.0101065635681152,2.9797819455464682,0.028955777486165513,3.136411190032959,768,True,0.18558502197265625,1,3.3608145713806152,768,True,0.4099884033203125,0.22440338134765625,both_correct
769,769,0.8032808303833008,769,True,0.8713016510009766,769,True,0.06802082061767578,0.8336262702941895,0.8038887977600098,0.8198232650756836,0.8191127777099609,0.015831947326660156,0.8692078590393066,769,True,0.06592702865600586,1,1.2526235580444336,769,True,0.4493427276611328,0.38341569900512695,both_correct
770,770,6.023186683654785,770,True,6.0625810623168945,770,True,0.039394378662109375,6.021936416625977,6.037968635559082,6.030712127685547,6.030205726623535,0.00701904296875,6.0625810623168945,770,True,0.039394378662109375,7,6.140623092651367,770,True,0.11743640899658203,0.07804203033447266,both_correct
771,771,-6.69691276550293,844,False,-6.6898345947265625,844,False,0.0070781707763671875,-6.6641645431518555,-6.667242050170898,-6.719449996948242,-6.683618863423665,0.013293902079264619,-6.607020378112793,844,False,0.08989238739013672,0,-6.368951797485352,844,False,0.3279609680175781,0.2380685806274414,both_incorrect
772,772,4.90968132019043,772,True,4.8916015625,772,True,-0.018079757690429688,4.897372722625732,4.8837175369262695,4.909196376800537,4.896762212117513,-0.012919108072916963,5.001298904418945,772,True,0.09161758422851562,3,5.128795623779297,772,True,0.2191143035888672,0.12749671936035156,both_correct
773,773,3.953005313873291,773,True,3.911874294281006,773,True,-0.041131019592285156,3.9411559104919434,3.9828457832336426,3.9432854652404785,3.9557623863220215,0.0027570724487304688,3.9978346824645996,773,True,0.044829368591308594,5,4.310069561004639,773,True,0.35706424713134766,0.31223487854003906,both_correct
774,774,3.955352306365967,774,True,3.924103260040283,774,True,-0.031249046325683594,3.9129137992858887,4.002401351928711,3.967794895172119,3.9610366821289062,0.005684375762939453,4.026657581329346,774,True,0.0713052749633789,5,4.2517571449279785,774,True,0.2964048385620117,0.2250995635986328,both_correct
775,775,4.8393096923828125,775,True,4.937398910522461,775,True,0.09808921813964844,4.754710674285889,4.795576095581055,4.798665523529053,4.782984097798665,-0.05632559458414743,4.949682235717773,775,True,0.11037254333496094,2,5.145157814025879,775,True,0.3058481216430664,0.19547557830810547,both_correct
776,776,4.41478157043457,776,True,4.383602142333984,776,True,-0.031179428100585938,4.398524761199951,4.423598289489746,4.416097164154053,4.412740071614583,-0.0020414988199872752,4.4816670417785645,776,True,0.06688547134399414,0,4.606359958648682,776,True,0.19157838821411133,0.12469291687011719,both_correct
777,777,5.347491264343262,777,True,5.253947734832764,777,True,-0.09354352951049805,5.30788516998291,5.342252731323242,5.335295677185059,5.32847785949707,-0.019013404846191406,5.5003509521484375,777,True,0.15285968780517578,0,5.619976997375488,777,True,0.27248573303222656,0.11962604522705078,both_correct
778,778,3.468477249145508,778,True,3.4924254417419434,778,True,0.023948192596435547,3.4828877449035645,3.4318995475769043,3.477635383605957,3.4641408920288086,-0.004336357116699219,3.5777764320373535,778,True,0.1092991828918457,6,3.7746076583862305,778,True,0.30613040924072266,0.19683122634887695,both_correct
779,779,-1.6696782112121582,874,False,-1.571237564086914,874,False,0.09844064712524414,-1.6788220405578613,-1.7512331008911133,-1.7468323707580566,-1.725629170735677,-0.055950959523518806,-1.571237564086914,874,False,0.09844064712524414,7,-1.1738662719726562,874,False,0.49581193923950195,0.3973712921142578,both_incorrect
780,780,3.229949951171875,780,True,3.242554187774658,780,True,0.012604236602783203,3.241952419281006,3.259512424468994,3.241048812866211,3.247504552205404,0.017554601033528794,3.283627986907959,780,True,0.053678035736083984,1,3.3590025901794434,780,True,0.12905263900756836,0.07537460327148438,both_correct
781,781,-0.31215763092041016,981,False,-0.3277769088745117,981,False,-0.015619277954101562,-0.3121004104614258,-0.3090934753417969,-0.30248355865478516,-0.3078924814860026,0.004265149434407534,-0.17848777770996094,981,False,0.13366985321044922,0,0.017228126525878906,781,True,0.32938575744628906,0.19571590423583984,tokenwise_only
782,782,0.7274608612060547,782,True,0.7613558769226074,782,True,0.033895015716552734,0.7203035354614258,0.7280669212341309,0.7092800140380859,0.7192168235778809,-0.008244037628173828,0.7613558769226074,782,True,0.033895015716552734,7,0.8486838340759277,782,True,0.12122297286987305,0.08732795715332031,both_correct
783,783,4.556954860687256,783,True,4.598071575164795,783,True,0.04111671447753906,4.5744500160217285,4.580962181091309,4.549187660217285,4.5681999524434405,0.0112450917561846,4.598071575164795,783,True,0.04111671447753906,7,4.684072971343994,783,True,0.12711811065673828,0.08600139617919922,both_correct
784,784,1.6684837341308594,784,True,1.7687530517578125,784,True,0.10026931762695312,1.6784653663635254,1.6408367156982422,1.6740922927856445,1.664464791615804,-0.0040189425150554126,1.7687530517578125,784,True,0.10026931762695312,7,2.049618721008301,784,True,0.3811349868774414,0.2808656692504883,both_correct
785,785,3.2596497535705566,785,True,3.2442474365234375,785,True,-0.01540231704711914,3.337005138397217,3.287799835205078,3.2839012145996094,3.3029020627339682,0.043252309163411606,3.411426544189453,785,True,0.15177679061889648,0,3.6210851669311523,785,True,0.3614354133605957,0.20965862274169922,both_correct
786,786,-4.098410606384277,860,False,-4.129082679748535,860,False,-0.030672073364257812,-4.023223876953125,-4.035447120666504,-4.122308254241943,-4.0603264172871905,0.038084189097086885,-3.9632627964019775,860,False,0.1351478099822998,4,-3.546389579772949,860,False,0.5520210266113281,0.4168732166290283,both_incorrect
787,787,-2.08853816986084,577,False,-1.9935498237609863,577,False,0.09498834609985352,-2.054117202758789,-2.110957622528076,-2.1332783699035645,-2.0994510650634766,-0.010912895202636719,-2.0307393074035645,577,False,0.05779886245727539,3,-1.484123706817627,577,False,0.6044144630432129,0.5466156005859375,both_incorrect
788,788,-0.599879264831543,762,False,-0.40878772735595703,762,False,0.19109153747558594,-0.6033029556274414,-0.45937538146972656,-0.5358314514160156,-0.5328365961710612,0.06704266866048181,-0.40027713775634766,762,False,0.1996021270751953,3,0.24889659881591797,788,True,0.8487758636474609,0.6491737365722656,tokenwise_only
789,789,-0.1556568145751953,905,False,-0.3872699737548828,765,False,-0.2316131591796875,-0.16088294982910156,-0.15718889236450195,-0.1309976577758789,-0.1496898333231608,0.0059669812520345145,0.09918212890625,789,True,0.2548389434814453,2,0.1556696891784668,789,True,0.3113265037536621,0.0564875602722168,both_correct
790,790,-2.1808462142944336,195,False,-2.1528501510620117,195,False,0.027996063232421875,-2.1266961097717285,-2.1515331268310547,-2.135380268096924,-2.1378698348999023,0.04297637939453125,-1.9912757873535156,195,False,0.18957042694091797,3,-1.5812420845031738,195,False,0.5996041297912598,0.4100337028503418,both_incorrect
791,791,3.917928695678711,791,True,3.9366631507873535,791,True,0.018734455108642578,3.927241325378418,3.923741340637207,3.92930269241333,3.926761786142985,0.00883309046427394,3.954739570617676,791,True,0.036810874938964844,6,4.018611907958984,791,True,0.10068321228027344,0.0638723373413086,both_correct
792,792,1.8255996704101562,792,True,1.801527976989746,792,True,-0.024071693420410156,1.8904657363891602,1.8025321960449219,1.8257942199707031,1.8395973841349285,0.01399771372477221,1.8898601531982422,792,True,0.06426048278808594,4,2.0645318031311035,792,True,0.23893213272094727,0.17467164993286133,both_correct
793,793,1.05845308303833,793,True,1.0529508590698242,793,True,-0.005502223968505859,1.095728874206543,1.0486087799072266,1.194413185119629,1.1129169464111328,0.054463863372802734,1.196150302886963,793,True,0.1376972198486328,3,1.6233572959899902,793,True,0.5649042129516602,0.42720699310302734,both_correct
794,794,0.1470656394958496,794,True,0.2389516830444336,794,True,0.09188604354858398,0.18295860290527344,0.17170286178588867,0.1453862190246582,0.16668256123860678,0.01961692174275717,0.2389516830444336,794,True,0.09188604354858398,7,0.42783498764038086,794,True,0.28076934814453125,0.18888330459594727,both_correct
795,795,2.807525157928467,795,True,2.6200056076049805,795,True,-0.18751955032348633,2.858138084411621,2.7794346809387207,2.81076717376709,2.816113313039144,0.008588155110677231,2.8782639503479004,795,True,0.0707387924194336,0,3.214931011199951,795,True,0.4074058532714844,0.3366670608520508,both_correct
796,796,1.7984819412231445,796,True,1.7194204330444336,796,True,-0.07906150817871094,1.781611442565918,1.830519199371338,1.8117084503173828,1.8079463640848796,0.0094644228617351,1.8567886352539062,796,True,0.05830669403076172,5,2.083606243133545,796,True,0.2851243019104004,0.22681760787963867,both_correct
797,797,6.046185493469238,797,True,6.0359978675842285,797,True,-0.010187625885009766,6.0617265701293945,6.111290454864502,6.065253257751465,6.079423427581787,0.03323793411254883,6.194197654724121,797,True,0.1480121612548828,1,6.4112935066223145,797,True,0.36510801315307617,0.21709585189819336,both_correct
798,798,6.264946937561035,798,True,6.2973432540893555,798,True,0.03239631652832031,6.261321067810059,6.237039566040039,6.238745212554932,6.245701948801677,-0.019244988759358428,6.2973432540893555,798,True,0.03239631652832031,7,6.398032188415527,798,True,0.1330852508544922,0.10068893432617188,both_correct
799,799,1.4293837547302246,799,True,1.3855557441711426,799,True,-0.04382801055908203,1.4744658470153809,1.489760398864746,1.4924187660217285,1.4855483373006184,0.056164582570393806,1.683518409729004,799,True,0.2541346549987793,3,2.0733299255371094,799,True,0.6439461708068848,0.38981151580810547,both_correct
800,800,6.833310604095459,800,True,6.816290855407715,800,True,-0.01701974868774414,6.843860149383545,6.821051120758057,6.8224687576293945,6.829126675923665,-0.004183928171793916,6.888552665710449,800,True,0.055242061614990234,1,7.012653350830078,800,True,0.17934274673461914,0.1241006851196289,both_correct
801,801,-2.398409366607666,445,False,-2.443007469177246,445,False,-0.04459810256958008,-2.4294919967651367,-2.3208093643188477,-2.3323616981506348,-2.3608876864115396,0.03752168019612645,-2.2066469192504883,445,False,0.19176244735717773,3,-1.8012728691101074,445,False,0.5971364974975586,0.40537405014038086,both_incorrect
802,802,4.741915225982666,802,True,4.823891639709473,802,True,0.08197641372680664,4.765121936798096,4.768749237060547,4.756953716278076,4.763608296712239,0.02169307072957327,4.821420192718506,802,True,0.07950496673583984,1,4.949202537536621,802,True,0.20728731155395508,0.12778234481811523,both_correct
803,803,-5.302031517028809,705,False,-5.217991828918457,705,False,0.08403968811035156,-5.3314008712768555,-5.284858703613281,-5.275213241577148,-5.297157605489095,0.004873911539713838,-5.20009708404541,705,False,0.10193443298339844,5,-4.840926170349121,705,False,0.4611053466796875,0.35917091369628906,both_incorrect
804,804,-3.371382474899292,641,False,-3.550175189971924,641,False,-0.17879271507263184,-3.3732869625091553,-3.3670458793640137,-3.3608169555664062,-3.3670499324798584,0.004332542419433594,-3.2431554794311523,641,False,0.12822699546813965,5,-2.982787847518921,641,False,0.3885946273803711,0.26036763191223145,both_incorrect
805,805,2.8625054359436035,805,True,2.80074405670166,805,True,-0.06176137924194336,2.8863182067871094,2.8810205459594727,2.9171314239501953,2.8948233922322593,0.03231795628865575,3.016733169555664,805,True,0.15422773361206055,2,3.2406697273254395,805,True,0.37816429138183594,0.2239365577697754,both_correct
806,806,-2.8479537963867188,496,False,-2.982227325439453,496,False,-0.13427352905273438,-2.816094398498535,-2.839700698852539,-2.8250017166137695,-2.8269322713216147,0.02102152506510402,-2.711097240447998,496,False,0.1368565559387207,3,-2.559506416320801,496,False,0.28844738006591797,0.15159082412719727,both_incorrect
807,807,6.14658260345459,807,True,6.233780860900879,807,True,0.08719825744628906,6.172173023223877,6.179531097412109,6.14694881439209,6.166217645009358,0.019635041554768584,6.233780860900879,807,True,0.08719825744628906,7,6.351924896240234,807,True,0.20534229278564453,0.11814403533935547,both_correct
808,808,3.200486660003662,808,True,3.3210396766662598,808,True,0.12055301666259766,3.236374855041504,3.194491386413574,3.1895833015441895,3.2068165143330893,0.006329854329427231,3.3210396766662598,808,True,0.12055301666259766,7,3.4081296920776367,808,True,0.2076430320739746,0.08709001541137695,both_correct
809,809,-3.426063060760498,666,False,-3.326315402984619,666,False,0.0997476577758789,-3.4422974586486816,-3.4132909774780273,-3.462073802947998,-3.439220746358236,-0.013157685597737778,-3.326315402984619,666,False,0.0997476577758789,7,-3.0552144050598145,666,False,0.3708486557006836,0.2711009979248047,both_incorrect
810,810,0.31216001510620117,810,True,0.3258342742919922,810,True,0.013674259185791016,0.3224754333496094,0.3149423599243164,0.32600927352905273,0.32114235560099286,0.008982340494791685,0.34592580795288086,810,True,0.03376579284667969,4,0.44860219955444336,810,True,0.1364421844482422,0.1026763916015625,both_correct
811,811,3.7969093322753906,811,True,3.9589781761169434,811,True,0.16206884384155273,3.7504935264587402,3.7122182846069336,3.7682437896728516,3.743651866912842,-0.05325746536254883,3.870246410369873,811,True,0.07333707809448242,1,4.11461067199707,811,True,0.3177013397216797,0.24436426162719727,both_correct
812,812,2.7676730155944824,812,True,2.573207378387451,812,True,-0.19446563720703125,2.7933483123779297,2.8268465995788574,2.8146181106567383,2.8116043408711753,0.043931325276692856,2.8802952766418457,812,True,0.11262226104736328,6,3.057157039642334,812,True,0.28948402404785156,0.17686176300048828,both_correct
813,813,-3.2394602298736572,710,False,-3.2933104038238525,710,False,-0.05385017395019531,-3.3171045780181885,-3.2888267040252686,-3.3405745029449463,-3.3155019283294678,-0.07604169845581055,-3.1543262004852295,710,False,0.08513402938842773,5,-2.4327375888824463,710,False,0.8067226409912109,0.7215886116027832,both_incorrect
814,814,3.5715270042419434,814,True,3.4934654235839844,814,True,-0.07806158065795898,3.5732874870300293,3.598151683807373,3.5960307121276855,3.5891566276550293,0.017629623413085938,3.6452393531799316,814,True,0.07371234893798828,2,3.8262972831726074,814,True,0.25477027893066406,0.18105792999267578,both_correct
815,815,-1.544240951538086,73,False,-1.4980754852294922,73,False,0.04616546630859375,-1.5010738372802734,-1.539635181427002,-1.5455741882324219,-1.5287610689798992,0.015479882558186775,-1.4260215759277344,73,False,0.11821937561035156,2,-1.3215851783752441,73,False,0.2226557731628418,0.10443639755249023,both_incorrect
816,816,5.414220809936523,816,True,5.420914649963379,816,True,0.006693840026855469,5.417835235595703,5.4408392906188965,5.436040878295898,5.431571801503499,0.017350991566975615,5.448411464691162,816,True,0.03419065475463867,4,5.608424663543701,816,True,0.19420385360717773,0.16001319885253906,both_correct
817,817,0.8402915000915527,817,True,0.8285880088806152,817,True,-0.0117034912109375,0.8154902458190918,0.8562779426574707,0.8126139640808105,0.828127384185791,-0.012164115905761719,0.8660321235656738,817,True,0.025740623474121094,5,1.0406742095947266,817,True,0.20038270950317383,0.17464208602905273,both_correct
818,818,-1.5226035118103027,846,False,-1.524219036102295,846,False,-0.0016155242919921875,-1.48382568359375,-1.500983715057373,-1.4834322929382324,-1.489413897196452,0.03318961461385084,-1.43729829788208,846,False,0.08530521392822266,1,-1.2621574401855469,846,False,0.26044607162475586,0.1751408576965332,both_incorrect
819,819,1.0746936798095703,819,True,1.0451178550720215,819,True,-0.029575824737548828,1.1068682670593262,1.0670766830444336,1.0734820365905762,1.0824756622314453,0.007781982421875,1.1078720092773438,819,True,0.03317832946777344,5,1.3452463150024414,819,True,0.2705526351928711,0.23737430572509766,both_correct
820,820,6.763237476348877,820,True,6.7606635093688965,820,True,-0.0025739669799804688,6.775934219360352,6.757601737976074,6.770733833312988,6.768089930216472,0.004852453867594697,6.78228759765625,820,True,0.019050121307373047,6,6.880537509918213,820,True,0.11730003356933594,0.09824991226196289,both_correct
821,821,-1.4598193168640137,718,False,-1.4069652557373047,718,False,0.052854061126708984,-1.4835596084594727,-1.4565200805664062,-1.428013801574707,-1.4560311635335286,0.0037881533304851,-1.3977317810058594,718,False,0.0620875358581543,0,-1.2265558242797852,718,False,0.23326349258422852,0.17117595672607422,both_incorrect
822,822,6.1927595138549805,822,True,6.265148639678955,822,True,0.07238912582397461,6.17929744720459,6.160654067993164,6.186028957366943,6.175326824188232,-0.017432689666748047,6.265148639678955,822,True,0.07238912582397461,7,6.335488319396973,822,True,0.1427288055419922,0.07033967971801758,both_correct
823,823,-2.511300802230835,456,False,-2.3893704414367676,456,False,0.12193036079406738,-2.5586392879486084,-2.6060941219329834,-2.58394193649292,-2.5828917821248374,-0.07159097989400243,-2.3893704414367676,456,False,0.12193036079406738,7,-1.8449592590332031,456,False,0.6663415431976318,0.5444111824035645,both_incorrect
824,824,4.661441326141357,824,True,4.691917896270752,824,True,0.03047657012939453,4.671537399291992,4.6585493087768555,4.6565046310424805,4.662197113037109,0.0007557868957519531,4.717832088470459,824,True,0.05639076232910156,4,4.859274864196777,824,True,0.19783353805541992,0.14144277572631836,both_correct
825,825,2.9469380378723145,825,True,2.9529008865356445,825,True,0.005962848663330078,2.9638261795043945,3.011392116546631,3.005281448364258,2.9934999148050943,0.0465618769327798,3.0685648918151855,825,True,0.1216268539428711,1,3.2670512199401855,825,True,0.3201131820678711,0.198486328125,both_correct
826,826,-2.592550277709961,590,False,-2.5512313842773438,590,False,0.04131889343261719,-2.578094959259033,-2.591648578643799,-2.6189823150634766,-2.5962419509887695,-0.0036916732788085938,-2.243973731994629,590,False,0.34857654571533203,0,-2.030229091644287,590,False,0.5623211860656738,0.2137446403503418,both_incorrect
827,827,1.7653450965881348,827,True,1.6533803939819336,827,True,-0.11196470260620117,1.763206958770752,1.786513328552246,1.747480869293213,1.7657337188720703,0.0003886222839355469,1.825915813446045,827,True,0.060570716857910156,0,2.3064236640930176,827,True,0.5410785675048828,0.48050785064697266,both_correct
828,828,5.785940647125244,828,True,5.788130760192871,828,True,0.002190113067626953,5.821661949157715,5.793712615966797,5.813523292541504,5.809632619222005,0.02369197209676077,5.901828765869141,828,True,0.11588811874389648,0,6.059660911560059,828,True,0.27372026443481445,0.15783214569091797,both_correct
829,829,4.160681247711182,829,True,4.1399407386779785,829,True,-0.020740509033203125,4.152385711669922,4.165838718414307,4.151230335235596,4.156484921773274,-0.004196325937907197,4.2180399894714355,829,True,0.057358741760253906,2,4.3591413497924805,829,True,0.19846010208129883,0.14110136032104492,both_correct
830,830,1.3061437606811523,830,True,1.3322057723999023,830,True,0.02606201171875,1.3243350982666016,1.3028888702392578,1.3230314254760742,1.3167517979939778,0.010608037312825447,1.3807716369628906,830,True,0.07462787628173828,6,1.834878921508789,830,True,0.5287351608276367,0.45410728454589844,both_correct
831,831,4.385195732116699,831,True,4.330320835113525,831,True,-0.05487489700317383,4.376584053039551,4.38383150100708,4.362383842468262,4.374266465504964,-0.010929266611735322,4.397956371307373,831,True,0.012760639190673828,5,4.598718166351318,831,True,0.21352243423461914,0.2007617950439453,both_correct
832,832,6.720987319946289,832,True,6.756454944610596,832,True,0.03546762466430664,6.741647720336914,6.713571548461914,6.744678497314453,6.733299255371094,0.012311935424804688,6.756454944610596,832,True,0.03546762466430664,7,6.858135223388672,832,True,0.1371479034423828,0.10168027877807617,both_correct
833,833,2.7739853858947754,833,True,2.6455278396606445,833,True,-0.12845754623413086,2.7849817276000977,2.7779669761657715,2.746110439300537,2.7696863810221353,-0.004299004872640122,2.9341673851013184,833,True,0.16018199920654297,4,3.1650214195251465,833,True,0.3910360336303711,0.23085403442382812,both_correct
834,834,-3.730910301208496,743,False,-3.8486266136169434,743,False,-0.11771631240844727,-3.751532554626465,-3.7815675735473633,-3.741309642791748,-3.758136590321859,-0.027226289113362778,-3.6481451988220215,743,False,0.08276510238647461,0,-3.336202621459961,743,False,0.39470767974853516,0.31194257736206055,both_incorrect
835,835,6.624354362487793,835,True,6.588994026184082,835,True,-0.03536033630371094,6.622296333312988,6.634979724884033,6.620207786560059,6.62582794825236,0.0014735857645673534,6.656513214111328,835,True,0.032158851623535156,1,6.747269630432129,835,True,0.12291526794433594,0.09075641632080078,both_correct
836,836,-4.045594692230225,629,False,-4.146872520446777,629,False,-0.10127782821655273,-3.9545745849609375,-4.046010494232178,-4.037230014801025,-4.01260503133138,0.0329896608988447,-3.8253746032714844,629,False,0.22022008895874023,2,-3.6118030548095703,629,False,0.4337916374206543,0.21357154846191406,both_incorrect
837,837,-2.6994376182556152,543,False,-2.7667059898376465,543,False,-0.06726837158203125,-2.720264434814453,-2.7084603309631348,-2.7847557067871094,-2.7378268241882324,-0.03838920593261719,-2.5574703216552734,543,False,0.1419672966003418,2,-2.3319692611694336,731,False,0.36746835708618164,0.22550106048583984,both_incorrect
838,838,1.9992733001708984,838,True,1.9544167518615723,838,True,-0.04485654830932617,1.9965558052062988,1.9190144538879395,1.9791045188903809,1.9648915926615398,-0.03438170750935865,2.0790205001831055,838,True,0.07974720001220703,3,2.4770517349243164,838,True,0.47777843475341797,0.39803123474121094,both_correct
839,839,0.5967254638671875,839,True,0.5277523994445801,839,True,-0.06897306442260742,0.6300034523010254,0.6167058944702148,0.6530375480651855,0.6332489649454752,0.03652350107828772,0.7006940841674805,839,True,0.10396862030029297,3,0.9561314582824707,839,True,0.3594059944152832,0.25543737411499023,both_correct
840,840,3.4913382530212402,840,True,3.4402170181274414,840,True,-0.05112123489379883,3.4724321365356445,3.478579044342041,3.479828357696533,3.4769465128580728,-0.014391740163167466,3.576681137084961,840,True,0.0853428840637207,3,3.7000880241394043,840,True,0.20874977111816406,0.12340688705444336,both_correct
841,841,2.696575164794922,841,True,2.637784004211426,841,True,-0.058791160583496094,2.729186534881592,2.679678440093994,2.7165379524230957,2.708467642466227,0.01189247767130519,2.83475923538208,841,True,0.1381840705871582,0,3.0785903930664062,841,True,0.3820152282714844,0.24383115768432617,both_correct
842,842,1.0855903625488281,842,True,1.025153636932373,842,True,-0.06043672561645508,1.0400910377502441,1.1227822303771973,1.0345206260681152,1.0657979647318523,-0.019792397816975837,1.1695075035095215,842,True,0.08391714096069336,1,1.6037468910217285,842,True,0.5181565284729004,0.43423938751220703,both_correct
843,843,1.5840134620666504,843,True,1.6723270416259766,843,True,0.08831357955932617,1.5793848037719727,1.5894513130187988,1.5891022682189941,1.5859794616699219,0.0019659996032714844,1.6723270416259766,843,True,0.08831357955932617,7,1.9057936668395996,843,True,0.3217802047729492,0.23346662521362305,both_correct
844,844,0.1272282600402832,844,True,-0.11168432235717773,705,False,-0.23891258239746094,0.13376188278198242,0.13980531692504883,0.06901216506958008,0.11419312159220378,-0.013035138448079422,0.2631855010986328,844,True,0.1359572410583496,6,0.6255145072937012,844,True,0.49828624725341797,0.36232900619506836,both_correct
845,845,1.4754548072814941,845,True,1.4532470703125,845,True,-0.02220773696899414,1.535841464996338,1.4967050552368164,1.5757827758789062,1.5361097653706868,0.060654958089192634,1.6058740615844727,845,True,0.13041925430297852,3,1.9535894393920898,845,True,0.4781346321105957,0.3477153778076172,both_correct
846,846,1.062800407409668,846,True,1.1425786018371582,846,True,0.07977819442749023,1.0557804107666016,1.0541791915893555,1.0201568603515625,1.0433721542358398,-0.019428253173828125,1.1425786018371582,846,True,0.07977819442749023,7,1.276613712310791,846,True,0.21381330490112305,0.1340351104736328,both_correct
847,847,-2.152352809906006,609,False,-2.216799259185791,609,False,-0.06444644927978516,-2.1741814613342285,-2.187565326690674,-2.123145580291748,-2.1616307894388833,-0.009277979532877456,-2.0855531692504883,609,False,0.06679964065551758,6,-1.6658844947814941,609,False,0.4864683151245117,0.41966867446899414,both_incorrect
848,848,1.6802692413330078,848,True,1.6636791229248047,848,True,-0.016590118408203125,1.6724882125854492,1.6637296676635742,1.6699676513671875,1.668728510538737,-0.01154073079427076,1.7030830383300781,848,True,0.022813796997070312,2,1.7826786041259766,848,True,0.10240936279296875,0.07959556579589844,both_correct
849,849,-1.5974745750427246,505,False,-1.6189212799072266,505,False,-0.021446704864501953,-1.5943708419799805,-1.591756820678711,-1.5718932151794434,-1.5860069592793782,0.011467615763346428,-1.5238189697265625,505,False,0.07365560531616211,2,-1.3004002571105957,505,False,0.2970743179321289,0.2234187126159668,both_incorrect
850,850,1.1353673934936523,850,True,1.0965571403503418,850,True,-0.03881025314331055,1.1507997512817383,1.1138029098510742,1.166964054107666,1.1438555717468262,0.008488178253173828,1.2463951110839844,850,True,0.11102771759033203,0,1.4544706344604492,850,True,0.3191032409667969,0.20807552337646484,both_correct
851,851,1.8250226974487305,851,True,1.9135246276855469,851,True,0.0885019302368164,1.847236156463623,1.8312005996704102,1.8447551727294922,1.8410639762878418,0.016041278839111328,1.9592885971069336,851,True,0.13426589965820312,2,2.133951187133789,851,True,0.3089284896850586,0.17466259002685547,both_correct
852,852,4.596033096313477,852,True,4.621697425842285,852,True,0.025664329528808594,4.592769145965576,4.5923991203308105,4.590344429016113,4.591837565104167,-0.0041955312093096,4.640659809112549,852,True,0.044626712799072266,5,4.744336128234863,852,True,0.14830303192138672,0.10367631912231445,both_correct
853,853,4.887834072113037,853,True,4.969709396362305,853,True,0.08187532424926758,4.913657188415527,4.9467926025390625,4.9029011726379395,4.921116987864177,0.03328291575113962,5.062496185302734,853,True,0.17466211318969727,1,5.231332778930664,853,True,0.34349870681762695,0.1688365936279297,both_correct
854,854,4.959810256958008,854,True,5.036206245422363,854,True,0.07639598846435547,4.979111671447754,4.964324951171875,4.966487884521484,4.969974835713704,0.010164578755696319,5.036206245422363,854,True,0.07639598846435547,7,5.092642307281494,854,True,0.13283205032348633,0.05643606185913086,both_correct
855,855,-2.877026081085205,885,False,-2.8442893028259277,885,False,0.032736778259277344,-2.8695645332336426,-2.812650680541992,-2.95438814163208,-2.878867785135905,-0.0018417040506997218,-2.531747817993164,885,False,0.345278263092041,1,-2.2849717140197754,885,False,0.5920543670654297,0.24677610397338867,both_incorrect
856,856,1.925065040588379,856,True,1.878614902496338,856,True,-0.046450138092041016,1.9098916053771973,1.9702816009521484,1.9538230895996094,1.9446654319763184,0.019600391387939453,2.033651351928711,856,True,0.10858631134033203,4,2.219961166381836,856,True,0.29489612579345703,0.186309814453125,both_correct
857,857,5.284022808074951,857,True,5.306671619415283,857,True,0.02264881134033203,5.2804975509643555,5.2582502365112305,5.3092122077941895,5.282653331756592,-0.001369476318359375,5.327613353729248,857,True,0.043590545654296875,3,5.537884712219238,857,True,0.2538619041442871,0.21027135848999023,both_correct
858,858,-0.20350360870361328,663,False,-0.16195201873779297,663,False,0.04155158996582031,-0.19826316833496094,-0.21077728271484375,-0.25639915466308594,-0.22181320190429688,-0.018309593200683594,-0.14956998825073242,663,False,0.05393362045288086,2,0.03634071350097656,858,True,0.23984432220458984,0.18591070175170898,tokenwise_only
859,859,4.205042839050293,859,True,4.186959266662598,859,True,-0.018083572387695312,4.2259931564331055,4.192835330963135,4.208955764770508,4.209261417388916,0.004218578338623047,4.254316329956055,859,True,0.04927349090576172,3,4.48381233215332,859,True,0.27876949310302734,0.22949600219726562,both_correct
860,860,4.775955677032471,860,True,4.965933322906494,860,True,0.18997764587402344,4.751891613006592,4.773086071014404,4.773449897766113,4.76614252726237,-0.009813149770100615,4.965933322906494,860,True,0.18997764587402344,7,5.029914379119873,860,True,0.25395870208740234,0.0639810562133789,both_correct
861,861,2.661942958831787,861,True,2.638756275177002,861,True,-0.023186683654785156,2.6436266899108887,2.695610523223877,2.696465015411377,2.678567409515381,0.01662445068359375,2.764173984527588,861,True,0.10223102569580078,1,2.9144277572631836,861,True,0.2524847984313965,0.1502537727355957,both_correct
862,862,5.523224830627441,862,True,5.485356330871582,862,True,-0.037868499755859375,5.436638832092285,5.51951265335083,5.507711410522461,5.487954298655192,-0.03527053197224905,5.481387138366699,862,True,-0.04183769226074219,1,5.565613746643066,862,True,0.042388916015625,0.08422660827636719,both_correct
863,863,0.3962259292602539,863,True,0.3989877700805664,863,True,0.0027618408203125,0.36830806732177734,0.36038970947265625,0.3451046943664551,0.3579341570536296,-0.03829177220662433,0.4145164489746094,863,True,0.01829051971435547,3,0.5248584747314453,863,True,0.1286325454711914,0.11034202575683594,both_correct
864,864,0.733367919921875,864,True,0.6128463745117188,864,True,-0.12052154541015625,0.7111072540283203,0.6849517822265625,0.7613201141357422,0.7191263834635416,-0.01424153645833337,0.8718509674072266,864,True,0.13848304748535156,0,1.1882448196411133,864,True,0.4548768997192383,0.3163938522338867,both_correct
865,865,0.041121482849121094,865,True,-0.03880167007446289,860,False,-0.07992315292358398,0.06210660934448242,0.051084041595458984,0.07719182968139648,0.0634608268737793,0.022339344024658203,0.16548585891723633,865,True,0.12436437606811523,6,0.35811948776245117,865,True,0.3169980049133301,0.19263362884521484,both_correct
866,866,-0.020598411560058594,856,False,0.027078628540039062,866,True,0.047677040100097656,-0.011369705200195312,0.010574817657470703,0.011888504028320312,0.0036978721618652344,0.024296283721923828,0.07584857940673828,866,True,0.09644699096679688,1,0.2732682228088379,866,True,0.2938666343688965,0.1974196434020996,both_correct
867,867,6.004356861114502,867,True,6.111166000366211,867,True,0.10680913925170898,6.046844959259033,6.009349346160889,6.033200740814209,6.02979834874471,0.025441487630208037,6.111166000366211,867,True,0.10680913925170898,7,6.238428592681885,867,True,0.2340717315673828,0.12726259231567383,both_correct
868,868,0.7690773010253906,868,True,1.0284414291381836,868,True,0.25936412811279297,0.7566328048706055,0.668576717376709,0.739232063293457,0.7214805285135905,-0.04759677251180017,1.0284414291381836,868,True,0.25936412811279297,7,1.4547038078308105,868,True,0.6856265068054199,0.42626237869262695,both_correct
869,869,-2.721465587615967,775,False,-2.488132953643799,775,False,0.23333263397216797,-2.7315993309020996,-2.708662509918213,-2.6840567588806152,-2.708106199900309,0.0133593877156577,-2.488132953643799,775,False,0.23333263397216797,7,-1.962110996246338,775,False,0.7593545913696289,0.5260219573974609,both_incorrect
870,870,1.6798291206359863,870,True,1.7248196601867676,870,True,0.04499053955078125,1.7906384468078613,1.7294855117797852,1.7168421745300293,1.7456553777058919,0.06582625706990552,1.9454150199890137,870,True,0.26558589935302734,3,2.2410478591918945,870,True,0.5612187385559082,0.29563283920288086,both_correct
871,871,1.7331714630126953,871,True,1.7021379470825195,871,True,-0.03103351593017578,1.7197761535644531,1.7551345825195312,1.7259807586669922,1.7336304982503254,0.0004590352376301343,1.76157808303833,871,True,0.028406620025634766,6,1.9005484580993652,871,True,0.16737699508666992,0.13897037506103516,both_correct
872,872,4.401468753814697,872,True,4.375757217407227,872,True,-0.025711536407470703,4.4026641845703125,4.412032604217529,4.418715476989746,4.411137421925862,0.009668668111165069,4.428186416625977,872,True,0.026717662811279297,3,4.545905590057373,872,True,0.14443683624267578,0.11771917343139648,both_correct
873,873,6.335857391357422,873,True,6.330827236175537,873,True,-0.005030155181884766,6.317393779754639,6.325246810913086,6.324310302734375,6.322316964467366,-0.013540426890055635,6.355454444885254,873,True,0.01959705352783203,3,6.45500373840332,873,True,0.11914634704589844,0.0995492935180664,both_correct
874,874,2.6387581825256348,874,True,2.5856471061706543,874,True,-0.05311107635498047,2.618953227996826,2.5566954612731934,2.5982742309570312,2.5913076400756836,-0.04745054244995117,2.7084860801696777,874,True,0.06972789764404297,3,2.9396777153015137,874,True,0.3009195327758789,0.23119163513183594,both_correct
875,875,1.5595436096191406,875,True,1.5668001174926758,875,True,0.007256507873535156,1.574676513671875,1.5853180885314941,1.5765037536621094,1.578832785288493,0.019289175669352288,1.6271238327026367,875,True,0.0675802230834961,2,1.8461966514587402,875,True,0.2866530418395996,0.21907281875610352,both_correct
876,876,0.08079910278320312,876,True,0.08179187774658203,876,True,0.0009927749633789062,0.07025814056396484,0.0729074478149414,0.08213329315185547,0.07509962717692058,-0.0056994756062825475,0.11170578002929688,876,True,0.03090667724609375,5,0.18053531646728516,876,True,0.09973621368408203,0.06882953643798828,both_correct
877,877,2.504014492034912,877,True,2.4140496253967285,877,True,-0.0899648666381836,2.4641613960266113,2.4749770164489746,2.5058627128601074,2.4816670417785645,-0.022347450256347656,2.6671595573425293,877,True,0.1631450653076172,2,2.886660575866699,877,True,0.3826460838317871,0.21950101852416992,both_correct
878,878,1.4921088218688965,878,True,1.5040512084960938,878,True,0.011942386627197266,1.479799747467041,1.4896340370178223,1.504340648651123,1.491258144378662,-0.000850677490234375,1.5331964492797852,878,True,0.04108762741088867,6,1.6552462577819824,878,True,0.16313743591308594,0.12204980850219727,both_correct
879,879,-6.513227462768555,416,False,-6.405928611755371,416,False,0.1072988510131836,-6.558507442474365,-6.41286563873291,-6.429719924926758,-6.467031002044678,0.04619646072387695,-6.324789524078369,416,False,0.18843793869018555,6,-5.899707317352295,416,False,0.6135201454162598,0.4250822067260742,both_incorrect
880,880,3.030106544494629,880,True,2.861392021179199,880,True,-0.1687145233154297,3.05952787399292,3.0203747749328613,3.015420913696289,3.0317745208740234,0.0016679763793945312,3.2490897178649902,880,True,0.21898317337036133,4,3.4242730140686035,880,True,0.3941664695739746,0.17518329620361328,both_correct
881,881,0.041522979736328125,881,True,0.23015117645263672,881,True,0.1886281967163086,0.010102272033691406,0.027786731719970703,0.031479835510253906,0.02312294642130534,-0.018400033315022785,0.23015117645263672,881,True,0.1886281967163086,7,0.36426544189453125,881,True,0.3227424621582031,0.13411426544189453,both_correct
882,882,3.2946696281433105,882,True,3.361180305480957,882,True,0.06651067733764648,3.4026341438293457,3.3942174911499023,3.418832302093506,3.4052279790242515,0.1105583508809409,3.5076475143432617,882,True,0.21297788619995117,6,3.944551467895508,882,True,0.6498818397521973,0.4369039535522461,both_correct
883,883,1.322807788848877,883,True,1.2078752517700195,883,True,-0.11493253707885742,1.3784680366516113,1.3394780158996582,1.353947639465332,1.3572978973388672,0.034490108489990234,1.4612650871276855,883,True,0.1384572982788086,1,1.7200279235839844,883,True,0.3972201347351074,0.25876283645629883,both_correct
884,884,3.6098666191101074,884,True,3.5509390830993652,884,True,-0.05892753601074219,3.622004985809326,3.625152111053467,3.611858367919922,3.6196718215942383,0.00980520248413086,3.653140068054199,884,True,0.0432734489440918,4,3.781045436859131,884,True,0.17117881774902344,0.12790536880493164,both_correct
885,885,-3.3585615158081055,831,False,-3.3883628845214844,831,False,-0.029801368713378906,-3.3078370094299316,-3.341872215270996,-3.3432741165161133,-3.330994447072347,0.027567068735758316,-3.1606011390686035,831,False,0.19796037673950195,0,-3.089719295501709,831,False,0.2688422203063965,0.07088184356689453,both_incorrect
886,886,3.75360107421875,886,True,3.773993968963623,886,True,0.020392894744873047,3.7695188522338867,3.7516822814941406,3.746310234069824,3.7558371225992837,0.002236048380533706,3.8832144737243652,886,True,0.12961339950561523,6,4.048730373382568,886,True,0.29512929916381836,0.16551589965820312,both_correct
887,887,4.802455425262451,887,True,4.807848930358887,887,True,0.005393505096435547,4.805821895599365,4.805576324462891,4.819566249847412,4.81032148996989,0.007866064707438447,4.87718391418457,887,True,0.07472848892211914,2,4.968191623687744,887,True,0.16573619842529297,0.09100770950317383,both_correct
888,888,4.680949687957764,888,True,4.769872665405273,888,True,0.08892297744750977,4.686247825622559,4.690544128417969,4.717777729034424,4.698189894358317,0.01724020640055368,4.769872665405273,888,True,0.08892297744750977,7,4.9469451904296875,888,True,0.26599550247192383,0.17707252502441406,both_correct
889,889,5.527647972106934,889,True,5.432715892791748,889,True,-0.09493207931518555,5.5815300941467285,5.467585563659668,5.545986175537109,5.531700611114502,0.004052639007568359,5.627646446228027,889,True,0.09999847412109375,4,5.80879020690918,889,True,0.2811422348022461,0.18114376068115234,both_correct
890,890,4.913005828857422,890,True,4.946662902832031,890,True,0.033657073974609375,4.915086269378662,4.934304714202881,4.919522285461426,4.922971089680989,0.009965260823567412,4.946662902832031,890,True,0.033657073974609375,7,5.045769691467285,890,True,0.13276386260986328,0.0991067886352539,both_correct
891,891,-5.890328884124756,691,False,-5.800118446350098,691,False,0.0902104377746582,-6.040554046630859,-5.991184711456299,-6.026947021484375,-6.019561926523845,-0.12923304239908884,-5.800118446350098,691,False,0.0902104377746582,7,-5.408451557159424,691,False,0.48187732696533203,0.39166688919067383,both_incorrect
892,892,2.608219623565674,892,True,2.6796560287475586,892,True,0.07143640518188477,2.5954160690307617,2.584012031555176,2.5920066833496094,2.590478261311849,-0.017741362253824722,2.6796560287475586,892,True,0.07143640518188477,7,2.786086082458496,892,True,0.17786645889282227,0.1064300537109375,both_correct
893,893,-2.4343247413635254,868,False,-2.365556240081787,868,False,0.06876850128173828,-2.4869918823242188,-2.5094079971313477,-2.5013999938964844,-2.4992666244506836,-0.0649418830871582,-2.365556240081787,868,False,0.06876850128173828,7,-1.9390816688537598,868,False,0.4952430725097656,0.42647457122802734,both_incorrect
894,894,1.6232123374938965,894,True,1.6020822525024414,894,True,-0.021130084991455078,1.6403069496154785,1.6611881256103516,1.632171630859375,1.6445555686950684,0.021343231201171875,1.665071964263916,894,True,0.04185962677001953,2,1.8748855590820312,894,True,0.25167322158813477,0.20981359481811523,both_correct
895,895,-2.0091209411621094,404,False,-2.034782886505127,404,False,-0.025661945343017578,-2.0705294609069824,-2.0682878494262695,-2.004945755004883,-2.0479210217793784,-0.03880008061726903,-1.8497700691223145,404,False,0.15935087203979492,0,-1.6289324760437012,404,False,0.3801884651184082,0.22083759307861328,both_incorrect
896,896,3.9529213905334473,896,True,3.951418399810791,896,True,-0.00150299072265625,3.958702564239502,3.9942212104797363,3.923779010772705,3.9589009284973145,0.0059795379638671875,4.100396156311035,896,True,0.1474747657775879,3,4.135578632354736,896,True,0.18265724182128906,0.03518247604370117,both_correct
897,897,6.6136579513549805,897,True,6.593206405639648,897,True,-0.02045154571533203,6.610865592956543,6.601991653442383,6.603317737579346,6.605391661326091,-0.008266290028889678,6.639069557189941,897,True,0.025411605834960938,6,6.712024688720703,897,True,0.09836673736572266,0.07295513153076172,both_correct
898,898,5.30299186706543,898,True,5.319171905517578,898,True,0.016180038452148438,5.400613784790039,5.339111804962158,5.2695722579956055,5.3364326159159345,0.03344074885050485,5.3664422035217285,898,True,0.06345033645629883,2,5.669293403625488,898,True,0.3663015365600586,0.30285120010375977,both_correct
899,899,1.9285855293273926,899,True,1.9955272674560547,899,True,0.06694173812866211,1.9592952728271484,1.9285030364990234,1.9389276504516602,1.9422419865926106,0.013656457265218025,2.0016274452209473,899,True,0.07304191589355469,1,2.1402907371520996,899,True,0.21170520782470703,0.13866329193115234,both_correct
900,900,-3.6820197105407715,755,False,-3.593071460723877,755,False,0.08894824981689453,-3.7633719444274902,-3.686058521270752,-3.7193102836608887,-3.7229135831197104,-0.04089387257893895,-3.499422073364258,755,False,0.18259763717651367,4,-3.282198905944824,755,False,0.39982080459594727,0.2172231674194336,both_incorrect
901,901,6.260894775390625,901,True,6.258415699005127,901,True,-0.002479076385498047,6.258256912231445,6.268868923187256,6.261973857879639,6.263033231099446,0.0021384557088213185,6.291437149047852,901,True,0.030542373657226562,6,6.420166969299316,901,True,0.1592721939086914,0.12872982025146484,both_correct
902,902,3.667304039001465,902,True,3.6348047256469727,902,True,-0.03249931335449219,3.656275749206543,3.717593193054199,3.652766227722168,3.67554505666097,0.008241017659505356,3.828871726989746,902,True,0.16156768798828125,0,3.9939279556274414,902,True,0.32662391662597656,0.1650562286376953,both_correct
903,903,-0.6036319732666016,584,False,-0.5600576400756836,584,False,0.04357433319091797,-0.5655975341796875,-0.5778398513793945,-0.6041240692138672,-0.5825204849243164,0.021111488342285156,-0.5174970626831055,584,False,0.0861349105834961,5,-0.20224905014038086,584,False,0.4013829231262207,0.3152480125427246,both_incorrect
904,904,1.506636619567871,904,True,1.522085189819336,904,True,0.015448570251464844,1.451350212097168,1.4457902908325195,1.4986810684204102,1.4652738571166992,-0.041362762451171875,1.6376914978027344,904,True,0.13105487823486328,0,2.044393539428711,904,True,0.5377569198608398,0.40670204162597656,both_correct
905,905,-2.8524928092956543,789,False,-2.8116931915283203,789,False,0.040799617767333984,-2.8714699745178223,-2.9118337631225586,-2.8917946815490723,-2.891699473063151,-0.0392066637674966,-2.736642360687256,789,False,0.11585044860839844,5,-2.54086971282959,789,False,0.31162309646606445,0.19577264785766602,both_incorrect
906,906,-5.704272270202637,870,False,-5.791501045227051,870,False,-0.08722877502441406,-5.734617233276367,-5.740344047546387,-5.815404891967773,-5.763455390930176,-0.05918312072753906,-5.627769470214844,870,False,0.07650279998779297,0,-5.2617292404174805,870,False,0.44254302978515625,0.3660402297973633,both_incorrect
907,907,0.44048070907592773,907,True,0.6892752647399902,907,True,0.2487945556640625,0.5248427391052246,0.5980968475341797,0.5119180679321289,0.5449525515238444,0.10447184244791663,0.6892752647399902,907,True,0.2487945556640625,7,0.7726216316223145,907,True,0.3321409225463867,0.08334636688232422,both_correct
908,908,5.061759948730469,908,True,5.198175430297852,908,True,0.1364154815673828,5.088395118713379,5.077341079711914,5.072978973388672,5.079571723937988,0.01781177520751953,5.198175430297852,908,True,0.1364154815673828,7,5.250024795532227,908,True,0.1882648468017578,0.051849365234375,both_correct
909,909,-1.8749995231628418,923,False,-1.982400894165039,923,False,-0.10740137100219727,-1.9309172630310059,-1.921226978302002,-1.9576172828674316,-1.9365871747334797,-0.06158765157063795,-1.8138394355773926,923,False,0.06116008758544922,3,-1.4560432434082031,923,False,0.41895627975463867,0.35779619216918945,both_incorrect
910,910,4.7527666091918945,910,True,4.809379577636719,910,True,0.05661296844482422,4.753811359405518,4.765535354614258,4.766707420349121,4.762018044789632,0.009251435597737334,4.851589202880859,910,True,0.09882259368896484,1,4.999054431915283,910,True,0.24628782272338867,0.14746522903442383,both_correct
911,911,2.636901378631592,911,True,2.812619686126709,911,True,0.1757183074951172,2.670055866241455,2.6725411415100098,2.682857036590576,2.6751513481140137,0.038249969482421875,2.8654699325561523,911,True,0.22856855392456055,3,3.0727577209472656,911,True,0.43585634231567383,0.20728778839111328,both_correct
912,912,4.498279571533203,912,True,4.521201133728027,912,True,0.02292156219482422,4.513302326202393,4.50363302230835,4.520663261413574,4.512532869974772,0.014253298441569306,4.562547206878662,912,True,0.06426763534545898,3,4.638546943664551,912,True,0.14026737213134766,0.07599973678588867,both_correct
913,913,3.8922510147094727,913,True,3.9074015617370605,913,True,0.01515054702758789,3.8918371200561523,3.8980255126953125,3.8892087936401367,3.8930238087972007,0.0007727940877280126,4.014990329742432,913,True,0.12273931503295898,6,4.19611120223999,913,True,0.3038601875305176,0.1811208724975586,both_correct
914,914,-0.606656551361084,780,False,-0.6395449638366699,780,False,-0.03288841247558594,-0.6508870124816895,-0.5950026512145996,-0.659426212310791,-0.63510529200236,-0.028448740641276005,-0.5830988883972168,780,False,0.023557662963867188,6,-0.5024333000183105,780,False,0.10422325134277344,0.08066558837890625,both_incorrect
915,915,4.320698261260986,915,True,4.331814765930176,915,True,0.011116504669189453,4.327351093292236,4.349032878875732,4.3544487953186035,4.343610922495524,0.022912661234538056,4.406285285949707,915,True,0.0855870246887207,1,4.52288293838501,915,True,0.20218467712402344,0.11659765243530273,both_correct
916,916,3.5049571990966797,916,True,3.6822237968444824,916,True,0.17726659774780273,3.553208827972412,3.605064868927002,3.566135883331299,3.574803193410238,0.06984599431355809,3.6822237968444824,916,True,0.17726659774780273,7,3.962679386138916,916,True,0.45772218704223633,0.2804555892944336,both_correct
917,917,2.5986924171447754,917,True,2.5836639404296875,917,True,-0.01502847671508789,2.5678067207336426,2.5679759979248047,2.5735483169555664,2.569777011871338,-0.0289154052734375,2.6152844429016113,917,True,0.016592025756835938,6,2.944075107574463,917,True,0.3453826904296875,0.32879066467285156,both_correct
918,918,6.996830940246582,918,True,7.002928733825684,918,True,0.0060977935791015625,7.031815528869629,7.022902011871338,7.031468391418457,7.028728644053142,0.03189770380655954,7.0570244789123535,918,True,0.060193538665771484,4,7.111849784851074,918,True,0.11501884460449219,0.0548253059387207,both_correct
919,919,-0.5220084190368652,481,False,-0.3120455741882324,481,False,0.2099628448486328,-0.5735516548156738,-0.5000519752502441,-0.5153751373291016,-0.5296595891316732,-0.00765117009480798,-0.3120455741882324,481,False,0.2099628448486328,7,0.17195749282836914,919,True,0.6939659118652344,0.48400306701660156,tokenwise_only
920,920,5.407279014587402,920,True,5.315002918243408,920,True,-0.09227609634399414,5.403227806091309,5.427277565002441,5.452872276306152,5.427792549133301,0.020513534545898438,5.536787509918213,920,True,0.12950849533081055,2,5.616204738616943,920,True,0.20892572402954102,0.07941722869873047,both_correct
921,921,-4.008867263793945,922,False,-3.883991241455078,922,False,0.12487602233886719,-3.8738815784454346,-3.922213315963745,-3.947869062423706,-3.9146546522776284,0.09421261151631688,-3.5746653079986572,922,False,0.4342019557952881,5,-3.312993049621582,922,False,0.6958742141723633,0.2616722583770752,both_incorrect
922,922,3.955829620361328,922,True,3.950101375579834,922,True,-0.005728244781494141,3.9948978424072266,3.959994316101074,3.9813385009765625,3.978743553161621,0.02291393280029297,4.0554022789001465,922,True,0.09957265853881836,0,4.225162982940674,922,True,0.2693333625793457,0.16976070404052734,both_correct
923,923,-1.6662425994873047,965,False,-1.7599225044250488,965,False,-0.09367990493774414,-1.625577449798584,-1.6720051765441895,-1.5543055534362793,-1.6172960599263508,0.04894653956095385,-1.589897632598877,965,False,0.07634496688842773,0,-1.1188435554504395,965,False,0.5473990440368652,0.4710540771484375,both_incorrect
924,924,6.300325393676758,924,True,6.332221984863281,924,True,0.03189659118652344,6.281669616699219,6.288856506347656,6.302032947540283,6.290853023529053,-0.009472370147705078,6.332221984863281,924,True,0.03189659118652344,7,6.418950080871582,924,True,0.11862468719482422,0.08672809600830078,both_correct
925,925,5.341944217681885,925,True,5.399264335632324,925,True,0.05732011795043945,5.292606353759766,5.300650596618652,5.310924530029297,5.301393826802571,-0.04055039087931345,5.399264335632324,925,True,0.05732011795043945,7,5.529134273529053,925,True,0.18719005584716797,0.12986993789672852,both_correct
926,926,4.2413763999938965,926,True,4.213598728179932,926,True,-0.027777671813964844,4.240387439727783,4.243677616119385,4.240638256072998,4.241567770640056,0.00019137064615915023,4.273279666900635,926,True,0.03190326690673828,1,4.398850440979004,926,True,0.15747404098510742,0.12557077407836914,both_correct
927,927,5.884684085845947,927,True,5.882765769958496,927,True,-0.0019183158874511719,5.892056941986084,5.895071983337402,5.888558387756348,5.891895771026611,0.0072116851806640625,5.912336349487305,927,True,0.027652263641357422,0,6.014223098754883,927,True,0.12953901290893555,0.10188674926757812,both_correct
928,928,2.533999443054199,928,True,2.646846294403076,928,True,0.11284685134887695,2.549470901489258,2.558473587036133,2.5273685455322266,2.5451043446858725,0.011104901631673325,2.646846294403076,928,True,0.11284685134887695,7,2.876753807067871,928,True,0.3427543640136719,0.22990751266479492,both_correct
929,929,4.554931640625,929,True,4.658164978027344,929,True,0.10323333740234375,4.530208587646484,4.543914318084717,4.546930313110352,4.5403510729471845,-0.01458056767781546,4.658164978027344,929,True,0.10323333740234375,7,4.830638408660889,929,True,0.27570676803588867,0.17247343063354492,both_correct
930,930,4.012962341308594,930,True,4.086391925811768,930,True,0.07342958450317383,4.044185161590576,4.042840480804443,4.035223484039307,4.040749708811442,0.027787367502848603,4.122925758361816,930,True,0.10996341705322266,6,4.230147361755371,930,True,0.21718502044677734,0.10722160339355469,both_correct
931,931,-5.296518802642822,930,False,-5.352506160736084,930,False,-0.05598735809326172,-5.292050361633301,-5.328494071960449,-5.2939019203186035,-5.304815451304118,-0.008296648661295869,-5.181184768676758,930,False,0.11533403396606445,3,-4.977270126342773,930,False,0.31924867630004883,0.20391464233398438,both_incorrect
932,932,6.493978977203369,932,True,6.484443187713623,932,True,-0.009535789489746094,6.5053324699401855,6.508787631988525,6.486851215362549,6.50032377243042,0.006344795227050781,6.551567077636719,932,True,0.05758810043334961,6,6.640042781829834,932,True,0.14606380462646484,0.08847570419311523,both_correct
933,933,5.174233436584473,933,True,5.212615013122559,933,True,0.03838157653808594,5.1688337326049805,5.151639938354492,5.147283554077148,5.155919075012207,-0.018314361572265625,5.212615013122559,933,True,0.03838157653808594,7,5.304425239562988,933,True,0.13019180297851562,0.09181022644042969,both_correct
934,934,6.4488749504089355,934,True,6.491076469421387,934,True,0.04220151901245117,6.4218010902404785,6.415075302124023,6.409320831298828,6.415399074554443,-0.03347587585449219,6.49949836730957,934,True,0.050623416900634766,4,6.6341447830200195,934,True,0.18526983261108398,0.13464641571044922,both_correct
935,935,-1.041663646697998,923,False,-1.076685905456543,923,False,-0.03502225875854492,-1.0417628288269043,-1.0444293022155762,-1.0727710723876953,-1.0529877344767253,-0.011324087778727288,-0.8535518646240234,923,False,0.1881117820739746,5,-0.7064685821533203,923,False,0.33519506454467773,0.14708328247070312,both_incorrect
936,936,3.0611796379089355,936,True,3.0465197563171387,936,True,-0.014659881591796875,3.0817790031433105,3.0875401496887207,3.0376954078674316,3.069004853566488,0.007825215657552231,3.176021099090576,936,True,0.11484146118164062,2,3.374797821044922,936,True,0.31361818313598633,0.1987767219543457,both_correct
937,937,4.906778812408447,937,True,4.832814693450928,937,True,-0.07396411895751953,4.911132335662842,4.894923686981201,4.903975963592529,4.9033439954121905,-0.0034348169962568065,4.966078758239746,937,True,0.05929994583129883,1,5.03382682800293,937,True,0.12704801559448242,0.0677480697631836,both_correct
938,938,3.691938877105713,938,True,3.6314711570739746,938,True,-0.06046772003173828,3.680703639984131,3.692819118499756,3.706120014190674,3.693214257558187,0.0012753804524741064,3.734008312225342,938,True,0.042069435119628906,5,3.828467845916748,938,True,0.13652896881103516,0.09445953369140625,both_correct
939,939,2.3832321166992188,939,True,2.390573501586914,939,True,0.0073413848876953125,2.3734841346740723,2.345273017883301,2.388115406036377,2.36895751953125,-0.01427459716796875,2.4439988136291504,939,True,0.06076669692993164,5,2.6654815673828125,939,True,0.28224945068359375,0.2214827537536621,both_correct
940,940,4.222104549407959,940,True,4.235711097717285,940,True,0.013606548309326172,4.229670524597168,4.2453203201293945,4.217560291290283,4.230850378672282,0.008745829264323213,4.305903911590576,940,True,0.08379936218261719,0,4.415091514587402,940,True,0.19298696517944336,0.10918760299682617,both_correct
941,941,-0.4255824089050293,950,False,-0.5293879508972168,950,False,-0.1038055419921875,-0.28752756118774414,-0.33937835693359375,-0.3031783103942871,-0.310028076171875,0.1155543327331543,-0.17915964126586914,950,False,0.24642276763916016,5,0.18309497833251953,941,True,0.6086773872375488,0.36225461959838867,tokenwise_only
942,942,0.8166403770446777,942,True,0.8408646583557129,942,True,0.024224281311035156,0.8270664215087891,0.832056999206543,0.8522624969482422,0.8371286392211914,0.020488262176513672,0.8898887634277344,942,True,0.07324838638305664,4,1.1477346420288086,942,True,0.33109426498413086,0.2578458786010742,both_correct
943,943,-0.9550275802612305,582,False,-1.0037970542907715,582,False,-0.048769474029541016,-0.9575448036193848,-0.9277992248535156,-0.8943777084350586,-0.926573912302653,0.02845366795857751,-0.8563814163208008,582,False,0.09864616394042969,5,-0.6569547653198242,582,False,0.29807281494140625,0.19942665100097656,both_incorrect
944,944,4.975092887878418,944,True,4.934854507446289,944,True,-0.040238380432128906,4.977156639099121,4.9717254638671875,4.973995685577393,4.974292596181233,-0.0008002916971845409,5.015519142150879,944,True,0.04042625427246094,2,5.1062750816345215,944,True,0.13118219375610352,0.09075593948364258,both_correct
945,945,6.089127540588379,945,True,6.112713813781738,945,True,0.023586273193359375,6.0991315841674805,6.109273433685303,6.095746994018555,6.101384003957112,0.012256463368733428,6.118340492248535,945,True,0.02921295166015625,2,6.21608829498291,945,True,0.12696075439453125,0.097747802734375,both_correct
946,946,4.510814666748047,946,True,4.502717018127441,946,True,-0.008097648620605469,4.489995956420898,4.501692771911621,4.508554458618164,4.5000810623168945,-0.010733604431152344,4.538351058959961,946,True,0.027536392211914062,5,4.620999336242676,946,True,0.1101846694946289,0.08264827728271484,both_correct
947,947,-7.747619152069092,994,False,-7.756520748138428,994,False,-0.008901596069335938,-7.743530750274658,-7.758553981781006,-7.7513346672058105,-7.751139799753825,-0.003520647684733369,-7.712366580963135,994,False,0.03525257110595703,1,-7.655833721160889,994,False,0.09178543090820312,0.056532859802246094,both_incorrect
948,948,6.286271095275879,948,True,6.262554168701172,948,True,-0.02371692657470703,6.2677483558654785,6.278379440307617,6.29890251159668,6.281676769256592,-0.004594326019287109,6.324790954589844,948,True,0.038519859313964844,6,6.374086380004883,948,True,0.0878152847290039,0.04929542541503906,both_correct
949,949,4.949005126953125,949,True,4.9307684898376465,949,True,-0.018236637115478516,4.974931716918945,4.912137031555176,4.939197540283203,4.942088762919108,-0.006916364034016631,5.010984897613525,949,True,0.06197977066040039,0,5.078629016876221,949,True,0.1296238899230957,0.06764411926269531,both_correct
950,950,-4.053623199462891,522,False,-4.020539283752441,522,False,0.03308391571044922,-4.032830238342285,-4.026466369628906,-4.07041072845459,-4.043235778808594,0.010387420654296875,-3.9868805408477783,522,False,0.0667426586151123,4,-3.5991640090942383,522,False,0.45445919036865234,0.38771653175354004,both_incorrect
951,951,4.701137065887451,951,True,4.697667121887207,951,True,-0.0034699440002441406,4.725255966186523,4.730290412902832,4.713365077972412,4.722970485687256,0.021833419799804688,4.675816535949707,951,True,-0.02532052993774414,5,4.804420471191406,951,True,0.10328340530395508,0.12860393524169922,both_correct
952,952,-8.302434921264648,950,False,-8.275464057922363,950,False,0.026970863342285156,-8.321593284606934,-8.346118927001953,-8.3018798828125,-8.323197364807129,-0.02076244354248047,-8.223694801330566,950,False,0.07874011993408203,0,-8.131963729858398,950,False,0.17047119140625,0.09173107147216797,both_incorrect
953,953,1.2724876403808594,953,True,1.2525639533996582,953,True,-0.019923686981201172,1.2500638961791992,1.2750825881958008,1.2737092971801758,1.2662852605183919,-0.006202379862467522,1.3305392265319824,953,True,0.05805158615112305,6,1.5581769943237305,953,True,0.2856893539428711,0.22763776779174805,both_correct
954,954,5.574943542480469,954,True,5.654356956481934,954,True,0.07941341400146484,5.595137119293213,5.558450222015381,5.586655616760254,5.580080986022949,0.005137443542480469,5.654356956481934,954,True,0.07941341400146484,7,5.742522239685059,954,True,0.16757869720458984,0.088165283203125,both_correct
955,955,6.718399524688721,955,True,6.70665979385376,955,True,-0.011739730834960938,6.706066131591797,6.705105304718018,6.705295085906982,6.705488840738933,-0.012910683949788115,6.72235107421875,955,True,0.003951549530029297,5,6.760347366333008,955,True,0.04194784164428711,0.03799629211425781,both_correct
956,956,5.224236488342285,956,True,5.21527099609375,956,True,-0.008965492248535156,5.193966865539551,5.233031749725342,5.237949371337891,5.221649328867595,-0.002587159474690459,5.255194664001465,956,True,0.030958175659179688,5,5.4219865798950195,956,True,0.19775009155273438,0.1667919158935547,both_correct
957,957,4.488912582397461,957,True,4.5394606590271,957,True,0.05054807662963867,4.455793380737305,4.45716667175293,4.5207133293151855,4.477891127268474,-0.011021455128987334,4.5394606590271,957,True,0.05054807662963867,7,4.743671894073486,957,True,0.2547593116760254,0.20421123504638672,both_correct
958,958,1.0545058250427246,958,True,0.9994301795959473,958,True,-0.055075645446777344,1.1142001152038574,1.0545897483825684,1.0326952934265137,1.0671617190043132,0.012655893961588616,1.2423996925354004,958,True,0.18789386749267578,6,1.4676470756530762,958,True,0.41314125061035156,0.22524738311767578,both_correct
959,959,4.982884407043457,959,True,4.912781238555908,959,True,-0.07010316848754883,4.97484016418457,4.973677158355713,4.957914352416992,4.968810558319092,-0.014073848724365234,5.011769771575928,959,True,0.028885364532470703,6,5.16227912902832,959,True,0.17939472198486328,0.15050935745239258,both_correct
960,960,2.2261533737182617,960,True,2.2636446952819824,960,True,0.0374913215637207,2.1963791847229004,2.215182304382324,2.2040457725524902,2.2052024205525718,-0.020950953165689956,2.2636446952819824,960,True,0.0374913215637207,7,2.339592456817627,960,True,0.11343908309936523,0.07594776153564453,both_correct
961,961,-7.141664028167725,963,False,-7.177783966064453,963,False,-0.036119937896728516,-7.170612812042236,-7.153941631317139,-7.166122913360596,-7.163559118906657,-0.021895090738932588,-7.085149765014648,963,False,0.05651426315307617,6,-6.963648319244385,963,False,0.17801570892333984,0.12150144577026367,both_incorrect
962,962,-3.1018948554992676,930,False,-3.2139363288879395,930,False,-0.11204147338867188,-3.086243152618408,-3.089158535003662,-3.0948433876037598,-3.0900816917419434,0.011813163757324219,-2.9244513511657715,930,False,0.1774435043334961,0,-2.7310776710510254,930,False,0.3708171844482422,0.1933736801147461,both_incorrect
963,963,-0.5582189559936523,930,False,-0.5327434539794922,930,False,0.025475502014160156,-0.5690240859985352,-0.6009016036987305,-0.5777101516723633,-0.582545280456543,-0.024326324462890625,-0.5327434539794922,930,False,0.025475502014160156,7,-0.28127098083496094,930,False,0.2769479751586914,0.25147247314453125,both_incorrect
964,964,6.534167289733887,964,True,6.526780128479004,964,True,-0.0073871612548828125,6.543272018432617,6.554132461547852,6.531800746917725,6.5430684089660645,0.008901119232177734,6.59242582321167,964,True,0.0582585334777832,3,6.716095924377441,964,True,0.1819286346435547,0.12367010116577148,both_correct
965,965,5.746891975402832,965,True,5.793691635131836,965,True,0.046799659729003906,5.744869232177734,5.742354393005371,5.75533390045166,5.747519175211589,0.0006271998087568065,5.793691635131836,965,True,0.046799659729003906,7,5.905613899230957,965,True,0.158721923828125,0.1119222640991211,both_correct
966,966,1.035417079925537,966,True,1.1078152656555176,966,True,0.07239818572998047,0.9909172058105469,1.0037384033203125,1.0238494873046875,1.0061683654785156,-0.029248714447021484,1.1209001541137695,966,True,0.08548307418823242,0,1.2571277618408203,966,True,0.2217106819152832,0.13622760772705078,both_correct
967,967,1.2318649291992188,967,True,1.164604663848877,967,True,-0.0672602653503418,1.2235593795776367,1.2436761856079102,1.221890926361084,1.2297088305155437,-0.002156098683675056,1.281409740447998,967,True,0.0495448112487793,4,1.4129109382629395,967,True,0.1810460090637207,0.1315011978149414,both_correct
968,968,0.08530902862548828,968,True,0.08441925048828125,968,True,-0.0008897781372070312,0.08075428009033203,0.0779886245727539,0.0884695053100586,0.08240413665771484,-0.0029048919677734375,0.13325119018554688,968,True,0.047942161560058594,3,0.2672405242919922,968,True,0.1819314956665039,0.1339893341064453,both_correct
969,969,6.425527095794678,969,True,6.438784599304199,969,True,0.013257503509521484,6.4652605056762695,6.457132339477539,6.446992874145508,6.4564619064331055,0.030934810638427734,6.502814292907715,969,True,0.07728719711303711,3,6.630584716796875,969,True,0.20505762100219727,0.12777042388916016,both_correct
970,970,-1.4530649185180664,795,False,-1.4094667434692383,795,False,0.043598175048828125,-1.448099136352539,-1.4748430252075195,-1.4634199142456055,-1.4621206919352214,-0.009055773417155022,-1.3502459526062012,795,False,0.10281896591186523,0,-1.216019630432129,795,False,0.2370452880859375,0.13422632217407227,both_incorrect
971,971,7.366103172302246,971,True,7.396036148071289,971,True,0.02993297576904297,7.362957000732422,7.381360054016113,7.349376201629639,7.364564418792725,-0.0015387535095214844,7.321327209472656,971,True,-0.044775962829589844,1,7.449976444244385,971,True,0.08387327194213867,0.12864923477172852,both_correct
972,972,-0.7910637855529785,42,False,-0.6542706489562988,42,False,0.1367931365966797,-0.775444507598877,-0.7088074684143066,-0.8149676322937012,-0.7664065361022949,0.024657249450683594,-0.6542706489562988,42,False,0.1367931365966797,7,-0.35824108123779297,42,False,0.43282270431518555,0.29602956771850586,both_incorrect
973,973,3.395932197570801,973,True,3.420060157775879,973,True,0.024127960205078125,3.434171676635742,3.37886381149292,3.4062108993530273,3.4064154624938965,0.010483264923095703,3.3903450965881348,973,True,-0.005587100982666016,2,3.5576066970825195,973,True,0.16167449951171875,0.16726160049438477,both_correct
974,974,5.384902000427246,974,True,5.405845642089844,974,True,0.020943641662597656,5.410165786743164,5.334351062774658,5.290616035461426,5.345044294993083,-0.039857705434163115,5.508954048156738,974,True,0.12405204772949219,6,5.6843132972717285,974,True,0.2994112968444824,0.17535924911499023,both_correct
975,975,2.428943157196045,975,True,2.484020233154297,975,True,0.05507707595825195,2.426730155944824,2.4312572479248047,2.418459892272949,2.425482432047526,-0.0034607251485190282,2.4937491416931152,975,True,0.06480598449707031,2,2.6353516578674316,975,True,0.20640850067138672,0.1416025161743164,both_correct
976,976,-0.6765646934509277,975,False,-0.6586470603942871,718,False,0.017917633056640625,-0.6309051513671875,-0.666649341583252,-0.6066207885742188,-0.6347250938415527,0.041839599609375,-0.6589865684509277,718,False,0.017578125,1,-0.3773188591003418,718,False,0.29924583435058594,0.28166770935058594,both_incorrect
977,977,1.309506893157959,977,True,1.357569694519043,977,True,0.048062801361083984,1.3299498558044434,1.3194360733032227,1.3424663543701172,1.3306174278259277,0.02111053466796875,1.357569694519043,977,True,0.048062801361083984,7,1.4510517120361328,977,True,0.14154481887817383,0.09348201751708984,both_correct
978,978,0.16553020477294922,978,True,0.14201831817626953,978,True,-0.023511886596679688,0.15953540802001953,0.18249797821044922,0.14635372161865234,0.1627957026163737,-0.00273450215657553,0.22969532012939453,978,True,0.06416511535644531,0,0.3294668197631836,978,True,0.16393661499023438,0.09977149963378906,both_correct
979,979,3.853951930999756,979,True,3.7971644401550293,979,True,-0.05678749084472656,3.8395371437072754,3.8236732482910156,3.8011856079101562,3.821465333302816,-0.032486597696939956,3.9384617805480957,979,True,0.08450984954833984,0,4.0588908195495605,979,True,0.2049388885498047,0.12042903900146484,both_correct
980,980,3.7687439918518066,980,True,3.7355599403381348,980,True,-0.033184051513671875,3.7622814178466797,3.7636489868164062,3.759402275085449,3.7617775599161782,-0.006966431935628403,3.810124397277832,980,True,0.04138040542602539,2,3.9436235427856445,980,True,0.1748795509338379,0.1334991455078125,both_correct
981,981,3.4890308380126953,981,True,3.476551055908203,981,True,-0.012479782104492188,3.476029396057129,3.5165634155273438,3.496774673461914,3.4964558283487954,0.007424990336100112,3.509888172149658,981,True,0.02085733413696289,6,3.7132081985473633,981,True,0.22417736053466797,0.20332002639770508,both_correct
982,982,4.3255534172058105,982,True,4.323683261871338,982,True,-0.0018701553344726562,4.335607051849365,4.316730976104736,4.321472644805908,4.32460355758667,-0.000949859619140625,4.3747639656066895,982,True,0.049210548400878906,5,4.504608631134033,982,True,0.17905521392822266,0.12984466552734375,both_correct
983,983,-3.196742534637451,801,False,-3.2066426277160645,801,False,-0.009900093078613281,-3.2768454551696777,-3.2698397636413574,-3.16329288482666,-3.236659367879232,-0.03991683324178075,-3.1423306465148926,801,False,0.054411888122558594,4,-2.7434115409851074,801,False,0.45333099365234375,0.39891910552978516,both_incorrect
984,984,1.1245808601379395,984,True,1.089292049407959,984,True,-0.03528881072998047,1.1326308250427246,1.0960807800292969,1.0945353507995605,1.1077489852905273,-0.01683187484741211,1.2220749855041504,984,True,0.09749412536621094,2,1.4223504066467285,984,True,0.29776954650878906,0.20027542114257812,both_correct
985,985,3.0126638412475586,985,True,3.015292167663574,985,True,0.002628326416015625,3.132103443145752,3.0243868827819824,3.089346408843994,3.0819455782572427,0.0692817370096841,3.1661267280578613,985,True,0.15346288681030273,6,3.408757209777832,985,True,0.39609336853027344,0.2426304817199707,both_correct
986,986,7.149292469024658,986,True,7.16507625579834,986,True,0.01578378677368164,7.145445823669434,7.16076135635376,7.150501251220703,7.152236143747966,0.0029436747233075877,7.235268592834473,986,True,0.08597612380981445,2,7.265445709228516,986,True,0.11615324020385742,0.03017711639404297,both_correct
987,987,-0.28974246978759766,998,False,-0.306304931640625,998,False,-0.016562461853027344,-0.3061180114746094,-0.29944801330566406,-0.2974386215209961,-0.30100154876708984,-0.011259078979492188,-0.27084922790527344,998,False,0.01889324188232422,0,-0.2297353744506836,998,False,0.06000709533691406,0.041113853454589844,both_incorrect
988,988,5.783677577972412,988,True,5.757218360900879,988,True,-0.026459217071533203,5.776545524597168,5.777497291564941,5.786706924438477,5.780249913533528,-0.0034276644388837596,5.824589729309082,988,True,0.04091215133666992,3,5.903434753417969,988,True,0.11975717544555664,0.07884502410888672,both_correct
989,989,6.611203193664551,989,True,6.60572624206543,989,True,-0.005476951599121094,6.628110885620117,6.626063346862793,6.630164623260498,6.62811295191447,0.016909758249918916,6.65422248840332,989,True,0.04301929473876953,5,6.770843505859375,989,True,0.15964031219482422,0.11662101745605469,both_correct
990,990,6.685680389404297,990,True,6.688272476196289,990,True,0.0025920867919921875,6.646929740905762,6.681341171264648,6.66169548034668,6.66332213083903,-0.02235825856526663,6.699454307556152,990,True,0.013773918151855469,6,6.80669641494751,990,True,0.12101602554321289,0.10724210739135742,both_correct
991,991,4.350037097930908,991,True,4.3743791580200195,991,True,0.024342060089111328,4.335708141326904,4.3488240242004395,4.343082427978516,4.342538197835286,-0.007498900095622041,4.3743791580200195,991,True,0.024342060089111328,7,4.423625946044922,991,True,0.07358884811401367,0.049246788024902344,both_correct
992,992,-2.157660961151123,995,False,-2.0626273155212402,995,False,0.09503364562988281,-2.1642708778381348,-2.1476149559020996,-2.1205973625183105,-2.144161065419515,0.013499895731607925,-2.0626273155212402,995,False,0.09503364562988281,7,-2.0256104469299316,947,False,0.1320505142211914,0.037016868591308594,both_incorrect
993,993,5.011606216430664,993,True,5.041954040527344,993,True,0.030347824096679688,4.988864898681641,5.031337738037109,5.010497093200684,5.010233243306478,-0.001372973124186494,5.041954040527344,993,True,0.030347824096679688,7,5.100393772125244,993,True,0.08878755569458008,0.05843973159790039,both_correct
994,994,5.408342361450195,994,True,5.444652080535889,994,True,0.03630971908569336,5.4339985847473145,5.431339263916016,5.396516799926758,5.420618216196696,0.012275854746500947,5.459951400756836,994,True,0.051609039306640625,5,5.549964904785156,994,True,0.14162254333496094,0.09001350402832031,both_correct
995,995,6.091643333435059,995,True,6.091509819030762,995,True,-0.000133514404296875,6.088737487792969,6.099362373352051,6.0990095138549805,6.095703125,0.004059791564941406,6.122038841247559,995,True,0.0303955078125,5,6.186388969421387,995,True,0.09474563598632812,0.06435012817382812,both_correct
996,996,4.408448219299316,996,True,4.498293399810791,996,True,0.08984518051147461,4.423399448394775,4.43224573135376,4.420432090759277,4.4253590901692705,0.01691087086995413,4.498293399810791,996,True,0.08984518051147461,7,4.579751014709473,996,True,0.17130279541015625,0.08145761489868164,both_correct
997,997,2.6859397888183594,997,True,2.725914478302002,997,True,0.03997468948364258,2.697146415710449,2.7057981491088867,2.6824440956115723,2.6951295534769693,0.009189764658609878,2.7439522743225098,997,True,0.05801248550415039,0,2.891180992126465,997,True,0.20524120330810547,0.14722871780395508,both_correct
998,998,0.9073081016540527,998,True,0.9095664024353027,998,True,0.00225830078125,0.9019160270690918,0.9045634269714355,0.8934259414672852,0.8999684651692709,-0.007339636484781864,0.9299225807189941,998,True,0.022614479064941406,5,0.9721922874450684,998,True,0.06488418579101562,0.04226970672607422,both_correct
999,999,-0.5840001106262207,700,False,-0.49817323684692383,700,False,0.08582687377929688,-0.6098923683166504,-0.6030149459838867,-0.6031460762023926,-0.6053511301676432,-0.02135101954142249,-0.49817323684692383,700,False,0.08582687377929688,7,-0.2796182632446289,700,False,0.3043818473815918,0.21855497360229492,both_incorrect
