sample_id,target_class,cross_image_donor_id,base_margin,base_correct,historical_margin,historical_correct,historical_delta_vs_base,random_oracle_mean_margin,random_oracle_delta_vs_base,historical_vs_random_diff,cross_image_margin,cross_image_correct,cross_image_delta_vs_base,historical_vs_cross_diff,spatial_shuffled_mean_margin,spatial_shuffled_delta_vs_base,historical_vs_shuffled_diff,pooled_delta_margin,pooled_delta_correct,global_oracle_margin
0,0,938,6.212746620178223,True,6.322169303894043,True,0.10942268371582031,6.31917781829834,0.10643119812011737,0.0029914855957029474,6.317560195922852,True,0.1048135757446289,0.004609107971191406,6.351112524668376,0.1383659044901533,-0.02894322077433298,6.351611137390137,True,6.26430606842041
1,1,687,4.902529239654541,True,5.032244682312012,True,0.1297154426574707,5.068280410766602,0.16575117111206072,-0.03603572845459002,5.056615829467773,True,0.15408658981323242,-0.02437114715576172,5.056705792744954,0.15417655309041312,-0.024461110432942412,5.073066711425781,True,4.929646015167236
2,2,716,3.991947650909424,True,4.159141540527344,True,0.16719388961791992,4.124935245513916,0.13298759460449183,0.03420629501342809,4.161416053771973,True,0.16946840286254883,-0.0022745132446289062,4.181630770365397,0.1896831194559736,-0.02248922983805368,4.188836574554443,True,4.067396640777588
3,3,57,3.927070140838623,True,4.071112632751465,True,0.1440424919128418,4.049143123626709,0.12207298278808576,0.021969509124756037,4.072620391845703,True,0.14555025100708008,-0.0015077590942382812,4.09817377726237,0.17110363642374704,-0.027061144510905244,4.105892658233643,True,3.9849963188171387
4,4,657,3.7204222679138184,True,3.8717141151428223,True,0.1512918472290039,3.846905994415283,0.12648372650146467,0.02480812072753924,3.878152370452881,True,0.1577301025390625,-0.006438255310058594,3.8630884488423667,0.14266618092854833,0.008625666300455581,3.87504243850708,True,3.801945209503174
5,5,770,5.824685096740723,True,5.972283840179443,True,0.1475987434387207,5.962663173675537,0.13797807693481445,0.00962066650390625,6.00035285949707,True,0.17566776275634766,-0.028069019317626953,6.003644784291585,0.17895968755086233,-0.03136094411214163,6.001540184020996,True,5.917442321777344
6,6,526,-3.751485824584961,False,-3.465023994445801,False,0.28646183013916016,-3.4800312995910643,0.27145452499389666,0.015007305145263494,-3.426051139831543,False,0.32543468475341797,-0.03897285461425781,-3.462957223256429,0.28852860132853175,-0.0020667711893715968,-3.4886984825134277,False,-3.6364593505859375
7,7,10,-3.0229082107543945,False,-2.5059399604797363,False,0.5169682502746582,-2.4279504776000977,0.5949577331542968,-0.07798948287963858,-2.179448127746582,False,0.8434600830078125,-0.3264918327331543,-2.1736365954081216,0.8492716153462729,-0.33230336507161473,-2.2804017066955566,False,-3.1193056106567383
8,8,809,4.469820022583008,True,4.567417621612549,True,0.09759759902954102,4.547929191589356,0.07810916900634801,0.019488430023193004,4.54338264465332,True,0.0735626220703125,0.024034976959228516,4.571580727895101,0.1017607053120928,-0.004163106282551787,4.621410846710205,True,4.537186145782471
9,9,931,7.484186172485352,True,7.545516490936279,True,0.061330318450927734,7.535733699798584,0.05154752731323242,0.009782791137695312,7.517970085144043,True,0.033783912658691406,0.027546405792236328,7.518786907196045,0.03460073471069336,0.026729583740234375,7.5120849609375,True,7.487943649291992
10,10,115,7.23936653137207,True,7.300678253173828,True,0.06131172180175781,7.29774227142334,0.058375740051269887,0.002935981750487926,7.329346179962158,True,0.08997964859008789,-0.028667926788330078,7.326943715413411,0.08757718404134085,-0.026265462239583037,7.320572853088379,True,7.268619537353516
11,11,590,5.59261417388916,True,5.797365188598633,True,0.20475101470947266,5.779109954833984,0.18649578094482422,0.018255233764648438,5.762411594390869,True,0.16979742050170898,0.03495359420776367,5.791501522064209,0.19888734817504883,0.005863666534423828,5.791572570800781,True,5.679078102111816
12,12,803,4.050965309143066,True,4.304816246032715,True,0.25385093688964844,4.28014030456543,0.22917499542236364,0.0246759414672848,4.2821550369262695,True,0.23118972778320312,0.022661209106445312,4.34212080637614,0.2911554972330732,-0.037304560343424775,4.313706874847412,True,4.102757453918457
13,13,154,0.8450937271118164,True,1.3503456115722656,True,0.5052518844604492,1.3466639518737793,0.5015702247619629,0.003681659698486328,1.3802127838134766,True,0.5351190567016602,-0.029867172241210938,1.503534158070882,0.6584404309590657,-0.15318854649861646,1.5471463203430176,True,1.077439308166504
14,14,804,5.274044036865234,True,5.484835624694824,True,0.21079158782958984,5.488814163208008,0.21477012634277326,-0.003978538513183416,5.495950698852539,True,0.2219066619873047,-0.011115074157714844,5.55564022064209,0.28159618377685547,-0.07080459594726562,5.444023132324219,True,5.3688859939575195
15,15,164,6.144078254699707,True,6.286219120025635,True,0.14214086532592773,6.322017669677734,0.17793941497802734,-0.03579854965209961,6.322824478149414,True,0.17874622344970703,-0.0366053581237793,6.320283095041911,0.17620484034220407,-0.03406397501627634,6.30373477935791,True,6.151130676269531
16,16,589,1.4854559898376465,True,1.8018240928649902,True,0.31636810302734375,1.8086215019226075,0.323165512084961,-0.006797409057617276,1.8650507926940918,True,0.3795948028564453,-0.06322669982910156,1.8812564214070637,0.39580043156941724,-0.0794323285420735,1.8682618141174316,True,1.6319193840026855
17,17,241,5.991258144378662,True,6.154532432556152,True,0.16327428817749023,6.167248821258545,0.17599067687988246,-0.012716388702392223,6.23812198638916,True,0.24686384201049805,-0.08358955383300781,6.183757781982422,0.19249963760375977,-0.02922534942626953,6.1542205810546875,True,6.052019119262695
18,18,473,4.432436943054199,True,4.695871829986572,True,0.26343488693237305,4.779667949676513,0.3472310066223141,-0.08379611968994105,4.778116703033447,True,0.34567975997924805,-0.082244873046875,4.7622396151224775,0.3298026720682783,-0.06636778513590524,4.779621124267578,True,4.499790668487549
19,19,705,4.888439178466797,True,5.187911033630371,True,0.2994718551635742,5.154777717590332,0.26633853912353533,0.033133316040038885,5.270387172698975,True,0.38194799423217773,-0.08247613906860352,5.258199214935303,0.36976003646850586,-0.07028818130493164,5.2818145751953125,True,4.986273765563965
20,20,848,-9.193513870239258,False,-8.998190879821777,False,0.19532299041748047,-8.964784812927245,0.22872905731201243,-0.03340606689453196,-8.98542594909668,False,0.20808792114257812,-0.012764930725097656,-8.919177691141764,0.2743361790974941,-0.07901318868001361,-8.91454792022705,False,-9.161413192749023
21,21,878,5.330949783325195,True,5.384002685546875,True,0.05305290222167969,5.445034599304199,0.11408481597900355,-0.061031913757323863,5.504232406616211,True,0.17328262329101562,-0.12022972106933594,5.387808163960774,0.05685838063557913,-0.0038054784138994435,5.38259220123291,True,5.36205530166626
22,22,216,5.073941707611084,True,5.327357292175293,True,0.253415584564209,5.291050148010254,0.2171084403991701,0.036307144165038885,5.300295829772949,True,0.22635412216186523,0.02706146240234375,5.351433436075847,0.27749172846476267,-0.02407614390055368,5.3463029861450195,True,5.159067153930664
23,23,176,-0.9251556396484375,False,-0.44675636291503906,False,0.47839927673339844,-0.5151765823364258,0.4099790573120117,0.06842021942138676,-0.4746518135070801,False,0.4505038261413574,0.027895450592041016,-0.4602573712666829,0.4648982683817546,0.013501008351643862,-0.5105247497558594,False,-0.6821093559265137
24,24,478,7.443737506866455,True,7.506932258605957,True,0.06319475173950195,7.514135837554932,0.07039833068847656,-0.007203578948974609,7.523144721984863,True,0.0794072151184082,-0.01621246337890625,7.540785948435466,0.09704844156901071,-0.03385368982950876,7.545963287353516,True,7.461109161376953
25,25,557,3.9025678634643555,True,4.010082244873047,True,0.1075143814086914,4.0037126541137695,0.10114479064941406,0.006369590759277344,3.996159553527832,True,0.09359169006347656,0.013922691345214844,4.018347263336182,0.11577939987182617,-0.008265018463134766,4.014720916748047,True,3.9554848670959473
26,26,195,-4.547704219818115,False,-4.09320068359375,False,0.45450353622436523,-4.157989120483398,0.38971509933471715,0.06478843688964808,-3.9929513931274414,False,0.5547528266906738,-0.1002492904663086,-4.005722204844157,0.541982014973958,-0.0874784787495928,-4.073550224304199,False,-4.259280204772949
27,27,120,2.349696159362793,True,2.4423789978027344,True,0.0926828384399414,2.4448493003845213,0.09515314102172834,-0.0024703025817869317,2.445101261138916,True,0.09540510177612305,-0.0027222633361816406,2.4619518915812173,0.11225573221842433,-0.019572893778482925,2.455918788909912,True,2.4095563888549805
28,28,129,2.1773858070373535,True,2.2942605018615723,True,0.11687469482421875,2.299432468414307,0.1220466613769533,-0.005171966552734553,2.2899961471557617,True,0.1126103401184082,0.004264354705810547,2.317951520284017,0.14056571324666356,-0.02369101842244481,2.312666416168213,True,2.2161126136779785
29,29,423,3.5008201599121094,True,3.8090105056762695,True,0.30819034576416016,3.7945684432983398,0.2937482833862304,0.014442062377929776,3.836676597595215,True,0.33585643768310547,-0.027666091918945312,3.840827306111654,0.3400071461995444,-0.03181680043538426,3.814974784851074,True,3.579817295074463
30,30,317,3.0528197288513184,True,3.150094509124756,True,0.0972747802734375,3.1570515632629395,0.1042318344116211,-0.006957054138183594,3.185875415802002,True,0.1330556869506836,-0.035780906677246094,3.166604995727539,0.1137852668762207,-0.016510486602783203,3.172229766845703,True,3.0836024284362793
31,31,937,-0.02737712860107422,False,0.1425628662109375,True,0.16993999481201172,0.13435325622558594,0.16173038482666016,0.008209609985351557,0.11176109313964844,True,0.13913822174072266,0.030801773071289062,0.18375428517659506,0.21113141377766928,-0.04119141896565756,0.14080333709716797,True,0.07006645202636719
32,32,676,1.6541929244995117,True,1.755533218383789,True,0.10134029388427734,1.7827556610107422,0.1285627365112305,-0.02722244262695317,1.797647476196289,True,0.14345455169677734,-0.0421142578125,1.7921655972798665,0.13797267278035474,-0.0366323788960774,1.773569107055664,True,1.7016839981079102
33,33,714,3.1294589042663574,True,3.2616958618164062,True,0.13223695755004883,3.276543617248535,0.14708471298217773,-0.014847755432128906,3.2812952995300293,True,0.15183639526367188,-0.019599437713623047,3.275909423828125,0.14645051956176758,-0.01421356201171875,3.2716012001037598,True,3.176616668701172
34,34,128,1.9136409759521484,True,2.0717849731445312,True,0.1581439971923828,2.0683465957641602,0.1547056198120118,0.003438377380371005,2.117316246032715,True,0.2036752700805664,-0.045531272888183594,2.096412976582845,0.18277200063069676,-0.02462800343831395,2.094104290008545,True,1.953768253326416
35,35,981,2.4351606369018555,True,2.639077663421631,True,0.2039170265197754,2.6374032974243162,0.20224266052246076,0.0016743659973146308,2.703742027282715,True,0.2685813903808594,-0.06466436386108398,2.7099227905273438,0.2747621536254883,-0.07084512710571289,2.7308826446533203,True,2.5087013244628906
36,36,907,0.6009607315063477,True,0.7939534187316895,True,0.1929926872253418,0.7816348075866699,0.18067407608032227,0.012318611145019531,0.7951478958129883,True,0.19418716430664062,-0.0011944770812988281,0.7614598274230957,0.16049909591674805,0.03249359130859375,0.7730317115783691,True,0.6618499755859375
37,37,220,2.485382080078125,True,2.637493133544922,True,0.15211105346679688,2.618870162963867,0.1334880828857421,0.018622970581054776,2.624331474304199,True,0.13894939422607422,0.013161659240722656,2.649768829345703,0.16438674926757812,-0.01227569580078125,2.643812656402588,True,2.553800106048584
38,38,833,0.44223976135253906,True,0.6516461372375488,True,0.20940637588500977,0.6688726425170899,0.22663288116455083,-0.01722650527954106,0.7141189575195312,True,0.2718791961669922,-0.06247282028198242,0.6776762008666992,0.23543643951416016,-0.02603006362915039,0.6783847808837891,True,0.4911961555480957
39,39,199,-4.222658157348633,False,-3.9745941162109375,False,0.2480640411376953,-3.9282087326049804,0.29444942474365243,-0.04638538360595712,-3.959928512573242,False,0.2627296447753906,-0.014665603637695312,-3.8908799489339194,0.3317782084147134,-0.08371416727701808,-3.9215755462646484,False,-4.112602233886719
40,40,778,1.8046536445617676,True,1.875147819519043,True,0.07049417495727539,1.8757264137268066,0.07107276916503902,-0.0005785942077636275,1.882704734802246,True,0.07805109024047852,-0.007556915283203125,1.8908179601033528,0.08616431554158521,-0.015670140584309822,1.8858528137207031,True,1.8224740028381348
41,41,269,0.3755507469177246,True,0.5870227813720703,True,0.2114720344543457,0.5206644058227539,0.14511365890502925,0.06635837554931645,0.5494732856750488,True,0.17392253875732422,0.037549495697021484,0.5691213607788086,0.19357061386108398,0.01790142059326172,0.6181583404541016,True,0.4366950988769531
42,42,44,0.20113039016723633,True,0.4989800453186035,True,0.2978496551513672,0.4801292419433594,0.27899885177612305,0.01885080337524414,0.4966559410095215,True,0.29552555084228516,0.0023241043090820312,0.5038456916809082,0.3027153015136719,-0.0048656463623046875,0.5030379295349121,True,0.37557363510131836
43,43,460,4.259126663208008,True,4.468850135803223,True,0.20972347259521484,4.509695243835449,0.2505685806274416,-0.04084510803222674,4.601911544799805,True,0.3427848815917969,-0.13306140899658203,4.541264692942302,0.2821380297342939,-0.07241455713907907,4.524636745452881,True,4.257778167724609
44,44,782,4.997118949890137,True,5.181941032409668,True,0.18482208251953125,5.176320171356201,0.1792012214660641,0.005620861053467152,5.203179359436035,True,0.20606040954589844,-0.021238327026367188,5.205051422119141,0.2079324722290039,-0.023110389709472656,5.181859493255615,True,5.045943260192871
45,45,612,5.250762462615967,True,5.349750995635986,True,0.09898853302001953,5.362466716766358,0.11170425415039098,-0.012715721130371449,5.367236137390137,True,0.11647367477416992,-0.01748514175415039,5.368057727813721,0.1172952651977539,-0.018306732177734375,5.361132621765137,True,5.282994747161865
46,46,276,-0.7648591995239258,False,-0.6328363418579102,False,0.13202285766601562,-0.618019962310791,0.14683923721313474,-0.014816379547119118,-0.5712714195251465,False,0.1935877799987793,-0.06156492233276367,-0.5704134305318197,0.19444576899210608,-0.06242291132609046,-0.5850143432617188,False,-0.7368564605712891
47,47,485,5.882957458496094,True,6.027451515197754,True,0.14449405670166016,6.019393444061279,0.13643598556518555,0.00805807113647461,6.038622856140137,True,0.15566539764404297,-0.011171340942382812,6.072405974070231,0.18944851557413767,-0.04495445887247751,6.0871429443359375,True,5.942110061645508
48,48,197,-6.526761531829834,False,-6.383561611175537,False,0.14319992065429688,-6.364955139160156,0.16180639266967756,-0.018606472015380682,-6.373785972595215,False,0.15297555923461914,-0.009775638580322266,-6.33333174387614,0.19342978795369437,-0.05022986729939749,-6.333837985992432,False,-6.500783920288086
49,49,753,5.057955741882324,True,5.254190444946289,True,0.19623470306396484,5.288872241973877,0.23091650009155273,-0.03468179702758789,5.329941749572754,True,0.2719860076904297,-0.07575130462646484,5.417335669199626,0.35937992731730173,-0.16314522425333688,5.377516746520996,True,5.116304397583008
50,50,125,3.0939764976501465,True,3.314924716949463,True,0.2209482192993164,3.3044652938842773,0.21048879623413086,0.010459423065185547,3.3391013145446777,True,0.24512481689453125,-0.024176597595214844,3.386324405670166,0.29234790802001953,-0.07139968872070312,3.387261390686035,True,3.184060573577881
51,51,879,3.637979030609131,True,4.0098466873168945,True,0.37186765670776367,4.102251815795898,0.4642727851867674,-0.09240512847900373,4.078526496887207,True,0.44054746627807617,-0.0686798095703125,4.0611146291097,0.42313559850056937,-0.051267941792805694,4.052480697631836,True,3.8101887702941895
52,52,100,5.080205917358398,True,5.203859329223633,True,0.12365341186523438,5.214848327636719,0.13464241027832013,-0.01098899841308576,5.2312140464782715,True,0.15100812911987305,-0.027354717254638672,5.255574385325114,0.1753684679667158,-0.051715056101481416,5.244210720062256,True,5.129791259765625
53,53,136,4.203523635864258,True,4.319826126098633,True,0.116302490234375,4.319600772857666,0.11607713699340838,0.00022535324096661924,4.3172125816345215,True,0.11368894577026367,0.002613544464111328,4.302655537923177,0.09913190205891897,0.017170588175456025,4.287088394165039,True,4.244455337524414
54,54,385,1.684915542602539,True,1.9947090148925781,True,0.30979347229003906,1.9612789154052734,0.2763633728027344,0.03343009948730469,1.9643974304199219,True,0.2794818878173828,0.03031158447265625,2.0093056360880532,0.3243900934855142,-0.014596621195475112,2.0131874084472656,True,1.8331542015075684
55,55,987,0.27652788162231445,True,0.42316436767578125,True,0.1466364860534668,0.3949570655822754,0.11842918395996094,0.02820730209350586,0.38700199127197266,True,0.1104741096496582,0.036162376403808594,0.4391663869222005,0.16263850529988605,-0.016002019246419252,0.41055727005004883,True,0.4028663635253906
56,56,81,1.0909619331359863,True,1.472254753112793,True,0.38129281997680664,1.5111895561218263,0.42022762298583993,-0.03893480300903329,1.529050350189209,True,0.43808841705322266,-0.056795597076416016,1.5310414632161458,0.44007953008015943,-0.05878671010335279,1.5377159118652344,True,1.2846169471740723
57,57,524,3.5285043716430664,True,3.7001700401306152,True,0.17166566848754883,3.6775965690612793,0.1490921974182129,0.022573471069335938,3.676943778991699,True,0.1484394073486328,0.023226261138916016,3.6824771563212075,0.15397278467814113,0.0176928838094077,3.666567325592041,True,3.608181953430176
58,58,78,2.5075197219848633,True,2.580874443054199,True,0.07335472106933594,2.633535861968994,0.12601613998413086,-0.05266141891479492,2.6137490272521973,True,0.10622930526733398,-0.03287458419799805,2.588597615559896,0.0810778935750327,-0.007723172505696763,2.640745162963867,True,2.5482330322265625
59,59,616,2.8250327110290527,True,2.9967923164367676,True,0.17175960540771484,2.997318744659424,0.1722860336303711,-0.00052642822265625,3.0149307250976562,True,0.18989801406860352,-0.018138408660888672,3.0462021827697754,0.22116947174072266,-0.04940986633300781,3.0111231803894043,True,2.8782224655151367
60,60,993,-7.713376998901367,False,-7.155900001525879,False,0.5574769973754883,-7.187582302093506,0.5257946968078615,0.031682300567626775,-7.158010959625244,False,0.555366039276123,0.0021109580993652344,-7.014167308807373,0.6992096900939941,-0.14173269271850586,-7.08635139465332,False,-7.566175937652588
61,61,805,-0.6624107360839844,False,-0.2452716827392578,False,0.41713905334472656,-0.2554333686828613,0.40697736740112306,0.010161685943603505,-0.044315338134765625,False,0.6180953979492188,-0.2009563446044922,-0.0642391840616862,0.5981715520222982,-0.1810324986775716,-0.18531417846679688,False,-0.4542860984802246
62,62,595,1.3126702308654785,True,1.6395797729492188,True,0.32690954208374023,1.6744258880615235,0.36175565719604497,-0.03484611511230473,1.7103705406188965,True,0.39770030975341797,-0.07079076766967773,1.7384562492370605,0.42578601837158203,-0.0988764762878418,1.7021393775939941,True,1.3776373863220215
63,63,537,5.346816062927246,True,5.460842132568359,True,0.11402606964111328,5.468271064758301,0.12145500183105451,-0.007428932189941229,5.4832048416137695,True,0.13638877868652344,-0.022362709045410156,5.46716833114624,0.12035226821899414,-0.006326198577880859,5.471749305725098,True,5.384651184082031
64,64,883,-0.4788985252380371,False,-0.3689756393432617,False,0.10992288589477539,-0.34674739837646484,0.13215112686157227,-0.022228240966796875,-0.3299283981323242,False,0.1489701271057129,-0.0390472412109375,-0.33388884862263996,0.14500967661539715,-0.03508679072062176,-0.3287177085876465,False,-0.4467964172363281
65,65,250,2.583897590637207,True,2.790774345397949,True,0.2068767547607422,2.7881614685058596,0.20426387786865252,0.002612876892089666,2.731044292449951,True,0.14714670181274414,0.05973005294799805,2.800213177998861,0.2163155873616538,-0.009438832600911606,2.788827896118164,True,2.6235570907592773
66,66,373,-3.062225341796875,False,-2.78607177734375,False,0.276153564453125,-2.7815582275390627,0.2806671142578123,-0.004513549804687322,-2.5986270904541016,False,0.46359825134277344,-0.18744468688964844,-2.6046826044718423,0.4575427373250327,-0.1813891728719077,-2.668788433074951,False,-3.0210442543029785
67,67,155,0.7670249938964844,True,0.9057893753051758,True,0.1387643814086914,0.9049821853637695,0.13795719146728513,0.0008071899414062722,0.916560173034668,True,0.1495351791381836,-0.010770797729492188,0.9611593882242838,0.19413439432779944,-0.055370012919108036,0.9648332595825195,True,0.8461813926696777
68,68,570,-1.4983201026916504,False,-1.1449098587036133,False,0.3534102439880371,-1.148669719696045,0.34965038299560547,0.0037598609924316406,-1.0936493873596191,False,0.40467071533203125,-0.05126047134399414,-1.0557937622070312,0.44252634048461914,-0.08911609649658203,-1.0335469245910645,False,-1.2874488830566406
69,69,923,6.0704545974731445,True,6.243766784667969,True,0.17331218719482422,6.213258457183838,0.14280385971069354,0.030508327484130682,6.19673490524292,True,0.1262803077697754,0.04703187942504883,6.24331521987915,0.17286062240600586,0.0004515647888183594,6.226009368896484,True,6.155242443084717
70,70,605,4.206976413726807,True,4.529207706451416,True,0.3222312927246094,4.483697319030762,0.27672090530395543,0.04551038742065394,4.566803455352783,True,0.35982704162597656,-0.03759574890136719,4.612575213114421,0.40559879938761423,-0.08336750666300485,4.613949298858643,True,4.352052211761475
71,71,157,6.770498275756836,True,6.9092302322387695,True,0.1387319564819336,6.89747200012207,0.12697372436523402,0.011758232116699574,6.9160027503967285,True,0.14550447463989258,-0.006772518157958984,6.926423072814941,0.15592479705810547,-0.017192840576171875,6.921557426452637,True,6.824786186218262
72,72,801,1.381443977355957,True,1.5218734741210938,True,0.14042949676513672,1.4850048065185546,0.10356082916259757,0.03686866760253915,1.4973011016845703,True,0.11585712432861328,0.024572372436523438,1.511763572692871,0.13031959533691406,0.010109901428222656,1.5114998817443848,True,1.4508380889892578
73,73,761,3.285186767578125,True,3.4356164932250977,True,0.15042972564697266,3.4712532997131347,0.18606653213500968,-0.03563680648803702,3.509596347808838,True,0.2244095802307129,-0.07397985458374023,3.501936912536621,0.2167501449584961,-0.06632041931152344,3.496903419494629,True,3.3424901962280273
74,74,966,-1.6935296058654785,False,-1.6244277954101562,False,0.06910181045532227,-1.63806209564209,0.05546751022338858,0.013634300231933683,-1.6417646408081055,False,0.05176496505737305,0.01733684539794922,-1.6237026850382488,0.06982692082722974,-0.0007251103719074781,-1.6274046897888184,False,-1.6447820663452148
75,75,50,1.9664745330810547,True,2.148852825164795,True,0.18237829208374023,2.127484893798828,0.16101036071777353,0.021367931365966708,2.184493064880371,True,0.2180185317993164,-0.03564023971557617,2.166344165802002,0.19986963272094727,-0.01749134063720703,2.1849708557128906,True,2.0365757942199707
76,76,138,4.283195495605469,True,4.3949055671691895,True,0.1117100715637207,4.393461894989014,0.1102663993835451,0.0014436721801756036,4.4283037185668945,True,0.14510822296142578,-0.03339815139770508,4.434373060862224,0.15117756525675485,-0.03946749369303415,4.4163312911987305,True,4.3236541748046875
77,77,159,-1.6426677703857422,False,-1.4405403137207031,False,0.20212745666503906,-1.4094626426696777,0.2332051277160645,-0.031077671051025435,-1.3381710052490234,False,0.30449676513671875,-0.10236930847167969,-1.3345146179199219,0.3081531524658203,-0.10602569580078125,-1.3442564010620117,False,-1.591895580291748
78,78,137,5.636903762817383,True,5.783585071563721,True,0.1466813087463379,5.789574432373047,0.15267066955566388,-0.005989360809325994,5.818471908569336,True,0.18156814575195312,-0.034886837005615234,5.821156183878581,0.1842524210611982,-0.03757111231486032,5.822878837585449,True,5.692793846130371
79,79,934,3.0668258666992188,True,3.3205089569091797,True,0.25368309020996094,3.326485252380371,0.25965938568115243,-0.005976295471191495,3.3013792037963867,True,0.23455333709716797,0.01912975311279297,3.3199798266092935,0.2531539599100747,0.0005291302998862157,3.3161563873291016,True,3.1818137168884277
80,80,268,6.306271553039551,True,6.40076208114624,True,0.09449052810668945,6.416121101379394,0.1098495483398434,-0.015359020233153942,6.412175178527832,True,0.10590362548828125,-0.011413097381591797,6.378193378448486,0.07192182540893555,0.022568702697753906,6.397830009460449,True,6.380263328552246
81,81,112,4.0626654624938965,True,4.312533855438232,True,0.24986839294433594,4.312198352813721,0.2495328903198244,0.0003355026245115411,4.321933269500732,True,0.25926780700683594,-0.0093994140625,4.3687136967976885,0.306048234303792,-0.056179841359456084,4.356685638427734,True,4.1389546394348145
82,82,175,-1.0930404663085938,False,-0.9127864837646484,False,0.1802539825439453,-0.9224756240844727,0.17056484222412105,0.009689140319824263,-0.8887267112731934,False,0.2043137550354004,-0.024059772491455078,-0.910254160563151,0.18278630574544275,-0.002532323201497433,-0.9029426574707031,False,-1.0077977180480957
83,83,347,4.98819637298584,True,5.132678031921387,True,0.14448165893554688,5.1550005912780765,0.16680421829223668,-0.02232255935668981,5.151939868927002,True,0.1637434959411621,-0.019261837005615234,5.16853396097819,0.18033758799235056,-0.03585592905680368,5.1740570068359375,True,5.030147075653076
84,84,506,7.350839138031006,True,7.396197319030762,True,0.04535818099975586,7.396493148803711,0.045654010772705256,-0.0002958297729493964,7.384503364562988,True,0.03366422653198242,0.011693954467773438,7.389777183532715,0.038938045501708984,0.006420135498046875,7.39021635055542,True,7.389351844787598
85,85,266,4.936960697174072,True,5.022972583770752,True,0.08601188659667969,5.051523494720459,0.11456279754638654,-0.028550910949706854,5.048908233642578,True,0.11194753646850586,-0.025935649871826172,5.049858093261719,0.11289739608764648,-0.026885509490966797,5.03156042098999,True,4.953131198883057
86,86,754,-3.831303119659424,False,-3.7311482429504395,False,0.10015487670898438,-3.6952468872070314,0.1360562324523924,-0.035901355743408025,-3.648941993713379,False,0.18236112594604492,-0.08220624923706055,-3.6892754236857095,0.14202769597371434,-0.041872819264729966,-3.6986312866210938,False,-3.8002095222473145
87,87,947,4.67625617980957,True,5.02919864654541,True,0.35294246673583984,5.022068309783935,0.34581212997436506,0.007130336761474787,4.991093158721924,True,0.3148369789123535,0.03810548782348633,4.973654270172119,0.29739809036254883,0.055544376373291016,4.998929500579834,True,4.8160247802734375
88,88,80,5.971229553222656,True,6.179316997528076,True,0.20808744430541992,6.162078762054444,0.19084920883178746,0.017238235473632457,6.1648850440979,True,0.19365549087524414,0.014431953430175781,6.204278786977132,0.23304923375447562,-0.024961789449055694,6.190728664398193,True,6.04993200302124
89,89,397,6.429078578948975,True,6.621787071228027,True,0.19270849227905273,6.614854335784912,0.1857757568359375,0.006932735443115234,6.618829727172852,True,0.18975114822387695,0.0029573440551757812,6.641002655029297,0.21192407608032227,-0.01921558380126953,6.640523910522461,True,6.478171348571777
90,90,425,5.988250732421875,True,6.16748046875,True,0.179229736328125,6.161965847015381,0.17371511459350586,0.005514621734619141,6.201979637145996,True,0.2137289047241211,-0.034499168395996094,6.252926667531331,0.2646759351094561,-0.08544619878133108,6.251608848571777,True,6.051754474639893
91,91,555,-8.094731330871582,False,-7.833160400390625,False,0.26157093048095703,-7.890372276306152,0.2043590545654297,0.057211875915527344,-7.8719987869262695,False,0.2227325439453125,0.03883838653564453,-7.805495897928874,0.28923543294270804,-0.027664502461751006,-7.782415390014648,False,-7.960137367248535
92,92,633,6.224216461181641,True,6.3571906089782715,True,0.13297414779663086,6.397321128845215,0.17310466766357457,-0.040130519866943715,6.410764694213867,True,0.18654823303222656,-0.0535740852355957,6.382957299550374,0.15874083836873343,-0.02576669057210257,6.400113105773926,True,6.263155937194824
93,93,684,0.7671322822570801,True,1.1167936325073242,True,0.34966135025024414,1.1331689834594727,0.3660367012023926,-0.016375350952148482,1.1773295402526855,True,0.41019725799560547,-0.06053590774536133,1.1327975591023762,0.36566527684529615,-0.01600392659505201,1.1141538619995117,True,0.9120035171508789
94,94,807,1.3012495040893555,True,1.506629467010498,True,0.20537996292114258,1.6225751876831054,0.3213256835937499,-0.11594572067260733,1.6466560363769531,True,0.34540653228759766,-0.14002656936645508,1.4776002566019695,0.176350752512614,0.029029210408528572,1.487696647644043,True,1.4275832176208496
95,95,837,6.773691177368164,True,6.838834762573242,True,0.06514358520507812,6.772802352905273,-0.000888824462890625,0.06603240966796875,6.794321060180664,True,0.0206298828125,0.044513702392578125,6.758465766906738,-0.015225410461425781,0.0803689956665039,6.805102348327637,True,6.761187553405762
96,96,840,6.238333225250244,True,6.372810363769531,True,0.1344771385192871,6.368172550201416,0.12983932495117223,0.004637813568114879,6.393531799316406,True,0.1551985740661621,-0.020721435546875,6.394933541615804,0.1566003163655596,-0.02212317784627249,6.370606422424316,True,6.283563613891602
97,97,959,4.987981796264648,True,5.19241189956665,True,0.20443010330200195,5.173985958099365,0.1860041618347168,0.018425941467285156,5.168519496917725,True,0.18053770065307617,0.02389240264892578,5.197122255961101,0.20914045969645212,-0.004710356394450166,5.158900260925293,True,5.028511047363281
98,98,721,6.759283065795898,True,6.9014573097229,True,0.14217424392700195,6.899766349792481,0.1404832839965824,0.0016909599304195666,6.906418323516846,True,0.14713525772094727,-0.0049610137939453125,6.891824722290039,0.13254165649414062,0.009632587432861328,6.899718284606934,True,6.836286544799805
99,99,737,5.373819351196289,True,5.704726696014404,True,0.33090734481811523,5.7221756935119625,0.3483563423156735,-0.01744899749755824,5.710818290710449,True,0.33699893951416016,-0.006091594696044922,5.758347193400065,0.38452784220377634,-0.0536204973856611,5.722864151000977,True,5.4607086181640625
100,100,751,7.009280681610107,True,7.112071514129639,True,0.10279083251953125,7.09055233001709,0.08127164840698242,0.021519184112548828,7.054606914520264,True,0.04532623291015625,0.057464599609375,7.082049051920573,0.07276837031046579,0.03002246220906546,7.081906795501709,True,7.044467449188232
101,101,642,-4.542355060577393,False,-3.8605599403381348,False,0.6817951202392578,-3.887117290496826,0.6552377700805665,0.026557350158691317,-3.754377841949463,False,0.7879772186279297,-0.10618209838867188,-3.694352467854818,0.8480025927225747,-0.1662074724833169,-3.829063892364502,False,-4.190901279449463
102,102,579,5.184453964233398,True,5.279007911682129,True,0.09455394744873047,5.3024725914001465,0.11801862716674805,-0.023464679718017578,5.332023620605469,True,0.1475696563720703,-0.053015708923339844,5.340898831685384,0.15644486745198538,-0.06189092000325491,5.341246604919434,True,5.202958106994629
103,103,535,7.293413162231445,True,7.356711387634277,True,0.06329822540283203,7.38401460647583,0.09060144424438477,-0.027303218841552734,7.383981227874756,True,0.09056806564331055,-0.027269840240478516,7.327258904774983,0.033845742543538115,0.029452482859293916,7.367374897003174,True,7.31764030456543
104,104,404,5.485853672027588,True,6.006128311157227,True,0.5202746391296387,6.022032737731934,0.5361790657043457,-0.01590442657470703,6.102475166320801,True,0.6166214942932129,-0.09634685516357422,6.204714298248291,0.7188606262207031,-0.19858598709106445,6.22511100769043,True,5.639517784118652
105,105,382,1.5381202697753906,True,2.0618762969970703,True,0.5237560272216797,2.018922233581543,0.48080196380615225,0.04295406341552743,2.0546951293945312,True,0.5165748596191406,0.0071811676025390625,2.1494506200154624,0.6113303502400718,-0.08757432301839208,2.1439552307128906,True,1.7628483772277832
106,106,434,1.3723978996276855,True,2.2717838287353516,True,0.899385929107666,2.097733497619629,0.7253355979919434,0.17405033111572266,2.1627235412597656,True,0.7903256416320801,0.10906028747558594,2.292616844177246,0.9202189445495605,-0.02083301544189453,2.1851806640625,True,1.6302051544189453
107,107,219,6.377779960632324,True,6.493459701538086,True,0.11567974090576172,6.543796634674072,0.1660166740417477,-0.05033693313598597,6.5367889404296875,True,0.15900897979736328,-0.04332923889160156,6.5599541664123535,0.1821742057800293,-0.06649446487426758,6.555424690246582,True,6.396988868713379
108,108,109,2.4080810546875,True,2.6930227279663086,True,0.2849416732788086,2.68322639465332,0.27514533996582013,0.009796333312988459,2.6637258529663086,True,0.2556447982788086,0.029296875,2.70051638285319,0.29243532816568996,-0.007493654886881362,2.715268135070801,True,2.517024040222168
109,109,599,4.134860515594482,True,4.3048834800720215,True,0.17002296447753906,4.313298511505127,0.17843799591064435,-0.008415031433105291,4.317592144012451,True,0.18273162841796875,-0.012708663940429688,4.29479455947876,0.15993404388427734,0.010088920593261719,4.303264617919922,True,4.185892105102539
110,110,952,1.036224365234375,True,1.579085350036621,True,0.5428609848022461,1.4397733688354493,0.40354900360107426,0.13931198120117183,1.5854206085205078,True,0.5491962432861328,-0.006335258483886719,1.6047916412353516,0.5685672760009766,-0.02570629119873047,1.5851716995239258,True,1.282081127166748
111,111,215,6.837322235107422,True,7.044928550720215,True,0.20760631561279297,7.043857765197754,0.2065355300903322,0.0010707855224607599,7.042489528656006,True,0.20516729354858398,0.0024390220642089844,7.02378781636556,0.18646558125813772,0.021140734354655244,7.043023109436035,True,6.919581413269043
112,112,500,2.4574456214904785,True,3.000552177429199,True,0.5431065559387207,3.0005173683166504,0.5430717468261719,3.4809112548828125e-05,3.0377068519592285,True,0.58026123046875,-0.0371546745300293,3.1106727917989097,0.6532271703084311,-0.11012061436971043,3.10439395904541,True,2.6608877182006836
113,113,258,5.403593063354492,True,5.633148193359375,True,0.2295551300048828,5.613157749176025,0.2095646858215332,0.01999044418334961,5.59860372543335,True,0.19501066207885742,0.03454446792602539,5.6135203043619795,0.20992724100748728,0.019627888997395537,5.59581184387207,True,5.481139659881592
114,114,860,2.9520959854125977,True,3.1681056022644043,True,0.21600961685180664,3.2406044006347656,0.28850841522216797,-0.07249879837036133,3.2307820320129395,True,0.2786860466003418,-0.06267642974853516,3.2318660418192544,0.27977005640665675,-0.06376043955485011,3.186829090118408,True,3.054865837097168
115,115,516,4.845979690551758,True,4.975735664367676,True,0.12975597381591797,5.013663291931152,0.16768360137939453,-0.03792762756347656,5.039145469665527,True,0.19316577911376953,-0.06340980529785156,5.026316006978353,0.18033631642659476,-0.05058034261067679,5.024846076965332,True,4.86591911315918
116,116,329,-3.3546180725097656,False,-3.002502918243408,False,0.3521151542663574,-2.9514287948608398,0.40318927764892587,-0.05107412338256845,-2.7519006729125977,False,0.602717399597168,-0.25060224533081055,-2.832393487294515,0.5222245852152505,-0.17010943094889308,-2.8925232887268066,False,-3.231443405151367
117,117,141,4.762093544006348,True,5.031085014343262,True,0.26899147033691406,5.032736968994141,0.27064342498779315,-0.0016519546508790839,5.080756187438965,True,0.3186626434326172,-0.049671173095703125,5.03854497273763,0.27645142873128226,-0.0074599583943681935,5.017058372497559,True,4.825151443481445
118,118,362,1.7425012588500977,True,1.8999910354614258,True,0.15748977661132812,1.9302072525024414,0.18770599365234375,-0.030216217041015625,1.9222502708435059,True,0.1797490119934082,-0.022259235382080078,1.9312725067138672,0.18877124786376953,-0.031281471252441406,1.9217143058776855,True,1.7966737747192383
119,119,900,-6.544417381286621,False,-6.294928073883057,False,0.24948930740356445,-6.315524768829346,0.2288926124572752,0.02059669494628924,-6.17341423034668,False,0.3710031509399414,-0.12151384353637695,-6.1905568440755205,0.35386053721110056,-0.1043712298075361,-6.203807830810547,False,-6.434774398803711
120,120,585,5.2067413330078125,True,5.368734359741211,True,0.16199302673339844,5.386579895019532,0.1798385620117191,-0.017845535278320668,5.397831916809082,True,0.19109058380126953,-0.029097557067871094,5.422684033711751,0.2159427007039385,-0.05394967397054007,5.423619270324707,True,5.269496440887451
121,121,514,5.273714065551758,True,5.436545372009277,True,0.16283130645751953,5.452921962738037,0.17920789718627894,-0.01637659072875941,5.452542304992676,True,0.17882823944091797,-0.015996932983398438,5.475735346476237,0.20202128092447946,-0.03918997446695993,5.4733076095581055,True,5.324586868286133
122,122,181,6.148603916168213,True,6.264482498168945,True,0.11587858200073242,6.277738094329834,0.1291341781616211,-0.013255596160888672,6.27910041809082,True,0.13049650192260742,-0.014617919921875,6.2974700927734375,0.1488661766052246,-0.03298759460449219,6.258804798126221,True,6.168654918670654
123,123,374,0.8351736068725586,True,1.0610885620117188,True,0.22591495513916016,1.0603659629821778,0.22519235610961919,0.0007225990295409712,1.0663070678710938,True,0.23113346099853516,-0.005218505859375,1.1206258138020833,0.28545220692952467,-0.05953725179036451,1.0968008041381836,True,0.9270200729370117
124,124,4,1.1779613494873047,True,1.3847575187683105,True,0.20679616928100586,1.348062801361084,0.17010145187377934,0.03669471740722652,1.2897696495056152,True,0.11180830001831055,0.09498786926269531,1.400544007619222,0.22258265813191724,-0.015786488850911384,1.305222988128662,True,1.2231240272521973
125,125,916,4.298376083374023,True,4.467781066894531,True,0.1694049835205078,4.496741771697998,0.1983656883239746,-0.028960704803466797,4.502788543701172,True,0.20441246032714844,-0.035007476806640625,4.543108781178792,0.24473269780476858,-0.07532771428426077,4.518327713012695,True,4.343647003173828
126,126,424,4.775573253631592,True,5.087215423583984,True,0.3116421699523926,5.127623271942139,0.35205001831054705,-0.040407848358154475,5.078754425048828,True,0.30318117141723633,0.00846099853515625,5.1322024663289385,0.3566292126973467,-0.04498704274495413,5.148957252502441,True,4.935959815979004
127,127,19,3.4976577758789062,True,3.6721720695495605,True,0.1745142936706543,3.673906135559082,0.1762483596801756,-0.0017340660095213067,3.6571621894836426,True,0.15950441360473633,0.015009880065917969,3.673561414082845,0.17590363820393895,-0.0013893445332846532,3.6522269248962402,True,3.5619959831237793
128,128,698,4.127963542938232,True,4.227969646453857,True,0.100006103515625,4.234505653381348,0.10654211044311523,-0.006536006927490234,4.24483060836792,True,0.1168670654296875,-0.0168609619140625,4.256123224894206,0.1281596819559736,-0.028153578440348603,4.247763156890869,True,4.164248466491699
129,129,671,5.929445266723633,True,6.082171440124512,True,0.1527261734008789,6.082900524139404,0.15345525741577148,-0.0007290840148925781,6.081762313842773,True,0.15231704711914062,0.00040912628173828125,6.114775975545247,0.1853307088216143,-0.03260453542073538,6.092770099639893,True,5.999086380004883
130,130,147,6.297343730926514,True,6.423245429992676,True,0.1259016990661621,6.452486896514893,0.15514316558837926,-0.029241466522217152,6.487603187561035,True,0.19025945663452148,-0.06435775756835938,6.4763485590616865,0.17900482813517282,-0.05310312906901071,6.471464157104492,True,6.313128471374512
131,131,229,5.824302673339844,True,6.045655250549316,True,0.22135257720947266,6.018365097045899,0.19406242370605487,0.02729015350341779,6.046097755432129,True,0.22179508209228516,-0.0004425048828125,6.033684253692627,0.2093815803527832,0.011970996856689453,6.035202980041504,True,5.862361907958984
132,132,190,3.0650272369384766,True,3.1600184440612793,True,0.09499120712280273,3.167993927001953,0.10296669006347647,-0.00797548294067374,3.168015480041504,True,0.10298824310302734,-0.00799703598022461,3.182569980621338,0.11754274368286133,-0.022551536560058594,3.168153762817383,True,3.073376178741455
133,133,525,6.720094680786133,True,6.800263404846191,True,0.0801687240600586,6.781880474090576,0.061785793304443004,0.01838293075561559,6.7732367515563965,True,0.05314207077026367,0.027026653289794922,6.807703336079915,0.08760865529378226,-0.007439931233723662,6.790770530700684,True,6.777902126312256
134,134,799,2.8919405937194824,True,3.418147087097168,True,0.5262064933776855,3.346261978149414,0.45432138442993164,0.0718851089477539,3.361318588256836,True,0.4693779945373535,0.05682849884033203,3.492989699045817,0.6010491053263345,-0.07484261194864894,3.4465713500976562,True,3.104696273803711
135,135,24,6.9615559577941895,True,7.064094543457031,True,0.1025385856628418,7.048242568969727,0.08668661117553711,0.015851974487304688,7.048457145690918,True,0.08690118789672852,0.01563739776611328,7.055230776468913,0.0936748186747236,0.008863766988118194,7.066532135009766,True,7.0222978591918945
136,136,158,4.701096534729004,True,4.987303733825684,True,0.2862071990966797,5.010888957977295,0.30979242324829137,-0.023585224151611683,5.024226188659668,True,0.32312965393066406,-0.036922454833984375,5.131143887837728,0.43004735310872366,-0.14384015401204397,5.090115547180176,True,4.7645440101623535
137,137,189,2.950693130493164,True,3.3836703300476074,True,0.43297719955444336,3.400551986694336,0.44985885620117205,-0.016881656646728693,3.3913960456848145,True,0.4407029151916504,-0.007725715637207031,3.5408482551574707,0.5901551246643066,-0.15717792510986328,3.5633721351623535,True,3.0549449920654297
138,138,821,5.60723876953125,True,5.7475996017456055,True,0.14036083221435547,5.7575078964233395,0.1502691268920895,-0.00990829467773402,5.807864189147949,True,0.20062541961669922,-0.06026458740234375,5.801205317179362,0.19396654764811228,-0.053605715433756806,5.802309036254883,True,5.675238132476807
139,139,647,5.875706195831299,True,6.026765823364258,True,0.15105962753295898,6.019260501861572,0.14355430603027308,0.007505321502685902,6.030394554138184,True,0.15468835830688477,-0.0036287307739257812,6.034053643544515,0.15834744771321585,-0.007287820180256865,6.023308753967285,True,5.954034328460693
140,140,363,3.641446113586426,True,3.8478097915649414,True,0.20636367797851562,3.8274155616760255,0.1859694480895997,0.020394229888915927,3.783620834350586,True,0.14217472076416016,0.06418895721435547,3.869230588277181,0.22778447469075536,-0.02142079671223973,3.8491506576538086,True,3.754781723022461
141,141,398,5.753557205200195,True,5.907489776611328,True,0.1539325714111328,5.882999229431152,0.12944202423095685,0.02449054718017596,5.897915840148926,True,0.14435863494873047,0.009573936462402344,5.885336716969808,0.13177951176961233,0.02215305964152048,5.89329719543457,True,5.846928596496582
142,142,760,2.7514142990112305,True,3.1343841552734375,True,0.38296985626220703,3.104514312744141,0.35310001373291033,0.029869842529296697,3.0986337661743164,True,0.34721946716308594,0.035750389099121094,3.1481943130493164,0.39678001403808594,-0.013810157775878906,3.1108832359313965,True,2.883662700653076
143,143,87,6.545615196228027,True,6.698757171630859,True,0.15314197540283203,6.6992181777954105,0.15360298156738317,-0.0004610061645511365,6.68776273727417,True,0.14214754104614258,0.010994434356689453,6.662658055623372,0.11704285939534476,0.036099116007487275,6.662696838378906,True,6.600580215454102
144,144,77,5.200658321380615,True,5.495294570922852,True,0.29463624954223633,5.490751266479492,0.29009294509887695,0.004543304443359375,5.495981693267822,True,0.29532337188720703,-0.0006871223449707031,5.475159486134847,0.2745011647542315,0.020135084788004853,5.487444877624512,True,5.32777214050293
145,145,909,6.75702428817749,True,6.849603652954102,True,0.09257936477661133,6.858342075347901,0.10131778717041051,-0.008738422393799183,6.854036331176758,True,0.09701204299926758,-0.00443267822265625,6.861109733581543,0.10408544540405273,-0.011506080627441406,6.855997085571289,True,6.78916597366333
146,146,618,1.8502273559570312,True,2.4966483116149902,True,0.646420955657959,2.568272590637207,0.7180452346801758,-0.0716242790222168,2.6570754051208496,True,0.8068480491638184,-0.16042709350585938,2.7275733947753906,0.8773460388183594,-0.2309250831604004,2.708127498626709,True,1.92915678024292
147,147,236,6.154675006866455,True,6.30876350402832,True,0.15408849716186523,6.349778175354004,0.19510316848754883,-0.041014671325683594,6.373629093170166,True,0.21895408630371094,-0.0648655891418457,6.3628950119018555,0.2082200050354004,-0.054131507873535156,6.344928741455078,True,6.242700576782227
148,148,316,0.8153257369995117,True,1.0009093284606934,True,0.18558359146118164,1.025367546081543,0.2100418090820313,-0.024458217620849654,1.0036263465881348,True,0.18830060958862305,-0.0027170181274414062,1.017379601796468,0.2020538647969563,-0.016470273335774666,1.0274262428283691,True,0.8463940620422363
149,149,161,2.5501060485839844,True,2.825145721435547,True,0.2750396728515625,2.825768756866455,0.2756627082824705,-0.0006230354309080255,2.8702774047851562,True,0.3201713562011719,-0.045131683349609375,2.8303945859273276,0.28028853734334325,-0.005248864491780747,2.8206734657287598,True,2.663839817047119
150,150,729,6.061397552490234,True,6.176679611206055,True,0.11528205871582031,6.205089569091797,0.1436920166015625,-0.028409957885742188,6.242025375366211,True,0.18062782287597656,-0.06534576416015625,6.217765808105469,0.15636825561523438,-0.04108619689941406,6.174622535705566,True,6.056948184967041
151,151,461,3.7722673416137695,True,4.05806827545166,True,0.2858009338378906,4.057113265991211,0.28484592437744105,0.000955009460449574,4.0599517822265625,True,0.28768444061279297,-0.0018835067749023438,4.110377311706543,0.33810997009277344,-0.05230903625488281,4.110805988311768,True,3.8602395057678223
152,152,421,4.1369709968566895,True,4.282925128936768,True,0.14595413208007812,4.322356224060059,0.18538522720336914,-0.039431095123291016,4.333856105804443,True,0.1968851089477539,-0.05093097686767578,4.330998261769612,0.19402726491292288,-0.048073132832844756,4.337206840515137,True,4.170248508453369
153,153,364,2.960517406463623,True,3.179419994354248,True,0.218902587890625,3.169425106048584,0.20890769958496103,0.009994888305663974,3.175166606903076,True,0.21464920043945312,0.004253387451171875,3.236722946166992,0.27620553970336914,-0.05730295181274414,3.219573497772217,True,3.056023120880127
154,154,830,3.855952262878418,True,4.063564300537109,True,0.2076120376586914,4.040570640563965,0.18461837768554723,0.022993659973144176,4.055983066558838,True,0.20003080368041992,0.007581233978271484,4.102211634318034,0.24625937143961618,-0.038647333780924775,4.097376346588135,True,3.9258432388305664
155,155,584,3.634023666381836,True,3.7500510215759277,True,0.1160273551940918,3.780330944061279,0.14630727767944318,-0.030279922485351385,3.8050994873046875,True,0.17107582092285156,-0.055048465728759766,3.8111170132954917,0.17709334691365575,-0.06106599171956395,3.7965598106384277,True,3.6486964225769043
156,156,597,3.86448335647583,True,4.073774814605713,True,0.2092914581298828,4.086234474182129,0.22175111770629918,-0.012459659576416371,4.12073278427124,True,0.25624942779541016,-0.046957969665527344,4.145107587178548,0.2806242307027178,-0.07133277257283499,4.134885787963867,True,3.945054054260254
157,157,702,5.280606746673584,True,5.536570072174072,True,0.2559633255004883,5.535367488861084,0.2547607421875,0.0012025833129882812,5.535914421081543,True,0.255307674407959,0.0006556510925292969,5.5447203318278,0.2641135851542158,-0.00815025965372751,5.510441780090332,True,5.339570999145508
158,158,21,2.817763328552246,True,3.11537504196167,True,0.29761171340942383,3.1545418739318847,0.3367785453796386,-0.039166831970214755,3.2642650604248047,True,0.4465017318725586,-0.14889001846313477,3.226508458455404,0.4087451299031577,-0.11113341649373387,3.232213020324707,True,2.864549160003662
159,159,334,4.4235382080078125,True,4.655436992645264,True,0.23189878463745117,4.634464454650879,0.21092624664306658,0.020972537994384588,4.65798282623291,True,0.23444461822509766,-0.0025458335876464844,4.657511075337728,0.23397286732991507,-0.0020740826924638966,4.6384758949279785,True,4.473515033721924
160,160,797,5.702096939086914,True,5.853930473327637,True,0.15183353424072266,5.8636167526245115,0.16151981353759748,-0.009686279296874822,5.896862506866455,True,0.19476556777954102,-0.04293203353881836,5.903176466623942,0.2010795275370283,-0.049245993296305635,5.899890899658203,True,5.732625484466553
161,161,211,3.2795352935791016,True,3.4407687187194824,True,0.16123342514038086,3.470203495025635,0.1906682014465333,-0.029434776306152433,3.480271339416504,True,0.20073604583740234,-0.039502620697021484,3.4879064559936523,0.20837116241455078,-0.04713773727416992,3.4893980026245117,True,3.2745261192321777
162,162,11,-0.48241472244262695,False,-0.2198491096496582,False,0.26256561279296875,-0.2178481101989746,0.26456661224365235,-0.002000999450683605,-0.2132430076599121,False,0.26917171478271484,-0.006606101989746094,-0.19194793701171875,0.2904667854309082,-0.027901172637939453,-0.19408655166625977,False,-0.3973088264465332
163,163,134,-5.1720685958862305,False,-4.838131427764893,False,0.3339371681213379,-4.861365890502929,0.31070270538330114,0.023234462738036754,-4.787102222442627,False,0.3849663734436035,-0.051029205322265625,-4.747548421223958,0.42452017466227243,-0.09058300654093454,-4.823777198791504,False,-5.035900115966797
164,164,928,3.4728612899780273,True,3.829798698425293,True,0.3569374084472656,3.845218849182129,0.37235755920410174,-0.015420150756836115,3.810060977935791,True,0.33719968795776367,0.019737720489501953,3.931084473927816,0.45822318394978856,-0.10128577550252293,3.9040160179138184,True,3.590318202972412
165,165,791,0.6700057983398438,True,1.0787005424499512,True,0.4086947441101074,1.0190598487854003,0.3490540504455566,0.059640693664550826,1.1196351051330566,True,0.4496293067932129,-0.04093456268310547,1.117956002553304,0.4479502042134602,-0.03925546010335279,1.1290841102600098,True,0.7993741035461426
166,166,502,0.7326631546020508,True,0.910374641418457,True,0.17771148681640625,0.9043433189392089,0.17168016433715816,0.006031322479248091,0.9042425155639648,True,0.17157936096191406,0.0061321258544921875,0.9424114227294922,0.2097482681274414,-0.032036781311035156,0.922572135925293,True,0.7499532699584961
167,167,828,0.7044577598571777,True,0.8453879356384277,True,0.14093017578125,0.8413851737976075,0.13692741394042973,0.004002761840820268,0.8269228935241699,True,0.12246513366699219,0.018465042114257812,0.850538412729899,0.14608065287272132,-0.005150477091471317,0.8444671630859375,True,0.752321720123291
168,168,187,3.896390438079834,True,4.189424991607666,True,0.29303455352783203,4.202546119689941,0.3061556816101074,-0.01312112808227539,4.259190082550049,True,0.36279964447021484,-0.06976509094238281,4.277305920918782,0.38091548283894827,-0.08788092931111624,4.278558731079102,True,3.975579261779785
169,169,836,0.32033681869506836,True,0.7634057998657227,True,0.4430689811706543,0.672456932067871,0.3521201133728027,0.0909488677978516,0.7570309638977051,True,0.4366941452026367,0.006374835968017578,0.7823578516642252,0.46202103296915686,-0.018952051798502567,0.7736406326293945,True,0.616518497467041
170,170,533,3.6170411109924316,True,3.78477144241333,True,0.16773033142089844,3.7883206367492677,0.17127952575683603,-0.003549194335937589,3.79841947555542,True,0.18137836456298828,-0.013648033142089844,3.8245787620544434,0.20753765106201172,-0.03980731964111328,3.8143906593322754,True,3.6491050720214844
171,171,311,5.161355018615723,True,5.358964443206787,True,0.19760942459106445,5.346430492401123,0.18507547378540057,0.012533950805663885,5.4190754890441895,True,0.2577204704284668,-0.060111045837402344,5.417600631713867,0.25624561309814453,-0.05863618850708008,5.394492149353027,True,5.226578712463379
172,172,342,4.00392484664917,True,4.066061496734619,True,0.06213665008544922,4.030225563049316,0.026300716400146307,0.03583593368530291,3.957028865814209,True,-0.04689598083496094,0.10903263092041016,3.97389554977417,-0.030029296875,0.09216594696044922,3.9928460121154785,True,4.07618522644043
173,173,357,4.444443225860596,True,4.787841796875,True,0.3433985710144043,4.777841091156006,0.33339786529541016,0.01000070571899414,4.79102897644043,True,0.346585750579834,-0.0031871795654296875,4.825560410817464,0.3811171849568682,-0.0377186139424639,4.8356099128723145,True,4.603440284729004
174,174,957,4.500054836273193,True,4.7919020652771,True,0.29184722900390625,4.78106689453125,0.28101205825805664,0.01083517074584961,4.81707763671875,True,0.31702280044555664,-0.02517557144165039,4.848371982574463,0.34831714630126953,-0.05646991729736328,4.847764015197754,True,4.621217250823975
175,175,463,6.163777828216553,True,6.334443092346191,True,0.17066526412963867,6.283093547821045,0.11931571960449183,0.05134954452514684,6.299643516540527,True,0.1358656883239746,0.03479957580566406,6.314478397369385,0.15070056915283203,0.01996469497680664,6.317633628845215,True,6.223788261413574
176,176,861,5.668844699859619,True,5.998665809631348,True,0.3298211097717285,5.959173107147217,0.290328407287598,0.039492702484130504,5.991420269012451,True,0.32257556915283203,0.007245540618896484,6.06198263168335,0.39313793182373047,-0.06331682205200195,6.051482200622559,True,5.734098434448242
177,177,812,1.2385458946228027,True,1.4350152015686035,True,0.19646930694580078,1.4313116073608398,0.1927657127380371,0.003703594207763672,1.4441008567810059,True,0.20555496215820312,-0.009085655212402344,1.4648566246032715,0.22631072998046875,-0.02984142303466797,1.4539036750793457,True,1.3037152290344238
178,178,152,5.911460876464844,True,6.155027389526367,True,0.24356651306152344,6.107255649566651,0.19579477310180682,0.04777173995971662,6.155189514160156,True,0.2437286376953125,-0.0001621246337890625,6.161206245422363,0.24974536895751953,-0.006178855895996094,6.153766632080078,True,5.985498428344727
179,179,780,4.340931415557861,True,4.487170696258545,True,0.1462392807006836,4.487658405303955,0.1467269897460941,-0.0004877090454105115,4.489058017730713,True,0.14812660217285156,-0.0018873214721679688,4.519124190012614,0.1781927744547529,-0.031953493754069306,4.513912677764893,True,4.401936054229736
180,180,688,2.3624815940856934,True,2.547830581665039,True,0.1853489875793457,2.5489179611206056,0.1864363670349123,-0.0010873794555665839,2.5877575874328613,True,0.22527599334716797,-0.039927005767822266,2.607854684193929,0.24537309010823583,-0.06002410252889012,2.599552631378174,True,2.4247078895568848
181,181,581,4.244323253631592,True,4.489643573760986,True,0.24532032012939453,4.538688468933105,0.2943652153015135,-0.04904489517211896,4.5303144454956055,True,0.28599119186401367,-0.04067087173461914,4.597919464111328,0.35359621047973633,-0.1082758903503418,4.575009346008301,True,4.266144752502441
182,182,904,1.3413219451904297,True,2.0840930938720703,True,0.7427711486816406,2.14091215133667,0.7995902061462403,-0.0568190574645997,2.2938880920410156,True,0.9525661468505859,-0.2097949981689453,2.279474894205729,0.9381529490152993,-0.1953818003336587,2.311844825744629,True,1.5550355911254883
183,183,875,5.175817489624023,True,5.401795864105225,True,0.22597837448120117,5.4116315841674805,0.23581409454345703,-0.00983572006225586,5.47857666015625,True,0.30275917053222656,-0.07678079605102539,5.462695439656575,0.2868779500325518,-0.060899575551350615,5.452199459075928,True,5.230436325073242
184,184,897,-1.2452826499938965,False,-1.025559902191162,False,0.21972274780273438,-1.043410587310791,0.20187206268310542,0.01785068511962895,-1.0177502632141113,False,0.22753238677978516,-0.007809638977050781,-0.941068172454834,0.3042144775390625,-0.08449172973632812,-0.9508023262023926,False,-1.1916241645812988
185,185,856,4.927008152008057,True,5.190406322479248,True,0.2633981704711914,5.151097583770752,0.22408943176269513,0.03930873870849627,5.133660793304443,True,0.20665264129638672,0.05674552917480469,5.202747503916423,0.2757393519083662,-0.012341181437174775,5.1651291847229,True,5.021367073059082
186,186,174,3.1960935592651367,True,3.4278697967529297,True,0.23177623748779297,3.4593207359313967,0.26322717666625994,-0.031450939178466975,3.5435614585876465,True,0.34746789932250977,-0.1156916618347168,3.498388131459554,0.30229457219441747,-0.0705183347066245,3.510549545288086,True,3.2402782440185547
187,187,936,1.6195387840270996,True,1.7491164207458496,True,0.12957763671875,1.7793737411499024,0.15983495712280282,-0.030257320404052823,1.7569942474365234,True,0.13745546340942383,-0.007877826690673828,1.7770721117655437,0.15753332773844408,-0.027955691019694084,1.774360179901123,True,1.633336067199707
188,188,964,0.08996343612670898,True,0.376711368560791,True,0.28674793243408203,0.4052289009094238,0.31526546478271483,-0.0285175323486328,0.3882317543029785,True,0.29826831817626953,-0.0115203857421875,0.3888851801554362,0.29892174402872723,-0.0121738115946452,0.3953390121459961,True,0.1284022331237793
189,189,284,-3.4621634483337402,False,-3.109602451324463,False,0.35256099700927734,-3.1109106063842775,0.3512528419494627,0.0013081550598146308,-3.122134208679199,False,0.340029239654541,0.012531757354736328,-3.09612766901652,0.3660357793172202,-0.013474782307942856,-3.140028476715088,False,-3.326906681060791
190,190,436,4.292956352233887,True,4.876921653747559,True,0.5839653015136719,4.847506904602051,0.5545505523681644,0.029414749145507457,4.894286155700684,True,0.6013298034667969,-0.017364501953125,4.974921226501465,0.6819648742675781,-0.09799957275390625,4.925158500671387,True,4.419105529785156
191,191,111,5.096428871154785,True,5.2870097160339355,True,0.1905808448791504,5.2717901229858395,0.17536125183105433,0.015219593048096058,5.302579402923584,True,0.20615053176879883,-0.015569686889648438,5.329036235809326,0.23260736465454102,-0.042026519775390625,5.317856311798096,True,5.223240852355957
192,192,1,3.3412461280822754,True,3.6345787048339844,True,0.293332576751709,3.653029537200928,0.31178340911865243,-0.018450832366943448,3.65861177444458,True,0.3173656463623047,-0.024033069610595703,3.717533588409424,0.37628746032714844,-0.08295488357543945,3.7027626037597656,True,3.391348361968994
193,193,327,0.7748398780822754,True,1.3479676246643066,True,0.5731277465820312,1.3841889381408692,0.6093490600585938,-0.036221313476562544,1.3333349227905273,True,0.558495044708252,0.014632701873779297,1.4321974118550618,0.6573575337727864,-0.08422978719075513,1.4148898124694824,True,0.9680328369140625
194,194,764,6.2329583168029785,True,6.458585739135742,True,0.22562742233276367,6.437992095947266,0.2050337791442871,0.020593643188476562,6.45088005065918,True,0.21792173385620117,0.0077056884765625,6.487502098083496,0.2545437812805176,-0.028916358947753906,6.507134437561035,True,6.352320671081543
195,195,237,1.9484128952026367,True,2.3213281631469727,True,0.37291526794433594,2.315712547302246,0.36729965209960946,0.005615615844726474,2.3331165313720703,True,0.3847036361694336,-0.011788368225097656,2.3681441942850747,0.419731299082438,-0.046816031138102066,2.3679914474487305,True,2.058328628540039
196,196,634,3.7956771850585938,True,3.9729104042053223,True,0.17723321914672852,3.9884963989257813,0.1928192138671876,-0.015585994720459073,4.029964447021484,True,0.23428726196289062,-0.05705404281616211,4.0693613688151045,0.2736841837565107,-0.0964509646097822,4.062529563903809,True,3.837421417236328
197,197,285,-0.8539600372314453,False,-0.453794002532959,False,0.40016603469848633,-0.42127370834350586,0.43268632888793945,-0.032520294189453125,-0.34477853775024414,False,0.5091814994812012,-0.10901546478271484,-0.3092689514160156,0.5446910858154297,-0.14452505111694336,-0.319852352142334,False,-0.7321438789367676
198,198,394,2.3754396438598633,True,2.682770252227783,True,0.3073306083679199,2.6524127960205077,0.27697315216064444,0.03035745620727548,2.676140308380127,True,0.30070066452026367,0.00662994384765625,2.7570602099100747,0.38162056605021144,-0.07428995768229152,2.7371320724487305,True,2.4649477005004883
199,199,184,-2.59928560256958,False,-2.263709545135498,False,0.33557605743408203,-2.166652202606201,0.4326333999633789,-0.09705734252929688,-2.0497212409973145,False,0.5495643615722656,-0.2139883041381836,-2.1707520484924316,0.42853355407714844,-0.0929574966430664,-2.217243194580078,False,-2.405555248260498
200,200,59,-1.0560264587402344,False,-0.8366594314575195,False,0.21936702728271484,-0.8042848587036133,0.25174160003662105,-0.032374572753906206,-0.7784013748168945,False,0.27762508392333984,-0.058258056640625,-0.7923855781555176,0.2636408805847168,-0.04427385330200195,-0.7963747978210449,False,-1.0084867477416992
201,201,972,5.752044200897217,True,5.876439094543457,True,0.12439489364624023,5.903926181793213,0.15188198089599592,-0.027487087249755682,5.916116714477539,True,0.16407251358032227,-0.03967761993408203,5.915643533070882,0.16359933217366507,-0.039204438527424834,5.910678863525391,True,5.798947334289551
202,202,800,0.8742928504943848,True,0.9882168769836426,True,0.11392402648925781,1.0016800880432128,0.12738723754882808,-0.013463211059570268,1.000307559967041,True,0.12601470947265625,-0.012090682983398438,0.9977771441141764,0.12348429361979163,-0.009560267130533817,0.9982509613037109,True,0.916318416595459
203,203,452,0.5459227561950684,True,0.8748049736022949,True,0.32888221740722656,0.8713863372802735,0.3254635810852051,0.00341863632202144,0.9128308296203613,True,0.36690807342529297,-0.038025856018066406,0.9329366683959961,0.38701391220092773,-0.05813169479370117,0.9204578399658203,True,0.6784720420837402
204,204,153,-0.7883648872375488,False,-0.5963749885559082,False,0.19198989868164062,-0.6181573867797852,0.17020750045776367,0.021782398223876953,-0.5744180679321289,False,0.21394681930541992,-0.021956920623779297,-0.5759520530700684,0.21241283416748047,-0.020422935485839844,-0.5945076942443848,False,-0.7223773002624512
205,205,588,3.7231454849243164,True,3.900559425354004,True,0.1774139404296875,3.9456440925598146,0.22249860763549822,-0.045084667205810725,3.8912525177001953,True,0.1681070327758789,0.009306907653808594,3.937995115915934,0.2148496309916177,-0.03743569056193019,3.9387969970703125,True,3.738898277282715
206,206,113,2.567965030670166,True,2.8732481002807617,True,0.3052830696105957,2.8558782577514648,0.28791322708129874,0.017369842529296964,2.9221668243408203,True,0.3542017936706543,-0.048918724060058594,2.9682987531026206,0.4003337224324546,-0.09505065282185887,2.933340072631836,True,2.611555576324463
207,207,558,3.105433940887451,True,3.3332300186157227,True,0.22779607772827148,3.372647285461426,0.2672133445739746,-0.039417266845703125,3.347057342529297,True,0.2416234016418457,-0.013827323913574219,3.3928306897481284,0.28739674886067723,-0.05960067113240575,3.399665355682373,True,3.180941104888916
208,208,914,-4.073139190673828,False,-3.410510301589966,False,0.6626288890838623,-3.4369038581848144,0.6362353324890138,0.026393556594848544,-3.26035213470459,False,0.8127870559692383,-0.15015816688537598,-3.2641642888387046,0.8089749018351235,-0.14634601275126125,-3.1731903553009033,False,-3.865628957748413
209,209,607,5.6656999588012695,True,5.928569316864014,True,0.26286935806274414,5.91829481124878,0.2525948524475101,0.01027450561523402,5.812413692474365,True,0.1467137336730957,0.11615562438964844,5.838775475819905,0.17307551701863577,0.08979384104410837,5.851748943328857,True,5.780187606811523
210,210,368,4.123047828674316,True,4.389923095703125,True,0.2668752670288086,4.399424648284912,0.27637681961059535,-0.009501552581786754,4.432040691375732,True,0.308992862701416,-0.04211759567260742,4.46434752146403,0.34129969278971384,-0.07442442576090524,4.432286739349365,True,4.1971893310546875
211,211,121,3.427619457244873,True,3.754080295562744,True,0.3264608383178711,3.775527000427246,0.34790754318237305,-0.021446704864501953,3.7578001022338867,True,0.33018064498901367,-0.003719806671142578,3.7617931365966797,0.33417367935180664,-0.007712841033935547,3.7472100257873535,True,3.542142391204834
212,212,314,1.8469963073730469,True,2.117565155029297,True,0.27056884765625,2.137684631347656,0.2906883239746092,-0.020119476318359197,2.142514705657959,True,0.2955183982849121,-0.02494955062866211,2.1700584093729653,0.32306210199991847,-0.05249325434366847,2.157207489013672,True,1.8917779922485352
213,213,198,4.097994327545166,True,4.319324970245361,True,0.2213306427001953,4.332370948791504,0.23437662124633807,-0.013045978546142756,4.321415901184082,True,0.22342157363891602,-0.002090930938720703,4.359707832336426,0.26171350479125977,-0.04038286209106445,4.348861217498779,True,4.169403553009033
214,214,396,5.477837562561035,True,5.785162925720215,True,0.3073253631591797,5.748475074768066,0.27063751220703125,0.03668785095214844,5.805201053619385,True,0.3273634910583496,-0.020038127899169922,5.842752138773601,0.3649145762125654,-0.05758921305338571,5.80886173248291,True,5.574407577514648
215,215,727,-1.9406251907348633,False,-1.6399497985839844,False,0.3006753921508789,-1.6238958358764648,0.3167293548583985,-0.016053962707519576,-1.598341941833496,False,0.3422832489013672,-0.04160785675048828,-1.5847714742024739,0.3558537165323894,-0.05517832438151049,-1.6077628135681152,False,-1.8454537391662598
216,216,902,5.5529465675354,True,5.727789878845215,True,0.17484331130981445,5.70213565826416,0.1491890907287594,0.025654220581055043,5.649704933166504,True,0.09675836563110352,0.07808494567871094,5.728625933329265,0.17567936579386423,-0.0008360544840497752,5.723053932189941,True,5.598341941833496
217,217,747,3.5972166061401367,True,3.838740348815918,True,0.24152374267578125,3.8106531143188476,0.21343650817871085,0.0280872344970704,3.8140830993652344,True,0.21686649322509766,0.024657249450683594,3.8103459676106772,0.2131293614705405,0.028394381205240737,3.832467555999756,True,3.728792190551758
218,218,517,2.953770160675049,True,3.2942075729370117,True,0.3404374122619629,3.286384868621826,0.33261470794677717,0.007822704315185725,3.3256359100341797,True,0.37186574935913086,-0.03142833709716797,3.408790906270345,0.45502074559529637,-0.11458333333333348,3.3929667472839355,True,3.0513505935668945
219,219,814,2.567732334136963,True,2.8036675453186035,True,0.23593521118164062,2.8281532287597657,0.2604208946228028,-0.024485683441162198,2.8379578590393066,True,0.27022552490234375,-0.034290313720703125,2.8386034965515137,0.2708711624145508,-0.034935951232910156,2.8459720611572266,True,2.6728391647338867
220,220,997,-3.909396171569824,False,-3.5561375617980957,False,0.3532586097717285,-3.4913530349731445,0.4180431365966797,-0.06478452682495117,-3.4279985427856445,False,0.4813976287841797,-0.12813901901245117,-3.431092898050944,0.47830327351888036,-0.12504466374715184,-3.4573187828063965,False,-3.8399205207824707
221,221,672,3.1618409156799316,True,3.413753032684326,True,0.25191211700439453,3.4070903778076174,0.24524946212768572,0.006662654876708807,3.3920254707336426,True,0.23018455505371094,0.021727561950683594,3.4399515787760415,0.2781106630961099,-0.026198546091715347,3.4460129737854004,True,3.2552971839904785
222,222,846,-2.2571640014648438,False,-2.0327582359313965,False,0.22440576553344727,-2.02855224609375,0.22861175537109357,-0.004205989837646307,-2.0180373191833496,False,0.23912668228149414,-0.014720916748046875,-2.0001142819722495,0.25704971949259425,-0.03264395395914699,-2.0020670890808105,False,-2.158051013946533
223,223,336,5.532466411590576,True,5.748779296875,True,0.21631288528442383,5.735283279418946,0.2028168678283695,0.013496017456054332,5.774718761444092,True,0.24225234985351562,-0.025939464569091797,5.785346349080403,0.2528799374898272,-0.03656705220540335,5.767171859741211,True,5.596046447753906
224,224,622,2.7304697036743164,True,3.2675423622131348,True,0.5370726585388184,3.2130034446716307,0.4825337409973143,0.054538917541504084,3.203734874725342,True,0.4732651710510254,0.06380748748779297,3.322367509206136,0.5918978055318198,-0.05482514699300145,3.316577911376953,True,2.8498306274414062
225,225,673,4.353516578674316,True,4.7807488441467285,True,0.4272322654724121,4.712429046630859,0.35891246795654297,0.06831979751586914,4.739078521728516,True,0.3855619430541992,0.04167032241821289,4.818653424580892,0.4651368459065752,-0.037904580434163115,4.799962997436523,True,4.465695858001709
226,226,180,3.645008087158203,True,3.9199585914611816,True,0.2749505043029785,3.906539249420166,0.2615311622619627,0.013419342041015803,3.9790449142456055,True,0.33403682708740234,-0.05908632278442383,3.960203170776367,0.31519508361816406,-0.04024457931518555,3.946382522583008,True,3.7042431831359863
227,227,458,2.1674113273620605,True,2.5641117095947266,True,0.396700382232666,2.553796482086182,0.38638515472412127,0.010315227508544744,2.510216236114502,True,0.3428049087524414,0.05389547348022461,2.588921229044596,0.42150990168253566,-0.024809519449869644,2.5794668197631836,True,2.342471122741699
228,228,637,6.223377227783203,True,6.322490215301514,True,0.09911298751831055,6.324342155456543,0.1009649276733402,-0.0018519401550296521,6.317995071411133,True,0.09461784362792969,0.004495143890380859,6.3239814440409345,0.10060421625773142,-0.001491228739420869,6.314870834350586,True,6.259583950042725
229,229,353,5.68498420715332,True,5.871945381164551,True,0.18696117401123047,5.854670810699463,0.1696866035461424,0.017274570465088068,5.884449005126953,True,0.1994647979736328,-0.012503623962402344,5.917757034301758,0.2327728271484375,-0.04581165313720703,5.904773712158203,True,5.773091793060303
230,230,283,0.2623615264892578,True,1.0520005226135254,True,0.7896389961242676,0.9398893356323242,0.6775278091430664,0.11211118698120115,0.9879574775695801,True,0.7255959510803223,0.06404304504394531,1.2069206237792969,0.9445590972900391,-0.15492010116577148,1.177443504333496,True,0.44309043884277344
231,231,788,2.9781384468078613,True,3.183101177215576,True,0.20496273040771484,3.1902071952819826,0.21206874847412127,-0.007106018066406428,3.2364516258239746,True,0.2583131790161133,-0.05335044860839844,3.269398848215739,0.29126040140787746,-0.08629767100016261,3.253404140472412,True,3.013918399810791
232,232,325,1.8899922370910645,True,1.9821057319641113,True,0.09211349487304688,1.9873057365417481,0.09731349945068368,-0.005200004577636808,1.9802746772766113,True,0.09028244018554688,0.0018310546875,1.972284158070882,0.08229192097981763,0.00982157389322924,1.9681954383850098,True,1.9441423416137695
233,233,177,-6.805857181549072,False,-6.18366813659668,False,0.6221890449523926,-6.270075988769531,0.5357811927795408,0.08640785217285174,-6.207008361816406,False,0.598848819732666,0.023340225219726562,-6.163822015126546,0.6420351664225263,-0.01984612147013376,-6.178858757019043,False,-6.7330169677734375
234,234,501,1.4194326400756836,True,1.9470586776733398,True,0.5276260375976562,1.8841296195983888,0.46469697952270517,0.06292905807495108,2.0024185180664062,True,0.5829858779907227,-0.055359840393066406,2.0478378931681314,0.6284052530924478,-0.10077921549479152,2.0242843627929688,True,1.5755929946899414
235,235,477,3.0216922760009766,True,3.337306499481201,True,0.3156142234802246,3.3637590408325195,0.34206676483154297,-0.02645254135131836,3.3372626304626465,True,0.3155703544616699,4.38690185546875e-05,3.3588218688964844,0.3371295928955078,-0.021515369415283203,3.3495287895202637,True,3.0603256225585938
236,236,624,4.474062919616699,True,4.711205959320068,True,0.23714303970336914,4.691859722137451,0.21779680252075195,0.019346237182617188,4.732431888580322,True,0.25836896896362305,-0.021225929260253906,4.744317054748535,0.27025413513183594,-0.0331110954284668,4.745203495025635,True,4.544597625732422
237,237,275,-1.7928428649902344,False,-1.299370288848877,False,0.4934725761413574,-1.3163297653198243,0.4765130996704101,0.01695947647094731,-1.3111262321472168,False,0.4817166328430176,0.011755943298339844,-1.2377560933430989,0.5550867716471355,-0.06161419550577807,-1.2469291687011719,False,-1.720402717590332
238,238,483,2.457432270050049,True,2.7058305740356445,True,0.2483983039855957,2.724664306640625,0.26723203659057626,-0.018833732604980558,2.6873931884765625,True,0.22996091842651367,0.01843738555908203,2.7352566719055176,0.27782440185546875,-0.029426097869873047,2.6883482933044434,True,2.52994966506958
239,239,98,2.966062545776367,True,3.2258520126342773,True,0.25978946685791016,3.203441524505615,0.23737897872924796,0.022410488128662198,3.263209342956543,True,0.2971467971801758,-0.037357330322265625,3.2625694274902344,0.2965068817138672,-0.03671741485595703,3.236905097961426,True,3.0401296615600586
240,240,680,-0.14986753463745117,False,0.036629676818847656,True,0.18649721145629883,0.021195316314697267,0.17106285095214843,0.01543436050415039,0.027960777282714844,True,0.17782831192016602,0.008668899536132812,-0.0025649070739746094,0.14730262756347656,0.039194583892822266,0.025066375732421875,True,-0.09802532196044922
241,241,689,2.980086326599121,True,3.1450552940368652,True,0.16496896743774414,3.16682653427124,0.18674020767211896,-0.021771240234374822,3.211665153503418,True,0.23157882690429688,-0.06660985946655273,3.218352476755778,0.23826615015665675,-0.07329718271891261,3.196711540222168,True,3.0286850929260254
242,242,973,3.115243911743164,True,3.4016942977905273,True,0.2864503860473633,3.3898134231567383,0.2745695114135742,0.011880874633789062,3.4469075202941895,True,0.3316636085510254,-0.04521322250366211,3.407816251118978,0.29257233937581395,-0.006121953328450669,3.4050092697143555,True,3.167112350463867
243,243,740,-0.12066173553466797,False,0.28000545501708984,True,0.4006671905517578,0.26565303802490237,0.38631477355957033,0.014352416992187478,0.2590317726135254,True,0.37969350814819336,0.020973682403564453,0.28891197840372723,0.4095737139383952,-0.008906523386637388,0.2553272247314453,True,0.004575252532958984
244,244,865,4.191569805145264,True,4.357590675354004,True,0.16602087020874023,4.345886516571045,0.15431671142578107,0.011704158782959162,4.370688438415527,True,0.17911863327026367,-0.013097763061523438,4.364068508148193,0.1724987030029297,-0.006477832794189453,4.343376159667969,True,4.2422685623168945
245,245,333,4.1630024909973145,True,4.419983386993408,True,0.25698089599609375,4.3735424995422365,0.21054000854492205,0.0464408874511717,4.444610118865967,True,0.28160762786865234,-0.024626731872558594,4.4560783704121905,0.293075879414876,-0.036094983418782256,4.4478840827941895,True,4.342426300048828
246,246,206,5.409724712371826,True,5.747345924377441,True,0.33762121200561523,5.746828651428222,0.33710393905639613,0.0005172729492191053,5.80637264251709,True,0.39664793014526367,-0.05902671813964844,5.8419216473897295,0.43219693501790335,-0.09457572301228812,5.828063488006592,True,5.525931358337402
247,247,235,3.277576446533203,True,3.6295247077941895,True,0.35194826126098633,3.655471134185791,0.3778946876525877,-0.025946426391601385,3.727875232696533,True,0.4502987861633301,-0.09835052490234375,3.7403958638509116,0.4628194173177085,-0.11087115605672215,3.702414035797119,True,3.2972168922424316
248,248,709,-0.2863349914550781,False,-0.22596359252929688,False,0.06037139892578125,-0.20799808502197265,0.07833690643310548,-0.01796550750732423,-0.1984853744506836,False,0.08784961700439453,-0.02747821807861328,-0.2055212656656901,0.08081372578938803,-0.02044232686360678,-0.20011615753173828,False,-0.27235889434814453
249,249,417,-0.35474252700805664,False,-0.00392913818359375,False,0.3508133888244629,0.01488189697265625,0.3696244239807129,-0.01881103515625,0.052397727966308594,True,0.40714025497436523,-0.056326866149902344,0.06485939025878906,0.4196019172668457,-0.06878852844238281,0.050731658935546875,True,-0.33698511123657227
250,250,542,0.770665168762207,True,0.8642148971557617,True,0.09354972839355469,0.8635729789733887,0.09290781021118166,0.0006419181823730247,0.8627862930297852,True,0.09212112426757812,0.0014286041259765625,0.8732455571492513,0.10258038838704431,-0.00903065999348962,0.8711996078491211,True,0.8029508590698242
251,251,765,5.909860610961914,True,6.092665672302246,True,0.18280506134033203,6.122339248657227,0.2124786376953125,-0.02967357635498047,6.12476921081543,True,0.21490859985351562,-0.032103538513183594,6.150525093078613,0.24066448211669922,-0.05785942077636719,6.136458396911621,True,5.940976142883301
252,252,465,3.6533422470092773,True,3.8123221397399902,True,0.1589798927307129,3.843336296081543,0.1899940490722658,-0.031014156341552912,3.826179027557373,True,0.1728367805480957,-0.013856887817382812,3.856843630472819,0.20350138346354152,-0.04452149073282863,3.8427953720092773,True,3.719010353088379
253,253,65,6.015895843505859,True,6.233864784240723,True,0.21796894073486328,6.23632583618164,0.2204299926757809,-0.0024610519409176135,6.256854057312012,True,0.24095821380615234,-0.022989273071289062,6.257088343302409,0.24119249979654978,-0.023223559061686494,6.242794036865234,True,6.106322288513184
254,254,413,4.4986796379089355,True,4.8957390785217285,True,0.39705944061279297,4.89954023361206,0.4008605957031248,-0.0038011550903318536,4.8520588874816895,True,0.3533792495727539,0.04368019104003906,4.934179941813151,0.4355003039042158,-0.03844086329142282,4.944461822509766,True,4.596859931945801
255,255,863,5.835331439971924,True,6.185711860656738,True,0.35038042068481445,6.157545948028565,0.322214508056641,0.028165912628173473,6.176969528198242,True,0.34163808822631836,0.008742332458496094,6.217094262440999,0.3817628224690752,-0.03138240178426077,6.21710205078125,True,5.956953048706055
256,256,139,3.322331428527832,True,3.5976157188415527,True,0.2752842903137207,3.5874841690063475,0.26515274047851545,0.010131549835205256,3.5783028602600098,True,0.25597143173217773,0.01931285858154297,3.647442022959391,0.3251105944315591,-0.049826304117838394,3.6300034523010254,True,3.407850742340088
257,257,376,0.5410332679748535,True,0.8545246124267578,True,0.3134913444519043,0.837199592590332,0.29616632461547854,0.01732501983642576,0.8725333213806152,True,0.3315000534057617,-0.018008708953857422,0.9635496139526367,0.4225163459777832,-0.1090250015258789,0.9503674507141113,True,0.6399946212768555
258,258,270,-0.976618766784668,False,-0.6847743988037109,False,0.29184436798095703,-0.6277395248413086,0.3488792419433594,-0.057034873962402366,-0.6217107772827148,False,0.3549079895019531,-0.0630636215209961,-0.590516726175944,0.386102040608724,-0.09425767262776696,-0.5842962265014648,False,-0.8130416870117188
259,259,201,4.093734264373779,True,4.303004264831543,True,0.20927000045776367,4.255776214599609,0.1620419502258299,0.04722805023193377,4.265687465667725,True,0.1719532012939453,0.03731679916381836,4.28953488667806,0.1958006223042803,0.013469378153483369,4.281978607177734,True,4.165660381317139
260,260,223,4.280856609344482,True,4.534814357757568,True,0.25395774841308594,4.523913097381592,0.24305648803710955,0.010901260375976385,4.510994911193848,True,0.23013830184936523,0.023819446563720703,4.533104260762532,0.25224765141804983,0.0017100969950361034,4.499736309051514,True,4.365931034088135
261,261,315,5.92112922668457,True,5.995408535003662,True,0.0742793083190918,6.033244228363037,0.11211500167846644,-0.037835693359374645,6.044864177703857,True,0.12373495101928711,-0.04945564270019531,5.981287956237793,0.060158729553222656,0.01412057876586914,6.02794885635376,True,5.979497909545898
262,262,9,6.534249305725098,True,6.695005416870117,True,0.16075611114501953,6.679627704620361,0.1453783988952635,0.015377712249756037,6.701638698577881,True,0.1673893928527832,-0.006633281707763672,6.724709828694661,0.1904605229695635,-0.029704411824543975,6.731808185577393,True,6.6607513427734375
263,263,617,1.7569389343261719,True,1.9632549285888672,True,0.2063159942626953,1.946110153198242,0.18917121887207022,0.01714477539062509,1.9086246490478516,True,0.1516857147216797,0.054630279541015625,2.006530284881592,0.24959135055541992,-0.04327535629272461,2.0044803619384766,True,1.8272743225097656
264,264,523,4.625865936279297,True,4.922529220581055,True,0.2966632843017578,4.920917892456055,0.29505195617675817,0.0016113281249996447,4.98184871673584,True,0.35598278045654297,-0.059319496154785156,4.993301232655843,0.36743529637654593,-0.07077201207478812,4.958242893218994,True,4.770280361175537
265,265,12,-1.1343140602111816,False,-0.9883227348327637,False,0.14599132537841797,-0.9802547454833984,0.15405931472778323,-0.008067989349365257,-0.9757184982299805,False,0.15859556198120117,-0.012604236602783203,-0.9638131459554037,0.17050091425577796,-0.02450958887735999,-0.9754986763000488,False,-1.1261954307556152
266,266,890,-0.4881925582885742,False,-0.24711036682128906,False,0.24108219146728516,-0.21052198410034179,0.27767057418823243,-0.03658838272094728,-0.23979473114013672,False,0.2483978271484375,-0.007315635681152344,-0.24008703231811523,0.24810552597045898,-0.007023334503173828,-0.2364506721496582,False,-0.42145681381225586
267,267,508,0.6303386688232422,True,0.8824276924133301,True,0.2520890235900879,0.8656970977783203,0.23535842895507808,0.01673059463500981,0.875277042388916,True,0.24493837356567383,0.0071506500244140625,0.9515124956766764,0.3211738268534342,-0.06908480326334632,0.9317164421081543,True,0.703183650970459
268,268,194,4.604156494140625,True,4.835027694702148,True,0.23087120056152344,4.797844314575196,0.19368782043457067,0.03718338012695277,4.81794548034668,True,0.2137889862060547,0.01708221435546875,4.837681770324707,0.23352527618408203,-0.0026540756225585938,4.820789813995361,True,4.716269493103027
269,269,748,2.324248790740967,True,2.4541635513305664,True,0.1299147605895996,2.4398519515991213,0.11560316085815447,0.014311599731445135,2.461900234222412,True,0.1376514434814453,-0.007736682891845703,2.4640318552652993,0.13978306452433253,-0.009868303934732925,2.465792179107666,True,2.395939350128174
270,270,400,4.3831377029418945,True,4.338181495666504,True,-0.044956207275390625,4.340761375427246,-0.04237632751464826,-0.002579879760742365,4.295660972595215,True,-0.08747673034667969,0.04252052307128906,4.317269643147786,-0.06586805979410837,0.020911852518717744,4.333090305328369,True,4.415060997009277
271,271,620,5.564651012420654,True,5.69508171081543,True,0.1304306983947754,5.675382232666015,0.11073122024536097,0.019699478149414418,5.695423126220703,True,0.13077211380004883,-0.0003414154052734375,5.704308827718099,0.13965781529744437,-0.009227116902668975,5.713991641998291,True,5.610630035400391
272,272,186,-5.693415641784668,False,-5.325054168701172,False,0.3683614730834961,-5.366873741149902,0.3265419006347656,0.04181957244873047,-5.221797466278076,False,0.4716181755065918,-0.1032567024230957,-5.256944497426351,0.43647114435831735,-0.06810967127482126,-5.290311336517334,False,-5.511537551879883
273,273,254,2.7025017738342285,True,2.9638009071350098,True,0.26129913330078125,3.0332386016845705,0.330736827850342,-0.06943769454956072,3.025587558746338,True,0.3230857849121094,-0.061786651611328125,3.0274605751037598,0.32495880126953125,-0.06365966796875,3.0318360328674316,True,2.7728915214538574
274,274,69,5.962241172790527,True,6.184557914733887,True,0.22231674194335938,6.1901247024536135,0.22788352966308612,-0.00556678771972674,6.273471832275391,True,0.3112306594848633,-0.0889139175415039,6.259513696034749,0.2972725232442217,-0.07495578130086233,6.19437313079834,True,5.980427265167236
275,275,520,5.079126358032227,True,5.18058967590332,True,0.10146331787109375,5.183547592163086,0.10442123413085902,-0.0029579162597652697,5.176207542419434,True,0.09708118438720703,0.004382133483886719,5.176959196726481,0.09783283869425485,0.0036304791768388966,5.172039985656738,True,5.127079963684082
276,276,598,3.545802116394043,True,3.660989761352539,True,0.1151876449584961,3.660061836242676,0.11425971984863281,0.0009279251098632812,3.65494966506958,True,0.10914754867553711,0.006040096282958984,3.6665283838907876,0.12072626749674464,-0.00553862253824855,3.6694021224975586,True,3.624401092529297
277,277,390,2.7079648971557617,True,2.8109078407287598,True,0.10294294357299805,2.817338752746582,0.10937385559082013,-0.006430912017822088,2.8602781295776367,True,0.152313232421875,-0.04937028884887695,2.838862737019857,0.1308978398640952,-0.027954896291097153,2.8243117332458496,True,2.7474913597106934
278,278,146,-2.082946300506592,False,-1.9806795120239258,False,0.10226678848266602,-1.9511664390563965,0.13177986145019527,-0.029513072967529252,-1.9618558883666992,False,0.12109041213989258,-0.018823623657226562,-1.9168667793273926,0.16607952117919922,-0.0638127326965332,-1.9319548606872559,False,-2.0638389587402344
279,279,813,5.487863540649414,True,5.641668319702148,True,0.15380477905273438,5.635679817199707,0.1478162765502926,0.0059885025024417615,5.640505313873291,True,0.15264177322387695,0.0011630058288574219,5.663241386413574,0.17537784576416016,-0.02157306671142578,5.645440101623535,True,5.588004112243652
280,280,818,4.115527153015137,True,4.235194683074951,True,0.11966753005981445,4.264430522918701,0.14890336990356445,-0.02923583984375,4.303425312042236,True,0.1878981590270996,-0.06823062896728516,4.281198183695476,0.16567103068033884,-0.046003500620524385,4.271589279174805,True,4.132800102233887
281,281,552,1.6575021743774414,True,1.8822541236877441,True,0.22475194931030273,1.8952905654907226,0.2377883911132812,-0.013036441802978471,1.9103965759277344,True,0.25289440155029297,-0.028142452239990234,1.939735730489095,0.28223355611165357,-0.05748160680135084,1.9160747528076172,True,1.7233495712280273
282,282,701,-1.3201336860656738,False,-1.1587958335876465,False,0.16133785247802734,-1.1655701637268066,0.15456352233886728,0.006774330139160067,-1.129178524017334,False,0.19095516204833984,-0.0296173095703125,-1.1416667302449544,0.17846695582071948,-0.01712910334269213,-1.1413941383361816,False,-1.2512269020080566
283,283,73,-0.7858791351318359,False,-0.20572614669799805,False,0.5801529884338379,-0.31188316345214845,0.4739959716796875,0.1061570167541504,-0.1460714340209961,False,0.6398077011108398,-0.05965471267700195,-0.1613596280415853,0.6245195070902506,-0.04436651865641275,-0.17023229598999023,False,-0.4064197540283203
284,284,84,6.208887577056885,True,6.545778274536133,True,0.33689069747924805,6.53394250869751,0.3250549316406248,0.011835765838623225,6.547037124633789,True,0.3381495475769043,-0.00125885009765625,6.622289816538493,0.41340223948160837,-0.07651154200236032,6.590197563171387,True,6.288996696472168
285,285,108,2.9566664695739746,True,3.153348445892334,True,0.19668197631835938,3.1750490188598635,0.21838254928588885,-0.021700572967529475,3.2267942428588867,True,0.2701277732849121,-0.07344579696655273,3.21611754099528,0.2594510714213052,-0.06276909510294582,3.189692497253418,True,3.010791301727295
286,286,487,4.9889678955078125,True,5.258258819580078,True,0.2692909240722656,5.233762454986572,0.24479455947875994,0.024496364593505682,5.266401290893555,True,0.2774333953857422,-0.008142471313476562,5.31091849009196,0.32195059458414743,-0.052659670511881806,5.309152603149414,True,5.133277416229248
287,287,986,6.145788669586182,True,6.337648391723633,True,0.19185972213745117,6.3264494895935055,0.18066082000732386,0.011198902130127308,6.371691703796387,True,0.22590303421020508,-0.034043312072753906,6.360171000162761,0.21438233057657907,-0.0225226084391279,6.363358020782471,True,6.211899280548096
288,288,746,2.842470169067383,True,3.0170979499816895,True,0.17462778091430664,3.037179470062256,0.19470930099487305,-0.020081520080566406,3.07444429397583,True,0.23197412490844727,-0.057346343994140625,3.0400662422180176,0.19759607315063477,-0.022968292236328125,3.041647434234619,True,2.8821301460266113
289,289,411,2.471302032470703,True,2.6060266494750977,True,0.13472461700439453,2.5859283447265624,0.11462631225585929,0.020098304748535245,2.5991950035095215,True,0.12789297103881836,0.006831645965576172,2.6188804308573403,0.14757839838663722,-0.01285378138224269,2.6085901260375977,True,2.5391640663146973
290,290,969,-3.14058780670166,False,-3.0292835235595703,False,0.11130428314208984,-3.0086811065673826,0.13190670013427752,-0.020602416992187678,-3.0214390754699707,False,0.11914873123168945,-0.00784444808959961,-2.998483180999756,0.1421046257019043,-0.030800342559814453,-2.9968247413635254,False,-3.0912623405456543
291,291,343,5.539699554443359,True,5.714129447937012,True,0.17442989349365234,5.708565044403076,0.16886548995971662,0.0055644035339357245,5.707429885864258,True,0.16773033142089844,0.006699562072753906,5.710089365641276,0.17038981119791696,0.004040082295735381,5.692436218261719,True,5.5799665451049805
292,292,131,2.1980786323547363,True,2.2510151863098145,True,0.052936553955078125,2.271332263946533,0.07325363159179688,-0.02031707763671875,2.2807183265686035,True,0.08263969421386719,-0.029703140258789062,2.276319662729899,0.07824103037516261,-0.025304476420084487,2.2780275344848633,True,2.207590103149414
293,293,354,5.958284378051758,True,6.0527753829956055,True,0.09449100494384766,6.078325843811035,0.12004146575927699,-0.025550460815429332,6.087397575378418,True,0.12911319732666016,-0.0346221923828125,6.115959485371907,0.15767510732014944,-0.06318410237630179,6.110313415527344,True,5.970358371734619
294,294,344,5.174678325653076,True,5.305418491363525,True,0.13074016571044922,5.303035163879395,0.12835683822631871,0.002383327484130504,5.301990509033203,True,0.12731218338012695,0.0034279823303222656,5.311682383219401,0.13700405756632517,-0.006263891855875947,5.298966884613037,True,5.244110107421875
295,295,330,2.4737982749938965,True,2.6825661659240723,True,0.20876789093017578,2.666684150695801,0.1928858757019043,0.015882015228271484,2.7070088386535645,True,0.23321056365966797,-0.024442672729492188,2.7478599548339844,0.2740616798400879,-0.06529378890991211,2.7272424697875977,True,2.5479750633239746
296,296,165,5.726857662200928,True,5.898322105407715,True,0.1714644432067871,5.9001617431640625,0.17330408096313477,-0.0018396377563476562,5.93256950378418,True,0.20571184158325195,-0.034247398376464844,5.906338691711426,0.17948102951049805,-0.008016586303710938,5.911126136779785,True,5.790261268615723
297,297,148,-2.809234619140625,False,-2.291673183441162,False,0.5175614356994629,-2.118033027648926,0.6912015914916991,-0.17364015579223624,-2.082611560821533,False,0.7266230583190918,-0.2090616226196289,-1.959597110748291,0.849637508392334,-0.3320760726928711,-2.0270118713378906,False,-2.681278705596924
298,298,234,-2.670600414276123,False,-2.5490498542785645,False,0.1215505599975586,-2.553437519073486,0.1171628952026369,0.004387664794921697,-2.548093318939209,False,0.12250709533691406,-0.0009565353393554688,-2.5376734733581543,0.13292694091796875,-0.011376380920410156,-2.537602424621582,False,-2.638282299041748
299,299,692,3.5040526390075684,True,3.5922770500183105,True,0.08822441101074219,3.5891347885131837,0.08508214950561532,0.0031422615051268643,3.604886531829834,True,0.10083389282226562,-0.012609481811523438,3.604804356892904,0.10075171788533543,-0.012527306874593247,3.599130630493164,True,3.532707691192627
300,300,967,2.343437671661377,True,2.5059022903442383,True,0.16246461868286133,2.524270248413086,0.18083257675170916,-0.018367958068847834,2.5272064208984375,True,0.18376874923706055,-0.02130413055419922,2.529369672139486,0.18593200047810887,-0.023467381795247544,2.5152292251586914,True,2.3820414543151855
301,301,541,1.7020001411437988,True,1.8165297508239746,True,0.11452960968017578,1.815721321105957,0.11372117996215825,0.0008084297180175337,1.8339896202087402,True,0.1319894790649414,-0.017459869384765625,1.819417953491211,0.11741781234741211,-0.002888202667236328,1.8390388488769531,True,1.7620344161987305
302,302,489,3.160983085632324,True,3.427248477935791,True,0.2662653923034668,3.4270753860473633,0.26609230041503906,0.00017309188842773438,3.4872794151306152,True,0.326296329498291,-0.06003093719482422,3.4968700408935547,0.33588695526123047,-0.06962156295776367,3.4755992889404297,True,3.209383010864258
303,303,845,4.935341835021973,True,5.1658935546875,True,0.23055171966552734,5.173418998718262,0.23807716369628906,-0.007525444030761719,5.190032958984375,True,0.25469112396240234,-0.024139404296875,5.178157488505046,0.2428156534830732,-0.012263933817545869,5.208512783050537,True,5.0011773109436035
304,304,718,2.995138645172119,True,3.1518397331237793,True,0.15670108795166016,3.148070526123047,0.1529318809509279,0.0037692070007322442,3.154722213745117,True,0.15958356857299805,-0.0028824806213378906,3.0559142430623374,0.06077559789021825,0.09592549006144191,3.1461968421936035,True,3.0783486366271973
305,305,224,0.2480149269104004,True,0.7127871513366699,True,0.46477222442626953,0.7889397621154786,0.5409248352050782,-0.07615261077880864,0.7503576278686523,True,0.502342700958252,-0.03757047653198242,0.8156037330627441,0.5675888061523438,-0.10281658172607422,0.8342876434326172,True,0.36208486557006836
306,306,925,5.700946807861328,True,6.007026672363281,True,0.3060798645019531,5.997379779815674,0.2964329719543457,0.009646892547607422,6.030289649963379,True,0.3293428421020508,-0.023262977600097656,6.020762125651042,0.31981531778971384,-0.013735453287760713,6.022489547729492,True,5.809447288513184
307,307,178,1.8264727592468262,True,1.9978208541870117,True,0.17134809494018555,2.0625116348266603,0.23603887557983416,-0.06469078063964862,2.0827598571777344,True,0.2562870979309082,-0.08493900299072266,2.109393278757731,0.2829205195109048,-0.11157242457071925,2.100475311279297,True,1.8579745292663574
308,308,379,6.160934925079346,True,6.313268661499023,True,0.15233373641967773,6.31430139541626,0.15336647033691442,-0.0010327339172366834,6.336824893951416,True,0.1758899688720703,-0.023556232452392578,6.324465433756511,0.163530508677165,-0.011196772257487275,6.306241512298584,True,6.1941423416137695
309,309,983,3.52341890335083,True,3.6605982780456543,True,0.13717937469482422,3.6755682945251467,0.15214939117431658,-0.014970016479492365,3.6872658729553223,True,0.1638469696044922,-0.02666759490966797,3.7295687993367515,0.20614989598592137,-0.06897052129109715,3.730717658996582,True,3.582127094268799
310,310,810,6.876703262329102,True,6.959481239318848,True,0.0827779769897461,6.984578037261963,0.10787477493286168,-0.02509679794311559,6.948719024658203,True,0.07201576232910156,0.010762214660644531,7.049105962117513,0.17240269978841116,-0.08962472279866507,7.020258903503418,True,6.923364162445068
311,311,433,1.4201064109802246,True,1.5120234489440918,True,0.09191703796386719,1.5305563926696777,0.11044998168945308,-0.018532943725585893,1.5346651077270508,True,0.11455869674682617,-0.022641658782958984,1.5211647351582844,0.10105832417805982,-0.009141286214192634,1.5147366523742676,True,1.4326653480529785
312,312,450,-0.038364410400390625,False,0.08220386505126953,True,0.12056827545166016,0.08152923583984376,0.11989364624023438,0.0006746292114257757,0.0737466812133789,True,0.11211109161376953,0.008457183837890625,0.10716692606608073,0.14553133646647137,-0.024963061014811203,0.0981435775756836,True,-0.00736236572265625
313,313,711,1.4335918426513672,True,1.724599838256836,True,0.29100799560546875,1.7533156394958496,0.3197237968444824,-0.028715801239013627,1.9124197959899902,True,0.47882795333862305,-0.1878199577331543,1.862375259399414,0.4287834167480469,-0.13777542114257812,1.8704380989074707,True,1.5296707153320312
314,314,297,1.9932317733764648,True,2.2885141372680664,True,0.29528236389160156,2.3189905166625975,0.32575874328613263,-0.030476379394531072,2.319169044494629,True,0.32593727111816406,-0.0306549072265625,2.324549833933512,0.3313180605570474,-0.036035696665445816,2.3112101554870605,True,2.0538973808288574
315,315,447,1.6092133522033691,True,1.8234648704528809,True,0.21425151824951172,1.8251885414123534,0.2159751892089843,-0.0017236709594725674,1.8299469947814941,True,0.220733642578125,-0.006482124328613281,1.8864137331644695,0.27720038096110033,-0.06294886271158862,1.8850035667419434,True,1.6919631958007812
316,316,963,4.263509750366211,True,4.535032272338867,True,0.27152252197265625,4.5701641082763675,0.3066543579101566,-0.035131835937500355,4.604817867279053,True,0.3413081169128418,-0.06978559494018555,4.630386829376221,0.36687707901000977,-0.09535455703735352,4.616257667541504,True,4.326322555541992
317,317,989,3.5643606185913086,True,3.742156505584717,True,0.1777958869934082,3.733613395690918,0.1692527770996093,0.008543109893798917,3.7594776153564453,True,0.19511699676513672,-0.017321109771728516,3.8159616788228354,0.25160106023152684,-0.07380517323811864,3.8088808059692383,True,3.6541500091552734
318,318,655,6.861627578735352,True,6.977903366088867,True,0.11627578735351562,6.963876247406006,0.1022486686706543,0.014027118682861328,6.989063262939453,True,0.12743568420410156,-0.011159896850585938,6.994442145029704,0.1328145662943525,-0.016538778940836885,6.9837188720703125,True,6.919863700866699
319,319,210,0.6493415832519531,True,0.9227132797241211,True,0.27337169647216797,0.8888937950134277,0.23955221176147456,0.033819484710693404,0.9633331298828125,True,0.3139915466308594,-0.040619850158691406,0.9603494008382162,0.31100781758626306,-0.03763612111409509,0.9492101669311523,True,0.7785930633544922
320,320,665,3.2366929054260254,True,3.318751811981201,True,0.08205890655517578,3.3102676391601564,0.07357473373413104,0.008484172821044744,3.3065085411071777,True,0.06981563568115234,0.012243270874023438,3.3172494570414224,0.08055655161539699,0.0015023549397787939,3.3194546699523926,True,3.2661213874816895
321,321,200,4.959013938903809,True,5.108994483947754,True,0.1499805450439453,5.128659629821778,0.1696456909179691,-0.019665145874023793,5.144155502319336,True,0.18514156341552734,-0.03516101837158203,5.114571253458659,0.15555731455485056,-0.005576769510905244,5.152350425720215,True,5.029592037200928
322,322,496,5.862250328063965,True,6.015995979309082,True,0.1537456512451172,6.000800323486328,0.13854999542236346,0.015195655822753729,6.014652252197266,True,0.15240192413330078,0.0013437271118164062,6.05349858601888,0.19124825795491507,-0.03750260670979788,6.046390533447266,True,5.913275241851807
323,323,497,6.5188374519348145,True,6.644252777099609,True,0.12541532516479492,6.626908493041992,0.10807104110717791,0.01734428405761701,6.620953559875488,True,0.10211610794067383,0.023299217224121094,6.638018767038981,0.11918131510416696,0.006234010060627959,6.63858699798584,True,6.5711517333984375
324,324,96,5.039096832275391,True,5.216325283050537,True,0.17722845077514648,5.200473594665527,0.16137676239013654,0.015851688385009943,5.193428993225098,True,0.15433216094970703,0.022896289825439453,5.215999285380046,0.17690245310465524,0.0003259976704912404,5.20475435256958,True,5.129720687866211
325,325,203,5.608524322509766,True,5.710935592651367,True,0.10241127014160156,5.749456882476807,0.14093255996704102,-0.03852128982543945,5.765604019165039,True,0.15707969665527344,-0.054668426513671875,5.747602144877116,0.13907782236735056,-0.036666552225748994,5.738255023956299,True,5.635258674621582
326,326,866,5.962108135223389,True,6.128052711486816,True,0.16594457626342773,6.11524772644043,0.15313959121704102,0.012804985046386719,6.121662139892578,True,0.15955400466918945,0.006390571594238281,6.160941123962402,0.19883298873901367,-0.03288841247558594,6.177007675170898,True,6.050176620483398
327,327,825,6.1776442527771,True,6.2806596755981445,True,0.10301542282104492,6.290693092346191,0.11304883956909162,-0.010033416748046697,6.286260604858398,True,0.10861635208129883,-0.005600929260253906,6.298663934071858,0.12101968129475882,-0.018004258473713897,6.309808731079102,True,6.2286763191223145
328,328,431,5.881938934326172,True,6.143061637878418,True,0.2611227035522461,6.160046100616455,0.2781071662902832,-0.01698446273803711,6.156064033508301,True,0.2741250991821289,-0.013002395629882812,6.127105077107747,0.24516614278157522,0.01595656077067087,6.118161678314209,True,6.024004936218262
329,329,328,4.230483055114746,True,4.585616111755371,True,0.355133056640625,4.562984848022461,0.3325017929077152,0.0226312637329098,4.59716796875,True,0.3666849136352539,-0.011551856994628906,4.645982424418132,0.4154993693033857,-0.06036631266276071,4.6442670822143555,True,4.311867713928223
330,330,593,3.2470498085021973,True,3.325869560241699,True,0.07881975173950195,3.337345600128174,0.09029579162597656,-0.01147603988647461,3.3452091217041016,True,0.0981593132019043,-0.019339561462402344,3.360341231028239,0.11329142252604152,-0.034471670786539566,3.3483176231384277,True,3.283980369567871
331,331,412,1.6915574073791504,True,1.9109382629394531,True,0.21938085556030273,1.9100619316101075,0.21850452423095712,0.0008763313293456143,1.923534870147705,True,0.2319774627685547,-0.012596607208251953,1.9553949038187664,0.26383749643961596,-0.044456640879313225,1.9574694633483887,True,1.7247309684753418
332,332,757,4.98096227645874,True,5.170825004577637,True,0.18986272811889648,5.189316177368164,0.20835390090942418,-0.0184911727905277,5.128657817840576,True,0.14769554138183594,0.04216718673706055,5.2258016268412275,0.24483935038248728,-0.05497662226359079,5.177704811096191,True,4.997629165649414
333,333,332,4.67944860458374,True,5.190284729003906,True,0.510836124420166,5.213084316253662,0.5336357116699215,-0.022799587249755504,5.218081951141357,True,0.5386333465576172,-0.027797222137451172,5.265152136484782,0.585703531901042,-0.07486740748087595,5.225794792175293,True,4.860373497009277
334,334,498,4.974459648132324,True,5.212873458862305,True,0.23841381072998047,5.202117919921875,0.22765827178955078,0.010755538940429688,5.283308029174805,True,0.30884838104248047,-0.0704345703125,5.281462033589681,0.3070023854573565,-0.068588574727376,5.285544395446777,True,5.031711578369141
335,335,945,5.767279624938965,True,5.901717662811279,True,0.13443803787231445,5.928688049316406,0.1614084243774414,-0.026970386505126953,5.913980960845947,True,0.14670133590698242,-0.012263298034667969,5.912614822387695,0.14533519744873047,-0.010897159576416016,5.892663955688477,True,5.825300216674805
336,336,534,3.7413339614868164,True,3.9285011291503906,True,0.18716716766357422,3.9145804405212403,0.17324647903442392,0.013920688629150302,3.941958427429199,True,0.2006244659423828,-0.013457298278808594,4.010776837666829,0.2694428761800127,-0.0822757085164385,3.9980578422546387,True,3.860942840576172
337,337,566,6.413530349731445,True,6.5688982009887695,True,0.15536785125732422,6.561357402801514,0.14782705307006871,0.007540798187255504,6.570191383361816,True,0.1566610336303711,-0.001293182373046875,6.577621142069499,0.16409079233805368,-0.008722941080729463,6.575686454772949,True,6.47239875793457
338,338,366,-3.645688056945801,False,-3.193105697631836,False,0.45258235931396484,-3.2116140365600585,0.4340740203857423,0.018508338928222567,-3.2202134132385254,False,0.4254746437072754,0.027107715606689453,-3.0626374880472818,0.583050568898519,-0.13046820958455418,-3.075077533721924,False,-3.5025296211242676
339,339,690,2.301339626312256,True,2.5735983848571777,True,0.2722587585449219,2.5618781089782714,0.26053848266601554,0.011720275878906339,2.605069637298584,True,0.3037300109863281,-0.03147125244140625,2.633866628011068,0.332527001698812,-0.06026824315389012,2.631899356842041,True,2.396131992340088
340,340,372,7.0434980392456055,True,7.127618312835693,True,0.08412027359008789,7.141457748413086,0.09795970916748065,-0.013839435577392756,7.13488245010376,True,0.0913844108581543,-0.007264137268066406,7.157759825388591,0.11426178614298532,-0.03014151255289743,7.1559038162231445,True,7.079074382781982
341,341,921,-1.1660690307617188,False,-0.383481502532959,False,0.7825875282287598,-0.4010869026184082,0.7649821281433106,0.017605400085449197,-0.22458267211914062,False,0.9414863586425781,-0.15889883041381836,-0.15136226018269858,1.0147067705790203,-0.2321192423502604,-0.1845850944519043,False,-0.9751334190368652
342,342,352,0.8196277618408203,True,0.8768057823181152,True,0.05717802047729492,0.8825108528137207,0.06288309097290035,-0.005705070495605424,0.8736329078674316,True,0.05400514602661133,0.0031728744506835938,0.8878127733866373,0.06818501154581702,-0.011006991068522098,0.8893694877624512,True,0.841071605682373
343,343,962,3.8922653198242188,True,4.05699348449707,True,0.16472816467285156,4.05564432144165,0.16337900161743146,0.0013491630554200995,4.069370746612549,True,0.17710542678833008,-0.012377262115478516,4.077476819356282,0.1852114995320635,-0.020483334859211944,4.08149528503418,True,3.9084787368774414
344,344,286,6.684183120727539,True,6.865159034729004,True,0.18097591400146484,6.876888656616211,0.19270553588867223,-0.011729621887207387,6.885897159576416,True,0.20171403884887695,-0.02073812484741211,6.893929640452067,0.2097465197245283,-0.028770605723063447,6.892838001251221,True,6.7274041175842285
345,345,834,4.577829360961914,True,5.01328182220459,True,0.4354524612426758,5.042779541015625,0.4649501800537106,-0.0294977188110348,4.981923580169678,True,0.40409421920776367,0.03135824203491211,5.037547747294108,0.4597183863321943,-0.024265925089518525,5.006348609924316,True,4.703706741333008
346,346,248,4.583366394042969,True,4.696417331695557,True,0.11305093765258789,4.697136116027832,0.11376972198486346,-0.0007187843322755683,4.699272155761719,True,0.11590576171875,-0.0028548240661621094,4.714325904846191,0.13095951080322266,-0.017908573150634766,4.71262264251709,True,4.622620105743408
347,347,982,5.430938720703125,True,5.631674289703369,True,0.20073556900024414,5.667391014099121,0.23645229339599627,-0.03571672439575213,5.6610307693481445,True,0.23009204864501953,-0.02935647964477539,5.662827173868815,0.2318884531656904,-0.03115288416544626,5.68159818649292,True,5.524026870727539
348,348,299,-6.2106781005859375,False,-5.8548431396484375,False,0.3558349609375,-5.857782077789307,0.3528960227966307,0.0029389381408693183,-5.8333611488342285,False,0.377316951751709,-0.021481990814208984,-5.784882545471191,0.4257955551147461,-0.0699605941772461,-5.812010765075684,False,-6.063154220581055
349,349,996,1.8036580085754395,True,1.8977975845336914,True,0.09413957595825195,1.899991226196289,0.09633321762084956,-0.002193641662597612,1.912257194519043,True,0.10859918594360352,-0.014459609985351562,1.9636693000793457,0.16001129150390625,-0.0658717155456543,1.9581298828125,True,1.8271327018737793
350,350,257,5.081140041351318,True,5.264646053314209,True,0.18350601196289062,5.299780082702637,0.21864004135131854,-0.03513402938842791,5.316253185272217,True,0.23511314392089844,-0.05160713195800781,5.322245121002197,0.2411050796508789,-0.05759906768798828,5.309443473815918,True,5.130352020263672
351,351,573,4.483225345611572,True,4.634797096252441,True,0.15157175064086914,4.626451396942139,0.14322605133056676,0.008345699310302379,4.641787528991699,True,0.15856218338012695,-0.0069904327392578125,4.6641419728597,0.18091662724812796,-0.02934487660725882,4.663304805755615,True,4.549907207489014
352,352,842,1.3260879516601562,True,1.4264039993286133,True,0.10031604766845703,1.4276060104370116,0.10151805877685538,-0.0012020111083983487,1.431447982788086,True,0.10536003112792969,-0.005043983459472656,1.434264341990153,0.10817639032999682,-0.007860342661539788,1.4331860542297363,True,1.3989677429199219
353,353,320,1.7691421508789062,True,1.997429370880127,True,0.2282872200012207,1.9778833389282227,0.2087411880493164,0.019546031951904297,1.9788146018981934,True,0.2096724510192871,0.018614768981933594,2.03560463587443,0.26646248499552394,-0.03817526499430324,2.020867347717285,True,1.8583240509033203
354,354,636,1.9334077835083008,True,2.1936392784118652,True,0.26023149490356445,2.254660224914551,0.3212524414062501,-0.061020946502685636,2.2019400596618652,True,0.26853227615356445,-0.00830078125,2.26954984664917,0.33614206314086914,-0.07591056823730469,2.27457857131958,True,2.001471996307373
355,355,652,6.910984992980957,True,6.969461441040039,True,0.05847644805908203,6.951644229888916,0.04065923690795881,0.017817211151123225,6.958052635192871,True,0.04706764221191406,0.011408805847167969,6.957029501597087,0.04604450861612985,0.012431939442952178,6.946044921875,True,6.915257453918457
356,356,569,-2.707524299621582,False,-2.630155086517334,False,0.07736921310424805,-2.6247611045837402,0.0827631950378418,-0.00539398193359375,-2.6114468574523926,False,0.09607744216918945,-0.018708229064941406,-2.6262728373209634,0.08125146230061864,-0.0038822491963705907,-2.6199569702148438,False,-2.6796536445617676
357,357,495,3.0152316093444824,True,3.124483108520508,True,0.10925149917602539,3.0639204025268554,0.04868879318237296,0.06056270599365243,3.0777320861816406,True,0.0625004768371582,0.04675102233886719,3.1043001810709634,0.08906857172648097,0.02018292744954442,3.1266121864318848,True,2.9830193519592285
358,358,521,1.1097807884216309,True,1.25616455078125,True,0.14638376235961914,1.2503890991210938,0.1406083106994629,0.00577545166015625,1.2505574226379395,True,0.1407766342163086,0.005607128143310547,1.26523224512736,0.15545145670572924,-0.0090676943461101,1.2571215629577637,True,1.2032270431518555
359,359,36,1.1557483673095703,True,1.2470417022705078,True,0.0912933349609375,1.2737199783325195,0.11797161102294917,-0.026678276062011674,1.2590351104736328,True,0.1032867431640625,-0.011993408203125,1.2901239395141602,0.13437557220458984,-0.043082237243652344,1.2864809036254883,True,1.1710772514343262
360,360,920,2.5004634857177734,True,2.8516154289245605,True,0.3511519432067871,2.8881455421447755,0.38768205642700204,-0.03653011322021493,2.917543411254883,True,0.4170799255371094,-0.06592798233032227,2.8941855430603027,0.3937220573425293,-0.04257011413574219,2.907273769378662,True,2.5445680618286133
361,361,545,5.766800880432129,True,5.881281852722168,True,0.11448097229003906,5.863423824310303,0.09662294387817383,0.017858028411865234,5.873494625091553,True,0.10669374465942383,0.007787227630615234,5.880688190460205,0.11388731002807617,0.0005936622619628906,5.8683552742004395,True,5.841330528259277
362,362,666,6.400407314300537,True,6.47851037979126,True,0.07810306549072266,6.487763500213623,0.08735618591308558,-0.009253120422362926,6.492411136627197,True,0.09200382232666016,-0.0139007568359375,6.487726370493571,0.08731905619303415,-0.009215990702311494,6.494400501251221,True,6.436269283294678
363,363,130,7.2479448318481445,True,7.306358814239502,True,0.05841398239135742,7.343194198608399,0.09524936676025408,-0.03683538436889666,7.354966163635254,True,0.10702133178710938,-0.04860734939575195,7.348231792449951,0.10028696060180664,-0.04187297821044922,7.342331409454346,True,7.254840850830078
364,364,380,7.052654266357422,True,7.165417194366455,True,0.1127629280090332,7.167870903015137,0.1152166366577152,-0.002453708648681996,7.195365905761719,True,0.14271163940429688,-0.029948711395263672,7.1921563148498535,0.13950204849243164,-0.026739120483398438,7.18815803527832,True,7.100790023803711
365,365,469,4.584514617919922,True,4.74118185043335,True,0.15666723251342773,4.730668449401856,0.14615383148193395,0.010513401031493785,4.765938758850098,True,0.18142414093017578,-0.024756908416748047,4.768773078918457,0.18425846099853516,-0.027591228485107422,4.747790813446045,True,4.651528835296631
366,366,789,4.131711006164551,True,4.271894454956055,True,0.1401834487915039,4.294685554504395,0.16297454833984393,-0.02279109954834002,4.280258655548096,True,0.14854764938354492,-0.008364200592041016,4.3041761716206866,0.17246516545613577,-0.032281716664631865,4.294153690338135,True,4.156805515289307
367,367,205,3.7384986877441406,True,4.354133605957031,True,0.6156349182128906,4.223127174377441,0.4846284866333006,0.13100643157959002,4.4111151695251465,True,0.6726164817810059,-0.056981563568115234,4.321427186330159,0.5829284985860186,0.03270641962687204,4.266478061676025,True,4.035594463348389
368,368,771,4.414192199707031,True,4.72623872756958,True,0.31204652786254883,4.705278396606445,0.29108619689941406,0.020960330963134766,4.704613208770752,True,0.2904210090637207,0.021625518798828125,4.770290056864421,0.3560978571573896,-0.04405132929484079,4.783584117889404,True,4.504855632781982
369,369,877,2.276686668395996,True,2.434211254119873,True,0.15752458572387695,2.4405670166015625,0.1638803482055664,-0.006355762481689453,2.4381136894226074,True,0.16142702102661133,-0.003902435302734375,2.4940061569213867,0.21731948852539062,-0.05979490280151367,2.4598536491394043,True,2.330613613128662
370,370,14,2.5507493019104004,True,2.718435764312744,True,0.16768646240234375,2.717164707183838,0.16641540527343768,0.0012710571289060724,2.754568099975586,True,0.20381879806518555,-0.0361323356628418,2.749141057332357,0.19839175542195653,-0.030705293019612778,2.7346224784851074,True,2.6179633140563965
371,371,226,1.4640278816223145,True,1.838212490081787,True,0.37418460845947266,1.829677200317383,0.36564931869506845,0.008535289764404208,1.8680648803710938,True,0.4040369987487793,-0.02985239028930664,1.8899213473002117,0.4258934656778972,-0.05170885721842455,1.8847050666809082,True,1.5766339302062988
372,372,543,-1.8633852005004883,False,-1.5419201850891113,False,0.32146501541137695,-1.499009132385254,0.3643760681152344,-0.04291105270385742,-1.4227657318115234,False,0.44061946868896484,-0.11915445327758789,-1.4078369140625,0.4555482864379883,-0.13408327102661133,-1.462930679321289,False,-1.7638750076293945
373,373,409,2.7187867164611816,True,2.878424644470215,True,0.1596379280090332,2.8959604263305665,0.17717370986938485,-0.01753578186035165,2.886929988861084,True,0.16814327239990234,-0.00850534439086914,2.904951254526774,0.1861645380655923,-0.026526610056559097,2.9005589485168457,True,2.758695125579834
374,374,47,-0.632655143737793,False,-0.4229617118835449,False,0.20969343185424805,-0.41635875701904296,0.21629638671875,-0.006602954864501964,-0.3193659782409668,False,0.31328916549682617,-0.10359573364257812,-0.3351454734802246,0.29750967025756836,-0.08781623840332031,-0.3540830612182617,False,-0.5521259307861328
375,375,105,4.262824535369873,True,4.382174968719482,True,0.11935043334960938,4.396867275238037,0.13404273986816406,-0.014692306518554688,4.404597759246826,True,0.14177322387695312,-0.02242279052734375,4.4137163162231445,0.15089178085327148,-0.03154134750366211,4.410552501678467,True,4.319294452667236
376,376,531,7.0284624099731445,True,7.172066688537598,True,0.14360427856445312,7.153738498687744,0.1252760887145996,0.018328189849853516,7.162789344787598,True,0.13432693481445312,0.00927734375,7.167610963185628,0.13914855321248343,0.004455725351969697,7.160118103027344,True,7.089958190917969
377,377,562,1.5403285026550293,True,1.686838150024414,True,0.14650964736938477,1.7041360855102539,0.16380758285522456,-0.0172979354858398,1.7192912101745605,True,0.17896270751953125,-0.032453060150146484,1.7474912007649739,0.2071626981099446,-0.06065305074055982,1.7319469451904297,True,1.5988044738769531
378,378,510,2.6499366760253906,True,2.745119571685791,True,0.09518289566040039,2.7425987243652346,0.09266204833984393,0.002520847320556463,2.724764823913574,True,0.0748281478881836,0.020354747772216797,2.7503533363342285,0.10041666030883789,-0.0052337646484375,2.7508749961853027,True,2.6929149627685547
379,379,941,5.442136287689209,True,5.612030029296875,True,0.16989374160766602,5.630132389068604,0.1879961013793947,-0.018102359771728693,5.636232852935791,True,0.19409656524658203,-0.024202823638916016,5.662270545959473,0.22013425827026367,-0.050240516662597656,5.664615631103516,True,5.510479927062988
380,380,406,4.831715106964111,True,4.9919867515563965,True,0.16027164459228516,4.986373043060302,0.15465793609619105,0.005613708496094105,4.99168586730957,True,0.15997076034545898,0.0003008842468261719,5.012980937957764,0.18126583099365234,-0.020994186401367188,4.995254039764404,True,4.897667407989502
381,381,745,0.9238791465759277,True,1.420511245727539,True,0.49663209915161133,1.3644253730773925,0.4405462265014648,0.05608587265014653,1.435554027557373,True,0.5116748809814453,-0.015042781829833984,1.4189449946085613,0.49506584803263354,0.0015662511189777906,1.4398460388183594,True,1.0598068237304688
382,382,435,1.0760178565979004,True,1.2073187828063965,True,0.1313009262084961,1.1985821723937988,0.12256431579589844,0.008736610412597656,1.19404935836792,True,0.11803150177001953,0.013269424438476562,1.1961898803710938,0.12017202377319336,0.011128902435302734,1.1919355392456055,True,1.1007494926452637
383,383,307,-0.6265382766723633,False,-0.5001125335693359,False,0.12642574310302734,-0.4925053596496582,0.1340329170227051,-0.0076071739196777455,-0.48055362701416016,False,0.14598464965820312,-0.01955890655517578,-0.4734331766764323,0.15310509999593097,-0.026679356892903627,-0.47142696380615234,False,-0.5774726867675781
384,384,733,5.323077201843262,True,5.446099281311035,True,0.12302207946777344,5.456135940551758,0.13305873870849627,-0.010036659240722834,5.476555824279785,True,0.15347862243652344,-0.03045654296875,5.476647059122722,0.15356985727945993,-0.030547777811686494,5.47721004486084,True,5.353199005126953
385,385,160,1.50715970993042,True,1.7285895347595215,True,0.22142982482910156,1.744557762145996,0.23739805221557608,-0.01596822738647452,1.7599725723266602,True,0.25281286239624023,-0.03138303756713867,1.7643893559773762,0.2572296460469563,-0.035799821217854744,1.74592924118042,True,1.599015235900879
386,386,83,-0.19983816146850586,False,-0.08870172500610352,False,0.11113643646240234,-0.07825403213500977,0.12158412933349609,-0.010447692871093747,-0.0849447250366211,False,0.11489343643188477,-0.003756999969482422,-0.08750422795613606,0.1123339335123698,-0.0011974970499674525,-0.08425521850585938,False,-0.14377641677856445
387,387,365,6.6239013671875,True,6.786767959594727,True,0.16286659240722656,6.786660671234131,0.16275930404663086,0.00010728836059570312,6.799333572387695,True,0.1754322052001953,-0.01256561279296875,6.810258070627849,0.1863567034403486,-0.02349011103312204,6.808431625366211,True,6.665798187255859
388,388,214,-1.903806209564209,False,-1.6174650192260742,False,0.28634119033813477,-1.5713922500610351,0.3324139595031739,-0.04607276916503911,-1.4971632957458496,False,0.4066429138183594,-0.12030172348022461,-1.555834452311198,0.347971757253011,-0.06163056691487623,-1.5667591094970703,False,-1.7834663391113281
389,389,832,5.884652614593506,True,6.028253555297852,True,0.1436009407043457,6.004153633117676,0.11950101852417028,0.024099922180175426,6.006731033325195,True,0.12207841873168945,0.02152252197265625,6.03725544611613,0.152602831522624,-0.00900189081827829,6.022568702697754,True,5.980029106140137
390,390,518,4.848803520202637,True,4.9812846183776855,True,0.13248109817504883,4.983205509185791,0.13440198898315447,-0.0019208908081056464,4.992430686950684,True,0.14362716674804688,-0.011146068572998047,5.033784071604411,0.18498055140177438,-0.052499453226725556,5.012629508972168,True,4.942200660705566
391,391,63,4.380672454833984,True,4.568314075469971,True,0.18764162063598633,4.571943473815918,0.19127101898193377,-0.0036293983459474433,4.565816879272461,True,0.18514442443847656,0.0024971961975097656,4.591462135314941,0.21078968048095703,-0.023148059844970703,4.5681328773498535,True,4.463578701019287
392,392,681,0.6864156723022461,True,0.8992414474487305,True,0.21282577514648438,0.8960932731628418,0.20967760086059573,0.0031481742858886497,0.8839001655578613,True,0.19748449325561523,0.01534128189086914,0.9161828358968099,0.22976716359456384,-0.016941388448079464,0.8866729736328125,True,0.7567610740661621
393,393,511,3.0760879516601562,True,3.25526762008667,True,0.17917966842651367,3.241176128387451,0.16508817672729492,0.01409149169921875,3.290400505065918,True,0.21431255340576172,-0.03513288497924805,3.296121597290039,0.2200336456298828,-0.04085397720336914,3.294560432434082,True,3.157888889312744
394,394,428,5.735360145568848,True,5.86521053314209,True,0.1298503875732422,5.859953689575195,0.12459354400634748,0.005256843566894709,5.872709274291992,True,0.13734912872314453,-0.007498741149902344,5.883055369059245,0.14769522349039743,-0.017844835917155244,5.878095626831055,True,5.789738655090332
395,395,349,5.575126647949219,True,5.785057067871094,True,0.209930419921875,5.743064975738525,0.16793832778930629,0.041992092132568715,5.698249816894531,True,0.1231231689453125,0.0868072509765625,5.728388627370198,0.15326197942097952,0.05666844050089548,5.717458248138428,True,5.693264007568359
396,396,140,4.769501209259033,True,5.007231712341309,True,0.2377305030822754,4.995870876312256,0.22636966705322248,0.011360836029052912,5.053610801696777,True,0.28410959243774414,-0.04637908935546875,5.022158145904541,0.2526569366455078,-0.014926433563232422,5.0171942710876465,True,4.831771373748779
397,397,641,5.707876205444336,True,5.892931938171387,True,0.18505573272705078,5.87980318069458,0.17192697525024414,0.01312875747680664,5.912195205688477,True,0.20431900024414062,-0.019263267517089844,5.895324230194092,0.18744802474975586,-0.002392292022705078,5.887612342834473,True,5.7738189697265625
398,398,706,7.136645317077637,True,7.210968971252441,True,0.07432365417480469,7.1976264953613285,0.06098117828369176,0.013342475891112926,7.178702354431152,True,0.042057037353515625,0.03226661682128906,7.119070053100586,-0.01757526397705078,0.09189891815185547,7.16058349609375,True,7.158830642700195
399,399,355,3.7259531021118164,True,3.94622802734375,True,0.2202749252319336,3.9632776260375975,0.23732452392578107,-0.01704959869384748,3.955404281616211,True,0.22945117950439453,-0.009176254272460938,4.001094977060954,0.27514187494913767,-0.05486694971720407,3.9743661880493164,True,3.7325515747070312
400,400,123,-0.09383296966552734,False,0.02887439727783203,True,0.12270736694335938,0.040915298461914065,0.1347482681274414,-0.012040901184082034,0.053619384765625,True,0.14745235443115234,-0.02474498748779297,0.07046922047932942,0.16430219014485675,-0.04159482320149739,0.062499046325683594,True,-0.09174633026123047
401,401,826,2.6258468627929688,True,3.2837185859680176,True,0.6578717231750488,3.261910247802734,0.6360633850097654,0.02180833816528338,3.3708701133728027,True,0.745023250579834,-0.08715152740478516,3.4677279790242515,0.8418811162312827,-0.18400939305623387,3.34393310546875,True,2.7806320190429688
402,402,415,4.025092124938965,True,4.336792945861816,True,0.31170082092285156,4.310985565185547,0.28589344024658203,0.02580738067626953,4.3447747230529785,True,0.31968259811401367,-0.00798177719116211,4.416944821675618,0.39185269673665335,-0.08015187581380179,4.398390769958496,True,4.07724142074585
403,403,868,3.1094112396240234,True,3.460421562194824,True,0.3510103225708008,3.410269355773926,0.30085811614990243,0.05015220642089835,3.4392523765563965,True,0.32984113693237305,0.021169185638427734,3.516390323638916,0.4069790840148926,-0.0559687614440918,3.5184645652770996,True,3.1207056045532227
404,404,480,4.0723395347595215,True,4.391221523284912,True,0.3188819885253906,4.4086480140686035,0.33630847930908203,-0.017426490783691406,4.520029544830322,True,0.4476900100708008,-0.12880802154541016,4.544574896494548,0.47223536173502634,-0.1533533732096357,4.507680416107178,True,4.152740001678467
405,405,457,6.662483215332031,True,6.837344169616699,True,0.17486095428466797,6.8079277038574215,0.14544448852539027,0.0294164657592777,6.834750175476074,True,0.17226696014404297,0.002593994140625,6.859822432200114,0.19733921686808298,-0.02247826258341501,6.846548080444336,True,6.794868469238281
406,406,388,0.3691892623901367,True,0.6330118179321289,True,0.2638225555419922,0.6156469345092773,0.2464576721191406,0.017364883422851585,0.6637754440307617,True,0.294586181640625,-0.030763626098632812,0.6821111043294271,0.3129218419392904,-0.049099286397298214,0.6360197067260742,True,0.4537830352783203
407,407,522,1.3116779327392578,True,1.6941251754760742,True,0.3824472427368164,1.6944490432739259,0.38277111053466806,-0.0003238677978516513,1.8624868392944336,True,0.5508089065551758,-0.16836166381835938,1.8520881334940593,0.5404102007548015,-0.1579629580179851,1.8064680099487305,True,1.441213607788086
408,408,430,5.984001159667969,True,6.191102027893066,True,0.20710086822509766,6.2048028945922855,0.22080173492431676,-0.013700866699219105,6.216320037841797,True,0.23231887817382812,-0.02521800994873047,6.217314879099528,0.23331371943155954,-0.026212851206461885,6.2022294998168945,True,6.057440280914307
409,409,25,1.0962133407592773,True,1.2456474304199219,True,0.14943408966064453,1.2557162284851073,0.15950288772583,-0.010068798065185458,1.2907872200012207,True,0.19457387924194336,-0.04513978958129883,1.271774133046468,0.17556079228719068,-0.02612670262654615,1.280303955078125,True,1.1511774063110352
410,410,88,2.590059280395508,True,2.8419299125671387,True,0.25187063217163086,2.819121742248535,0.22906246185302725,0.022808170318603604,2.9164586067199707,True,0.3263993263244629,-0.07452869415283203,2.921403249104818,0.33134396870931004,-0.07947333653767918,2.9390549659729004,True,2.6812219619750977
411,411,725,1.1444487571716309,True,1.5336289405822754,True,0.38918018341064453,1.53764009475708,0.3931913375854492,-0.0040111541748046875,1.565488338470459,True,0.4210395812988281,-0.031859397888183594,1.6013463338216145,0.45689757664998365,-0.06771739323933912,1.575709342956543,True,1.3217291831970215
412,412,601,2.9597606658935547,True,3.2691903114318848,True,0.3094296455383301,3.355190086364746,0.39542942047119123,-0.08599977493286115,3.310838222503662,True,0.3510775566101074,-0.041647911071777344,3.3433006604512534,0.3835399945576987,-0.07411034901936864,3.3761544227600098,True,2.9586567878723145
413,413,212,0.3983421325683594,True,0.5255117416381836,True,0.12716960906982422,0.5483943939208984,0.15005226135253902,-0.0228826522827148,0.5433559417724609,True,0.14501380920410156,-0.017844200134277344,0.5478301048278809,0.14948797225952148,-0.022318363189697266,0.54498291015625,True,0.4156761169433594
414,414,873,1.5455446243286133,True,1.8889265060424805,True,0.3433818817138672,1.8803300857543945,0.33478546142578125,0.008596420288085938,1.9100966453552246,True,0.36455202102661133,-0.02117013931274414,1.958940823872884,0.41339619954427076,-0.07001431783040357,1.922083854675293,True,1.6965970993041992
415,415,438,-4.477508544921875,False,-4.387558937072754,False,0.0899496078491211,-4.356720733642578,0.12078781127929705,-0.03083820343017596,-4.347550392150879,False,0.1299581527709961,-0.040008544921875,-4.398832480112712,0.07867606480916312,0.011273543039957978,-4.354162216186523,False,-4.529309272766113
416,416,913,4.588450908660889,True,4.816059112548828,True,0.22760820388793945,4.802587795257568,0.2141368865966795,0.013471317291259943,4.791379928588867,True,0.20292901992797852,0.024679183959960938,4.801444371541341,0.21299346288045218,0.014614741007487275,4.803892135620117,True,4.6477556228637695
417,417,730,4.996147155761719,True,5.123478412628174,True,0.12733125686645508,5.136441230773926,0.14029407501220703,-0.012962818145751953,5.148008346557617,True,0.15186119079589844,-0.02452993392944336,5.163690725962321,0.1675435702006025,-0.04021231333414743,5.1595025062561035,True,5.045975208282471
418,418,454,2.347993850708008,True,2.6587743759155273,True,0.31078052520751953,2.635345458984375,0.2873516082763672,0.023428916931152344,2.732266426086426,True,0.38427257537841797,-0.07349205017089844,2.711088180541992,0.3630943298339844,-0.052313804626464844,2.6704440116882324,True,2.415693759918213
419,419,862,1.156306266784668,True,1.6188249588012695,True,0.46251869201660156,1.6068772315979003,0.45057096481323233,0.01194772720336923,1.6909313201904297,True,0.5346250534057617,-0.07210636138916016,1.6824299494425456,0.5261236826578777,-0.06360499064127612,1.7293777465820312,True,1.3101015090942383
420,420,979,6.729406356811523,True,6.866391658782959,True,0.13698530197143555,6.877414894104004,0.14800853729248065,-0.0110232353210451,6.86655330657959,True,0.1371469497680664,-0.00016164779663085938,6.904449462890625,0.17504310607910156,-0.038057804107666016,6.872132778167725,True,6.802346229553223
421,421,565,4.552994728088379,True,4.838559627532959,True,0.2855648994445801,4.847276401519776,0.29428167343139666,-0.008716773986816584,4.7744140625,True,0.2214193344116211,0.06414556503295898,4.781358083089192,0.2283633550008135,0.05720154444376657,4.764922142028809,True,4.639801025390625
422,422,950,-2.365663528442383,False,-1.3953852653503418,False,0.970278263092041,-1.3990320205688476,0.9666315078735352,0.0036467552185057706,-1.1228837966918945,False,1.2427797317504883,-0.27250146865844727,-1.186231295267741,1.1794322331746419,-0.20915397008260084,-1.2991247177124023,False,-2.099381923675537
423,423,279,2.887096405029297,True,3.131175994873047,True,0.24407958984375,3.112213706970215,0.22511730194091806,0.018962287902831942,3.1754989624023438,True,0.2884025573730469,-0.044322967529296875,3.1453708012898765,0.2582743962605796,-0.014194806416829575,3.1310276985168457,True,2.96836519241333
424,424,857,0.5875506401062012,True,0.7889771461486816,True,0.20142650604248047,0.8304616928100585,0.24291105270385738,-0.04148454666137691,0.808629035949707,True,0.22107839584350586,-0.01965188980102539,0.7972730000813802,0.20972235997517907,-0.008295853932698605,0.7890381813049316,True,0.6092548370361328
425,425,715,3.814323902130127,True,4.005258560180664,True,0.1909346580505371,4.017332744598389,0.2030088424682619,-0.012074184417724787,4.044647693634033,True,0.23032379150390625,-0.03938913345336914,4.061154047648112,0.24683014551798532,-0.05589548746744821,4.0496721267700195,True,3.91133975982666
426,426,732,6.130014419555664,True,6.247753620147705,True,0.11773920059204102,6.255601215362549,0.1255867958068846,-0.007847595214843572,6.201858043670654,True,0.07184362411499023,0.04589557647705078,6.224076906840007,0.09406248728434274,0.02367671330769827,6.23607063293457,True,6.210029602050781
427,427,774,0.467864990234375,True,0.7362337112426758,True,0.2683687210083008,0.7684611320495606,0.30059614181518557,-0.03222742080688479,0.7160468101501465,True,0.24818181991577148,0.020186901092529297,0.7875854174296061,0.3197204271952311,-0.0513517061869303,0.8120222091674805,True,0.5739016532897949
428,428,204,6.381359100341797,True,6.540103912353516,True,0.15874481201171875,6.550498580932617,0.16913948059081996,-0.010394668579101207,6.5147809982299805,True,0.1334218978881836,0.025322914123535156,6.498238563537598,0.11687946319580078,0.04186534881591797,6.524923324584961,True,6.497585773468018
429,429,677,5.976170539855957,True,6.082001686096191,True,0.10583114624023438,6.069743251800537,0.09357271194457972,0.012258434295654652,6.066737174987793,True,0.09056663513183594,0.015264511108398438,6.0786417325337725,0.10247119267781546,0.003359953562418916,6.081645488739014,True,6.021595001220703
430,430,218,4.4983229637146,True,4.926587104797363,True,0.42826414108276367,4.883040428161621,0.3847174644470215,0.04354667663574219,5.004909038543701,True,0.5065860748291016,-0.07832193374633789,4.985337098439534,0.4870141347249346,-0.05874999364217093,4.96204948425293,True,4.686114311218262
431,431,132,-3.808094024658203,False,-3.4847359657287598,False,0.32335805892944336,-3.4560550689697265,0.35203895568847665,-0.028680896759033292,-3.4010562896728516,False,0.40703773498535156,-0.0836796760559082,-3.3761744499206543,0.43191957473754883,-0.10856151580810547,-3.3877878189086914,False,-3.71775484085083
432,432,630,5.372132778167725,True,5.741878986358643,True,0.36974620819091797,5.786594295501709,0.41446151733398473,-0.04471530914306676,5.85518217086792,True,0.4830493927001953,-0.11330318450927734,5.883333524068196,0.5112007459004717,-0.14145453770955374,5.891005516052246,True,5.475289821624756
433,433,980,1.3317699432373047,True,1.6159234046936035,True,0.28415346145629883,1.5962971687316894,0.2645272254943847,0.01962623596191415,1.6220383644104004,True,0.2902684211730957,-0.006114959716796875,1.5944294929504395,0.26265954971313477,0.021493911743164062,1.6370482444763184,True,1.5435853004455566
434,434,990,0.4690432548522949,True,0.9245562553405762,True,0.45551300048828125,0.9723902702331543,0.5033470153808594,-0.0478340148925781,0.969332218170166,True,0.5002889633178711,-0.044775962829589844,1.0404667854309082,0.5714235305786133,-0.11591053009033203,1.0116662979125977,True,0.5959954261779785
435,435,240,0.8775577545166016,True,0.9604406356811523,True,0.08288288116455078,0.9689085006713867,0.09135074615478511,-0.00846786499023433,0.9736766815185547,True,0.09611892700195312,-0.013236045837402344,0.9772774378458658,0.09971968332926429,-0.016836802164713505,0.972844123840332,True,0.9041156768798828
436,436,291,3.9013819694519043,True,4.223226070404053,True,0.32184410095214844,4.236521148681641,0.3351391792297367,-0.013295078277588246,4.29522180557251,True,0.39383983612060547,-0.07199573516845703,4.335275332132976,0.43389336268107126,-0.11204926172892282,4.310767650604248,True,3.9322524070739746
437,437,418,0.952918529510498,True,1.168346881866455,True,0.21542835235595703,1.1674158096313476,0.21449728012084956,0.0009310722351074663,1.1801915168762207,True,0.22727298736572266,-0.011844635009765625,1.1824342409769695,0.22951571146647143,-0.014087359110514397,1.1744279861450195,True,1.0072665214538574
438,438,835,-5.490326881408691,False,-4.942733287811279,False,0.5475935935974121,-4.903337669372559,0.5869892120361326,-0.039395618438720525,-4.79235315322876,False,0.6979737281799316,-0.15038013458251953,-4.727792580922444,0.762534300486247,-0.21494070688883493,-4.767565727233887,False,-5.326005935668945
439,439,667,5.4733147621154785,True,5.602116584777832,True,0.12880182266235352,5.613289833068848,0.13997507095336914,-0.011173248291015625,5.646309852600098,True,0.17299509048461914,-0.044193267822265625,5.636368592580159,0.1630538304646807,-0.03425200780232718,5.6159348487854,True,5.519258499145508
440,440,669,3.1385746002197266,True,3.4542593955993652,True,0.31568479537963867,3.5032956123352053,0.3647210121154787,-0.04903621673584002,3.59147310256958,True,0.4528985023498535,-0.13721370697021484,3.5413851737976074,0.40281057357788086,-0.08712577819824219,3.533292770385742,True,3.2005295753479004
441,441,104,5.348359107971191,True,5.667856693267822,True,0.31949758529663086,5.674220848083496,0.3258617401123045,-0.0063641548156736505,5.7245988845825195,True,0.3762397766113281,-0.056742191314697266,5.732206662495931,0.3838475545247393,-0.06434996922810843,5.705577373504639,True,5.433977127075195
442,442,627,6.16758918762207,True,6.27346134185791,True,0.10587215423583984,6.264918613433838,0.0973294258117674,0.008542728424072443,6.256040096282959,True,0.08845090866088867,0.017421245574951172,6.24169127146403,0.07410208384195993,0.03177007039387991,6.2353315353393555,True,6.209827423095703
443,443,651,-1.6298785209655762,False,-1.2172627449035645,False,0.4126157760620117,-1.1938692092895509,0.4360093116760253,-0.023393535614013583,-1.0659470558166504,False,0.5639314651489258,-0.15131568908691406,-1.0754615465799968,0.5544169743855794,-0.14180119832356763,-1.0792837142944336,False,-1.483212947845459
444,444,827,2.7029271125793457,True,2.9510226249694824,True,0.24809551239013672,2.9679494857788087,0.265022373199463,-0.01692686080932626,3.0278825759887695,True,0.32495546340942383,-0.07685995101928711,3.041230042775472,0.33830293019612645,-0.09020741780598973,3.044772148132324,True,2.8047823905944824
445,445,273,-1.306398868560791,False,-1.0260424613952637,False,0.28035640716552734,-1.0660698890686036,0.24032897949218746,0.04002742767333989,-1.0417184829711914,False,0.2646803855895996,0.015676021575927734,-0.9412612915039062,0.36513757705688477,-0.08478116989135742,-0.9425239562988281,False,-1.0941309928894043
446,446,22,1.7436842918395996,True,2.268990993499756,True,0.5253067016601562,2.257619571685791,0.5139352798461916,0.011371421813964666,2.223038673400879,True,0.4793543815612793,0.04595232009887695,2.2361253102620444,0.4924410184224448,0.03286568323771144,2.196084499359131,True,1.9051814079284668
447,447,538,-2.934934616088867,False,-2.0573480129241943,False,0.8775866031646729,-2.075226354598999,0.8597082614898683,0.01787834167480451,-1.9343905448913574,False,1.0005440711975098,-0.12295746803283691,-2.0082377592722573,0.9266968568166098,-0.049110253651937,-1.850904941558838,False,-2.657012939453125
448,448,442,6.540691375732422,True,6.657835960388184,True,0.11714458465576172,6.664116287231446,0.12342491149902379,-0.006280326843262074,6.671607971191406,True,0.13091659545898438,-0.013772010803222656,6.64288854598999,0.10219717025756836,0.01494741439819336,6.635508060455322,True,6.570929050445557
449,449,544,1.3334622383117676,True,1.6938552856445312,True,0.36039304733276367,1.690549373626709,0.3570871353149414,0.0033059120178222656,1.6807966232299805,True,0.3473343849182129,0.013058662414550781,1.689284324645996,0.3558220863342285,0.004570960998535156,1.6750311851501465,True,1.4390435218811035
450,450,13,5.662974834442139,True,5.965723037719727,True,0.3027482032775879,5.962688541412353,0.2997137069702145,0.003034496307373402,6.00902795791626,True,0.3460531234741211,-0.0433049201965332,5.991907596588135,0.3289327621459961,-0.026184558868408203,5.992480754852295,True,5.714576721191406
451,451,548,7.3827314376831055,True,7.396352767944336,True,0.013621330261230469,7.406927490234375,0.024196052551269887,-0.010574722290039418,7.416228294372559,True,0.033496856689453125,-0.019875526428222656,7.365596612294515,-0.01713482538859079,0.03075615564982126,7.361497402191162,True,7.418281555175781
452,452,611,2.6190433502197266,True,3.031033515930176,True,0.4119901657104492,3.0886874198913574,0.46964406967163086,-0.05765390396118164,3.0012130737304688,True,0.3821697235107422,0.02982044219970703,3.0972530047098794,0.47820965449015285,-0.06621948877970363,3.076134204864502,True,2.842909812927246
453,453,889,-2.2268199920654297,False,-1.8838872909545898,False,0.34293270111083984,-1.861626434326172,0.36519355773925777,-0.022260856628417924,-1.788050651550293,False,0.4387693405151367,-0.09583663940429688,-1.7993855476379395,0.42743444442749023,-0.08450174331665039,-1.8038082122802734,False,-2.1324591636657715
454,454,539,-2.9969191551208496,False,-2.4713592529296875,False,0.5255599021911621,-2.4891324043273926,0.507786750793457,0.017773151397705078,-2.3904175758361816,False,0.606501579284668,-0.08094167709350586,-2.362773577372233,0.6341455777486167,-0.10858567555745458,-2.3388218879699707,False,-2.866586208343506
455,455,456,1.6198005676269531,True,2.2152929306030273,True,0.5954923629760742,2.2201942443847655,0.6003936767578124,-0.004901313781738192,2.178938865661621,True,0.559138298034668,0.03635406494140625,2.256519158681234,0.6367185910542807,-0.04122622807820653,2.22006893157959,True,1.7626614570617676
456,456,383,3.9288392066955566,True,4.4640984535217285,True,0.5352592468261719,4.454876041412353,0.5260368347167965,0.009222412109375355,4.447781562805176,True,0.5189423561096191,0.016316890716552734,4.480844179789226,0.5520049730936689,-0.01674572626749704,4.490553855895996,True,4.101175785064697
457,457,439,-0.6583194732666016,False,-0.024911880493164062,False,0.6334075927734375,-0.002109050750732422,0.6562104225158691,-0.02280282974243164,0.04766654968261719,True,0.7059860229492188,-0.07257843017578125,0.09135945638020833,0.7496789296468099,-0.11627133687337239,0.07789325714111328,True,-0.6199827194213867
458,458,790,4.131280422210693,True,4.345408916473389,True,0.2141284942626953,4.36118631362915,0.22990589141845685,-0.01577739715576154,4.390725135803223,True,0.2594447135925293,-0.045316219329833984,4.4298521677653,0.2985717455546064,-0.0844432512919111,4.410459995269775,True,4.165929794311523
459,459,392,-4.447812080383301,False,-4.040743827819824,False,0.40706825256347656,-4.007908010482788,0.43990406990051234,-0.03283581733703578,-3.952085018157959,False,0.4957270622253418,-0.08865880966186523,-3.9116572539011636,0.5361548264821372,-0.12908657391866063,-3.9627156257629395,False,-4.333566665649414
460,460,850,-0.029099464416503906,False,0.17414331436157227,True,0.20324277877807617,0.20406665802001953,0.23316612243652343,-0.02992334365844726,0.2780494689941406,True,0.30714893341064453,-0.10390615463256836,0.2786513964335124,0.3077508608500163,-0.10450808207194012,0.25247907638549805,True,-0.007537841796875
461,461,422,1.229245662689209,True,1.3150792121887207,True,0.08583354949951172,1.306775951385498,0.07753028869628897,0.008303260803222745,1.323732852935791,True,0.09448719024658203,-0.008653640747070312,1.334992249806722,0.10574658711751295,-0.019913037618001228,1.3294343948364258,True,1.2484288215637207
462,462,783,6.025942802429199,True,6.157136917114258,True,0.1311941146850586,6.152789115905762,0.1268463134765625,0.004347801208496094,6.162530422210693,True,0.13658761978149414,-0.005393505096435547,6.180615107218425,0.15467230478922556,-0.023478190104166963,6.167138576507568,True,6.101408958435059
463,463,255,2.875154495239258,True,3.391299247741699,True,0.5161447525024414,3.351352500915527,0.47619800567626935,0.03994674682617205,3.3914785385131836,True,0.5163240432739258,-0.000179290771484375,3.4310646057128906,0.5559101104736328,-0.039765357971191406,3.4161577224731445,True,3.0287466049194336
464,464,26,-6.664980888366699,False,-6.472408294677734,False,0.19257259368896484,-6.415218353271484,0.24976253509521484,-0.05718994140625,-6.395083427429199,False,0.2698974609375,-0.07732486724853516,-6.420343399047852,0.24463748931884766,-0.05206489562988281,-6.403870582580566,False,-6.597041606903076
465,465,971,4.713072299957275,True,4.870322227478027,True,0.15724992752075195,4.884915733337403,0.1718434333801273,-0.014593505859375355,4.909547805786133,True,0.19647550582885742,-0.03922557830810547,4.8894853591918945,0.17641305923461914,-0.019163131713867188,4.877385139465332,True,4.760390758514404
466,466,903,6.911873817443848,True,7.058999061584473,True,0.147125244140625,7.049885368347168,0.13801155090331996,0.009113693237305043,7.091507434844971,True,0.17963361740112305,-0.03250837326049805,7.074468453725179,0.16259463628133108,-0.015469392140706084,7.076962947845459,True,6.949018478393555
467,467,678,-1.6538033485412598,False,-1.270789623260498,False,0.3830137252807617,-1.2631428718566895,0.39066047668457027,-0.007646751403808549,-1.279465675354004,False,0.37433767318725586,0.00867605209350586,-1.2672460873921711,0.3865572611490886,-0.003543535868326897,-1.2529091835021973,False,-1.5358538627624512
468,468,603,2.258070945739746,True,2.7465391159057617,True,0.4884681701660156,2.7196987152099608,0.46162776947021467,0.02684040069580096,2.7461962699890137,True,0.4881253242492676,0.0003428459167480469,2.812750498453776,0.5546795527140298,-0.06621138254801417,2.8090357780456543,True,2.3111586570739746
469,469,675,-3.0199294090270996,False,-2.560908317565918,False,0.45902109146118164,-2.454853820800781,0.5650755882263185,-0.1060544967651369,-2.4104909896850586,False,0.609438419342041,-0.15041732788085938,-2.4191158612569175,0.6008135477701821,-0.1417924563090005,-2.456082344055176,False,-2.927527904510498
470,470,901,4.199139595031738,True,4.6222429275512695,True,0.42310333251953125,4.6106101989746096,0.41147060394287127,0.011632728576659979,4.6600236892700195,True,0.46088409423828125,-0.03778076171875,4.696242173512776,0.4971025784810381,-0.07399924596150687,4.626605987548828,True,4.341216564178467
471,471,795,4.220693588256836,True,4.484804630279541,True,0.2641110420227051,4.508760833740235,0.2880672454833988,-0.023956203460693715,4.542881965637207,True,0.3221883773803711,-0.058077335357666016,4.532897313435872,0.31220372517903616,-0.048092683156331084,4.582607269287109,True,4.337426662445068
472,472,994,5.398297309875488,True,5.5876617431640625,True,0.18936443328857422,5.612079620361328,0.21378231048583984,-0.024417877197265625,5.659226417541504,True,0.2609291076660156,-0.0715646743774414,5.63934310277303,0.24104579289754202,-0.0516813596089678,5.661246299743652,True,5.402091026306152
473,473,858,1.2777066230773926,True,1.6998200416564941,True,0.42211341857910156,1.7235562324523925,0.44584960937499996,-0.023736190795898393,1.7454891204833984,True,0.46778249740600586,-0.0456690788269043,1.8493200937906902,0.5716134707132976,-0.14950005213419604,1.8181743621826172,True,1.4036564826965332
474,474,724,0.00142669677734375,True,0.16153335571289062,True,0.16010665893554688,0.20679702758789062,0.20537033081054687,-0.045263671874999994,0.20090675354003906,True,0.1994800567626953,-0.03937339782714844,0.19032891591389975,0.188902219136556,-0.028795560201009124,0.18452167510986328,True,0.024100303649902344
475,475,410,6.272607803344727,True,6.440954208374023,True,0.16834640502929688,6.442946720123291,0.17033891677856428,-0.0019925117492674005,6.456508636474609,True,0.1839008331298828,-0.015554428100585938,6.457589944203694,0.1849821408589678,-0.016635735829670928,6.460515022277832,True,6.332348823547363
476,476,551,4.8853302001953125,True,5.081212043762207,True,0.19588184356689453,5.094672203063965,0.20934200286865234,-0.013460159301757812,5.094518661499023,True,0.20918846130371094,-0.013306617736816406,5.130754788716634,0.24542458852132132,-0.04954274495442679,5.112566947937012,True,4.945593357086182
477,477,742,-5.546677589416504,False,-4.921270370483398,False,0.6254072189331055,-4.9091533660888675,0.6375242233276364,-0.012117004394530895,-4.737153053283691,False,0.8095245361328125,-0.18411731719970703,-4.860174179077148,0.6865034103393555,-0.06109619140625,-4.927412509918213,False,-5.28974723815918
478,478,932,1.3522372245788574,True,1.6514525413513184,True,0.29921531677246094,1.603814697265625,0.25157747268676767,0.04763784408569327,1.5908141136169434,True,0.23857688903808594,0.060638427734375,1.6619561513264973,0.3097189267476399,-0.010503609975178962,1.6505670547485352,True,1.5313563346862793
479,479,92,-3.361219882965088,False,-3.0198349952697754,False,0.3413848876953125,-3.016485595703125,0.344734287261963,-0.0033493995666504794,-3.0746750831604004,False,0.2865447998046875,0.054840087890625,-3.052326043446859,0.308893839518229,0.03249104817708348,-2.9695029258728027,False,-3.1946535110473633
480,480,699,1.1354117393493652,True,1.562002182006836,True,0.4265904426574707,1.5508142471313477,0.4154025077819825,0.011187934875488192,1.569509506225586,True,0.4340977668762207,-0.00750732421875,1.5998077392578125,0.46439599990844727,-0.03780555725097656,1.5668563842773438,True,1.2888402938842773
481,481,75,1.7024850845336914,True,1.9277195930480957,True,0.2252345085144043,1.9463066101074218,0.24382152557373038,-0.018587017059326083,2.0127696990966797,True,0.3102846145629883,-0.08505010604858398,1.9830373128255208,0.28055222829182935,-0.055317719777425056,1.9970636367797852,True,1.7248964309692383
482,482,838,-1.1324005126953125,False,-1.0259532928466797,False,0.10644721984863281,-1.0258949279785157,0.10650558471679683,-5.836486816401809e-05,-1.0423822402954102,False,0.09001827239990234,0.01642894744873047,-1.0282834370930989,0.10411707560221362,0.002330144246419197,-1.0399198532104492,False,-1.07464599609375
483,483,528,-0.2929964065551758,False,-0.03882408142089844,False,0.25417232513427734,-0.06975021362304687,0.2232461929321289,0.030926132202148432,-0.025977134704589844,False,0.26701927185058594,-0.012846946716308594,-0.010277589162190756,0.28271881739298504,-0.02854649225870768,-0.01082754135131836,False,-0.21662425994873047
484,484,445,-0.8432846069335938,False,-0.6646347045898438,False,0.17864990234375,-0.6692750930786133,0.17400951385498042,0.004640388488769576,-0.6897544860839844,False,0.15353012084960938,0.025119781494140625,-0.6414798100789388,0.2018047968546549,-0.02315489451090491,-0.664006233215332,False,-0.7697963714599609
485,485,886,0.6770362854003906,True,1.0590500831604004,True,0.38201379776000977,1.044956588745117,0.3679203033447265,0.014093494415283292,1.0693202018737793,True,0.39228391647338867,-0.010270118713378906,1.0698510805765789,0.3928147951761882,-0.01080099741617846,1.108778476715088,True,0.8929429054260254
486,486,271,4.004675388336182,True,4.29856538772583,True,0.29388999938964844,4.243400001525879,0.23872461318969762,0.05516538619995082,4.307246685028076,True,0.30257129669189453,-0.008681297302246094,4.303104400634766,0.298429012298584,-0.004539012908935547,4.295707702636719,True,4.11396598815918
487,487,505,1.8389263153076172,True,2.200314998626709,True,0.3613886833190918,2.1723523139953613,0.33342599868774414,0.027962684631347656,2.250161647796631,True,0.41123533248901367,-0.049846649169921875,2.3172154426574707,0.4782891273498535,-0.11690044403076172,2.30753755569458,True,2.0217089653015137
488,488,472,4.400755405426025,True,4.57584810256958,True,0.1750926971435547,4.554191207885742,0.15343580245971644,0.021656894683838246,4.578719139099121,True,0.1779637336730957,-0.0028710365295410156,4.60279115041097,0.20203574498494437,-0.026943047841389678,4.588347911834717,True,4.488151550292969
489,489,16,2.958169460296631,True,3.106809616088867,True,0.14864015579223633,3.099943923950195,0.14177446365356428,0.006865692138672053,3.101654529571533,True,0.14348506927490234,0.005155086517333984,3.1004764238993325,0.14230696360270167,0.006333192189534653,3.0979690551757812,True,3.0398449897766113
490,490,294,4.018932819366455,True,4.150958061218262,True,0.13202524185180664,4.199260997772217,0.18032817840576154,-0.0483029365539549,4.212490558624268,True,0.1935577392578125,-0.06153249740600586,4.221058209737142,0.20212539037068655,-0.07010014851887991,4.265617847442627,True,4.091951847076416
491,491,871,-2.4954071044921875,False,-2.1443941593170166,False,0.3510129451751709,-2.0882394790649412,0.40716762542724627,-0.05615468025207537,-1.9757144451141357,False,0.5196926593780518,-0.16867971420288086,-1.9939358234405518,0.5014712810516357,-0.15045833587646484,-2.012028694152832,False,-2.3749401569366455
492,492,426,1.076042652130127,True,1.5100936889648438,True,0.4340510368347168,1.4774176597595214,0.4013750076293945,0.03267602920532231,1.5334053039550781,True,0.45736265182495117,-0.023311614990234375,1.6218250592549641,0.5457824071248372,-0.11173137029012037,1.5814332962036133,True,1.1369876861572266
493,493,659,2.2523884773254395,True,2.4662933349609375,True,0.21390485763549805,2.520682525634766,0.26829404830932635,-0.0543891906738283,2.52463436126709,True,0.2722458839416504,-0.058341026306152344,2.486255645751953,0.23386716842651367,-0.019962310791015625,2.4976940155029297,True,2.296572208404541
494,494,853,4.697524547576904,True,4.9710283279418945,True,0.27350378036499023,4.900851440429688,0.20332689285278338,0.07017688751220685,4.8440656661987305,True,0.14654111862182617,0.12696266174316406,4.848938624064128,0.1514140764872236,0.12208970387776663,4.877652168273926,True,4.764645576477051
495,495,908,0.3658170700073242,True,0.7588191032409668,True,0.3930020332336426,0.7132864952087402,0.347469425201416,0.045532608032226585,0.724334716796875,True,0.3585176467895508,0.0344843864440918,0.7592403093973795,0.3934232393900553,-0.0004212061564127234,0.7695884704589844,True,0.45519399642944336
496,496,432,5.97468376159668,True,6.104691028594971,True,0.13000726699829102,6.124811458587646,0.15012769699096662,-0.020120429992675604,6.12103271484375,True,0.1463489532470703,-0.016341686248779297,6.1119387944539385,0.13725503285725882,-0.007247765858967803,6.1104021072387695,True,6.008935928344727
497,497,321,1.9485292434692383,True,2.0888381004333496,True,0.14030885696411133,2.1011155128479,0.15258626937866193,-0.012277412414550604,2.1318154335021973,True,0.18328619003295898,-0.042977333068847656,2.1334741910298667,0.1849449475606284,-0.044636090596517075,2.1236319541931152,True,1.9769649505615234
498,498,726,5.661725997924805,True,5.887056350708008,True,0.22533035278320312,5.965704917907715,0.30397891998291016,-0.07864856719970703,6.045297145843506,True,0.38357114791870117,-0.15824079513549805,5.971901257832845,0.31017525990804007,-0.08484490712483694,5.982222557067871,True,5.666715621948242
499,499,261,-1.2225308418273926,False,-0.5682682991027832,False,0.6542625427246094,-0.5853068351745605,0.6372240066528321,0.0170385360717773,-0.4761042594909668,False,0.7464265823364258,-0.0921640396118164,-0.4917640686035156,0.730766773223877,-0.07650423049926758,-0.4597783088684082,False,-1.1431407928466797
500,500,951,-3.093376398086548,False,-2.9402401447296143,False,0.1531362533569336,-2.933376741409302,0.15999965667724592,-0.006863403320312322,-2.9192826747894287,False,0.17409372329711914,-0.020957469940185547,-2.986435810724894,0.1069405873616538,0.0461956659952798,-3.0354063510894775,False,-3.056123733520508
501,501,819,-2.005098342895508,False,-1.7686195373535156,False,0.2364788055419922,-1.748398494720459,0.2566998481750489,-0.020221042633056685,-1.7196598052978516,False,0.28543853759765625,-0.04895973205566406,-1.694779872894287,0.3103184700012207,-0.07383966445922852,-1.7122135162353516,False,-1.9458279609680176
502,502,371,2.1853528022766113,True,2.5198240280151367,True,0.3344712257385254,2.535857582092285,0.35050477981567374,-0.01603355407714835,2.518239974975586,True,0.3328871726989746,0.0015840530395507812,2.577586809794108,0.3922340075174966,-0.057762781778971206,2.567331314086914,True,2.283841133117676
503,503,232,5.633474349975586,True,5.753377437591553,True,0.1199030876159668,5.758106422424317,0.12463207244873065,-0.0047289848327638495,5.734663963317871,True,0.10118961334228516,0.01871347427368164,5.738326549530029,0.10485219955444336,0.015050888061523438,5.735413551330566,True,5.737342834472656
504,504,243,-0.6988239288330078,False,-0.18219614028930664,False,0.5166277885437012,-0.16992998123168945,0.5288939476013184,-0.012266159057617188,-0.1226649284362793,False,0.5761590003967285,-0.059531211853027344,-0.1528476079305013,0.5459763209025065,-0.02934853235880533,-0.17827510833740234,False,-0.4805598258972168
505,505,942,0.34476184844970703,True,0.5475640296936035,True,0.20280218124389648,0.5438541412353516,0.19909229278564455,0.003709888458251931,0.5694947242736816,True,0.2247328758239746,-0.021930694580078125,0.584505558013916,0.23974370956420898,-0.0369415283203125,0.561495304107666,True,0.4025888442993164
506,506,301,-1.2487192153930664,False,-0.6504507064819336,False,0.5982685089111328,-0.6309231758117676,0.6177960395812988,-0.019527530670165993,-0.5299415588378906,False,0.7187776565551758,-0.12050914764404297,-0.5493566195170084,0.699362595876058,-0.10109408696492517,-0.6193065643310547,False,-1.105463981628418
507,507,356,-0.8831286430358887,False,-0.5445713996887207,False,0.33855724334716797,-0.5751008987426758,0.3080277442932129,0.030529499053955078,-0.5264806747436523,False,0.35664796829223633,-0.01809072494506836,-0.520204226175944,0.3629244168599447,-0.02436717351277673,-0.5177502632141113,False,-0.7892303466796875
508,508,891,3.110128402709961,True,3.2364754676818848,True,0.12634706497192383,3.2277960777282715,0.11766767501831055,0.008679389953613281,3.2422776222229004,True,0.13214921951293945,-0.005802154541015625,3.2473670641581216,0.13723866144816066,-0.010891596476236831,3.250483989715576,True,3.1518568992614746
509,509,998,-1.4291467666625977,False,-1.104705810546875,False,0.32444095611572266,-1.1089108467102051,0.32023591995239253,0.0042050361633301225,-1.0681209564208984,False,0.3610258102416992,-0.03658485412597656,-1.069487730662028,0.3596590360005696,-0.03521807988484693,-1.114835262298584,False,-1.3430876731872559
510,510,503,4.370784759521484,True,4.7093186378479,True,0.338533878326416,4.702407741546631,0.33162298202514684,0.006910896301269176,4.7757978439331055,True,0.4050130844116211,-0.06647920608520508,4.595395406087239,0.2246106465657549,0.1139232317606611,4.61887788772583,True,4.5780768394470215
511,511,759,4.178306579589844,True,4.408275604248047,True,0.22996902465820312,4.397021484375,0.21871490478515643,0.011254119873046697,4.414992332458496,True,0.23668575286865234,-0.006716728210449219,4.459073066711426,0.28076648712158203,-0.050797462463378906,4.442600727081299,True,4.265615463256836
512,512,217,0.9660100936889648,True,1.287343978881836,True,0.3213338851928711,1.3643192291259765,0.39830913543701163,-0.07697525024414054,1.32830810546875,True,0.36229801177978516,-0.04096412658691406,1.4161671002705891,0.4501570065816243,-0.12882312138875318,1.3981962203979492,True,1.077761173248291
513,513,954,1.8882474899291992,True,2.140681743621826,True,0.25243425369262695,2.224417495727539,0.33617000579833967,-0.08373575210571271,2.230095386505127,True,0.34184789657592773,-0.08941364288330078,2.2476981480916343,0.35945065816243504,-0.10701640446980809,2.176830291748047,True,1.9689216613769531
514,514,854,6.181951522827148,True,6.306049346923828,True,0.12409782409667969,6.318729400634766,0.1367778778076172,-0.0126800537109375,6.281011581420898,True,0.09906005859375,0.025037765502929688,6.3031595547993975,0.12120803197224905,0.0028897921244306346,6.3025970458984375,True,6.254299163818359
515,515,361,1.2846317291259766,True,1.40110445022583,True,0.11647272109985352,1.394970703125,0.11033897399902348,0.006133747100830034,1.4603691101074219,True,0.1757373809814453,-0.0592646598815918,1.3993137677510579,0.1146820386250813,0.0017906824747722094,1.4018006324768066,True,1.3760771751403809
516,516,277,-0.23627614974975586,False,0.05985879898071289,True,0.29613494873046875,0.07133026123046875,0.3076064109802246,-0.011471462249755857,0.17165136337280273,True,0.4079275131225586,-0.11179256439208984,0.16893386840820312,0.405210018157959,-0.10907506942749023,0.17239618301391602,True,-0.1952810287475586
517,517,640,5.178521633148193,True,5.366005897521973,True,0.1874842643737793,5.386913299560547,0.20839166641235352,-0.02090740203857422,5.374007225036621,True,0.19548559188842773,-0.008001327514648438,5.384708722432454,0.20618708928426077,-0.018702824910481475,5.3764495849609375,True,5.215898513793945
518,518,975,5.594929218292236,True,5.876879692077637,True,0.2819504737854004,5.893375873565674,0.2984466552734375,-0.01649618148803711,5.948031425476074,True,0.3531022071838379,-0.0711517333984375,5.921260515848796,0.32633129755655954,-0.04438082377115915,5.909607410430908,True,5.6992034912109375
519,519,794,-1.165250301361084,False,-0.840369701385498,False,0.32488059997558594,-0.8359623908996582,0.3292879104614258,-0.004407310485839866,-0.7259283065795898,False,0.43932199478149414,-0.1144413948059082,-0.7158630688985189,0.44938723246256507,-0.12450663248697913,-0.709622859954834,False,-1.0253291130065918
520,520,459,3.824735641479492,True,4.010743141174316,True,0.18600749969482422,4.016655445098877,0.19191980361938477,-0.005912303924560547,4.04000186920166,True,0.21526622772216797,-0.02925872802734375,4.060092449188232,0.23535680770874023,-0.049349308013916016,4.059780597686768,True,3.8863096237182617
521,521,587,1.9297866821289062,True,2.2041373252868652,True,0.274350643157959,2.2021415710449217,0.27235488891601545,0.001995754241943537,2.2455286979675293,True,0.31574201583862305,-0.04139137268066406,2.2152414321899414,0.28545475006103516,-0.011104106903076172,2.2210912704467773,True,2.0437569618225098
522,522,991,-1.8599438667297363,False,-1.0501832962036133,False,0.809760570526123,-1.0152475357055664,0.84469633102417,-0.03493576049804692,-0.9944944381713867,False,0.8654494285583496,-0.05568885803222656,-0.9022099177042643,0.957733949025472,-0.147973378499349,-1.0030641555786133,False,-1.7139334678649902
523,523,207,-4.915114402770996,False,-4.3337860107421875,False,0.5813283920288086,-4.384498882293701,0.5306155204772951,0.050712871551513494,-4.295126914978027,False,0.6199874877929688,-0.038659095764160156,-4.330153783162435,0.5849606196085615,-0.0036322275797529002,-4.424004554748535,False,-4.739291667938232
524,524,915,-0.11747169494628906,False,-0.013356208801269531,False,0.10411548614501953,-0.007086944580078125,0.11038475036621094,-0.006269264221191406,-0.01294708251953125,False,0.10452461242675781,-0.00040912628173828125,-0.004093488057454427,0.11337820688883464,-0.009262720743815105,-0.012676239013671875,False,-0.09974479675292969
525,525,815,4.448410511016846,True,4.780703067779541,True,0.3322925567626953,4.751148891448975,0.3027383804321291,0.02955417633056623,4.849308490753174,True,0.4008979797363281,-0.06860542297363281,4.8458201090494795,0.39740959803263376,-0.06511704126993845,4.860269069671631,True,4.551454067230225
526,526,247,1.5252633094787598,True,1.6330366134643555,True,0.1077733039855957,1.6495121955871581,0.12424888610839835,-0.016475582122802646,1.5829429626464844,True,0.05767965316772461,0.050093650817871094,1.6216540336608887,0.0963907241821289,0.011382579803466797,1.5390267372131348,True,1.569127082824707
527,527,70,1.6009521484375,True,1.7950520515441895,True,0.19409990310668945,1.759771728515625,0.1588195800781249,0.03528032302856454,1.7956233024597168,True,0.1946711540222168,-0.0005712509155273438,1.7887355486551921,0.18778340021769213,0.006316502888997322,1.7956905364990234,True,1.7103581428527832
528,528,792,1.6426525115966797,True,2.1220149993896484,True,0.47936248779296875,2.1017157554626467,0.459063243865967,0.020299243927001775,2.0615034103393555,True,0.4188508987426758,0.06051158905029297,2.0359444618225098,0.3932919502258301,0.08607053756713867,2.0497827529907227,True,1.7643308639526367
529,529,173,1.399940013885498,True,1.817309856414795,True,0.4173698425292969,1.9134042739868165,0.5134642601013184,-0.09609441757202153,2.017923355102539,True,0.617983341217041,-0.20061349868774414,2.0308898289998374,0.6309498151143393,-0.21357997258504247,1.9734282493591309,True,1.3978238105773926
530,530,89,-5.12269926071167,False,-4.914813041687012,False,0.2078862190246582,-4.937344264984131,0.18535499572753888,0.022531223297119318,-4.9049973487854,False,0.21770191192626953,-0.009815692901611328,-4.925970872243245,0.19672838846842478,0.011157830556233428,-4.912693500518799,False,-5.022251605987549
531,531,149,-9.751211166381836,False,-9.361266136169434,False,0.38994503021240234,-9.345794105529786,0.4054170608520504,-0.015472030639648082,-9.275254249572754,False,0.47595691680908203,-0.08601188659667969,-9.243453661600748,0.5077575047810878,-0.11781247456868549,-9.268014907836914,False,-9.57984733581543
532,532,7,0.6115760803222656,True,0.9486122131347656,True,0.3370361328125,0.9275407791137695,0.3159646987915039,0.021071434020996094,0.9395732879638672,True,0.32799720764160156,0.009038925170898438,1.0129027366638184,0.40132665634155273,-0.06429052352905273,0.9911446571350098,True,0.7839393615722656
533,533,685,4.577661991119385,True,4.731963157653809,True,0.15430116653442383,4.737314605712891,0.15965261459350621,-0.0053514480590823865,4.741713523864746,True,0.16405153274536133,-0.0097503662109375,4.755732536315918,0.1780705451965332,-0.023769378662109375,4.733729362487793,True,4.639984607696533
534,534,995,5.5708417892456055,True,5.762955665588379,True,0.19211387634277344,5.757497501373291,0.18665571212768572,0.005458164215087713,5.7738494873046875,True,0.20300769805908203,-0.010893821716308594,5.777450720469157,0.20660893122355173,-0.01449505488077829,5.713775634765625,True,5.652076721191406
535,535,144,4.181210994720459,True,4.363406181335449,True,0.18219518661499023,4.372386646270752,0.19117565155029315,-0.008980464935302912,4.386830806732178,True,0.20561981201171875,-0.023424625396728516,4.395211855570476,0.21400086085001657,-0.03180567423502634,4.40172815322876,True,4.270035743713379
536,536,507,-6.225947380065918,False,-6.0746870040893555,False,0.1512603759765625,-6.090173435211182,0.13577394485473615,0.01548643112182635,-6.052557945251465,False,0.17338943481445312,-0.022129058837890625,-6.002678871154785,0.2232685089111328,-0.07200813293457031,-6.024648666381836,False,-6.19087028503418
537,537,722,0.7635059356689453,True,0.9649453163146973,True,0.20143938064575195,0.9335783004760743,0.17007236480712895,0.031367015838623,0.9398078918457031,True,0.1763019561767578,0.02513742446899414,1.0580673217773438,0.29456138610839844,-0.09312200546264648,1.0291314125061035,True,0.8428878784179688
538,538,451,2.466731548309326,True,2.7657880783081055,True,0.2990565299987793,2.758643054962158,0.29191150665283194,0.0071450233459473544,2.809213161468506,True,0.3424816131591797,-0.04342508316040039,2.8342175483703613,0.36748600006103516,-0.06842947006225586,2.8387537002563477,True,2.5608954429626465
539,539,227,3.9784202575683594,True,4.560491561889648,True,0.5820713043212891,4.5370429992675785,0.5586227416992191,0.023448562622069957,4.5780792236328125,True,0.5996589660644531,-0.017587661743164062,4.589982668558757,0.6115624109903974,-0.02949110666910837,4.566060543060303,True,4.061473369598389
540,540,869,6.636297225952148,True,6.761978626251221,True,0.12568140029907227,6.773433113098145,0.13713588714599645,-0.011454486846924183,6.804251670837402,True,0.1679544448852539,-0.04227304458618164,6.804933547973633,0.16863632202148438,-0.04295492172241211,6.790362358093262,True,6.695900917053223
541,541,623,-3.2339251041412354,False,-2.5318470001220703,False,0.702078104019165,-2.5705116271972654,0.6634134769439699,0.038664627075195135,-2.4043025970458984,False,0.8296225070953369,-0.12754440307617188,-2.3769661585489907,0.8569589455922446,-0.15488084157307958,-2.4418892860412598,False,-2.8845577239990234
542,542,5,1.9116225242614746,True,2.411257266998291,True,0.4996347427368164,2.395450496673584,0.4838279724121093,0.01580677032470712,2.4153151512145996,True,0.503692626953125,-0.004057884216308594,2.4824399948120117,0.5708174705505371,-0.0711827278137207,2.4859066009521484,True,2.1252503395080566
543,543,71,1.6325249671936035,True,1.9538273811340332,True,0.3213024139404297,1.9354901313781738,0.3029651641845703,0.018337249755859375,2.0399279594421387,True,0.40740299224853516,-0.08610057830810547,1.9775635401407878,0.3450385729471843,-0.02373615900675463,1.9796133041381836,True,1.7187104225158691
544,544,578,5.2218475341796875,True,5.495939254760742,True,0.2740917205810547,5.518149566650391,0.2963020324707033,-0.022210311889648615,5.562536716461182,True,0.34068918228149414,-0.06659746170043945,5.567859013875325,0.3460114796956377,-0.07191975911458304,5.533812999725342,True,5.288416385650635
545,545,629,4.101878643035889,True,4.295414447784424,True,0.19353580474853516,4.3031269073486325,0.20124826431274379,-0.007712459564208629,4.337882041931152,True,0.23600339889526367,-0.042467594146728516,4.348990122477214,0.24711147944132517,-0.05357567469279001,4.339846134185791,True,4.16943883895874
546,546,393,4.493746757507324,True,4.686298847198486,True,0.1925520896911621,4.653718090057373,0.15997133255004847,0.032580757141113637,4.722529411315918,True,0.22878265380859375,-0.03623056411743164,4.717673142751058,0.22392638524373343,-0.03137429555257132,4.69288969039917,True,4.557241439819336
547,547,260,4.001338481903076,True,4.189432621002197,True,0.1880941390991211,4.1610815048217775,0.15974302291870135,0.028351116180419744,4.190216541290283,True,0.18887805938720703,-0.0007839202880859375,4.188427289326985,0.1870888074239092,0.0010053316752118846,4.180473804473877,True,4.0590338706970215
548,548,169,3.5256237983703613,True,3.6663551330566406,True,0.1407313346862793,3.6670584678649902,0.1414346694946289,-0.0007033348083496094,3.6984219551086426,True,0.17279815673828125,-0.03206682205200195,3.693993886311849,0.16837008794148778,-0.02763875325520848,3.6812338829040527,True,3.570018768310547
549,549,449,2.1098837852478027,True,2.500765800476074,True,0.3908820152282715,2.4904016494750976,0.38051786422729483,0.010364151000976651,2.514631748199463,True,0.40474796295166016,-0.013865947723388672,2.5284743309020996,0.4185905456542969,-0.02770853042602539,2.505399227142334,True,2.204704761505127
550,550,225,6.9388017654418945,True,7.077141761779785,True,0.13833999633789062,7.090945816040039,0.15214405059814418,-0.013804054260253551,7.109468460083008,True,0.17066669464111328,-0.032326698303222656,7.14045254389445,0.20165077845255563,-0.06331078211466501,7.13411808013916,True,6.9858012199401855
551,551,613,-1.1638336181640625,False,-0.7366223335266113,False,0.42721128463745117,-0.73165864944458,0.43217496871948247,-0.004963684082031294,-0.6923127174377441,False,0.47152090072631836,-0.04430961608886719,-0.6406340599060059,0.5231995582580566,-0.09598827362060547,-0.6763477325439453,False,-1.039383888244629
552,552,961,5.773810863494873,True,5.939290523529053,True,0.1654796600341797,5.969326686859131,0.195515823364258,-0.030036163330078303,5.970635414123535,True,0.1968245506286621,-0.03134489059448242,5.921708583831787,0.14789772033691406,0.017581939697265625,5.913330078125,True,5.85443639755249
553,553,462,0.29219532012939453,True,0.6591424942016602,True,0.3669471740722656,0.6561232566833496,0.36392793655395506,0.003019237518310569,0.6671371459960938,True,0.3749418258666992,-0.007994651794433594,0.7105579376220703,0.4183626174926758,-0.051415443420410156,0.6743707656860352,True,0.380460262298584
554,554,0,5.841126441955566,True,6.017594337463379,True,0.1764678955078125,6.033999061584472,0.1928726196289059,-0.016404724121093395,6.0979180335998535,True,0.2567915916442871,-0.08032369613647461,6.099620342254639,0.25849390029907227,-0.08202600479125977,6.071759223937988,True,5.902105331420898
555,555,615,6.218488693237305,True,6.498791217803955,True,0.2803025245666504,6.516422271728516,0.29793357849121094,-0.017631053924560547,6.528293609619141,True,0.30980491638183594,-0.029502391815185547,6.5082106590271,0.2897219657897949,-0.009419441223144531,6.495639324188232,True,6.281657695770264
556,556,52,2.356398105621338,True,2.6892447471618652,True,0.33284664154052734,2.7630993843078615,0.4067012786865236,-0.07385463714599627,2.8468360900878906,True,0.49043798446655273,-0.1575913429260254,2.7609523137410483,0.40455420811971043,-0.07170756657918309,2.753340244293213,True,2.42098331451416
557,557,167,1.5495729446411133,True,1.93206787109375,True,0.3824949264526367,1.9142875671386719,0.3647146224975586,0.017780303955078125,2.018718719482422,True,0.4691457748413086,-0.08665084838867188,1.9786475499471028,0.4290746053059895,-0.04657967885335279,1.9835100173950195,True,1.7512726783752441
558,558,2,-4.615671157836914,False,-4.052945137023926,False,0.5627260208129883,-4.042105007171631,0.5735661506652834,-0.0108401298522951,-3.8521246910095215,False,0.7635464668273926,-0.2008204460144043,-3.9612154960632324,0.6544556617736816,-0.09172964096069336,-3.940314769744873,False,-4.4722466468811035
559,559,318,3.400897979736328,True,3.7295384407043457,True,0.3286404609680176,3.7880742073059084,0.38717622756958026,-0.05853576660156268,3.919167995452881,True,0.5182700157165527,-0.18962955474853516,3.8513038953145347,0.45040591557820653,-0.12176545461018895,3.836703300476074,True,3.472405433654785
560,560,312,-4.808722496032715,False,-4.300577163696289,False,0.5081453323364258,-4.247685241699219,0.5610372543334963,-0.05289192199707049,-4.005922317504883,False,0.802800178527832,-0.29465484619140625,-4.0765910148620605,0.7321314811706543,-0.22398614883422852,-4.072458267211914,False,-4.713112831115723
561,561,527,4.75111722946167,True,5.11175012588501,True,0.36063289642333984,5.128016567230224,0.37689933776855433,-0.01626644134521449,5.223487377166748,True,0.4723701477050781,-0.11173725128173828,5.216291109720866,0.46517388025919626,-0.10454098383585642,5.188138008117676,True,4.850210666656494
562,562,849,1.6142463684082031,True,1.973644733428955,True,0.35939836502075195,2.019730281829834,0.40548391342163104,-0.046085548400879084,2.1613717079162598,True,0.5471253395080566,-0.1877269744873047,2.0783615112304688,0.4641151428222656,-0.10471677780151367,2.0651211738586426,True,1.6697688102722168
563,563,717,2.038127899169922,True,2.4440860748291016,True,0.4059581756591797,2.440225124359131,0.402097225189209,0.003860950469970703,2.502072811126709,True,0.4639449119567871,-0.05798673629760742,2.458974997202555,0.4208470980326333,-0.014888922373453628,2.403517246246338,True,2.1547746658325195
564,564,635,0.35207509994506836,True,0.7232275009155273,True,0.371152400970459,0.6828221321105957,0.33074703216552737,0.04040536880493162,0.7434940338134766,True,0.3914189338684082,-0.02026653289794922,0.7750824292500814,0.42300732930501306,-0.05185492833455407,0.7737026214599609,True,0.4585380554199219
565,565,64,4.68808650970459,True,4.868536949157715,True,0.180450439453125,4.832480812072754,0.14439430236816442,0.03605613708496058,4.839931488037109,True,0.15184497833251953,0.02860546112060547,4.874648888905843,0.18656237920125296,-0.006111939748127959,4.879129409790039,True,4.733057975769043
566,566,60,6.9789018630981445,True,7.166323661804199,True,0.1874217987060547,7.141950702667236,0.16304883956909144,0.024372959136963246,7.16868782043457,True,0.18978595733642578,-0.0023641586303710938,7.167712847391765,0.1888109842936201,-0.0013891855875654002,7.1878252029418945,True,7.050799369812012
567,567,775,-1.8049416542053223,False,-1.3658218383789062,False,0.439119815826416,-1.2115827560424806,0.5933588981628417,-0.1542390823364257,-1.3201255798339844,False,0.4848160743713379,-0.045696258544921875,-1.1357011795043945,0.6692404747009277,-0.23012065887451172,-1.1447601318359375,False,-1.7583374977111816
568,568,93,4.559162139892578,True,4.743936538696289,True,0.18477439880371094,4.782121467590332,0.22295932769775373,-0.03818492889404279,4.807753562927246,True,0.24859142303466797,-0.06381702423095703,4.80187463760376,0.24271249771118164,-0.0579380989074707,4.76889705657959,True,4.598592758178711
569,569,345,7.010354995727539,True,7.178338050842285,True,0.1679830551147461,7.188943767547608,0.17858877182006871,-0.010605716705322621,7.235110282897949,True,0.22475528717041016,-0.05677223205566406,7.2470041910807295,0.2366491953531904,-0.0686661402384443,7.2131547927856445,True,7.040773391723633
570,570,97,1.5589804649353027,True,1.7679944038391113,True,0.2090139389038086,1.752173614501953,0.19319314956665035,0.015820789337158248,1.8222041130065918,True,0.26322364807128906,-0.05420970916748047,1.8190986315409343,0.2601181666056316,-0.05110422770182299,1.8065505027770996,True,1.6558914184570312
571,571,359,6.27056884765625,True,6.36159610748291,True,0.09102725982666016,6.421952819824218,0.1513839721679684,-0.06035671234130824,6.420788288116455,True,0.15021944046020508,-0.05919218063354492,6.405704816182454,0.13513596852620413,-0.044108708699543975,6.42747688293457,True,6.19304084777832
572,572,743,-1.9909601211547852,False,-1.754347324371338,False,0.23661279678344727,-1.7938426971435546,0.19711742401123056,0.03949537277221671,-1.7440743446350098,False,0.2468857765197754,-0.010272979736328125,-1.7107009887695312,0.2802591323852539,-0.04364633560180664,-1.711517333984375,False,-1.8426437377929688
573,573,387,5.339531898498535,True,5.5219526290893555,True,0.1824207305908203,5.539466857910156,0.1999349594116211,-0.01751422882080078,5.537528991699219,True,0.1979970932006836,-0.015576362609863281,5.586570580800374,0.2470386823018389,-0.06461795171101858,5.564523696899414,True,5.395238876342773
574,574,614,6.636899948120117,True,6.753141403198242,True,0.116241455078125,6.753999710083008,0.11709976196289062,-0.000858306884765625,6.739968299865723,True,0.10306835174560547,0.013173103332519531,6.744942347208659,0.10804239908854196,0.008199055989583037,6.74636173248291,True,6.6889848709106445
575,575,944,6.995819091796875,True,7.14746618270874,True,0.15164709091186523,7.132046890258789,0.13622779846191424,0.015419292449950994,7.114805698394775,True,0.11898660659790039,0.032660484313964844,7.147806167602539,0.15198707580566406,-0.0003399848937988281,7.170976161956787,True,7.10474967956543
576,576,179,6.653968811035156,True,6.87545919418335,True,0.22149038314819336,6.864532375335694,0.21056356430053746,0.010926818847655895,6.886027812957764,True,0.23205900192260742,-0.010568618774414062,6.9668019612630205,0.3128331502278643,-0.09134276707967093,6.96967077255249,True,6.69366455078125
577,577,110,0.9202075004577637,True,0.9986395835876465,True,0.07843208312988281,0.9931187629699707,0.07291126251220703,0.005520820617675781,0.9916605949401855,True,0.07145309448242188,0.0069789886474609375,1.0092185338338215,0.08901103337605787,-0.010578950246175056,1.002575397491455,True,0.9708294868469238
578,578,899,1.955580234527588,True,2.260857582092285,True,0.30527734756469727,2.2153392791748048,0.2597590446472169,0.04551830291748038,2.3116674423217773,True,0.35608720779418945,-0.05080986022949219,2.2827075322469077,0.3271272977193198,-0.021849950154622544,2.2693610191345215,True,2.107349395751953
579,579,648,5.296513557434082,True,5.429105758666992,True,0.13259220123291016,5.450600433349609,0.15408687591552717,-0.02149467468261701,5.459686279296875,True,0.16317272186279297,-0.030580520629882812,5.466281255086263,0.1697676976521807,-0.03717549641927054,5.479533672332764,True,5.356927871704102
580,580,8,0.37212133407592773,True,0.8343119621276855,True,0.4621906280517578,0.7980295181274414,0.42590818405151365,0.03628244400024416,0.9484395980834961,True,0.5763182640075684,-0.11412763595581055,0.8868842124938965,0.5147628784179688,-0.05257225036621094,0.8142185211181641,True,0.5209317207336426
581,581,844,5.916895866394043,True,6.140358924865723,True,0.2234630584716797,6.130635833740234,0.21373996734619105,0.009723091125488637,6.172580242156982,True,0.25568437576293945,-0.032221317291259766,6.182082335154216,0.2651864687601728,-0.041723410288493135,6.175132751464844,True,6.004581451416016
582,582,62,0.23387670516967773,True,0.4355134963989258,True,0.20163679122924805,0.45426435470581056,0.22038764953613282,-0.018750858306884777,0.45207929611206055,True,0.2182025909423828,-0.016565799713134766,0.5043258666992188,0.270449161529541,-0.06881237030029297,0.48329734802246094,True,0.2922248840332031
583,583,628,5.347712993621826,True,5.684823513031006,True,0.3371105194091797,5.730241394042968,0.3825284004211422,-0.045417881011962535,5.768294334411621,True,0.4205813407897949,-0.08347082138061523,5.734556992848714,0.3868439992268877,-0.04973347981770804,5.728979110717773,True,5.435446262359619
584,584,894,-1.5858573913574219,False,-0.8921489715576172,False,0.6937084197998047,-0.8458315849304199,0.740025806427002,-0.04631738662719731,-0.6940617561340332,False,0.8917956352233887,-0.19808721542358398,-0.5842827161153158,1.001574675242106,-0.3078662554423014,-0.5672183036804199,False,-1.5749497413635254
585,585,808,0.3789396286010742,True,0.7455778121948242,True,0.36663818359375,0.7574812889099121,0.37854166030883785,-0.011903476715087846,0.6912074089050293,True,0.3122677803039551,0.05437040328979492,0.6652504603068033,0.28631083170572913,0.08032735188802087,0.6027140617370605,True,0.4138188362121582
586,586,596,6.751577854156494,True,6.970068454742432,True,0.2184906005859375,6.997356224060058,0.24577836990356428,-0.027287769317626775,7.051884651184082,True,0.3003067970275879,-0.08181619644165039,7.026939392089844,0.2753615379333496,-0.05687093734741211,7.0397748947143555,True,6.784424304962158
587,587,885,1.8073382377624512,True,2.2250232696533203,True,0.41768503189086914,2.2186019897460936,0.4112637519836424,0.00642127990722674,2.254322052001953,True,0.44698381423950195,-0.029298782348632812,2.235904057820638,0.428565820058187,-0.010880788167317856,2.2090282440185547,True,1.9667167663574219
588,588,106,4.24995231628418,True,4.488859176635742,True,0.2389068603515625,4.48410120010376,0.23414888381958043,0.004757976531982067,4.482122898101807,True,0.23217058181762695,0.006736278533935547,4.506495952606201,0.2565436363220215,-0.017636775970458984,4.499176025390625,True,4.300960063934326
589,589,568,4.375168323516846,True,4.742550849914551,True,0.3673825263977051,4.734631824493408,0.3594635009765623,0.007919025421142756,4.80925178527832,True,0.4340834617614746,-0.06670093536376953,4.801728248596191,0.4265599250793457,-0.059177398681640625,4.79964542388916,True,4.442012310028076
590,590,429,2.3382349014282227,True,2.5078225135803223,True,0.1695876121520996,2.5372772216796875,0.19904232025146484,-0.029454708099365234,2.5399909019470215,True,0.20175600051879883,-0.03216838836669922,2.556151549021403,0.2179166475931802,-0.04832903544108058,2.5451831817626953,True,2.3995819091796875
591,591,66,6.777344226837158,True,6.971811294555664,True,0.19446706771850586,6.945506286621094,0.16816205978393572,0.026305007934570135,7.009206295013428,True,0.23186206817626953,-0.03739500045776367,6.969719568888347,0.19237534205118845,0.0020917256673174123,6.956901550292969,True,6.904763221740723
592,592,649,6.816031455993652,True,6.851947784423828,True,0.03591632843017578,6.891301250457763,0.07526979446411097,-0.03935346603393519,6.868813514709473,True,0.05278205871582031,-0.01686573028564453,6.860503196716309,0.04447174072265625,-0.008555412292480469,6.865038871765137,True,6.830678939819336
593,593,27,6.880926609039307,True,7.09232759475708,True,0.21140098571777344,7.095474433898926,0.21454782485961932,-0.0031468391418458808,7.115903854370117,True,0.23497724533081055,-0.02357625961303711,7.131956895192464,0.25103028615315726,-0.03962930043538382,7.125113487243652,True,6.943911552429199
594,594,697,7.394084930419922,True,7.470592021942139,True,0.0765070915222168,7.467818641662598,0.07373371124267614,0.0027733802795406604,7.520263671875,True,0.12617874145507812,-0.04967164993286133,7.486506462097168,0.0924215316772461,-0.015914440155029297,7.482541561126709,True,7.430970668792725
595,595,744,2.099447250366211,True,2.394343852996826,True,0.29489660263061523,2.4065231323242187,0.3070758819580077,-0.01217927932739249,2.3721117973327637,True,0.27266454696655273,0.0222320556640625,2.375727971394857,0.276280721028646,0.018615881601969253,2.3760552406311035,True,2.209188461303711
596,596,592,-0.3002958297729492,False,-0.06259536743164062,False,0.2377004623413086,-0.05655727386474609,0.24373855590820312,-0.006038093566894533,-0.03867769241333008,False,0.26161813735961914,-0.023917675018310547,-0.054544289906819664,0.24575153986612955,-0.008051077524820961,-0.012737751007080078,False,-0.2110743522644043
597,597,367,-2.3822436332702637,False,-1.6947505474090576,False,0.687493085861206,-1.608724594116211,0.7735190391540527,-0.08602595329284668,-1.5755550861358643,False,0.8066885471343994,-0.11919546127319336,-1.5392581621805828,0.8429854710896809,-0.15549238522847486,-1.6175117492675781,False,-2.106977939605713
598,598,896,0.5182943344116211,True,0.7230038642883301,True,0.20470952987670898,0.7350293159484863,0.2167349815368652,-0.012025451660156228,0.7786684036254883,True,0.2603740692138672,-0.0556645393371582,0.8014044761657715,0.2831101417541504,-0.0784006118774414,0.783207893371582,True,0.568871021270752
599,599,389,4.626549243927002,True,4.813899993896484,True,0.18735074996948242,4.804579448699951,0.1780302047729494,0.009320545196533025,4.782795429229736,True,0.15624618530273438,0.031104564666748047,4.840886910756429,0.2143376668294268,-0.026986916859944365,4.851436138153076,True,4.721177101135254
600,600,256,-2.093472480773926,False,-1.5926060676574707,False,0.5008664131164551,-1.5765668869018554,0.5169055938720704,-0.01603918075561528,-1.4621191024780273,False,0.6313533782958984,-0.13048696517944336,-1.5004067420959473,0.5930657386779785,-0.09219932556152344,-1.5234184265136719,False,-1.9164347648620605
601,601,532,0.5117220878601074,True,0.9320626258850098,True,0.42034053802490234,0.9911313056945801,0.47940921783447266,-0.05906867980957031,1.0184226036071777,True,0.5067005157470703,-0.08635997772216797,1.0047516822814941,0.4930295944213867,-0.07268905639648438,0.970221996307373,True,0.5151333808898926
602,602,859,-3.0520172119140625,False,-2.8063621520996094,False,0.24565505981445312,-2.8357802391052247,0.2162369728088378,0.029418087005615323,-2.763064384460449,False,0.2889528274536133,-0.043297767639160156,-2.808541774749756,0.24347543716430664,0.0021796226501464844,-2.816098213195801,False,-2.9668149948120117
603,603,20,3.505222797393799,True,3.678621768951416,True,0.1733989715576172,3.70495491027832,0.1997321128845213,-0.02633314132690412,3.711121082305908,True,0.20589828491210938,-0.03249931335449219,3.708993911743164,0.20377111434936523,-0.030372142791748047,3.6549949645996094,True,3.569237232208252
604,604,906,4.990180969238281,True,5.321609020233154,True,0.33142805099487305,5.349956893920899,0.35977592468261754,-0.028347873687744496,5.367748260498047,True,0.3775672912597656,-0.04613924026489258,5.3680040041605634,0.3778230349222822,-0.04639498392740915,5.325075149536133,True,5.139934539794922
605,605,670,-2.797147274017334,False,-2.3204123973846436,False,0.47673487663269043,-2.269892120361328,0.527255153656006,-0.05052027702331552,-2.224202871322632,False,0.5729444026947021,-0.09620952606201172,-2.2718235651652017,0.5253237088521323,-0.04858883221944188,-2.348616361618042,False,-2.7359349727630615
606,606,734,5.052942276000977,True,5.415895462036133,True,0.36295318603515625,5.382810115814209,0.3298678398132324,0.03308534622192383,5.480886459350586,True,0.4279441833496094,-0.06499099731445312,5.477569103240967,0.42462682723999023,-0.061673641204833984,5.45120906829834,True,5.130353927612305
607,607,731,5.086056232452393,True,5.337040424346924,True,0.25098419189453125,5.335019588470459,0.2489633560180664,0.0020208358764648438,5.370321273803711,True,0.28426504135131836,-0.03328084945678711,5.403972148895264,0.3179159164428711,-0.06693172454833984,5.3994598388671875,True,5.151928901672363
608,608,119,-1.42999267578125,False,-1.0244827270507812,False,0.40550994873046875,-1.0447223663330079,0.38527030944824214,0.020239639282226607,-0.9218411445617676,False,0.5081515312194824,-0.10264158248901367,-0.8688004811604818,0.5611921946207682,-0.15568224589029944,-0.916203498840332,False,-1.30731201171875
609,609,145,1.856213092803955,True,2.0992789268493652,True,0.24306583404541016,2.149467658996582,0.29325456619262713,-0.050188732147216975,2.1413731575012207,True,0.2851600646972656,-0.04209423065185547,2.141059239705404,0.2848461469014487,-0.04178031285603856,2.1389989852905273,True,1.9381470680236816
610,610,755,1.1222028732299805,True,1.3661231994628906,True,0.24392032623291016,1.4115119934082032,0.28930912017822275,-0.04538879394531259,1.5850114822387695,True,0.46280860900878906,-0.2188882827758789,1.4219067891438801,0.29970391591389967,-0.05578358968098951,1.4159221649169922,True,1.1526226997375488
611,611,978,3.8185181617736816,True,4.207723617553711,True,0.3892054557800293,4.194190502166748,0.3756723403930664,0.01353311538696289,4.274607181549072,True,0.4560890197753906,-0.06688356399536133,4.2506022453308105,0.4320840835571289,-0.04287862777709961,4.241099834442139,True,3.9547410011291504
612,612,49,6.3067216873168945,True,6.457067012786865,True,0.1503453254699707,6.469298362731934,0.16257667541503906,-0.01223134994506836,6.467272758483887,True,0.1605510711669922,-0.010205745697021484,6.4934150377909345,0.18669335047404,-0.036348025004069306,6.474092483520508,True,6.34984016418457
613,613,295,2.998495578765869,True,3.4768528938293457,True,0.47835731506347656,3.499560260772705,0.5010646820068358,-0.022707366943359286,3.6182198524475098,True,0.6197242736816406,-0.14136695861816406,3.6920345624287925,0.6935389836629233,-0.21518166859944676,3.6818480491638184,True,3.1125235557556152
614,614,43,2.0126585960388184,True,2.443748950958252,True,0.4310903549194336,2.4174150466918944,0.4047564506530761,0.02633390426635751,2.5384140014648438,True,0.5257554054260254,-0.0946650505065918,2.601626714070638,0.5889681180318198,-0.15787776311238622,2.573674201965332,True,2.080061912536621
615,615,34,7.585648536682129,True,7.631606578826904,True,0.04595804214477539,7.651864719390869,0.06621618270874041,-0.02025814056396502,7.56084680557251,True,-0.02480173110961914,0.07075977325439453,7.616869290669759,0.031220753987629912,0.014737288157145478,7.614192008972168,True,7.637921333312988
616,616,369,6.076695442199707,True,6.290041923522949,True,0.2133464813232422,6.276769065856934,0.20007362365722692,0.01327285766601527,6.371176719665527,True,0.2944812774658203,-0.08113479614257812,6.341667493184407,0.2649720509847002,-0.05162556966145804,6.342357158660889,True,6.186041831970215
617,617,249,-1.1004791259765625,False,-0.8727889060974121,False,0.2276902198791504,-0.8382962226867676,0.2621829032897949,-0.03449268341064449,-0.666478157043457,False,0.43400096893310547,-0.20631074905395508,-0.7260583241780599,0.37442080179850257,-0.14673058191935218,-0.7617325782775879,False,-1.0636677742004395
618,618,191,3.3870463371276855,True,4.043393135070801,True,0.6563467979431152,4.108437252044678,0.7213909149169924,-0.06504411697387713,4.248249530792236,True,0.8612031936645508,-0.20485639572143555,4.249795277913411,0.8627489407857256,-0.20640214284261038,4.265453338623047,True,3.66141939163208
619,619,910,0.23853492736816406,True,0.44191694259643555,True,0.20338201522827148,0.43575325012207033,0.19721832275390627,0.006163692474365212,0.47024106979370117,True,0.2317061424255371,-0.028324127197265625,0.494296391805013,0.25576146443684894,-0.052379449208577455,0.500910758972168,True,0.2984752655029297
620,620,293,0.060216426849365234,True,0.684135913848877,True,0.6239194869995117,0.597783374786377,0.5375669479370118,0.08635253906249996,0.7216935157775879,True,0.6614770889282227,-0.03755760192871094,0.6909842491149902,0.630767822265625,-0.006848335266113281,0.696937084197998,True,0.4057326316833496
621,621,99,5.851439952850342,True,6.100448131561279,True,0.2490081787109375,6.140988826751709,0.2895488739013672,-0.04054069519042969,6.119664192199707,True,0.26822423934936523,-0.019216060638427734,6.1440229415893555,0.29258298873901367,-0.04357481002807617,6.1180596351623535,True,5.844339847564697
622,622,851,-2.802245616912842,False,-2.3267078399658203,False,0.4755377769470215,-2.3554549694061278,0.44679064750671404,0.02874712944030744,-2.260499954223633,False,0.541745662689209,-0.0662078857421875,-2.3170273303985596,0.4852182865142822,-0.009680509567260742,-2.253110408782959,False,-2.665976047515869
623,623,85,-1.2426424026489258,False,-0.9980030059814453,False,0.24463939666748047,-0.9626677513122559,0.2799746513366699,-0.03533525466918941,-0.9879779815673828,False,0.25466442108154297,-0.0100250244140625,-0.9431436856587728,0.29949871699015296,-0.05485932032267249,-0.9481735229492188,False,-1.2110366821289062
624,624,331,2.632728099822998,True,3.178866386413574,True,0.5461382865905762,3.137728977203369,0.5050008773803709,0.041137409210205256,3.218367099761963,True,0.5856389999389648,-0.03950071334838867,3.203053633371989,0.5703255335489907,-0.024187246958414566,3.177365779876709,True,2.924534320831299
625,625,427,6.765580177307129,True,6.886147499084473,True,0.12056732177734375,6.885059452056884,0.1194792747497555,0.001088047027588246,6.900374412536621,True,0.1347942352294922,-0.014226913452148438,6.911866982777913,0.1462868054707842,-0.02571948369344046,6.895806312561035,True,6.8245930671691895
626,626,796,-4.52195405960083,False,-3.7585129737854004,False,0.7634410858154297,-3.8459068298339845,0.6760472297668456,0.08739385604858407,-3.735046863555908,False,0.7869071960449219,-0.023466110229492188,-3.761977513631185,0.759976545969645,0.0034645398457846532,-3.7846155166625977,False,-4.37632942199707
627,627,42,6.907543659210205,True,7.05255651473999,True,0.14501285552978516,7.08788423538208,0.18034057617187482,-0.035327720642089666,7.083713054656982,True,0.17616939544677734,-0.031156539916992188,7.075633684794108,0.1680900255839033,-0.023077170054118135,7.072507858276367,True,6.918960094451904
628,628,408,5.214702606201172,True,5.322828769683838,True,0.10812616348266602,5.3186687469482425,0.10396614074707067,0.004160022735595348,5.316763877868652,True,0.10206127166748047,0.006064891815185547,5.343056360880534,0.12835375467936228,-0.02022759119669626,5.334763050079346,True,5.260491371154785
629,629,882,-0.09425640106201172,False,0.4361119270324707,True,0.5303683280944824,0.43903627395629885,0.5332926750183106,-0.002924346923828147,0.4798412322998047,True,0.5740976333618164,-0.043729305267333984,0.4405026435852051,0.5347590446472168,-0.004390716552734375,0.43658876419067383,True,0.09703207015991211
630,630,103,6.174270153045654,True,6.309600353240967,True,0.1353302001953125,6.309448146820069,0.13517799377441442,0.00015220642089808223,6.362566947937012,True,0.18829679489135742,-0.05296659469604492,6.337657928466797,0.16338777542114258,-0.028057575225830078,6.3584160804748535,True,6.1798601150512695
631,631,41,-3.278968334197998,False,-3.0188097953796387,False,0.2601585388183594,-2.9972943305969237,0.2816740036010743,-0.021515464782714933,-2.958223342895508,False,0.32074499130249023,-0.06058645248413086,-2.957705020904541,0.32126331329345703,-0.061104774475097656,-2.963561534881592,False,-3.2328333854675293
632,632,262,5.208548545837402,True,5.359312057495117,True,0.15076351165771484,5.397561264038086,0.18901271820068377,-0.03824920654296893,5.373910427093506,True,0.16536188125610352,-0.014598369598388672,5.373801549275716,0.1652530034383135,-0.014489491780598662,5.35599946975708,True,5.293787002563477
633,633,970,-1.269202709197998,False,-0.6789689064025879,False,0.5902338027954102,-0.719940185546875,0.549262523651123,0.04097127914428711,-0.5535855293273926,False,0.7156171798706055,-0.1253833770751953,-0.5683984756469727,0.7008042335510254,-0.11057043075561523,-0.5814623832702637,False,-1.0850887298583984
634,634,663,4.5836710929870605,True,4.982110500335693,True,0.3984394073486328,4.953055286407471,0.3693841934204105,0.0290552139282223,5.004103660583496,True,0.42043256759643555,-0.021993160247802734,4.996739864349365,0.4130687713623047,-0.014629364013671875,5.037538528442383,True,4.660360336303711
635,635,39,3.5549960136413574,True,3.9172821044921875,True,0.3622860908508301,3.915268802642822,0.36027278900146475,0.002013301849365323,4.093602657318115,True,0.5386066436767578,-0.17632055282592773,4.041965961456299,0.4869699478149414,-0.12468385696411133,4.0199666023254395,True,3.6996092796325684
636,636,341,1.2157912254333496,True,1.3858447074890137,True,0.17005348205566406,1.3783490180969238,0.16255779266357417,0.007495689392089888,1.4433283805847168,True,0.2275371551513672,-0.057483673095703125,1.4310274124145508,0.21523618698120117,-0.04518270492553711,1.4172768592834473,True,1.2705955505371094
637,637,289,5.093997001647949,True,5.262820243835449,True,0.1688232421875,5.283157920837402,0.18916091918945277,-0.02033767700195277,5.294345855712891,True,0.2003488540649414,-0.031525611877441406,5.2759965260823565,0.18199952443440726,-0.013176282246907256,5.295665740966797,True,5.212981224060059
638,638,575,-0.8899354934692383,False,-0.756371021270752,False,0.13356447219848633,-0.7594837188720703,0.13045177459716795,0.0031126976013183816,-0.7394547462463379,False,0.1504807472229004,-0.016916275024414062,-0.7070309321085612,0.18290456136067712,-0.04934008916219079,-0.7141156196594238,False,-0.824556827545166
639,639,582,0.4015011787414551,True,0.48679685592651367,True,0.0852956771850586,0.48949384689331055,0.08799266815185547,-0.002696990966796875,0.5086092948913574,True,0.10710811614990234,-0.02181243896484375,0.49871079126993817,0.09720961252848309,-0.011913935343424498,0.4912691116333008,True,0.42827701568603516
640,640,703,1.3743181228637695,True,1.7717080116271973,True,0.39738988876342773,1.7314543724060059,0.35713624954223633,0.040253639221191406,1.7394919395446777,True,0.3651738166809082,0.03221607208251953,1.788304328918457,0.4139862060546875,-0.016596317291259766,1.755476951599121,True,1.5150299072265625
641,641,323,5.88127326965332,True,6.1268205642700195,True,0.24554729461669922,6.14162244796753,0.26034917831420934,-0.014801883697510121,6.13527774810791,True,0.25400447845458984,-0.008457183837890625,6.110287984212239,0.22901471455891897,0.016532580057780244,6.122173309326172,True,5.997870445251465
642,642,170,7.124403476715088,True,7.255226135253906,True,0.13082265853881836,7.266393947601318,0.1419904708862303,-0.011167812347411932,7.276619911193848,True,0.15221643447875977,-0.021393775939941406,7.283362070719401,0.15895859400431345,-0.028135935465495088,7.273641586303711,True,7.177646160125732
643,643,259,-0.5700974464416504,False,0.005957126617431641,True,0.576054573059082,0.0883610725402832,0.6584585189819336,-0.08240394592285157,0.26404333114624023,True,0.8341407775878906,-0.2580862045288086,0.2375774383544922,0.8076748847961426,-0.23162031173706055,0.2535109519958496,True,-0.4730072021484375
644,644,895,6.222474098205566,True,6.365951061248779,True,0.1434769630432129,6.363437843322754,0.14096374511718768,0.002513217926025213,6.376394271850586,True,0.15392017364501953,-0.01044321060180664,6.38106107711792,0.15858697891235352,-0.015110015869140625,6.382713317871094,True,6.321889877319336
645,645,242,1.9996528625488281,True,2.3865437507629395,True,0.38689088821411133,2.3605796813964846,0.3609268188476564,0.0259640693664549,2.418055534362793,True,0.41840267181396484,-0.031511783599853516,2.4429643948872886,0.44331153233846043,-0.056420644124349106,2.3894309997558594,True,2.0679636001586914
646,646,571,7.010643482208252,True,7.097993850708008,True,0.08735036849975586,7.099337482452393,0.08869400024414098,-0.001343631744385121,7.087098598480225,True,0.07645511627197266,0.010895252227783203,7.104195753733317,0.0935522715250654,-0.006201903025309541,7.091102600097656,True,7.038455486297607
647,647,302,-6.8466644287109375,False,-6.488563537597656,False,0.35810089111328125,-6.4574294090271,0.3892350196838379,-0.03113412857055664,-6.39630126953125,False,0.4503631591796875,-0.09226226806640625,-6.378012339274089,0.46865208943684866,-0.11055119832356741,-6.389283180236816,False,-6.766434669494629
648,648,46,-3.5223560333251953,False,-3.2275500297546387,False,0.29480600357055664,-3.2380841255187987,0.28427190780639666,0.010534095764159979,-3.2160205841064453,False,0.30633544921875,-0.01152944564819336,-3.200990676879883,0.3213653564453125,-0.02655935287475586,-3.202765941619873,False,-3.34616756439209
649,649,322,6.611541748046875,True,6.755985736846924,True,0.14444398880004883,6.745127487182617,0.133585739135742,0.010858249664306818,6.761922359466553,True,0.15038061141967773,-0.005936622619628906,6.774120648701985,0.16257890065511038,-0.018134911855061553,6.775241851806641,True,6.668011665344238
650,650,492,-2.724691390991211,False,-2.1674680709838867,False,0.5572233200073242,-2.1365092277526854,0.5881821632385256,-0.03095884323120135,-2.1135644912719727,False,0.6111268997192383,-0.05390357971191406,-2.0972817738850913,0.6274096171061196,-0.07018629709879542,-2.165579319000244,False,-2.543883800506592
651,651,773,4.457803249359131,True,4.728694915771484,True,0.2708916664123535,4.72158203125,0.2637787818908688,0.00711288452148473,4.789247989654541,True,0.33144474029541016,-0.06055307388305664,4.802412986755371,0.34460973739624023,-0.07371807098388672,4.795337677001953,True,4.514674186706543
652,652,300,-5.983077526092529,False,-5.441027641296387,False,0.5420498847961426,-5.417532825469971,0.5655447006225582,-0.02349481582641566,-5.315649032592773,False,0.6674284934997559,-0.12537860870361328,-5.288874785105388,0.6942027409871416,-0.15215285619099905,-5.364946365356445,False,-5.896264553070068
653,653,985,-6.741365432739258,False,-6.442635536193848,False,0.29872989654541016,-6.485634708404541,0.25573072433471644,0.042999172210693715,-6.379012107849121,False,0.3623533248901367,-0.06362342834472656,-6.388079484303792,0.3532859484354658,-0.054556051890055635,-6.449014663696289,False,-6.605851173400879
654,654,488,4.532313346862793,True,4.7695112228393555,True,0.2371978759765625,4.785546779632568,0.2532334327697754,-0.01603555679321289,4.849037170410156,True,0.3167238235473633,-0.07952594757080078,4.8677113850911455,0.33539803822835257,-0.09820016225179007,4.86483907699585,True,4.611286163330078
655,655,683,4.778918743133545,True,5.090548038482666,True,0.3116292953491211,5.041735649108887,0.2628169059753418,0.0488123893737793,5.111944198608398,True,0.3330254554748535,-0.021396160125732422,5.197754859924316,0.4188361167907715,-0.10720682144165039,5.21153450012207,True,4.830090045928955
656,656,6,2.1483960151672363,True,2.584792137145996,True,0.43639612197875977,2.586785411834717,0.43838939666748056,-0.001993274688720792,2.5978283882141113,True,0.449432373046875,-0.013036251068115234,2.636070728302002,0.4876747131347656,-0.05127859115600586,2.6281490325927734,True,2.1961870193481445
657,657,874,-0.24805355072021484,False,-0.17852497100830078,False,0.06952857971191406,-0.16410083770751954,0.0839527130126953,-0.014424133300781239,-0.16231918334960938,False,0.08573436737060547,-0.016205787658691406,-0.15809408823649088,0.08995946248372397,-0.020430882771809905,-0.16492176055908203,False,-0.23659706115722656
658,658,192,2.634495735168457,True,2.7130126953125,True,0.07851696014404297,2.752452182769775,0.11795644760131818,-0.03943948745727521,2.715158462524414,True,0.08066272735595703,-0.0021457672119140625,2.734497547149658,0.10000181198120117,-0.021484851837158203,2.7324881553649902,True,2.6247520446777344
659,659,172,1.853044033050537,True,2.269253730773926,True,0.41620969772338867,2.2898419380187987,0.43679790496826154,-0.02058820724487287,2.3596034049987793,True,0.5065593719482422,-0.09034967422485352,2.3907591501871743,0.5377151171366372,-0.12150541941324855,2.3426575660705566,True,1.9624671936035156
660,660,668,-6.168818473815918,False,-5.62144660949707,False,0.5473718643188477,-5.665988540649414,0.5028299331665043,0.044541931152343395,-5.392615795135498,False,0.7762026786804199,-0.22883081436157227,-5.4636610349019366,0.7051574389139814,-0.15778557459513376,-5.540101051330566,False,-6.06995964050293
661,661,892,4.3351640701293945,True,4.550298690795898,True,0.2151346206665039,4.557703018188477,0.22253894805908203,-0.007404327392578125,4.556981086730957,True,0.2218170166015625,-0.006682395935058594,4.602173805236816,0.2670097351074219,-0.05187511444091797,4.588750839233398,True,4.391298294067383
662,662,638,-0.6956214904785156,False,-0.1868758201599121,False,0.5087456703186035,-0.22438125610351561,0.471240234375,0.037505435943603505,-0.22430849075317383,False,0.4713129997253418,0.03743267059326172,-0.1462702751159668,0.5493512153625488,-0.04060554504394531,-0.1297297477722168,False,-0.40359973907470703
663,663,577,1.723726749420166,True,2.001181125640869,True,0.2774543762207031,2.028878402709961,0.3051516532897951,-0.027697277069091975,2.0832557678222656,True,0.3595290184020996,-0.08207464218139648,2.074938933054606,0.35121218363443996,-0.07375780741373683,2.0321459770202637,True,1.7806358337402344
664,664,626,-1.1538004875183105,False,-0.7827267646789551,False,0.37107372283935547,-0.7498712539672852,0.4039292335510254,-0.03285551071166992,-0.7283143997192383,False,0.42548608779907227,-0.0544123649597168,-0.7183734575907389,0.43542702992757165,-0.06435330708821618,-0.7208399772644043,False,-1.0895133018493652
665,665,893,0.42056798934936523,True,1.202056884765625,True,0.7814888954162598,1.1166430473327638,0.6960750579833985,0.08541383743286124,1.2324347496032715,True,0.8118667602539062,-0.030377864837646484,1.4121486345926921,0.9915806452433269,-0.21009174982706713,1.327502727508545,True,0.6855893135070801
666,666,572,3.072147846221924,True,3.311070442199707,True,0.2389225959777832,3.4198887825012205,0.3477409362792967,-0.1088183403015135,3.487372398376465,True,0.415224552154541,-0.1763019561767578,3.467841307322184,0.39569346110026027,-0.15677086512247707,3.44460391998291,True,3.147399425506592
667,667,61,1.253671646118164,True,1.519810676574707,True,0.26613903045654297,1.478338623046875,0.22466697692871085,0.04147205352783212,1.5173358917236328,True,0.26366424560546875,0.0024747848510742188,1.5531654357910156,0.29949378967285156,-0.033354759216308594,1.5233216285705566,True,1.3437309265136719
668,668,493,5.906146049499512,True,6.061744689941406,True,0.15559864044189453,6.053515815734864,0.14736976623535192,0.008228874206542613,6.060174465179443,True,0.15402841567993164,0.0015702247619628906,6.0673872629801435,0.1612412134806318,-0.005642573038737275,6.055418491363525,True,5.964074611663818
669,669,739,-2.597391128540039,False,-2.163911819458008,False,0.43347930908203125,-2.1105954170227053,0.4867957115173338,-0.05331640243530256,-2.1381826400756836,False,0.45920848846435547,-0.02572917938232422,-2.035287380218506,0.5621037483215332,-0.12862443923950195,-2.0730700492858887,False,-2.4953536987304688
670,670,377,2.0025768280029297,True,2.138786792755127,True,0.13620996475219727,2.1422690391540526,0.13969221115112296,-0.0034822463989256924,2.113464832305908,True,0.11088800430297852,0.02532196044921875,2.0668651262919107,0.06428829828898097,0.0719216664632163,2.1137747764587402,True,2.0507726669311523
671,671,926,3.255451202392578,True,3.4618029594421387,True,0.20635175704956055,3.535345935821533,0.279894733428955,-0.07354297637939444,3.5602617263793945,True,0.3048105239868164,-0.09845876693725586,3.5342203776041665,0.2787691752115884,-0.07241741816202785,3.5328426361083984,True,3.326909065246582
672,672,933,3.613226890563965,True,4.06300687789917,True,0.4497799873352051,4.0769294738769535,0.46370258331298864,-0.013922595977783558,4.167677402496338,True,0.554450511932373,-0.10467052459716797,4.153549512227376,0.5403226216634112,-0.09054263432820608,4.1799540519714355,True,3.749582290649414
673,673,574,-0.7275457382202148,False,-0.31663990020751953,False,0.4109058380126953,-0.3028604507446289,0.4246852874755859,-0.013779449462890614,-0.2937788963317871,False,0.43376684188842773,-0.022861003875732422,-0.23970619837443033,0.48783953984578454,-0.0769337018330892,-0.23701095581054688,False,-0.5865573883056641
674,674,939,4.733504772186279,True,5.019124507904053,True,0.28561973571777344,5.043450164794922,0.3099453926086424,-0.024325656890868963,5.028730392456055,True,0.2952256202697754,-0.009605884552001953,5.076732953389485,0.3432281812032061,-0.05760844548543265,5.075355529785156,True,4.8392462730407715
675,675,960,2.9518394470214844,True,3.552250385284424,True,0.6004109382629395,3.5309619903564453,0.5791225433349609,0.021288394927978516,3.5733108520507812,True,0.6214714050292969,-0.021060466766357422,3.724165121714274,0.7723256746927896,-0.1719147364298501,3.677156448364258,True,3.108478546142578
676,676,720,5.773863315582275,True,5.980544090270996,True,0.2066807746887207,6.000605773925781,0.22674245834350604,-0.020061683654785334,6.030485153198242,True,0.2566218376159668,-0.049941062927246094,6.007255554199219,0.23339223861694336,-0.026711463928222656,5.98752498626709,True,5.8387556076049805
677,677,847,1.0830016136169434,True,1.5848784446716309,True,0.5018768310546875,1.5867628097534179,0.5037611961364745,-0.0018843650817870206,1.590703010559082,True,0.5077013969421387,-0.005824565887451172,1.6520105997721355,0.5690089861551921,-0.06713215510050463,1.5913233757019043,True,1.3189949989318848
678,678,274,5.383950233459473,True,5.6098480224609375,True,0.22589778900146484,5.684686183929443,0.3007359504699707,-0.07483816146850586,5.675934314727783,True,0.29198408126831055,-0.0660862922668457,5.649422645568848,0.265472412109375,-0.039574623107910156,5.6753740310668945,True,5.436907768249512
679,679,231,1.5166501998901367,True,1.7413544654846191,True,0.22470426559448242,1.7710651397705077,0.254414939880371,-0.029710674285888583,1.7615571022033691,True,0.24490690231323242,-0.02020263671875,1.7428749402364094,0.2262247403462727,-0.0015204747517902906,1.7480440139770508,True,1.6131138801574707
680,680,481,3.2002406120300293,True,3.4460582733154297,True,0.2458176612854004,3.4798845291137694,0.27964391708374015,-0.033826255798339755,3.3903555870056152,True,0.19011497497558594,0.05570268630981445,3.4653857549031577,0.2651451428731284,-0.019327481587728013,3.480778694152832,True,3.306150436401367
681,681,784,0.06831979751586914,True,0.3830394744873047,True,0.31471967697143555,0.4436653137207031,0.375345516204834,-0.060625839233398426,0.4083986282348633,True,0.34007883071899414,-0.025359153747558594,0.491182804107666,0.4228630065917969,-0.10814332962036133,0.4411935806274414,True,0.15259265899658203
682,682,91,4.219766616821289,True,4.378262519836426,True,0.15849590301513672,4.343495178222656,0.12372856140136701,0.03476734161376971,4.367114543914795,True,0.14734792709350586,0.01114797592163086,4.381645520528157,0.1618789037068682,-0.0033830006917314748,4.372873783111572,True,4.27769136428833
683,683,695,-7.43700647354126,False,-7.275742530822754,False,0.16126394271850586,-7.209464263916016,0.22754220962524396,-0.0662782669067381,-7.149904251098633,False,0.28710222244262695,-0.1258382797241211,-7.193756262461345,0.24325021107991507,-0.08198626836140921,-7.1949872970581055,False,-7.410432815551758
684,684,930,6.6577348709106445,True,6.862519264221191,True,0.20478439331054688,6.863282108306885,0.2055472373962406,-0.0007628440856937146,6.831874847412109,True,0.17413997650146484,0.03064441680908203,6.899130344390869,0.2413954734802246,-0.036611080169677734,6.923915386199951,True,6.736769676208496
685,685,691,7.098222732543945,True,7.214427947998047,True,0.11620521545410156,7.214857769012451,0.11663503646850604,-0.0004298210144044745,7.2521281242370605,True,0.15390539169311523,-0.03770017623901367,7.286342302958171,0.18811957041422556,-0.071914354960124,7.299863338470459,True,7.165576457977295
686,686,841,1.4193687438964844,True,1.913543701171875,True,0.4941749572753906,1.9823338508605957,0.5629651069641113,-0.06879014968872066,1.8930115699768066,True,0.47364282608032227,0.02053213119506836,1.960038661956787,0.5406699180603027,-0.04649496078491211,1.999119758605957,True,1.5533695220947266
687,687,905,4.307612419128418,True,4.4914631843566895,True,0.18385076522827148,4.503342533111573,0.19573011398315465,-0.011879348754883168,4.5996222496032715,True,0.2920098304748535,-0.10815906524658203,4.51748259862264,0.2098701794942217,-0.026019414265950225,4.51052188873291,True,4.3561906814575195
688,688,265,5.328541278839111,True,5.559828758239746,True,0.23128747940063477,5.556914520263672,0.22837324142456072,0.002914237976074041,5.61030387878418,True,0.28176259994506836,-0.050475120544433594,5.620215098063151,0.29167381922404,-0.060386339823405244,5.632668495178223,True,5.375343322753906
689,689,958,0.8892912864685059,True,1.137812614440918,True,0.2485213279724121,1.1692913055419922,0.2800000190734864,-0.03147869110107426,1.189253330230713,True,0.29996204376220703,-0.05144071578979492,1.212092399597168,0.3228011131286621,-0.07427978515625,1.2027559280395508,True,0.9425554275512695
690,690,741,-4.29942512512207,False,-3.6880226135253906,False,0.6114025115966797,-3.517241191864014,0.7821839332580565,-0.17078142166137678,-3.6903958320617676,False,0.6090292930603027,0.002373218536376953,-3.5863558451334634,0.7130692799886069,-0.10166676839192723,-3.6159024238586426,False,-4.130489349365234
691,691,992,6.371060848236084,True,6.713690280914307,True,0.34262943267822266,6.706390285491944,0.33532943725585973,0.007299995422362926,6.747034072875977,True,0.3759732246398926,-0.03334379196166992,6.750180562337239,0.3791197141011553,-0.03649028142293265,6.7473602294921875,True,6.436362266540527
692,692,296,0.6511635780334473,True,1.03643798828125,True,0.38527441024780273,1.0597275733947753,0.40856399536132804,-0.023289585113525302,1.1585693359375,True,0.5074057579040527,-0.12213134765625,1.1323118209838867,0.48114824295043945,-0.09587383270263672,1.1231837272644043,True,0.7414422035217285
693,693,482,0.7119464874267578,True,0.8752808570861816,True,0.16333436965942383,0.8813847541809082,0.1694382667541504,-0.006103897094726585,0.9181942939758301,True,0.20624780654907227,-0.04291343688964844,0.9417915344238281,0.2298450469970703,-0.06651067733764648,0.9605932235717773,True,0.7515869140625
694,694,977,2.8997020721435547,True,3.4474759101867676,True,0.5477738380432129,3.4627802848815916,0.5630782127380369,-0.015304374694824041,3.619141101837158,True,0.7194390296936035,-0.17166519165039062,3.5973246892293296,0.6976226170857749,-0.149848779042562,3.5122785568237305,True,3.066554069519043
695,695,549,2.3413901329040527,True,2.5854926109313965,True,0.24410247802734375,2.5896838188171385,0.24829368591308576,-0.00419120788574201,2.692591667175293,True,0.35120153427124023,-0.10709905624389648,2.6815404891967773,0.3401503562927246,-0.09604787826538086,2.660858631134033,True,2.4317479133605957
696,696,646,2.247615337371826,True,2.7380995750427246,True,0.49048423767089844,2.62168025970459,0.37406492233276367,0.11641931533813477,2.6208910942077637,True,0.3732757568359375,0.11720848083496094,2.746664841969808,0.4990495045979819,-0.008565266927083481,2.733276844024658,True,2.45035982131958
697,697,881,6.215166091918945,True,6.407467842102051,True,0.19230175018310547,6.421659469604492,0.20649337768554688,-0.014191627502441406,6.425918102264404,True,0.21075201034545898,-0.018450260162353516,6.465356826782227,0.25019073486328125,-0.05788898468017578,6.441509246826172,True,6.350955009460449
698,698,768,5.935374736785889,True,6.053740501403809,True,0.11836576461791992,6.060716438293457,0.12534170150756818,-0.00697593688964826,6.008580207824707,True,0.07320547103881836,0.04516029357910156,6.086645603179932,0.15127086639404297,-0.03290510177612305,6.094964027404785,True,6.031659126281738
699,699,340,5.990815162658691,True,6.085227966308594,True,0.09441280364990234,6.108659076690674,0.11784391403198224,-0.0234311103820799,6.132184028625488,True,0.14136886596679688,-0.04695606231689453,6.124724547068278,0.13390938440958688,-0.03949658075968454,6.125391006469727,True,6.039361953735352
700,700,471,3.9680604934692383,True,4.09096097946167,True,0.12290048599243164,4.114841365814209,0.14678087234497106,-0.023880386352539418,4.131682395935059,True,0.1636219024658203,-0.04072141647338867,4.154479185740153,0.186418692270915,-0.06351820627848337,4.153737545013428,True,3.983096122741699
701,701,35,6.838207721710205,True,6.939695835113525,True,0.10148811340332031,6.945193576812744,0.10698585510253888,-0.005497741699218572,6.928234100341797,True,0.0900263786315918,0.011461734771728516,6.957906087239583,0.11969836552937796,-0.018210252126057647,6.939977645874023,True,6.885366439819336
702,702,712,0.8977994918823242,True,1.128946304321289,True,0.23114681243896484,1.1040176391601562,0.20621814727783194,0.0249286651611329,1.1054391860961914,True,0.2076396942138672,0.023507118225097656,1.1425657272338867,0.2447662353515625,-0.013619422912597656,1.1288213729858398,True,0.986907958984375
703,703,580,1.5849900245666504,True,2.1144518852233887,True,0.5294618606567383,2.0137961387634276,0.42880611419677717,0.10065574645996112,2.162374496459961,True,0.5773844718933105,-0.047922611236572266,2.1418954531351724,0.556905428568522,-0.027443567911783706,2.1558518409729004,True,1.9103264808654785
704,704,32,3.7096872329711914,True,4.384529113769531,True,0.6748418807983398,4.345733642578125,0.6360464096069336,0.03879547119140625,4.458605766296387,True,0.7489185333251953,-0.07407665252685547,4.559326807657878,0.8496395746866865,-0.17479769388834665,4.547904014587402,True,4.039641380310059
705,705,619,2.9128293991088867,True,3.24954891204834,True,0.3367195129394531,3.240139865875244,0.32731046676635733,0.009409046173095792,3.339986801147461,True,0.4271574020385742,-0.0904378890991211,3.3533808390299478,0.44055143992106105,-0.10383192698160792,3.3507542610168457,True,3.026951313018799
706,706,767,3.679835319519043,True,4.08898401260376,True,0.4091486930847168,4.047438621520996,0.3676033020019531,0.04154539108276367,4.106078147888184,True,0.4262428283691406,-0.017094135284423828,4.113840897878011,0.4340055783589678,-0.024856885274251006,4.109072208404541,True,3.8299241065979004
707,707,391,0.8465456962585449,True,1.5484023094177246,True,0.7018566131591797,1.579414176940918,0.7328684806823731,-0.031011867523193404,1.7485284805297852,True,0.9019827842712402,-0.20012617111206055,1.6800832748413086,0.8335375785827637,-0.13168096542358398,1.6315174102783203,True,1.0848045349121094
708,708,513,0.5070991516113281,True,1.06254243850708,True,0.555443286895752,0.9880892753601074,0.48099012374877925,0.0744531631469727,1.0535998344421387,True,0.5465006828308105,0.008942604064941406,1.1024680137634277,0.5953688621520996,-0.039925575256347656,1.0633840560913086,True,0.6846518516540527
709,709,143,-1.9524540901184082,False,-1.3909974098205566,False,0.5614566802978516,-1.3799640655517578,0.5724900245666504,-0.011033344268798873,-1.3404459953308105,False,0.6120080947875977,-0.050551414489746094,-1.2783865928649902,0.674067497253418,-0.1126108169555664,-1.3024768829345703,False,-1.8024072647094727
710,710,116,-1.2458629608154297,False,-0.4396371841430664,False,0.8062257766723633,-0.5342234611511231,0.7116394996643066,0.09458627700805666,-0.38161563873291016,False,0.8642473220825195,-0.05802154541015625,-0.3100438117980957,0.935819149017334,-0.1295933723449707,-0.3181734085083008,False,-1.0095939636230469
711,711,643,1.329880714416504,True,1.6626553535461426,True,0.33277463912963867,1.6587136268615723,0.3288329124450684,0.003941726684570268,1.5699405670166016,True,0.24005985260009766,0.09271478652954102,1.7271628379821777,0.39728212356567383,-0.06450748443603516,1.740929126739502,True,1.4292020797729492
712,712,898,-0.7396254539489746,False,-0.2957744598388672,False,0.4438509941101074,-0.28791351318359376,0.45171194076538085,-0.007860946655273426,-0.2369980812072754,False,0.5026273727416992,-0.0587763786315918,-0.21035591761271158,0.5292695363362631,-0.08541854222615561,-0.21824169158935547,False,-0.4696989059448242
713,713,151,4.229422569274902,True,4.419552326202393,True,0.19012975692749023,4.405345630645752,0.1759230613708498,0.014206695556640447,4.43488883972168,True,0.20546627044677734,-0.01533651351928711,4.450266679128011,0.22084410985310843,-0.030714352925618194,4.451471328735352,True,4.326234817504883
714,714,281,3.401707172393799,True,3.619964599609375,True,0.21825742721557617,3.6187878608703614,0.2170806884765626,0.001176738739013583,3.6309866905212402,True,0.2292795181274414,-0.011022090911865234,3.6563638051350913,0.25465663274129247,-0.036399205525716294,3.6530585289001465,True,3.5381827354431152
715,715,288,-6.071809768676758,False,-5.737934112548828,False,0.3338756561279297,-5.682698535919189,0.38911123275756854,-0.05523557662963885,-5.630661487579346,False,0.4411482810974121,-0.10727262496948242,-5.5730617841084795,0.4987479845682783,-0.1648723284403486,-5.618095397949219,False,-5.993608474731445
716,716,707,2.209433078765869,True,2.3358535766601562,True,0.1264204978942871,2.339483451843262,0.13005037307739276,-0.0036298751831056464,2.3653035163879395,True,0.1558704376220703,-0.029449939727783203,2.3370982805887857,0.12766520182291652,-0.0012447039286294093,2.3561220169067383,True,2.262002468109131
717,717,166,1.8526372909545898,True,2.3932857513427734,True,0.5406484603881836,2.3758397102355957,0.5232024192810059,0.017446041107177734,2.341480255126953,True,0.4888429641723633,0.05180549621582031,2.435821851094564,0.5831845601399741,-0.04253609975179051,2.411269187927246,True,1.9603853225708008
718,718,943,0.3493070602416992,True,0.5274181365966797,True,0.17811107635498047,0.5597529411315918,0.21044588088989258,-0.03233480453491211,0.5994930267333984,True,0.2501859664916992,-0.07207489013671875,0.6256850560506185,0.2763779958089193,-0.09826691945393884,0.5987687110900879,True,0.37497711181640625
719,719,358,6.299947261810303,True,6.383103370666504,True,0.08315610885620117,6.385301780700684,0.08535451889038104,-0.002198410034179865,6.4082841873168945,True,0.1083369255065918,-0.025180816650390625,6.358083724975586,0.0581364631652832,0.02501964569091797,6.412512302398682,True,6.399654388427734
720,720,750,5.843457221984863,True,6.196056365966797,True,0.3525991439819336,6.175762557983399,0.3323053359985355,0.020293807983398082,6.238615036010742,True,0.3951578140258789,-0.04255867004394531,6.330715338389079,0.4872581164042158,-0.1346589724222822,6.266933441162109,True,5.943118095397949
721,721,609,1.0218539237976074,True,1.4313359260559082,True,0.4094820022583008,1.4487625122070313,0.4269085884094239,-0.017426586151123136,1.4773120880126953,True,0.4554581642150879,-0.04597616195678711,1.4812080065409343,0.4593540827433269,-0.049872080485026116,1.4318585395812988,True,1.1435742378234863
722,722,999,2.5838379859924316,True,2.8440451622009277,True,0.2602071762084961,2.814766502380371,0.23092851638793954,0.029278659820556552,2.801912784576416,True,0.21807479858398438,0.04213237762451172,2.8688737551371255,0.28503576914469386,-0.02482859293619777,2.856987953186035,True,2.6422061920166016
723,723,887,7.466778755187988,True,7.600610256195068,True,0.13383150100708008,7.602369594573974,0.13559083938598615,-0.0017593383789060724,7.586175918579102,True,0.11939716339111328,0.014434337615966797,7.623577912648519,0.1567991574605303,-0.022967656453450225,7.598081588745117,True,7.533144950866699
724,724,135,2.7179441452026367,True,2.867584228515625,True,0.14964008331298828,2.882391834259033,0.1644476890563964,-0.014807605743408114,2.9216251373291016,True,0.20368099212646484,-0.05404090881347656,2.906876564025879,0.1889324188232422,-0.039292335510253906,2.9100637435913086,True,2.765890598297119
725,725,546,-0.29604148864746094,False,0.0064678192138671875,True,0.3025093078613281,0.005635261535644531,0.30167675018310547,0.0008325576782226562,0.043732643127441406,True,0.33977413177490234,-0.03726482391357422,0.0576775868733724,0.3537190755208333,-0.05120976765950521,0.06966543197631836,True,-0.20595645904541016
726,726,402,4.382648468017578,True,4.7537407875061035,True,0.3710923194885254,4.756453514099121,0.37380504608154297,-0.002712726593017578,4.805398464202881,True,0.42274999618530273,-0.051657676696777344,4.874149640401204,0.491501172383626,-0.12040885289510062,4.775609970092773,True,4.461432456970215
727,727,202,7.141688823699951,True,7.312009334564209,True,0.1703205108642578,7.308038520812988,0.16634969711303693,0.003970813751220881,7.3430280685424805,True,0.2013392448425293,-0.031018733978271484,7.357485930124919,0.21579710642496774,-0.04547659556070993,7.37186336517334,True,7.189825057983398
728,728,639,-2.0351815223693848,False,-1.3275113105773926,False,0.7076702117919922,-1.3105100631713866,0.7246714591979981,-0.017001247406005948,-1.1886916160583496,False,0.8464899063110352,-0.13881969451904297,-1.3132495880126953,0.7219319343566895,-0.014261722564697266,-1.294576644897461,False,-1.8888731002807617
729,729,560,1.3779401779174805,True,1.9190096855163574,True,0.541069507598877,1.8652880668640137,0.48734788894653325,0.053721618652343706,1.9806537628173828,True,0.6027135848999023,-0.06164407730102539,2.008847236633301,0.6309070587158203,-0.08983755111694336,1.9794831275939941,True,1.5633397102355957
730,730,348,0.29912376403808594,True,0.6675081253051758,True,0.36838436126708984,0.6744101524353028,0.37528638839721684,-0.0069020271301269975,0.7377834320068359,True,0.43865966796875,-0.07027530670166016,0.7288789749145508,0.42975521087646484,-0.061370849609375,0.7628383636474609,True,0.36180877685546875
731,731,785,1.527188777923584,True,1.9402422904968262,True,0.4130535125732422,1.9339694023132323,0.40678062438964835,0.006272888183593839,1.9171724319458008,True,0.3899836540222168,0.02306985855102539,1.8959364891052246,0.3687477111816406,0.04430580139160156,1.9304213523864746,True,1.6357145309448242
732,732,662,6.293850898742676,True,6.510242938995361,True,0.21639204025268555,6.515347290039062,0.22149639129638654,-0.005104351043700994,6.572304725646973,True,0.2784538269042969,-0.06206178665161133,6.55496342976888,0.26111253102620413,-0.044720490773518584,6.559380531311035,True,6.40947961807251
733,733,816,-0.831171989440918,False,-0.4624457359313965,False,0.3687262535095215,-0.45314388275146483,0.37802810668945314,-0.009301853179931652,-0.4720187187194824,False,0.35915327072143555,0.009572982788085938,-0.4939441680908203,0.33722782135009766,0.03149843215942383,-0.4411325454711914,False,-0.5745553970336914
734,734,399,6.0610857009887695,True,6.289944171905518,True,0.22885847091674805,6.307606410980225,0.24652070999145526,-0.01766223907470721,6.33366584777832,True,0.2725801467895508,-0.043721675872802734,6.334102153778076,0.27301645278930664,-0.044157981872558594,6.293517112731934,True,6.124232292175293
735,735,564,5.083433628082275,True,5.225488662719727,True,0.14205503463745117,5.233101749420166,0.14966812133789098,-0.007613086700439808,5.2032928466796875,True,0.11985921859741211,0.022195816040039062,5.238110065460205,0.1546764373779297,-0.012621402740478516,5.221446514129639,True,5.145581245422363
736,736,79,6.3656415939331055,True,6.511588096618652,True,0.14594650268554688,6.505037021636963,0.1393954277038576,0.0065510749816892755,6.508293628692627,True,0.14265203475952148,0.0032944679260253906,6.484157721201579,0.1185161272684736,0.02743037541707327,6.49857234954834,True,6.403460502624512
737,737,839,-2.486337184906006,False,-2.0492067337036133,False,0.4371304512023926,-2.0863086700439455,0.40002851486206037,0.03710193634033221,-1.953211784362793,False,0.5331254005432129,-0.09599494934082031,-1.9981579780578613,0.48817920684814453,-0.05104875564575195,-2.0529394149780273,False,-2.399801731109619
738,738,632,1.33082914352417,True,1.665219783782959,True,0.33439064025878906,1.7065942764282227,0.3757651329040528,-0.041374492645263716,1.7164435386657715,True,0.38561439514160156,-0.0512237548828125,1.7373388608296711,0.40650971730550123,-0.07211907704671217,1.7218036651611328,True,1.4431443214416504
739,739,474,6.749017238616943,True,6.917474746704102,True,0.1684575080871582,6.883962726593017,0.13494548797607386,0.03351202011108434,6.882498264312744,True,0.13348102569580078,0.03497648239135742,6.928305943806966,0.1792887051900225,-0.010831197102864287,6.917060852050781,True,6.876827239990234
740,740,308,-3.496929883956909,False,-2.709636688232422,False,0.7872931957244873,-2.5691638946533204,0.9277659893035888,-0.14047279357910147,-2.6897835731506348,False,0.8071463108062744,-0.01985311508178711,-2.36607027053833,1.130859613418579,-0.3435664176940918,-2.483389377593994,False,-3.230103015899658
741,741,94,3.5518581867218018,True,3.7868282794952393,True,0.2349700927734375,3.7880136966705322,0.23615550994873047,-0.0011854171752929688,3.8244714736938477,True,0.2726132869720459,-0.0376431941986084,3.814003070195516,0.26214488347371434,-0.02717479070027684,3.795910596847534,True,3.6061503887176514
742,742,965,-0.41781139373779297,False,0.2403874397277832,True,0.6581988334655762,0.25290441513061523,0.6707158088684082,-0.012516975402832031,0.2906923294067383,True,0.7085037231445312,-0.05030488967895508,0.40007972717285156,0.8178911209106445,-0.15969228744506836,0.3173527717590332,True,-0.15136194229125977
743,743,222,-1.952507495880127,False,-1.5014982223510742,False,0.45100927352905273,-1.5797078132629394,0.37279968261718754,0.07820959091186519,-1.475266456604004,False,0.47724103927612305,-0.026231765747070312,-1.4503685633341472,0.5021389325459797,-0.05112965901692701,-1.4552116394042969,False,-1.6921305656433105
744,744,949,-3.9166340827941895,False,-3.153747320175171,False,0.7628867626190186,-3.2425300598144533,0.6741040229797362,0.0887827396392824,-2.993328332901001,False,0.9233057498931885,-0.16041898727416992,-2.9599321683247886,0.9567019144694009,-0.19381515185038234,-2.991004228591919,False,-3.690643548965454
745,745,610,0.8448858261108398,True,1.4234542846679688,True,0.5785684585571289,1.356518268585205,0.5116324424743652,0.06693601608276367,1.498173713684082,True,0.6532878875732422,-0.07471942901611328,1.575355052947998,0.7304692268371582,-0.1519007682800293,1.62931489944458,True,0.8428654670715332
746,746,843,5.735386848449707,True,5.936328411102295,True,0.2009415626525879,5.93228588104248,0.19689903259277308,0.004042530059814808,5.982109069824219,True,0.24672222137451172,-0.04578065872192383,6.021244366963704,0.2858575185139971,-0.08491595586140921,6.012144088745117,True,5.86602783203125
747,747,419,-2.1758694648742676,False,-1.18424654006958,False,0.9916229248046875,-1.297090721130371,0.8787787437438965,0.11284418106079097,-1.048497200012207,False,1.1273722648620605,-0.13574934005737305,-1.0939377148946126,1.081931749979655,-0.09030882517496752,-1.1362528800964355,False,-1.7397174835205078
748,748,263,-0.0841069221496582,False,0.2121729850769043,True,0.2962799072265625,0.2648859977722168,0.348992919921875,-0.05271301269531248,0.31877708435058594,True,0.40288400650024414,-0.10660409927368164,0.2835049629211426,0.3676118850708008,-0.07133197784423828,0.281829833984375,True,-0.038068294525146484
749,749,183,5.494921684265137,True,5.6718950271606445,True,0.1769733428955078,5.748105525970459,0.25318384170532227,-0.07621049880981445,5.721942901611328,True,0.2270212173461914,-0.050047874450683594,5.750409285227458,0.25548760096232126,-0.07851425806681345,5.714390754699707,True,5.512822151184082
750,750,876,1.1514320373535156,True,1.417004108428955,True,0.26557207107543945,1.3984142303466798,0.24698219299316415,0.018589878082275302,1.4275245666503906,True,0.276092529296875,-0.010520458221435547,1.4216683705647786,0.27023633321126295,-0.004664262135823494,1.3967223167419434,True,1.2582473754882812
751,751,375,3.641303062438965,True,3.952396869659424,True,0.311093807220459,3.9634554862976072,0.3221524238586424,-0.011058616638183416,3.966768264770508,True,0.32546520233154297,-0.014371395111083984,4.0427680015563965,0.40146493911743164,-0.09037113189697266,4.021825313568115,True,3.6996049880981445
752,752,694,2.0353569984436035,True,2.212210178375244,True,0.17685317993164062,2.237158107757568,0.20180110931396467,-0.02494792938232404,2.2464752197265625,True,0.21111822128295898,-0.03426504135131836,2.2441817919413247,0.2088247934977212,-0.03197161356608058,2.2527318000793457,True,2.076892375946045
753,753,625,2.82122802734375,True,3.1937246322631836,True,0.3724966049194336,3.2274495124816895,0.40622148513793954,-0.03372488021850595,3.2275915145874023,True,0.40636348724365234,-0.03386688232421875,3.220661004384359,0.39943297704060887,-0.026936372121175278,3.1702685356140137,True,2.9946188926696777
754,754,763,-1.711348056793213,False,-1.5437731742858887,False,0.16757488250732422,-1.5298020362854003,0.18154602050781254,-0.013971138000488326,-1.5189237594604492,False,0.19242429733276367,-0.024849414825439453,-1.5554540952046711,0.15589396158854174,0.011680920918782478,-1.5559744834899902,False,-1.6786484718322754
755,755,278,4.506126403808594,True,4.70408296585083,True,0.19795656204223633,4.680628299713135,0.17450189590454102,0.023454666137695312,4.702967643737793,True,0.19684123992919922,0.0011153221130371094,4.716835180918376,0.2107087771097822,-0.012752215067545869,4.7137274742126465,True,4.626264572143555
756,756,798,-2.028409004211426,False,-1.5137696266174316,False,0.5146393775939941,-1.516317081451416,0.5120919227600098,0.0025474548339843306,-1.403174877166748,False,0.6252341270446777,-0.1105947494506836,-1.4370258649190266,0.5913831392923992,-0.07674376169840502,-1.4190034866333008,False,-1.882601261138916
757,757,378,3.894369125366211,True,4.058115005493164,True,0.16374588012695312,4.044145584106445,0.14977645874023438,0.01396942138671875,4.068912506103516,True,0.1745433807373047,-0.010797500610351562,4.067104498545329,0.17273537317911813,-0.00898949305216501,4.062933444976807,True,3.934694290161133
758,758,346,3.352053642272949,True,3.6233067512512207,True,0.2712531089782715,3.6279711723327637,0.27591753005981445,-0.004664421081542969,3.6918249130249023,True,0.3397712707519531,-0.06851816177368164,3.6891965866088867,0.3371429443359375,-0.06588983535766602,3.673153877258301,True,3.462862491607666
759,759,594,4.605076313018799,True,4.720698833465576,True,0.11562252044677734,4.722444820404053,0.11736850738525373,-0.0017459869384763849,4.746094226837158,True,0.14101791381835938,-0.02539539337158203,4.741133054097493,0.13605674107869437,-0.02043422063191702,4.738846302032471,True,4.624308109283447
760,760,38,4.669743537902832,True,5.024663925170898,True,0.3549203872680664,4.976114559173584,0.3063710212707518,0.04854936599731463,5.024195671081543,True,0.35445213317871094,0.00046825408935546875,5.0490366617838545,0.37929312388102243,-0.024372736612956025,5.019086837768555,True,4.800808906555176
761,761,326,4.534026622772217,True,4.931382179260254,True,0.3973555564880371,4.889764785766602,0.35573816299438477,0.041617393493652344,4.995268821716309,True,0.4612421989440918,-0.06388664245605469,4.962869008382161,0.42884238560994437,-0.031486829121907256,4.9369964599609375,True,4.584223747253418
762,762,272,-4.104569435119629,False,-3.7426869869232178,False,0.36188244819641113,-3.750675010681152,0.35389442443847674,0.007988023757934393,-3.7876625061035156,False,0.3169069290161133,0.04497551918029785,-3.752589543660482,0.351979891459147,0.009902556737264145,-3.7523977756500244,False,-3.9966318607330322
763,763,924,-0.4545116424560547,False,-0.23295307159423828,False,0.2215585708618164,-0.1972285270690918,0.2572831153869629,-0.03572454452514648,-0.19029903411865234,False,0.26421260833740234,-0.04265403747558594,-0.1349802017211914,0.3195314407348633,-0.09797286987304688,-0.12475061416625977,False,-0.3983926773071289
764,764,30,2.7198195457458496,True,2.897408962249756,True,0.17758941650390625,2.8731561660766602,0.15333662033081064,0.024252796173095614,2.8825759887695312,True,0.16275644302368164,0.01483297348022461,2.8783132235209146,0.15849367777506496,0.019095738728841294,2.8642702102661133,True,2.8326544761657715
765,765,467,1.5994043350219727,True,2.226553440093994,True,0.6271491050720215,2.197693634033203,0.5982892990112303,0.028859806060791193,2.2387847900390625,True,0.6393804550170898,-0.01223134994506836,2.2826337814331055,0.6832294464111328,-0.05608034133911133,2.231285572052002,True,1.6877694129943848
766,766,824,6.138198375701904,True,6.482221603393555,True,0.3440232276916504,6.5346245765686035,0.3964262008666992,-0.05240297317504883,6.495321273803711,True,0.35712289810180664,-0.01309967041015625,6.523473739624023,0.38527536392211914,-0.04125213623046875,6.477051734924316,True,6.251680374145508
767,767,820,3.515899181365967,True,3.804926872253418,True,0.28902769088745117,3.821549320220947,0.3056501388549804,-0.016622447967529208,3.8357715606689453,True,0.3198723793029785,-0.030844688415527344,3.710805575052897,0.1949063936869302,0.09412129720052098,3.720280170440674,True,3.6653990745544434
768,768,793,2.9508261680603027,True,3.3608145713806152,True,0.4099884033203125,3.26906099319458,0.31823482513427725,0.09175357818603525,3.334655284881592,True,0.38382911682128906,0.026159286499023438,3.392233689626058,0.44140752156575536,-0.031419118245442856,3.3629469871520996,True,3.136411190032959
769,769,606,0.8032808303833008,True,1.2526235580444336,True,0.4493427276611328,1.2756425857543945,0.4723617553710937,-0.023019027709960893,1.3430209159851074,True,0.5397400856018066,-0.09039735794067383,1.4443176587422688,0.641036828358968,-0.1916941006978352,1.3374590873718262,True,0.8692078590393066
770,770,586,6.023186683654785,True,6.140623092651367,True,0.11743640899658203,6.165808391571045,0.14262170791625994,-0.025185298919677912,6.144759654998779,True,0.12157297134399414,-0.004136562347412109,6.146239280700684,0.12305259704589844,-0.005616188049316406,6.132895469665527,True,6.0625810623168945
771,771,54,-6.69691276550293,False,-6.368951797485352,False,0.3279609680175781,-6.365123653411866,0.3317891120910641,-0.003828144073485973,-6.405466079711914,False,0.2914466857910156,0.0365142822265625,-6.281820297241211,0.41509246826171875,-0.08713150024414062,-6.259293556213379,False,-6.607020378112793
772,772,251,4.90968132019043,True,5.128795623779297,True,0.2191143035888672,5.187400054931641,0.2777187347412111,-0.05860443115234393,5.198816299438477,True,0.2891349792480469,-0.07002067565917969,5.203245798746745,0.2935644785563154,-0.07445017496744821,5.222579002380371,True,5.001298904418945
773,773,723,3.953005313873291,True,4.310069561004639,True,0.35706424713134766,4.2985532760620115,0.3455479621887205,0.01151628494262713,4.329428195953369,True,0.3764228820800781,-0.01935863494873047,4.351900418599446,0.3988951047261553,-0.04183085759480765,4.348273277282715,True,3.9978346824645996
774,774,679,3.955352306365967,True,4.2517571449279785,True,0.2964048385620117,4.251219272613525,0.2958669662475586,0.000537872314453125,4.270473003387451,True,0.3151206970214844,-0.018715858459472656,4.2807919184366865,0.3254396120707197,-0.02903477350870798,4.2591423988342285,True,4.026657581329346
775,775,766,4.8393096923828125,True,5.145157814025879,True,0.3058481216430664,5.168562889099121,0.3292531967163086,-0.023405075073242188,5.159885883331299,True,0.32057619094848633,-0.014728069305419922,5.186644236246745,0.3473345438639326,-0.04148642222086618,5.165681838989258,True,4.949682235717773
776,776,18,4.41478157043457,True,4.606359958648682,True,0.19157838821411133,4.580593872070312,0.165812301635742,0.025766086578369318,4.65040397644043,True,0.23562240600585938,-0.04404401779174805,4.631631533304851,0.21684996287028024,-0.025271574656168916,4.635709762573242,True,4.4816670417785645
777,777,395,5.347491264343262,True,5.619976997375488,True,0.27248573303222656,5.63328104019165,0.2857897758483885,-0.013304042816161932,5.63288688659668,True,0.28539562225341797,-0.012909889221191406,5.623059908548991,0.27556864420572946,-0.0030829111735029002,5.593212127685547,True,5.5003509521484375
778,778,370,3.468477249145508,True,3.7746076583862305,True,0.30613040924072266,3.8186686515808104,0.35019140243530256,-0.0440609931945799,3.856616973876953,True,0.3881397247314453,-0.08200931549072266,3.8484411239624023,0.37996387481689453,-0.07383346557617188,3.8368968963623047,True,3.5777764320373535
779,779,245,-1.6696782112121582,False,-1.1738662719726562,False,0.49581193923950195,-1.2030333518981933,0.46664485931396493,0.02916707992553702,-1.107764720916748,False,0.5619134902954102,-0.0661015510559082,-1.1318577130635579,0.5378204981486003,-0.04200855890909838,-1.183487892150879,False,-1.571237564086914
780,780,756,3.229949951171875,True,3.3590025901794434,True,0.12905263900756836,3.3414535522460938,0.11150360107421875,0.01754903793334961,3.3846993446350098,True,0.15474939346313477,-0.025696754455566406,3.3811488151550293,0.1511988639831543,-0.022146224975585938,3.3897757530212402,True,3.283627986907959
781,781,559,-0.31215763092041016,False,0.017228126525878906,True,0.32938575744628906,-0.010536956787109374,0.3016206741333008,0.02776508331298828,0.050211429595947266,True,0.3623690605163574,-0.03298330307006836,0.16664775212605795,0.47880538304646814,-0.14941962560017905,0.14473295211791992,True,-0.17848777770996094
782,782,3,0.7274608612060547,True,0.8486838340759277,True,0.12122297286987305,0.8443146705627441,0.11685380935668943,0.004369163513183616,0.8473787307739258,True,0.1199178695678711,0.0013051033020019531,0.8517775535583496,0.12431669235229492,-0.003093719482421875,0.842557430267334,True,0.7613558769226074
783,783,74,4.556954860687256,True,4.684072971343994,True,0.12711811065673828,4.70472297668457,0.1477681159973141,-0.020650005340575817,4.670998573303223,True,0.1140437126159668,0.013074398040771484,4.723133246103923,0.16617838541666696,-0.03906027475992868,4.712932586669922,True,4.598071575164795
784,784,583,1.6684837341308594,True,2.049618721008301,True,0.3811349868774414,2.0527140617370607,0.38423032760620135,-0.0030953407287599433,2.123040199279785,True,0.4545564651489258,-0.07342147827148438,2.1833375295003257,0.5148537953694663,-0.1337188084920249,2.1437578201293945,True,1.7687530517578125
785,785,246,3.2596497535705566,True,3.6210851669311523,True,0.3614354133605957,3.6139769554138184,0.3543272018432617,0.007108211517333984,3.7257256507873535,True,0.4660758972167969,-0.10464048385620117,3.715030034383138,0.45538028081258153,-0.09394486745198583,3.710460662841797,True,3.411426544189453
786,786,381,-4.098410606384277,False,-3.546389579772949,False,0.5520210266113281,-3.5411134719848634,0.557297134399414,-0.005276107788085849,-3.4353156089782715,False,0.6630949974060059,-0.11107397079467773,-3.3896330197652182,0.7087775866190591,-0.15675656000773097,-3.439438819885254,False,-3.9632627964019775
787,787,919,-2.08853816986084,False,-1.484123706817627,False,0.6044144630432129,-1.4412532806396485,0.6472848892211913,-0.04287042617797843,-1.4234037399291992,False,0.6651344299316406,-0.060719966888427734,-1.4776819547017415,0.6108562151590984,-0.006441752115885491,-1.6737079620361328,False,-2.0307393074035645
788,788,446,-0.599879264831543,False,0.24889659881591797,True,0.8487758636474609,0.23076419830322265,0.8306434631347657,0.018132400512695324,0.27940797805786133,True,0.8792872428894043,-0.03051137924194336,0.4421742757161458,1.0420535405476887,-0.19327767690022785,0.39757251739501953,True,-0.40027713775634766
789,789,440,-0.1556568145751953,False,0.1556696891784668,True,0.3113265037536621,0.07371540069580078,0.2293722152709961,0.08195428848266602,0.20355796813964844,True,0.35921478271484375,-0.04788827896118164,0.2044545809427897,0.360111395517985,-0.04878489176432291,0.18101739883422852,True,0.09918212890625
790,790,466,-2.1808462142944336,False,-1.5812420845031738,False,0.5996041297912598,-1.6172589302062987,0.5635872840881349,0.03601684570312491,-1.512587547302246,False,0.6682586669921875,-0.06865453720092773,-1.5012893676757812,0.6795568466186523,-0.07995271682739258,-1.4803996086120605,False,-1.9912757873535156
791,791,416,3.917928695678711,True,4.018611907958984,True,0.10068321228027344,4.032149410247802,0.11422071456909144,-0.013537502288818004,4.040560722351074,True,0.12263202667236328,-0.021948814392089844,4.095842520395915,0.17791382471720407,-0.07723061243693063,4.087490558624268,True,3.954739570617676
792,792,233,1.8255996704101562,True,2.0645318031311035,True,0.23893213272094727,2.118801498413086,0.2932018280029296,-0.05426969528198233,2.146843910217285,True,0.3212442398071289,-0.08231210708618164,2.1467568079630532,0.321157137552897,-0.08222500483194972,2.1420536041259766,True,1.8898601531982422
793,793,150,1.05845308303833,True,1.6233572959899902,True,0.5649042129516602,1.678261947631836,0.6198088645935058,-0.05490465164184566,1.6564245223999023,True,0.5979714393615723,-0.03306722640991211,1.7966245015462239,0.7381714185078938,-0.17326720555623365,1.6554155349731445,True,1.196150302886963
794,794,319,0.1470656394958496,True,0.42783498764038086,True,0.28076934814453125,0.413761043548584,0.2666954040527344,0.014073944091796853,0.47240209579467773,True,0.3253364562988281,-0.044567108154296875,0.41798830032348633,0.2709226608276367,0.009846687316894531,0.40144968032836914,True,0.2389516830444336
795,795,29,2.807525157928467,True,3.214931011199951,True,0.4074058532714844,3.2272964477539063,0.41977128982543954,-0.012365436553955167,3.260251998901367,True,0.4527268409729004,-0.045320987701416016,3.2616701126098633,0.4541449546813965,-0.04673910140991211,3.253126621246338,True,2.8782639503479004
796,796,470,1.7984819412231445,True,2.083606243133545,True,0.2851243019104004,2.046219062805176,0.24773712158203143,0.03738718032836896,2.037689685821533,True,0.23920774459838867,0.04591655731201172,2.045623302459717,0.24714136123657227,0.037982940673828125,2.048552989959717,True,1.8567886352539062
797,797,653,6.046185493469238,True,6.4112935066223145,True,0.36510801315307617,6.369249153137207,0.3230636596679686,0.0420443534851076,6.4347357749938965,True,0.3885502815246582,-0.02344226837158203,6.425278504689534,0.37909301122029593,-0.013984998067219756,6.404046058654785,True,6.194197654724121
798,798,127,6.264946937561035,True,6.398032188415527,True,0.1330852508544922,6.386869049072265,0.12192211151123011,0.011163139343262074,6.396868705749512,True,0.13192176818847656,0.001163482666015625,6.395226955413818,0.1302800178527832,0.0028052330017089844,6.405348777770996,True,6.2973432540893555
799,799,48,1.4293837547302246,True,2.0733299255371094,True,0.6439461708068848,2.0559057235717773,0.6265219688415526,0.01742420196533212,2.096034049987793,True,0.6666502952575684,-0.022704124450683594,2.1301089922587075,0.7007252375284829,-0.05677906672159816,2.0895586013793945,True,1.683518409729004
800,800,922,6.833310604095459,True,7.012653350830078,True,0.17934274673461914,6.999557113647461,0.1662465095520016,0.013096237182617543,7.027411937713623,True,0.19410133361816406,-0.014758586883544922,7.050996780395508,0.21768617630004883,-0.03834342956542969,7.056929111480713,True,6.888552665710449
801,801,335,-2.398409366607666,False,-1.8012728691101074,False,0.5971364974975586,-1.8405200958251953,0.5578892707824707,0.039247226715087846,-1.5743050575256348,False,0.8241043090820312,-0.22696781158447266,-1.532265027364095,0.866144339243571,-0.26900784174601244,-1.5495362281799316,False,-2.2066469192504883
802,802,290,4.741915225982666,True,4.949202537536621,True,0.20728731155395508,4.925448799133301,0.18353357315063512,0.023753738403319957,4.952176570892334,True,0.21026134490966797,-0.0029740333557128906,4.953324476877849,0.2114092508951826,-0.00412193934122751,4.952034950256348,True,4.821420192718506
803,803,324,-5.302031517028809,False,-4.840926170349121,False,0.4611053466796875,-4.828361892700196,0.4736696243286129,-0.012564277648925426,-4.715954780578613,False,0.5860767364501953,-0.12497138977050781,-4.718728701273601,0.583302815755208,-0.12219746907552054,-4.769351959228516,False,-5.20009708404541
804,804,561,-3.371382474899292,False,-2.982787847518921,False,0.3885946273803711,-2.9638106346130373,0.4075718402862547,-0.01897721290588361,-2.955479621887207,False,0.41590285301208496,-0.027308225631713867,-2.908642848332723,0.46273962656656886,-0.07414499918619777,-2.8821511268615723,False,-3.2431554794311523
805,805,122,2.8625054359436035,True,3.2406697273254395,True,0.37816429138183594,3.2287769317626953,0.3662714958190918,0.01189279556274414,3.356705665588379,True,0.4942002296447754,-0.11603593826293945,3.3284387588500977,0.46593332290649414,-0.0877690315246582,3.281799793243408,True,3.016733169555664
806,806,822,-2.8479537963867188,False,-2.559506416320801,False,0.28844738006591797,-2.553464412689209,0.29448938369750977,-0.006042003631591797,-2.515164375305176,False,0.33278942108154297,-0.044342041015625,-2.497753302256266,0.3502004941304526,-0.06175311406453465,-2.5123543739318848,False,-2.711097240447998
807,807,735,6.14658260345459,True,6.351924896240234,True,0.20534229278564453,6.33428544998169,0.1877028465270998,0.017639446258544744,6.405794143676758,True,0.25921154022216797,-0.05386924743652344,6.371004581451416,0.22442197799682617,-0.01907968521118164,6.352484703063965,True,6.233780860900879
808,808,76,3.200486660003662,True,3.4081296920776367,True,0.2076430320739746,3.4091314315795898,0.20864477157592765,-0.0010017395019530362,3.4104599952697754,True,0.20997333526611328,-0.002330303192138672,3.4366234143575034,0.2361367543538413,-0.028493722279866684,3.449151039123535,True,3.3210396766662598
809,809,867,-3.426063060760498,False,-3.0552144050598145,False,0.3708486557006836,-3.0732783317565917,0.35278472900390634,0.018063926696777255,-3.018258571624756,False,0.4078044891357422,-0.036955833435058594,-2.9913031260172525,0.4347599347432456,-0.063911279042562,-2.988149642944336,False,-3.326315402984619
810,810,15,0.31216001510620117,True,0.44860219955444336,True,0.1364421844482422,0.4535985946655273,0.14143857955932615,-0.004996395111083962,0.46866941452026367,True,0.1565093994140625,-0.020067214965820312,0.47244421641031903,0.16028420130411786,-0.02384201685587567,0.45364856719970703,True,0.34592580795288086
811,811,786,3.7969093322753906,True,4.11461067199707,True,0.3177013397216797,4.166962623596191,0.3700532913208008,-0.052351951599121094,4.088347911834717,True,0.29143857955932617,0.026262760162353516,4.133841832478841,0.3369325002034502,-0.019231160481770537,4.067633152008057,True,3.870246410369873
812,812,823,2.7676730155944824,True,3.057157039642334,True,0.28948402404785156,3.0528100967407226,0.28513708114624015,0.004346942901611417,3.145474433898926,True,0.37780141830444336,-0.0883173942565918,3.1646323204040527,0.3969593048095703,-0.10747528076171875,3.1503992080688477,True,2.8802952766418457
813,813,602,-3.2394602298736572,False,-2.4327375888824463,False,0.8067226409912109,-2.372178888320923,0.8672813415527343,-0.06055870056152335,-2.313891649246216,False,0.9255685806274414,-0.11884593963623047,-2.108642021814982,1.1308182080586753,-0.32409556706746434,-2.276766777038574,False,-3.1543262004852295
814,814,880,3.5715270042419434,True,3.8262972831726074,True,0.25477027893066406,3.8460745811462402,0.2745475769042969,-0.019777297973632812,3.9570446014404297,True,0.38551759719848633,-0.13074731826782227,3.912615935007731,0.3410889307657876,-0.08631865183512355,3.9143013954162598,True,3.6452393531799316
815,815,658,-1.544240951538086,False,-1.3215851783752441,False,0.2226557731628418,-1.3484798431396485,0.1957611083984374,0.026894664764404386,-1.2940735816955566,False,0.2501673698425293,-0.0275115966796875,-1.2458454767862956,0.2983954747517903,-0.0757397015889485,-1.2560787200927734,False,-1.4260215759277344
816,816,955,5.414220809936523,True,5.608424663543701,True,0.19420385360717773,5.604952716827393,0.1907319068908695,0.0034719467163082385,5.552661895751953,True,0.1384410858154297,0.05576276779174805,5.57777754465739,0.16355673472086618,0.030647118886311553,5.620439529418945,True,5.448411464691162
817,817,101,0.8402915000915527,True,1.0406742095947266,True,0.20038270950317383,1.0789978981018067,0.23870639801025395,-0.03832368850708012,1.1101536750793457,True,0.26986217498779297,-0.06947946548461914,1.117411772410075,0.2771202723185222,-0.07673756281534838,1.0949625968933105,True,0.8660321235656738
818,818,444,-1.5226035118103027,False,-1.2621574401855469,False,0.26044607162475586,-1.269601058959961,0.25300245285034184,0.007443618774414018,-1.1775050163269043,False,0.34509849548339844,-0.08465242385864258,-1.1771469116210938,0.345456600189209,-0.08501052856445312,-1.2028627395629883,False,-1.43729829788208
819,819,519,1.0746936798095703,True,1.3452463150024414,True,0.2705526351928711,1.3876989364624024,0.3130052566528321,-0.04245262145996098,1.3702054023742676,True,0.29551172256469727,-0.024959087371826172,1.4216036796569824,0.3469099998474121,-0.07635736465454102,1.4108729362487793,True,1.1078720092773438
820,820,441,6.763237476348877,True,6.880537509918213,True,0.11730003356933594,6.881231594085693,0.11799411773681623,-0.0006940841674802911,6.8939924240112305,True,0.13075494766235352,-0.013454914093017578,6.897117296854655,0.1338798205057783,-0.016579786936442353,6.898889064788818,True,6.78228759765625
821,821,929,-1.4598193168640137,False,-1.2265558242797852,False,0.23326349258422852,-1.2234912872314454,0.23632802963256827,-0.003064537048339755,-1.1910433769226074,False,0.26877593994140625,-0.035512447357177734,-1.1346588134765625,0.32516050338745117,-0.09189701080322266,-1.1557035446166992,False,-1.3977317810058594
822,822,209,6.1927595138549805,True,6.335488319396973,True,0.1427288055419922,6.3537036895751955,0.16094417572021502,-0.018215370178222834,6.328194618225098,True,0.1354351043701172,0.007293701171875,6.338070869445801,0.1453113555908203,-0.002582550048828125,6.353715419769287,True,6.265148639678955
823,823,56,-2.511300802230835,False,-1.8449592590332031,False,0.6663415431976318,-1.801769733428955,0.7095310688018799,-0.04318952560424805,-1.9083061218261719,False,0.6029946804046631,0.06334686279296875,-1.6926050186157227,0.8186957836151123,-0.15235424041748047,-1.773597240447998,False,-2.3893704414367676
824,824,953,4.661441326141357,True,4.859274864196777,True,0.19783353805541992,4.8697813034057615,0.20833997726440412,-0.010506439208984197,4.846031188964844,True,0.18458986282348633,0.013243675231933594,4.853854815165202,0.1924134890238447,0.005420049031575225,4.853456974029541,True,4.717832088470459
825,825,956,2.9469380378723145,True,3.2670512199401855,True,0.3201131820678711,3.2790322303771973,0.3320941925048828,-0.011981010437011719,3.337108612060547,True,0.3901705741882324,-0.07005739212036133,3.352701187133789,0.4057631492614746,-0.08564996719360352,3.388451099395752,True,3.0685648918151855
826,826,713,-2.592550277709961,False,-2.030229091644287,False,0.5623211860656738,-2.0662935256958006,0.5262567520141603,0.036064434051513494,-1.9401416778564453,False,0.6524085998535156,-0.0900874137878418,-1.9044562975565593,0.6880939801534016,-0.1257727940877278,-1.9090886116027832,False,-2.243973731994629
827,827,468,1.7653450965881348,True,2.3064236640930176,True,0.5410785675048828,2.2815400123596192,0.5161949157714845,0.02488365173339835,2.370296001434326,True,0.6049509048461914,-0.0638723373413086,2.4059338569641113,0.6405887603759766,-0.09951019287109375,2.356295108795166,True,1.825915813446045
828,828,213,5.785940647125244,True,6.059660911560059,True,0.27372026443481445,6.037405681610108,0.25146503448486346,0.022255229949950994,6.022545337677002,True,0.2366046905517578,0.03711557388305664,6.015156586964925,0.2292159398396807,0.04450432459513376,6.049707412719727,True,5.901828765869141
829,829,287,4.160681247711182,True,4.3591413497924805,True,0.19846010208129883,4.385029315948486,0.2243480682373047,-0.02588796615600586,4.438626766204834,True,0.27794551849365234,-0.07948541641235352,4.389235019683838,0.22855377197265625,-0.030093669891357422,4.37495231628418,True,4.2180399894714355
830,830,758,1.3061437606811523,True,1.834878921508789,True,0.5287351608276367,1.8030675888061523,0.4969238281249999,0.03181133270263681,1.863851547241211,True,0.5577077865600586,-0.028972625732421875,1.9290987650553386,0.6229550043741863,-0.09421984354654955,1.8706393241882324,True,1.3807716369628906
831,831,230,4.385195732116699,True,4.598718166351318,True,0.21352243423461914,4.613739395141602,0.2285436630249027,-0.015021228790283558,4.555082321166992,True,0.16988658905029297,0.04363584518432617,4.617950439453125,0.23275470733642578,-0.01923227310180664,4.61683464050293,True,4.397956371307373
832,832,403,6.720987319946289,True,6.858135223388672,True,0.1371479034423828,6.857130432128907,0.13614311218261754,0.0010047912597652697,6.860875606536865,True,0.13988828659057617,-0.0027403831481933594,6.875367323557536,0.15438000361124704,-0.01723210016886423,6.87026309967041,True,6.756454944610596
833,833,486,2.7739853858947754,True,3.1650214195251465,True,0.3910360336303711,3.1857425689697267,0.41175718307495135,-0.020721149444580256,3.226712226867676,True,0.4527268409729004,-0.0616908073425293,3.1935707728068032,0.41958538691202785,-0.028549353281656753,3.1775641441345215,True,2.9341673851013184
834,834,529,-3.730910301208496,False,-3.336202621459961,False,0.39470767974853516,-3.3088986396789553,0.42201166152954084,-0.027303981781005682,-3.2177281379699707,False,0.5131821632385254,-0.11847448348999023,-3.2147436141967773,0.5161666870117188,-0.1214590072631836,-3.2646026611328125,False,-3.6481451988220215
835,835,282,6.624354362487793,True,6.747269630432129,True,0.12291526794433594,6.722714805603028,0.09836044311523473,0.024554824829101207,6.729242324829102,True,0.1048879623413086,0.018027305603027344,6.743517875671387,0.11916351318359375,0.0037517547607421875,6.736332893371582,True,6.656513214111328
836,836,708,-4.045594692230225,False,-3.6118030548095703,False,0.4337916374206543,-3.6426740646362306,0.40292062759399405,0.030871009826660245,-3.537619113922119,False,0.5079755783081055,-0.07418394088745117,-3.4944753646850586,0.551119327545166,-0.11732769012451172,-3.468235492706299,False,-3.8253746032714844
837,837,781,-2.6994376182556152,False,-2.3319692611694336,False,0.36746835708618164,-2.2834038734436035,0.4160337448120117,-0.04856538772583008,-2.137542247772217,False,0.5618953704833984,-0.1944270133972168,-2.1940954526265464,0.5053421656290689,-0.13787380854288722,-2.1742115020751953,False,-2.5574703216552734
838,838,855,1.9992733001708984,True,2.4770517349243164,True,0.47777843475341797,2.5508994102478026,0.5516261100769042,-0.07384767532348624,2.5997023582458496,True,0.6004290580749512,-0.1226506233215332,2.642215887705485,0.6429425875345864,-0.16516415278116847,2.6631922721862793,True,2.0790205001831055
839,839,337,0.5967254638671875,True,0.9561314582824707,True,0.3594059944152832,0.9290478706359864,0.3323224067687989,0.02708358764648433,0.9397749900817871,True,0.3430495262145996,0.016356468200683594,0.9529123306274414,0.3561868667602539,0.003219127655029297,0.9330182075500488,True,0.7006940841674805
840,840,313,3.4913382530212402,True,3.7000880241394043,True,0.20874977111816406,3.707542324066162,0.2162040710449218,-0.007454299926757724,3.7389559745788574,True,0.2476177215576172,-0.038867950439453125,3.755868752797445,0.2645304997762046,-0.05578072865804051,3.7444262504577637,True,3.576681137084961
841,841,386,2.696575164794922,True,3.0785903930664062,True,0.3820152282714844,3.010356140136719,0.31378097534179705,0.06823425292968732,3.0353589057922363,True,0.33878374099731445,0.04323148727416992,3.0551274617513022,0.35855229695638036,0.02346293131510402,3.0122132301330566,True,2.83475923538208
842,842,664,1.0855903625488281,True,1.6037468910217285,True,0.5181565284729004,1.6287650108337401,0.543174648284912,-0.02501811981201163,1.6908321380615234,True,0.6052417755126953,-0.08708524703979492,1.6953301429748535,0.6097397804260254,-0.091583251953125,1.6276965141296387,True,1.1695075035095215
843,843,193,1.5840134620666504,True,1.9057936668395996,True,0.3217802047729492,1.9064275741577148,0.3224141120910644,-0.00063390731811519,2.0372915267944336,True,0.4532780647277832,-0.13149785995483398,2.051724592844645,0.46771113077799464,-0.14593092600504542,2.032188892364502,True,1.6723270416259766
844,844,309,0.1272282600402832,True,0.6255145072937012,True,0.49828624725341797,0.6523605346679687,0.5251322746276855,-0.026846027374267556,0.7032766342163086,True,0.5760483741760254,-0.07776212692260742,0.6881640752156576,0.5609358151753744,-0.06264956792195642,0.6655511856079102,True,0.2631855010986328
845,845,23,1.4754548072814941,True,1.9535894393920898,True,0.4781346321105957,1.8851739883422851,0.40971918106079097,0.06841545104980473,2.0054478645324707,True,0.5299930572509766,-0.05185842514038086,2.101632754007975,0.626177946726481,-0.14804331461588527,2.066157341003418,True,1.6058740615844727
846,846,831,1.062800407409668,True,1.276613712310791,True,0.21381330490112305,1.2983351707458497,0.23553476333618173,-0.021721458435058683,1.3028407096862793,True,0.24004030227661133,-0.02622699737548828,1.3169180552164714,0.25411764780680346,-0.04030434290568041,1.3025832176208496,True,1.1425786018371582
847,847,852,-2.152352809906006,False,-1.6658844947814941,False,0.4864683151245117,-1.702355194091797,0.44999761581420894,0.03647069931030278,-1.6793513298034668,False,0.47300148010253906,0.013466835021972656,-1.6105995178222656,0.5417532920837402,-0.055284976959228516,-1.584446907043457,False,-2.0855531692504883
848,848,51,1.6802692413330078,True,1.7826786041259766,True,0.10240936279296875,1.8002933502197265,0.12002410888671866,-0.01761474609374991,1.812138557434082,True,0.13186931610107422,-0.02945995330810547,1.807169755299886,0.12690051396687818,-0.02449115117390943,1.8010945320129395,True,1.7030830383300781
849,849,292,-1.5974745750427246,False,-1.3004002571105957,False,0.2970743179321289,-1.318939208984375,0.2785353660583496,0.018538951873779297,-1.290018081665039,False,0.30745649337768555,-0.01038217544555664,-1.2315775553385417,0.36589701970418287,-0.06882270177205396,-1.2354073524475098,False,-1.5238189697265625
850,850,576,1.1353673934936523,True,1.4544706344604492,True,0.3191032409667969,1.447474479675293,0.3121070861816406,0.00699615478515625,1.4719905853271484,True,0.3366231918334961,-0.01751995086669922,1.5212583541870117,0.3858909606933594,-0.0667877197265625,1.5020394325256348,True,1.2463951110839844
851,851,476,1.8250226974487305,True,2.133951187133789,True,0.3089284896850586,2.095475101470947,0.2704524040222167,0.038476085662841886,2.177609920501709,True,0.3525872230529785,-0.04365873336791992,2.170661290486654,0.3456385930379233,-0.03671010335286473,2.170633316040039,True,1.9592885971069336
852,852,475,4.596033096313477,True,4.744336128234863,True,0.14830303192138672,4.770207118988037,0.17417402267456072,-0.025870990753174006,4.766653060913086,True,0.17061996459960938,-0.022316932678222656,4.760171890258789,0.1641387939453125,-0.01583576202392578,4.75742244720459,True,4.640659809112549
853,853,719,4.887834072113037,True,5.231332778930664,True,0.34349870681762695,5.199797248840332,0.31196317672729457,0.031535530090332387,5.305176258087158,True,0.4173421859741211,-0.07384347915649414,5.273179690043132,0.3853456179300947,-0.041846911112467744,5.2599382400512695,True,5.062496185302734
854,854,696,4.959810256958008,True,5.092642307281494,True,0.13283205032348633,5.076700687408447,0.11689043045043945,0.015941619873046875,5.074180603027344,True,0.11437034606933594,0.01846170425415039,5.086016813913981,0.1262065569559736,0.006625493367512725,5.083195686340332,True,5.036206245422363
855,855,58,-2.877026081085205,False,-2.2849717140197754,False,0.5920543670654297,-2.308128070831299,0.5688980102539061,0.023156356811523615,-2.190619945526123,False,0.686406135559082,-0.09435176849365234,-2.171316305796305,0.7057097752888999,-0.1136554082234702,-2.2554821968078613,False,-2.531747817993164
856,856,540,1.925065040588379,True,2.219961166381836,True,0.29489612579345703,2.2235488891601562,0.29848384857177734,-0.0035877227783203125,2.273427963256836,True,0.34836292266845703,-0.053466796875,2.28059991200765,0.355534871419271,-0.06063874562581395,2.2733354568481445,True,2.033651351928711
857,857,401,5.284022808074951,True,5.537884712219238,True,0.2538619041442871,5.525529766082764,0.24150695800781286,0.012354946136474254,5.573525905609131,True,0.2895030975341797,-0.03564119338989258,5.57150395711263,0.28748114903767874,-0.03361924489339163,5.533649921417236,True,5.327613353729248
858,858,974,-0.20350360870361328,False,0.03634071350097656,True,0.23984432220458984,0.08661937713623047,0.29012298583984375,-0.050278663635253906,0.07765674591064453,True,0.2811603546142578,-0.04131603240966797,0.1401980717976888,0.3437016805013021,-0.10385735829671225,0.15653610229492188,True,-0.14956998825073242
859,859,515,4.205042839050293,True,4.48381233215332,True,0.27876949310302734,4.481645965576172,0.27660312652587926,0.0021663665771480822,4.453086853027344,True,0.24804401397705078,0.030725479125976562,4.495219548543294,0.290176709493001,-0.011407216389973662,4.522221088409424,True,4.254316329956055
860,860,126,4.775955677032471,True,5.029914379119873,True,0.25395870208740234,4.991742038726807,0.2157863616943363,0.03817234039306605,4.958078861236572,True,0.18212318420410156,0.07183551788330078,5.048054218292236,0.2720985412597656,-0.01813983917236328,5.019981861114502,True,4.965933322906494
861,861,777,2.661942958831787,True,2.9144277572631836,True,0.2524847984313965,2.8856648445129394,0.22372188568115225,0.02876291275024423,2.886580467224121,True,0.22463750839233398,0.0278472900390625,2.9720385869344077,0.3100956281026206,-0.057610829671224106,2.9542293548583984,True,2.764173984527588
862,862,940,5.523224830627441,True,5.565613746643066,True,0.042388916015625,5.6060131072998045,0.0827882766723631,-0.040399360656738104,5.56700325012207,True,0.043778419494628906,-0.0013895034790039062,5.566155433654785,0.04293060302734375,-0.00054168701171875,5.56458854675293,True,5.481387138366699
863,863,384,0.3962259292602539,True,0.5248584747314453,True,0.1286325454711914,0.5853019714355469,0.18907604217529295,-0.06044349670410154,0.5816683769226074,True,0.18544244766235352,-0.05680990219116211,0.5616251627604166,0.16539923350016272,-0.03676668802897132,0.5524930953979492,True,0.4145164489746094
864,864,443,0.733367919921875,True,1.1882448196411133,True,0.4548768997192383,1.1743324279785157,0.44096450805664067,0.013912391662597612,1.2882652282714844,True,0.5548973083496094,-0.1000204086303711,1.2952534357706706,0.5618855158487956,-0.10700861612955737,1.2814817428588867,True,0.8718509674072266
865,865,40,0.041121482849121094,True,0.35811948776245117,True,0.3169980049133301,0.32581024169921874,0.28468875885009765,0.03230924606323243,0.46783924102783203,True,0.42671775817871094,-0.10971975326538086,0.45790449778238934,0.41678301493326825,-0.09978501001993817,0.4694342613220215,True,0.16548585891723633
866,866,304,-0.020598411560058594,False,0.2732682228088379,True,0.2938666343688965,0.31404590606689453,0.3346443176269531,-0.04077768325805664,0.32651424407958984,True,0.34711265563964844,-0.05324602127075195,0.41343243916829425,0.43403085072835285,-0.14016421635945636,0.36816835403442383,True,0.07584857940673828
867,867,339,6.004356861114502,True,6.238428592681885,True,0.2340717315673828,6.231026077270508,0.22666921615600621,0.007402515411376598,6.32647705078125,True,0.32212018966674805,-0.08804845809936523,6.288605372111003,0.28424851099650095,-0.050176779429118135,6.281193733215332,True,6.111166000366211
868,868,238,0.7690773010253906,True,1.4547038078308105,True,0.6856265068054199,1.3734725952148437,0.604395294189453,0.08123121261596689,1.5295367240905762,True,0.7604594230651855,-0.07483291625976562,1.5204248428344727,0.751347541809082,-0.06572103500366211,1.4853096008300781,True,1.0284414291381836
869,869,769,-2.721465587615967,False,-1.962110996246338,False,0.7593545913696289,-1.9935653686523438,0.727900218963623,0.031454372406005904,-1.7600975036621094,False,0.9613680839538574,-0.20201349258422852,-1.7448636690775554,0.9766019185384114,-0.21724732716878248,-1.773953914642334,False,-2.488132953643799
870,870,779,1.6798291206359863,True,2.2410478591918945,True,0.5612187385559082,2.1795741081237794,0.49974498748779306,0.061473751068115146,2.3059115409851074,True,0.6260824203491211,-0.06486368179321289,2.351344108581543,0.6715149879455566,-0.11029624938964844,2.411482334136963,True,1.9454150199890137
871,871,704,1.7331714630126953,True,1.9005484580993652,True,0.16737699508666992,1.8860922813415528,0.1529208183288575,0.014456176757812411,1.9172229766845703,True,0.184051513671875,-0.016674518585205078,1.9072790145874023,0.17410755157470703,-0.006730556488037109,1.9000120162963867,True,1.76157808303833
872,872,811,4.401468753814697,True,4.545905590057373,True,0.14443683624267578,4.579326152801514,0.1778573989868164,-0.033420562744140625,4.565713882446289,True,0.1642451286315918,-0.019808292388916016,4.5563584963480634,0.15488974253336618,-0.0104529062906904,4.553967475891113,True,4.428186416625977
873,873,674,6.335857391357422,True,6.45500373840332,True,0.11914634704589844,6.458927059173584,0.12306966781616246,-0.003923320770264027,6.493197441101074,True,0.15734004974365234,-0.038193702697753906,6.483362356821696,0.14750496546427438,-0.028358618418375947,6.484305381774902,True,6.355454444885254
874,874,728,2.6387581825256348,True,2.9396777153015137,True,0.3009195327758789,2.9860095977783203,0.34725141525268555,-0.04633188247680664,3.0813779830932617,True,0.44261980056762695,-0.14170026779174805,3.119136333465576,0.4803781509399414,-0.1794586181640625,3.1527915000915527,True,2.7084860801696777
875,875,911,1.5595436096191406,True,1.8461966514587402,True,0.2866530418395996,1.8580102920532227,0.29846668243408203,-0.011813640594482422,1.8625164031982422,True,0.30297279357910156,-0.016319751739501953,1.924677054087321,0.3651334444681804,-0.0784804026285808,1.8932671546936035,True,1.6271238327026367
876,876,499,0.08079910278320312,True,0.18053531646728516,True,0.09973621368408203,0.18981199264526366,0.10901288986206054,-0.009276676177978505,0.19611740112304688,True,0.11531829833984375,-0.015582084655761719,0.2030811309814453,0.12228202819824219,-0.022545814514160156,0.20073986053466797,True,0.11170578002929688
877,877,738,2.504014492034912,True,2.886660575866699,True,0.3826460838317871,2.8252257347106933,0.32121124267578116,0.06143484115600595,2.90537691116333,True,0.40136241912841797,-0.01871633529663086,2.8455689748128257,0.34155448277791356,0.04109160105387355,2.808760643005371,True,2.6671595573425293
878,878,988,1.4921088218688965,True,1.6552462577819824,True,0.16313743591308594,1.6549748420715331,0.16286602020263663,0.00027141571044930757,1.7047972679138184,True,0.21268844604492188,-0.04955101013183594,1.6685649553934734,0.1764561335245769,-0.01331869761149096,1.6467413902282715,True,1.5331964492797852
879,879,95,-6.513227462768555,False,-5.899707317352295,False,0.6135201454162598,-5.900150012969971,0.6130774497985838,0.0004426956176759589,-5.6564555168151855,False,0.8567719459533691,-0.24325180053710938,-5.811758518218994,0.7014689445495605,-0.08794879913330078,-5.830151557922363,False,-6.324789524078369
880,880,553,3.030106544494629,True,3.4242730140686035,True,0.3941664695739746,3.413878345489502,0.38377180099487296,0.010394668579101651,3.4454798698425293,True,0.4153733253479004,-0.02120685577392578,3.455805778503418,0.42569923400878906,-0.03153276443481445,3.386810779571533,True,3.2490897178649902
881,881,162,0.041522979736328125,True,0.36426544189453125,True,0.3227424621582031,0.39796934127807615,0.356446361541748,-0.0337038993835449,0.45569610595703125,True,0.4141731262207031,-0.0914306640625,0.4661347071329753,0.42461172739664715,-0.10186926523844403,0.4546680450439453,True,0.23015117645263672
882,882,935,3.2946696281433105,True,3.944551467895508,True,0.6498818397521973,3.955339527130127,0.6606698989868165,-0.01078805923461923,4.097498893737793,True,0.8028292655944824,-0.15294742584228516,4.051140308380127,0.7564706802368164,-0.10658884048461914,4.029120445251465,True,3.5076475143432617
883,883,310,1.322807788848877,True,1.7200279235839844,True,0.3972201347351074,1.762248420715332,0.439440631866455,-0.04222049713134757,1.6892733573913574,True,0.36646556854248047,0.030754566192626953,1.762399673461914,0.4395918846130371,-0.04237174987792969,1.7368788719177246,True,1.4612650871276855
884,884,946,3.6098666191101074,True,3.781045436859131,True,0.17117881774902344,3.771675777435303,0.1618091583251955,0.009369659423827947,3.7390570640563965,True,0.12919044494628906,0.041988372802734375,3.761824289957682,0.15195767084757472,0.019221146901448716,3.7639036178588867,True,3.653140068054199
885,885,188,-3.3585615158081055,False,-3.089719295501709,False,0.2688422203063965,-3.1064364433288576,0.25212507247924787,0.016717147827148615,-3.0673675537109375,False,0.29119396209716797,-0.022351741790771484,-3.0223973592122397,0.33616415659586574,-0.06732193628946925,-3.0221705436706543,False,-3.1606011390686035
886,886,644,3.75360107421875,True,4.048730373382568,True,0.29512929916381836,4.015667533874511,0.26206645965576136,0.033062839508056996,4.047734260559082,True,0.29413318634033203,0.0009961128234863281,4.138887882232666,0.385286808013916,-0.09015750885009766,4.11613655090332,True,3.8832144737243652
887,887,762,4.802455425262451,True,4.968191623687744,True,0.16573619842529297,4.952679634094238,0.1502242088317871,0.01551198959350586,4.909834861755371,True,0.10737943649291992,0.05835676193237305,4.923137505849202,0.120682080586751,0.04505411783854196,4.918436050415039,True,4.87718391418457
888,888,864,4.680949687957764,True,4.9469451904296875,True,0.26599550247192383,4.963330936431885,0.28238124847412127,-0.016385746002197443,5.0348992347717285,True,0.35394954681396484,-0.08795404434204102,5.047051747639974,0.36610205968221,-0.10010655721028616,5.024565696716309,True,4.769872665405273
889,889,872,5.527647972106934,True,5.80879020690918,True,0.2811422348022461,5.846819019317627,0.319171047210693,-0.03802881240844691,5.828784942626953,True,0.30113697052001953,-0.019994735717773438,5.883936087290446,0.35628811518351267,-0.07514588038126657,5.870108604431152,True,5.627646446228027
890,890,102,4.913005828857422,True,5.045769691467285,True,0.13276386260986328,5.0550027847290036,0.14199695587158168,-0.009233093261718395,5.031121253967285,True,0.11811542510986328,0.0146484375,5.030062357584636,0.11705652872721384,0.015707333882649444,5.023510932922363,True,4.946662902832031
891,891,749,-5.890328884124756,False,-5.408451557159424,False,0.48187732696533203,-5.2841493606567385,0.6061795234680174,-0.12430219650268537,-5.301754951477051,False,0.5885739326477051,-0.10669660568237305,-5.301178932189941,0.5891499519348145,-0.10727262496948242,-5.279386520385742,False,-5.800118446350098
892,892,736,2.608219623565674,True,2.786086082458496,True,0.17786645889282227,2.8143013954162597,0.20608177185058585,-0.028215312957763583,2.8941240310668945,True,0.2859044075012207,-0.10803794860839844,2.8799144426981607,0.27169481913248683,-0.09382836023966457,2.8595995903015137,True,2.6796560287475586
893,893,787,-2.4343247413635254,False,-1.9390816688537598,False,0.4952430725097656,-1.9156017303466797,0.5187230110168457,-0.023479938507080078,-1.8401436805725098,False,0.5941810607910156,-0.09893798828125,-1.8228440284729004,0.611480712890625,-0.11623764038085938,-1.8621082305908203,False,-2.365556240081787
894,894,196,1.6232123374938965,True,1.8748855590820312,True,0.25167322158813477,1.9016159057617188,0.2784035682678223,-0.026730346679687544,1.969743251800537,True,0.3465309143066406,-0.09485769271850586,1.945818583170573,0.3226062456766765,-0.07093302408854174,1.911628246307373,True,1.665071964263916
895,895,829,-2.0091209411621094,False,-1.6289324760437012,False,0.3801884651184082,-1.6075950622558595,0.4015258789062499,-0.021337413787841708,-1.5293564796447754,False,0.479764461517334,-0.09957599639892578,-1.559881051381429,0.4492398897806804,-0.06905142466227221,-1.5813665390014648,False,-1.8497700691223145
896,896,608,3.9529213905334473,True,4.135578632354736,True,0.18265724182128906,4.1032007217407225,0.1502793312072752,0.03237791061401385,4.135817527770996,True,0.18289613723754883,-0.00023889541625976562,4.113804976145427,0.16088358561197946,0.0217736562093096,4.124098300933838,True,4.100396156311035
897,897,776,6.6136579513549805,True,6.712024688720703,True,0.09836673736572266,6.709830474853516,0.09617252349853533,0.0021942138671873224,6.6761064529418945,True,0.06244850158691406,0.035918235778808594,6.691793918609619,0.07813596725463867,0.020230770111083984,6.6673173904418945,True,6.639069557189941
898,898,464,5.30299186706543,True,5.669293403625488,True,0.3663015365600586,5.806665420532227,0.5036735534667969,-0.13737201690673828,5.68509578704834,True,0.38210391998291016,-0.015802383422851562,5.866660277048747,0.5636684099833174,-0.19736687342325876,5.853124618530273,True,5.3664422035217285
899,899,171,1.9285855293273926,True,2.1402907371520996,True,0.21170520782470703,2.139865684509277,0.2112801551818846,0.00042505264282244326,2.1630373001098633,True,0.2344517707824707,-0.022746562957763672,2.1693032582600913,0.24071772893269872,-0.029012521107991684,2.1667213439941406,True,2.0016274452209473
900,900,414,-3.6820197105407715,False,-3.282198905944824,False,0.39982080459594727,-3.2902286529541014,0.3917910575866701,0.008029747009277166,-3.2664060592651367,False,0.41561365127563477,-0.0157928466796875,-3.2267983754475913,0.4552213350931802,-0.055400530497232925,-3.2644338607788086,False,-3.499422073364258
901,901,654,6.260894775390625,True,6.420166969299316,True,0.1592721939086914,6.42244930267334,0.16155452728271502,-0.002282333374023615,6.449522018432617,True,0.1886272430419922,-0.02935504913330078,6.43933629989624,0.17844152450561523,-0.019169330596923828,6.423190116882324,True,6.291437149047852
902,902,631,3.667304039001465,True,3.9939279556274414,True,0.32662391662597656,4.036808109283447,0.36950407028198207,-0.042880153656005504,3.9080424308776855,True,0.2407383918762207,0.08588552474975586,3.989450772603353,0.32214673360188817,0.004477183024088394,3.9715771675109863,True,3.828871726989746
903,903,509,-0.6036319732666016,False,-0.20224905014038086,False,0.4013829231262207,-0.16832103729248046,0.43531093597412107,-0.033928012847900396,-0.13077116012573242,False,0.47286081314086914,-0.07147789001464844,-0.10108757019042969,0.5025444030761719,-0.10116147994995117,-0.11039018630981445,False,-0.5174970626831055
904,904,479,1.506636619567871,True,2.044393539428711,True,0.5377569198608398,2.1073844909667967,0.6007478713989256,-0.06299095153808576,2.216282367706299,True,0.7096457481384277,-0.1718888282775879,2.268144130706787,0.761507511138916,-0.22375059127807617,2.254629611968994,True,1.6376914978027344
905,905,407,-2.8524928092956543,False,-2.54086971282959,False,0.31162309646606445,-2.534021759033203,0.31847105026245126,-0.006847953796386808,-2.450045585632324,False,0.4024472236633301,-0.09082412719726562,-2.4155470530192056,0.4369457562764487,-0.12532265981038426,-2.4538793563842773,False,-2.736642360687256
906,906,650,-5.704272270202637,False,-5.2617292404174805,False,0.44254302978515625,-5.234356117248535,0.4699161529541014,-0.027373123168945135,-5.0644426345825195,False,0.6398296356201172,-0.19728660583496094,-5.0547135670979815,0.6495587031046552,-0.207015673319499,-5.134929656982422,False,-5.627769470214844
907,907,264,0.44048070907592773,True,0.7726216316223145,True,0.3321409225463867,0.7509160995483398,0.3104353904724121,0.02170553207397463,0.7226061820983887,True,0.28212547302246094,0.05001544952392578,0.7479044596354166,0.3074237505594889,0.024717171986897823,0.7197632789611816,True,0.6892752647399902
908,908,86,5.061759948730469,True,5.250024795532227,True,0.1882648468017578,5.224281692504883,0.16252174377441442,0.025743103027343395,5.2454681396484375,True,0.18370819091796875,0.0045566558837890625,5.295530796051025,0.23377084732055664,-0.04550600051879883,5.293137550354004,True,5.198175430297852
909,909,591,-1.8749995231628418,False,-1.4560432434082031,False,0.41895627975463867,-1.4364975929260253,0.4385019302368165,-0.019545650482177823,-1.4186692237854004,False,0.4563302993774414,-0.037374019622802734,-1.3492016792297363,0.5257978439331055,-0.1068415641784668,-1.3327040672302246,False,-1.8138394355773926
910,910,163,4.7527666091918945,True,4.999054431915283,True,0.24628782272338867,5.018894863128662,0.26612825393676776,-0.019840431213379084,5.032208442687988,True,0.27944183349609375,-0.03315401077270508,5.005165417989095,0.2523988087972002,-0.006110986073811553,5.0057373046875,True,4.851589202880859
911,911,802,2.636901378631592,True,3.0727577209472656,True,0.43585634231567383,3.040318489074707,0.40341711044311523,0.032439231872558594,3.025336742401123,True,0.38843536376953125,0.04742097854614258,3.103081226348877,0.46617984771728516,-0.030323505401611328,3.1307144165039062,True,2.8654699325561523
912,912,660,4.498279571533203,True,4.638546943664551,True,0.14026737213134766,4.660163402557373,0.16188383102416992,-0.021616458892822266,4.678027153015137,True,0.1797475814819336,-0.03948020935058594,4.696578502655029,0.19829893112182617,-0.058031558990478516,4.679508209228516,True,4.562547206878662
913,913,107,3.8922510147094727,True,4.19611120223999,True,0.3038601875305176,4.1759411811828615,0.28369016647338885,0.02017002105712873,4.315211772918701,True,0.4229607582092285,-0.11910057067871094,4.325791676839192,0.43354066212971976,-0.12968047459920218,4.302937984466553,True,4.014990329742432
914,914,33,-0.606656551361084,False,-0.5024333000183105,False,0.10422325134277344,-0.44196386337280275,0.16469268798828124,-0.0604694366455078,-0.45380544662475586,False,0.15285110473632812,-0.04862785339355469,-0.4548659324645996,0.15179061889648438,-0.04756736755371094,-0.46155214309692383,False,-0.5830988883972168
915,915,267,4.320698261260986,True,4.52288293838501,True,0.20218467712402344,4.5169275283813475,0.19622926712036115,0.005955410003662287,4.551898956298828,True,0.2312006950378418,-0.02901601791381836,4.522457758585612,0.20175949732462595,0.0004251797993974904,4.510195732116699,True,4.406285285949707
916,916,888,3.5049571990966797,True,3.962679386138916,True,0.45772218704223633,3.9726189613342284,0.46766176223754874,-0.009939575195312411,4.040005207061768,True,0.5350480079650879,-0.07732582092285156,4.082733631134033,0.5777764320373535,-0.12005424499511719,3.9953246116638184,True,3.6822237968444824
917,917,604,2.5986924171447754,True,2.944075107574463,True,0.3453826904296875,2.9059438705444336,0.3072514533996582,0.0381312370300293,2.9332828521728516,True,0.33459043502807617,0.010792255401611328,3.043827533721924,0.44513511657714844,-0.09975242614746094,2.9780125617980957,True,2.6152844429016113
918,918,133,6.996830940246582,True,7.111849784851074,True,0.11501884460449219,7.092413806915284,0.09558286666870153,0.01943597793579066,7.100545883178711,True,0.1037149429321289,0.011303901672363281,7.108529090881348,0.11169815063476562,0.0033206939697265625,7.124551296234131,True,7.0570244789123535
919,919,420,-0.5220084190368652,False,0.17195749282836914,True,0.6939659118652344,0.08354568481445312,0.6055541038513184,0.08841180801391602,0.31320762634277344,True,0.8352160453796387,-0.1412501335144043,0.34845447540283203,0.8704628944396973,-0.1764969825744629,0.2611269950866699,True,-0.3120455741882324
920,920,455,5.407279014587402,True,5.616204738616943,True,0.20892572402954102,5.574459171295166,0.16718015670776332,0.0417455673217777,5.571437835693359,True,0.16415882110595703,0.044766902923583984,5.63165823618571,0.2243792215983076,-0.015453497568766572,5.61049747467041,True,5.536787509918213
921,921,82,-4.008867263793945,False,-3.312993049621582,False,0.6958742141723633,-3.4885015964508055,0.5203656673431398,0.17550854682922346,-3.383700370788574,False,0.6251668930053711,0.07070732116699219,-3.2432130177815757,0.7656542460123696,-0.06978003184000636,-3.297954559326172,False,-3.5746653079986572
922,922,567,3.955829620361328,True,4.225162982940674,True,0.2693333625793457,4.206315612792968,0.25048599243164027,0.018847370147705433,4.348277568817139,True,0.39244794845581055,-0.12311458587646484,4.299774010976155,0.3439443906148272,-0.07461102803548147,4.261800289154053,True,4.0554022789001465
923,923,984,-1.6662425994873047,False,-1.1188435554504395,False,0.5473990440368652,-1.1776375770568848,0.4886050224304199,0.05879402160644531,-1.1241965293884277,False,0.542046070098877,0.005352973937988281,-1.1647102038065593,0.5015323956807454,0.045866648356119866,-1.196305751800537,False,-1.589897632598877
924,924,142,6.300325393676758,True,6.418950080871582,True,0.11862468719482422,6.451199722290039,0.15087432861328143,-0.03224964141845721,6.455755233764648,True,0.15542984008789062,-0.036805152893066406,6.470415115356445,0.1700897216796875,-0.05146503448486328,6.464256286621094,True,6.332221984863281
925,925,244,5.341944217681885,True,5.529134273529053,True,0.18719005584716797,5.555651664733887,0.21370744705200195,-0.026517391204833984,5.586944580078125,True,0.24500036239624023,-0.057810306549072266,5.598880608876546,0.25693639119466116,-0.0697463353474932,5.598557949066162,True,5.399264335632324
926,926,17,4.2413763999938965,True,4.398850440979004,True,0.15747404098510742,4.435837936401367,0.19446153640747088,-0.03698749542236346,4.466914653778076,True,0.2255382537841797,-0.06806421279907227,4.442371050516765,0.20099465052286813,-0.04352060953776071,4.419212341308594,True,4.273279666900635
927,927,55,5.884684085845947,True,6.014223098754883,True,0.12953901290893555,6.029281997680664,0.14459791183471715,-0.015058898925781605,6.0749664306640625,True,0.19028234481811523,-0.06074333190917969,6.066351413726807,0.18166732788085938,-0.05212831497192383,6.063243865966797,True,5.912336349487305
928,928,490,2.533999443054199,True,2.876753807067871,True,0.3427543640136719,2.8440878868103026,0.31008844375610334,0.03266592025756854,2.8612446784973145,True,0.32724523544311523,0.01550912857055664,2.8734501202901206,0.33945067723592137,0.003303686777750503,2.8649420738220215,True,2.646846294403076
929,929,912,4.554931640625,True,4.830638408660889,True,0.27570676803588867,4.771247291564942,0.21631565093994176,0.05939111709594691,4.731878280639648,True,0.17694664001464844,0.09876012802124023,4.793506940205892,0.23857529958089163,0.03713146845499704,4.801103115081787,True,4.658164978027344
930,930,90,4.012962341308594,True,4.230147361755371,True,0.21718502044677734,4.219817447662353,0.2068551063537596,0.010329914093017756,4.306859493255615,True,0.2938971519470215,-0.07671213150024414,4.284136136372884,0.27117379506429007,-0.053988774617512725,4.28830099105835,True,4.122925758361816
931,931,686,-5.296518802642822,False,-4.977270126342773,False,0.31924867630004883,-4.931007289886475,0.3655115127563473,-0.04626283645629847,-4.932961463928223,False,0.3635573387145996,-0.04430866241455078,-4.85186227162679,0.4446565310160322,-0.12540785471598337,-4.883496284484863,False,-5.181184768676758
932,932,37,6.493978977203369,True,6.640042781829834,True,0.14606380462646484,6.6553703308105465,0.16139135360717738,-0.015327548980712535,6.673959732055664,True,0.17998075485229492,-0.03391695022583008,6.698808987935384,0.20483001073201468,-0.058766206105549834,6.674304008483887,True,6.551567077636719
933,933,67,5.174233436584473,True,5.304425239562988,True,0.13019180297851562,5.3373791694641115,0.16314573287963885,-0.032953929901123225,5.332606792449951,True,0.15837335586547852,-0.02818155288696289,5.339568456013997,0.16533501942952444,-0.03514321645100882,5.31645393371582,True,5.212615013122559
934,934,504,6.4488749504089355,True,6.6341447830200195,True,0.18526983261108398,6.668865299224853,0.2199903488159176,-0.03472051620483363,6.642605304718018,True,0.19373035430908203,-0.008460521697998047,6.66605011622111,0.21717516581217478,-0.03190533320109079,6.6664228439331055,True,6.49949836730957
935,935,752,-1.041663646697998,False,-0.7064685821533203,False,0.33519506454467773,-0.6984107017517089,0.3432529449462891,-0.008057880401611373,-0.646883487701416,False,0.39478015899658203,-0.0595850944519043,-0.6492040952046713,0.3924595514933268,-0.05726448694864905,-0.6870784759521484,False,-0.8535518646240234
936,936,484,3.0611796379089355,True,3.374797821044922,True,0.31361818313598633,3.422340488433838,0.36116085052490243,-0.047542667388916104,3.570977210998535,True,0.5097975730895996,-0.19617938995361328,3.543720563252767,0.48254092534383153,-0.1689227422078452,3.520087718963623,True,3.176021099090576
937,937,494,4.906778812408447,True,5.03382682800293,True,0.12704801559448242,5.05608377456665,0.14930496215820277,-0.022256946563720348,5.074346542358398,True,0.16756772994995117,-0.04051971435546875,5.071063836415608,0.16428502400716116,-0.03723700841267874,5.06803560256958,True,4.966078758239746
938,938,491,3.691938877105713,True,3.828467845916748,True,0.13652896881103516,3.8434049606323244,0.1514660835266115,-0.01493711471557635,3.864715576171875,True,0.1727766990661621,-0.03624773025512695,3.871110121409098,0.17917124430338527,-0.04264227549235011,3.8701658248901367,True,3.734008312225342
939,939,710,2.3832321166992188,True,2.6654815673828125,True,0.28224945068359375,2.698577880859375,0.31534576416015625,-0.0330963134765625,2.735626697540283,True,0.35239458084106445,-0.0701451301574707,2.723022143046061,0.3397900263468423,-0.05754057566324855,2.7244601249694824,True,2.4439988136291504
940,940,253,4.222104549407959,True,4.415091514587402,True,0.19298696517944336,4.407842063903809,0.18573751449584996,0.007249450683593395,4.465407371520996,True,0.2433028221130371,-0.05031585693359375,4.444921493530273,0.22281694412231445,-0.029829978942871094,4.448343753814697,True,4.305903911590576
941,941,884,-0.4255824089050293,False,0.18309497833251953,True,0.6086773872375488,0.03281707763671875,0.45839948654174806,0.15027790069580077,0.0883326530456543,True,0.5139150619506836,0.09476232528686523,0.14529339472452799,0.5708758036295573,0.037801583607991546,0.10666894912719727,True,-0.17915964126586914
942,942,405,0.8166403770446777,True,1.1477346420288086,True,0.33109426498413086,1.1236775398254395,0.30703716278076176,0.024057102203369096,1.166456699371338,True,0.34981632232666016,-0.018722057342529297,1.1879555384318035,0.3713151613871257,-0.040220896402994866,1.1751699447631836,True,0.8898887634277344
943,943,550,-0.9550275802612305,False,-0.6569547653198242,False,0.29807281494140625,-0.7115538597106934,0.24347372055053706,0.054599094390869185,-0.6130056381225586,False,0.3420219421386719,-0.043949127197265625,-0.6462968190511068,0.30873076121012366,-0.010657946268717411,-0.6635298728942871,False,-0.8563814163208008
944,944,68,4.975092887878418,True,5.1062750816345215,True,0.13118219375610352,5.113402080535889,0.13830919265747088,-0.007126998901367365,5.121617794036865,True,0.14652490615844727,-0.01534271240234375,5.116073449452718,0.14098056157429983,-0.009798367818196319,5.112373352050781,True,5.015519142150879
945,945,124,6.089127540588379,True,6.21608829498291,True,0.12696075439453125,6.217607498168945,0.1284799575805664,-0.0015192031860351562,6.217298984527588,True,0.12817144393920898,-0.0012106895446777344,6.235591729482015,0.14646418889363577,-0.01950343449910452,6.227594375610352,True,6.118340492248535
946,946,28,4.510814666748047,True,4.620999336242676,True,0.1101846694946289,4.627951812744141,0.11713714599609393,-0.006952476501465021,4.641446113586426,True,0.1306314468383789,-0.02044677734375,4.667355855305989,0.1565411885579424,-0.046356519063313506,4.671222686767578,True,4.538351058959961
947,947,303,-7.747619152069092,False,-7.655833721160889,False,0.09178543090820312,-7.632205295562744,0.11541385650634783,-0.02362842559814471,-7.636777877807617,False,0.11084127426147461,-0.019055843353271484,-7.618541717529297,0.12907743453979492,-0.0372920036315918,-7.625985145568848,False,-7.712366580963135
948,948,182,6.286271095275879,True,6.374086380004883,True,0.0878152847290039,6.363742923736572,0.077471828460693,0.010343456268310902,6.386030197143555,True,0.09975910186767578,-0.011943817138671875,6.409810860951741,0.12353976567586233,-0.03572448094685843,6.402104377746582,True,6.324790954589844
949,949,645,4.949005126953125,True,5.078629016876221,True,0.1296238899230957,5.118374824523926,0.16936969757080078,-0.03974580764770508,5.135533809661865,True,0.18652868270874023,-0.05690479278564453,5.092919985453288,0.14391485850016306,-0.014290968577067353,5.080102920532227,True,5.010984897613525
950,950,547,-4.053623199462891,False,-3.5991640090942383,False,0.45445919036865234,-3.5957937240600586,0.45782947540283203,-0.0033702850341796875,-3.384040117263794,False,0.6695830821990967,-0.21512389183044434,-3.3241183757781982,0.7295048236846924,-0.27504563331604004,-3.470586061477661,False,-3.9868805408477783
951,951,117,4.701137065887451,True,4.804420471191406,True,0.10328340530395508,4.7839781761169435,0.08284111022949237,0.020442295074462713,4.781681537628174,True,0.08054447174072266,0.022738933563232422,4.760333061218262,0.05919599533081055,0.04408740997314453,4.809916973114014,True,4.675816535949707
952,952,185,-8.302434921264648,False,-8.131963729858398,False,0.17047119140625,-8.12585277557373,0.17658214569091868,-0.006110954284668679,-8.08115291595459,False,0.2212820053100586,-0.050810813903808594,-8.083237012227377,0.21919790903727154,-0.04872671763102154,-8.091012954711914,False,-8.223694801330566
953,953,621,1.2724876403808594,True,1.5581769943237305,True,0.2856893539428711,1.6151830673217773,0.3426954269409179,-0.05700607299804683,1.6492204666137695,True,0.37673282623291016,-0.09104347229003906,1.7106990814208984,0.43821144104003906,-0.15252208709716797,1.6742973327636719,True,1.3305392265319824
954,954,156,5.574943542480469,True,5.742522239685059,True,0.16757869720458984,5.724575614929199,0.1496320724487301,0.01794662475585973,5.717109680175781,True,0.1421661376953125,0.025412559509277344,5.738826751708984,0.16388320922851562,0.0036954879760742188,5.726306915283203,True,5.654356956481934
955,955,976,6.718399524688721,True,6.760347366333008,True,0.04194784164428711,6.803989315032959,0.08558979034423864,-0.04364194869995153,6.783181190490723,True,0.06478166580200195,-0.022833824157714844,6.797977924346924,0.07957839965820312,-0.037630558013916016,6.787813186645508,True,6.72235107421875
956,956,661,5.224236488342285,True,5.4219865798950195,True,0.19775009155273438,5.45236644744873,0.22812995910644496,-0.030379867553710582,5.515263557434082,True,0.2910270690917969,-0.0932769775390625,5.482951482137044,0.2587149937947588,-0.060964902242024444,5.479964256286621,True,5.255194664001465
957,957,554,4.488912582397461,True,4.743671894073486,True,0.2547593116760254,4.797745418548584,0.3088328361511232,-0.054073524475097834,4.87465763092041,True,0.3857450485229492,-0.13098573684692383,4.8562571207682295,0.3673445383707685,-0.11258522669474313,4.866046905517578,True,4.5394606590271
958,958,72,1.0545058250427246,True,1.4676470756530762,True,0.41314125061035156,1.4879347801208496,0.43342895507812496,-0.020287704467773393,1.6070036888122559,True,0.5524978637695312,-0.1393566131591797,1.6502575874328613,0.5957517623901367,-0.18261051177978516,1.6823534965515137,True,1.2423996925354004
959,959,350,4.982884407043457,True,5.16227912902832,True,0.17939472198486328,5.1573444366455075,0.17446002960205043,0.004934692382812855,5.193475723266602,True,0.21059131622314453,-0.03119659423828125,5.190877437591553,0.2079930305480957,-0.028598308563232422,5.188215255737305,True,5.011769771575928
960,960,114,2.2261533737182617,True,2.339592456817627,True,0.11343908309936523,2.344204616546631,0.11805124282836932,-0.004612159729004084,2.353060245513916,True,0.1269068717956543,-0.013467788696289062,2.3490379651387534,0.12288459142049168,-0.00944550832112645,2.339956283569336,True,2.2636446952819824
961,961,563,-7.141664028167725,False,-6.963648319244385,False,0.17801570892333984,-6.94421501159668,0.19744901657104474,-0.0194333076477049,-6.879756450653076,False,0.26190757751464844,-0.0838918685913086,-6.9149448076883955,0.22671922047932913,-0.04870351155598929,-6.907755374908447,False,-7.085149765014648
962,962,512,-3.1018948554992676,False,-2.7310776710510254,False,0.3708171844482422,-2.7488784790039062,0.35301637649536133,0.01780080795288086,-2.7196664810180664,False,0.38222837448120117,-0.011411190032958984,-2.68312660853068,0.4187682469685874,-0.0479510625203452,-2.6959071159362793,False,-2.9244513511657715
963,963,437,-0.5582189559936523,False,-0.28127098083496094,False,0.2769479751586914,-0.24438724517822266,0.3138317108154297,-0.036883735656738276,-0.1798534393310547,False,0.37836551666259766,-0.10141754150390625,-0.20429070790608725,0.35392824808756507,-0.07698027292887369,-0.21577930450439453,False,-0.5327434539794922
964,964,968,6.534167289733887,True,6.716095924377441,True,0.1819286346435547,6.705255603790283,0.17108831405639613,0.010840320587158558,6.7295098304748535,True,0.1953425407409668,-0.01341390609741211,6.693970203399658,0.15980291366577148,0.022125720977783203,6.711849212646484,True,6.59242582321167
965,965,772,5.746891975402832,True,5.905613899230957,True,0.158721923828125,5.915224170684814,0.16833219528198207,-0.009610271453857067,5.952445030212402,True,0.2055530548095703,-0.04683113098144531,5.925749619801839,0.17885764439900687,-0.020135720570881865,5.91392707824707,True,5.793691635131836
966,966,700,1.035417079925537,True,1.2571277618408203,True,0.2217106819152832,1.287724208831787,0.25230712890624996,-0.030596446990966752,1.3213286399841309,True,0.28591156005859375,-0.06420087814331055,1.2869338989257812,0.25151681900024414,-0.029806137084960938,1.29254150390625,True,1.1209001541137695
967,967,536,1.2318649291992188,True,1.4129109382629395,True,0.1810460090637207,1.430762481689453,0.19889755249023433,-0.017851543426513627,1.4442086219787598,True,0.21234369277954102,-0.03129768371582031,1.465598424275716,0.23373349507649732,-0.05268748601277662,1.453566551208496,True,1.281409740447998
968,968,351,0.08530902862548828,True,0.2672405242919922,True,0.1819314956665039,0.2840836524963379,0.1987746238708496,-0.016843128204345692,0.2848234176635742,True,0.19951438903808594,-0.01758289337158203,0.27779897054036456,0.19248994191487628,-0.010558446248372377,0.27155494689941406,True,0.13325119018554688
969,969,31,6.425527095794678,True,6.630584716796875,True,0.20505762100219727,6.581018161773682,0.15549106597900408,0.04956655502319318,6.617552757263184,True,0.19202566146850586,0.013031959533691406,6.602463086446126,0.17693599065144827,0.028121630350748994,6.609315872192383,True,6.502814292907715
970,970,806,-1.4530649185180664,False,-1.216019630432129,False,0.2370452880859375,-1.2087718963623046,0.24429302215576176,-0.007247734069824263,-1.2027864456176758,False,0.2502784729003906,-0.013233184814453125,-1.1285271644592285,0.3245377540588379,-0.08749246597290039,-1.1498923301696777,False,-1.3502459526062012
971,971,870,7.366103172302246,True,7.449976444244385,True,0.08387327194213867,7.464775657653808,0.09867248535156214,-0.014799213409423473,7.435871124267578,True,0.06976795196533203,0.01410531997680664,7.43652868270874,0.07042551040649414,0.013447761535644531,7.4538068771362305,True,7.321327209472656
972,972,918,-0.7910637855529785,False,-0.35824108123779297,False,0.43282270431518555,-0.4063568115234375,0.384706974029541,0.04811573028564453,-0.2987027168273926,False,0.49236106872558594,-0.05953836441040039,-0.14798688888549805,0.6430768966674805,-0.21025419235229492,-0.15389394760131836,False,-0.6542706489562988
973,973,817,3.395932197570801,True,3.5576066970825195,True,0.16167449951171875,3.5702484130859373,0.17431621551513654,-0.012641716003417791,3.5431723594665527,True,0.14724016189575195,0.014434337615966797,3.5713621775309243,0.17542997996012355,-0.0137554804484048,3.5696535110473633,True,3.3903450965881348
974,974,600,5.384902000427246,True,5.6843132972717285,True,0.2994112968444824,5.687131023406982,0.302229022979736,-0.002817726135253551,5.806995868682861,True,0.42209386825561523,-0.12268257141113281,5.795873800913493,0.41097180048624704,-0.11156050364176462,5.743001937866211,True,5.508954048156738
975,975,208,2.428943157196045,True,2.6353516578674316,True,0.20640850067138672,2.64227933883667,0.21333618164062518,-0.006927680969238459,2.630801200866699,True,0.2018580436706543,0.004550457000732422,2.6910263697306314,0.26208321253458644,-0.05567471186319972,2.6747446060180664,True,2.4937491416931152
976,976,221,-0.6765646934509277,False,-0.3773188591003418,False,0.29924583435058594,-0.3580288887023926,0.31853580474853516,-0.01928997039794922,-0.35370779037475586,False,0.3228569030761719,-0.023611068725585938,-0.3138376871744792,0.36272700627644855,-0.06348117192586261,-0.2950325012207031,False,-0.6589865684509277
977,977,656,1.309506893157959,True,1.4510517120361328,True,0.14154481887817383,1.44804048538208,0.1385335922241211,0.0030112266540527344,1.4393329620361328,True,0.12982606887817383,0.01171875,1.4758273760477703,0.16632048288981127,-0.024775664011637444,1.4624719619750977,True,1.357569694519043
978,978,53,0.16553020477294922,True,0.3294668197631836,True,0.16393661499023438,0.3277698516845703,0.16223964691162107,0.0016969680786133035,0.3386716842651367,True,0.1731414794921875,-0.009204864501953125,0.3587203025817871,0.1931900978088379,-0.029253482818603516,0.35587644577026367,True,0.22969532012939453
979,979,927,3.853951930999756,True,4.0588908195495605,True,0.2049388885498047,4.032379055023194,0.17842712402343786,0.026511764526366832,4.078601360321045,True,0.22464942932128906,-0.019710540771484375,4.059892177581787,0.20594024658203125,-0.0010013580322265625,4.056425094604492,True,3.9384617805480957
980,980,693,3.7687439918518066,True,3.9436235427856445,True,0.1748795509338379,3.9464999198913575,0.17775592803955087,-0.0028763771057129794,3.9627885818481445,True,0.1940445899963379,-0.0191650390625,3.959359804789225,0.19061581293741847,-0.01573626200358058,3.946296215057373,True,3.810124397277832
981,981,948,3.4890308380126953,True,3.7132081985473633,True,0.22417736053466797,3.707024097442627,0.21799325942993164,0.006184101104736328,3.793851852416992,True,0.3048210144042969,-0.0806436538696289,3.7782872517903647,0.2892564137776694,-0.06507905324300145,3.7508301734924316,True,3.509888172149658
982,982,530,4.3255534172058105,True,4.504608631134033,True,0.17905521392822266,4.492537498474121,0.16698408126831055,0.01207113265991211,4.5256028175354,True,0.20004940032958984,-0.020994186401367188,4.552572250366211,0.2270188331604004,-0.047963619232177734,4.5219831466674805,True,4.3747639656066895
983,983,228,-3.196742534637451,False,-2.7434115409851074,False,0.45333099365234375,-2.732287788391113,0.464454746246338,-0.01112375259399423,-2.804492950439453,False,0.39224958419799805,0.0610814094543457,-2.7790699005126953,0.41767263412475586,0.03565835952758789,-2.7615208625793457,False,-3.1423306465148926
984,984,448,1.1245808601379395,True,1.4223504066467285,True,0.29776954650878906,1.4576108932495118,0.3330300331115723,-0.03526048660278325,1.5394287109375,True,0.41484785079956055,-0.11707830429077148,1.503677209218343,0.37909634908040357,-0.08132680257161451,1.4761919975280762,True,1.2220749855041504
985,985,252,3.0126638412475586,True,3.408757209777832,True,0.39609336853027344,3.4087788581848146,0.39611501693725604,-2.164840698259951e-05,3.5250320434570312,True,0.5123682022094727,-0.11627483367919922,3.5094240506490073,0.4967602094014487,-0.10066684087117528,3.455476760864258,True,3.1661267280578613
986,986,682,7.149292469024658,True,7.265445709228516,True,0.11615324020385742,7.258078575134277,0.10878610610961914,0.007367134094238281,7.254319190979004,True,0.1050267219543457,0.011126518249511719,7.280012925465901,0.1307204564412432,-0.014567216237385772,7.270058631896973,True,7.235268592834473
987,987,118,-0.28974246978759766,False,-0.2297353744506836,False,0.06000709533691406,-0.20797443389892578,0.08176803588867188,-0.021760940551757812,-0.1884450912475586,False,0.10129737854003906,-0.041290283203125,-0.176605224609375,0.11313724517822266,-0.053130149841308594,-0.17635822296142578,False,-0.27084922790527344
988,988,280,5.783677577972412,True,5.903434753417969,True,0.11975717544555664,5.908261108398437,0.12458353042602521,-0.004826354980468572,5.922576904296875,True,0.1388993263244629,-0.01914215087890625,5.922571182250977,0.13889360427856445,-0.019136428833007812,5.918689250946045,True,5.824589729309082
989,989,168,6.611203193664551,True,6.770843505859375,True,0.15964031219482422,6.744276332855224,0.13307313919067365,0.026567173004150568,6.771564483642578,True,0.16036128997802734,-0.000720977783203125,6.767554601033528,0.15635140736897757,0.0032889048258466502,6.767026901245117,True,6.65422248840332
990,990,298,6.685680389404297,True,6.80669641494751,True,0.12101602554321289,6.8345897674560545,0.14890937805175763,-0.027893352508544744,6.876762390136719,True,0.19108200073242188,-0.07006597518920898,6.839361826578776,0.15368143717447946,-0.03266541163126657,6.8522186279296875,True,6.699454307556152
991,991,338,4.350037097930908,True,4.423625946044922,True,0.07358884811401367,4.460990524291992,0.11095342636108363,-0.03736457824706996,4.455101490020752,True,0.10506439208984375,-0.03147554397583008,4.441607316335042,0.09157021840413382,-0.017981370290120147,4.4395270347595215,True,4.3743791580200195
992,992,556,-2.157660961151123,False,-2.0256104469299316,False,0.1320505142211914,-1.9958367347717285,0.16182422637939453,-0.029773712158203125,-1.996922492980957,False,0.16073846817016602,-0.02868795394897461,-1.9942518870035808,0.16340907414754224,-0.03135855992635084,-2.008492946624756,False,-2.0626273155212402
993,993,305,5.011606216430664,True,5.100393772125244,True,0.08878755569458008,5.12328462600708,0.11167840957641584,-0.02289085388183576,5.111737251281738,True,0.10013103485107422,-0.01134347915649414,5.174957434336345,0.16335121790568063,-0.07456366221110056,5.246880054473877,True,5.041954040527344
994,994,360,5.408342361450195,True,5.549964904785156,True,0.14162254333496094,5.54526538848877,0.1369230270385744,0.004699516296386541,5.542646408081055,True,0.13430404663085938,0.0073184967041015625,5.546075026194255,0.13773266474405954,0.0038898785909013966,5.556235313415527,True,5.459951400756836
995,995,306,6.091643333435059,True,6.186388969421387,True,0.09474563598632812,6.192138290405273,0.10049495697021449,-0.0057493209838863635,6.169849395751953,True,0.07820606231689453,0.016539573669433594,6.216924508412679,0.12528117497762015,-0.03053553899129202,6.169882774353027,True,6.122038841247559
996,996,453,4.408448219299316,True,4.579751014709473,True,0.17130279541015625,4.568389892578125,0.1599416732788086,0.011361122131347656,4.569835662841797,True,0.16138744354248047,0.009915351867675781,4.635046005249023,0.22659778594970703,-0.05529499053955078,4.5882887840271,True,4.498293399810791
997,997,239,2.6859397888183594,True,2.891180992126465,True,0.20524120330810547,2.8955745697021484,0.20963478088378906,-0.004393577575683594,2.917642593383789,True,0.2317028045654297,-0.02646160125732422,2.9390835762023926,0.2531437873840332,-0.047902584075927734,2.928433895111084,True,2.7439522743225098
998,998,917,0.9073081016540527,True,0.9721922874450684,True,0.06488418579101562,0.9834624290466308,0.0761543273925781,-0.011270141601562478,1.0012869834899902,True,0.0939788818359375,-0.029094696044921875,0.9863136609395345,0.07900555928548181,-0.014121373494466183,0.9806418418884277,True,0.9299225807189941
999,999,45,-0.5840001106262207,False,-0.2796182632446289,False,0.3043818473815918,-0.2809577941894531,0.3030423164367676,0.0013395309448241965,-0.2560873031616211,False,0.3279128074645996,-0.023530960083007812,-0.24226013819376627,0.34173997243245446,-0.03735812505086264,-0.2680821418762207,False,-0.49817323684692383
