sample_id,target_class,cross_image_donor_id,base_margin,base_correct,historical_margin,historical_correct,historical_delta_vs_base,random_oracle_mean_margin,random_oracle_delta_vs_base,historical_vs_random_diff,cross_image_margin,cross_image_correct,cross_image_delta_vs_base,historical_vs_cross_diff,spatial_shuffled_mean_margin,spatial_shuffled_delta_vs_base,historical_vs_shuffled_diff,pooled_delta_margin,pooled_delta_correct,global_oracle_margin
0,0,938,5.048245906829834,True,5.238536834716797,True,0.1902909278869629,5.2385846138000485,0.1903387069702145,-4.7779083251597854e-05,5.278796672821045,True,0.23055076599121094,-0.04025983810424805,5.254312992095947,0.20606708526611328,-0.01577615737915039,5.2415452003479,True,5.104739665985107
1,1,687,4.416955471038818,True,4.651830196380615,True,0.23487472534179688,4.686531066894531,0.2695755958557129,-0.034700870513916016,4.690596580505371,True,0.27364110946655273,-0.03876638412475586,4.672927379608154,0.25597190856933594,-0.021097183227539062,4.6754679679870605,True,4.438308238983154
2,2,716,0.9912614822387695,True,1.2535839080810547,True,0.26232242584228516,1.294632625579834,0.3033711433410644,-0.04104871749877925,1.257850170135498,True,0.2665886878967285,-0.004266262054443359,1.3263508478800456,0.3350893656412761,-0.07276693979899096,1.288404941558838,True,1.0707592964172363
3,3,57,2.416761875152588,True,2.624110221862793,True,0.20734834671020508,2.5881275177001952,0.17136564254760733,0.035982704162597745,2.5920839309692383,True,0.1753220558166504,0.03202629089355469,2.610512097676595,0.1937502225240073,0.013598124186197769,2.5983433723449707,True,2.4722299575805664
4,4,657,2.841479778289795,True,3.0718226432800293,True,0.23034286499023438,3.0539477348327635,0.21246795654296857,0.017874908447265803,3.0803728103637695,True,0.2388930320739746,-0.008550167083740234,3.0694287618001304,0.22794898351033543,0.0023938814798989405,3.0551180839538574,True,2.9625253677368164
5,5,770,4.8323493003845215,True,5.04803466796875,True,0.21568536758422852,5.012027740478516,0.17967844009399414,0.036006927490234375,5.0377726554870605,True,0.20542335510253906,0.010262012481689453,5.04331652323405,0.2109672228495283,0.004718144734700225,5.026175022125244,True,4.881959438323975
6,6,526,-3.769233226776123,False,-3.504845142364502,False,0.2643880844116211,-3.5555536270141603,0.2136795997619627,0.05070848464965838,-3.5152945518493652,False,0.2539386749267578,0.010449409484863281,-3.5469112396240234,0.2223219871520996,0.042066097259521484,-3.5644454956054688,False,-3.6331920623779297
7,7,10,0.796053409576416,True,1.7298893928527832,True,0.9338359832763672,1.6811920166015626,0.8851386070251466,0.048697376251220614,1.9076776504516602,True,1.1116242408752441,-0.17778825759887695,1.7539766629536946,0.9579232533772786,-0.024087270100911384,1.7950139045715332,True,1.04638671875
8,8,809,3.1680917739868164,True,3.3776607513427734,True,0.20956897735595703,3.363243579864502,0.19515180587768555,0.014417171478271484,3.367702007293701,True,0.19961023330688477,0.009958744049072266,3.359462261199951,0.19137048721313477,0.018198490142822266,3.35904598236084,True,3.2299251556396484
9,9,931,4.645135879516602,True,4.864816188812256,True,0.2196803092956543,4.870767307281494,0.22563142776489276,-0.005951118469238459,4.811323642730713,True,0.16618776321411133,0.05349254608154297,4.817724704742432,0.17258882522583008,0.04709148406982422,4.8189897537231445,True,4.775712490081787
10,10,115,5.783681869506836,True,5.786171913146973,True,0.0024900436401367188,5.782310104370117,-0.0013717651367191053,0.003861808776855824,5.743162155151367,True,-0.04051971435546875,0.04300975799560547,5.729248046875,-0.05443382263183594,0.056923866271972656,5.731602668762207,True,5.789324760437012
11,11,590,4.926772117614746,True,5.183609962463379,True,0.2568378448486328,5.093596935272217,0.1668248176574707,0.09001302719116211,5.0804243087768555,True,0.15365219116210938,0.10318565368652344,5.112496376037598,0.18572425842285156,0.07111358642578125,5.087137699127197,True,5.049671173095703
12,12,803,0.41832780838012695,True,1.2804603576660156,True,0.8621325492858887,1.221778964996338,0.803451156616211,0.058681392669677646,1.1888914108276367,True,0.7705636024475098,0.0915689468383789,1.2714718182881672,0.8531440099080403,0.008988539377848381,1.2603721618652344,True,0.7058281898498535
13,13,154,0.7530097961425781,True,1.182790756225586,True,0.4297809600830078,1.1520155906677245,0.3990057945251464,0.030775165557861417,1.197965145111084,True,0.44495534896850586,-0.015174388885498047,1.180425484975179,0.42741568883260084,0.002365271250406975,1.1757135391235352,True,0.9505953788757324
14,14,804,2.7715625762939453,True,2.9888243675231934,True,0.21726179122924805,3.0496965408325196,0.2781339645385743,-0.06087217330932626,3.03359317779541,True,0.26203060150146484,-0.0447688102722168,3.062385400136312,0.2908228238423667,-0.07356103261311864,3.0377345085144043,True,2.8258790969848633
15,15,164,5.294713497161865,True,5.6720991134643555,True,0.37738561630249023,5.6317215919494625,0.3370080947875973,0.04037752151489293,5.65573263168335,True,0.3610191345214844,0.01636648178100586,5.663994789123535,0.3692812919616699,0.008104324340820312,5.648408889770508,True,5.396564960479736
16,16,589,-0.11636066436767578,False,0.40067195892333984,True,0.5170326232910156,0.4052443504333496,0.5216050148010254,-0.004572391510009766,0.48522138595581055,True,0.6015820503234863,-0.0845494270324707,0.5755489667256674,0.6919096310933431,-0.1748770078023275,0.6202182769775391,True,0.034136295318603516
17,17,241,4.278200626373291,True,4.744492530822754,True,0.4662919044494629,4.783535957336426,0.5053353309631348,-0.039043426513671875,4.865844249725342,True,0.5876436233520508,-0.12135171890258789,4.819845358530681,0.5416447321573896,-0.07535282770792673,4.808150291442871,True,4.450808048248291
18,18,473,3.496405601501465,True,3.7857093811035156,True,0.2893037796020508,3.818810749053955,0.32240514755249006,-0.033101367950439275,3.8060951232910156,True,0.3096895217895508,-0.0203857421875,3.8012003898620605,0.3047947883605957,-0.015491008758544922,3.7493977546691895,True,3.5510330200195312
19,19,705,2.1461968421936035,True,2.4214835166931152,True,0.2752866744995117,2.382834815979004,0.2366379737854003,0.03864870071411142,2.4181857109069824,True,0.2719888687133789,0.0032978057861328125,2.4325993855794272,0.2864025433858237,-0.011115868886311997,2.4641599655151367,True,2.3090758323669434
20,20,848,-8.793567657470703,False,-8.425134658813477,False,0.36843299865722656,-8.425347900390625,0.3682197570800785,0.00021324157714808223,-8.415708541870117,False,0.37785911560058594,-0.009426116943359375,-8.40708033243815,0.3864873250325527,-0.018054326375326113,-8.424564361572266,False,-8.687882423400879
21,21,878,3.993328094482422,True,4.184568405151367,True,0.1912403106689453,4.185958576202393,0.19263048171997088,-0.0013901710510255683,4.162776947021484,True,0.1694488525390625,0.021791458129882812,4.149285634358724,0.1559575398763018,0.035282770792643525,4.129498481750488,True,4.069962978363037
22,22,216,4.732452869415283,True,4.977265357971191,True,0.2448124885559082,4.938160705566406,0.20570783615112287,0.039104652404785334,4.933707237243652,True,0.20125436782836914,0.04355812072753906,4.959972381591797,0.22751951217651367,0.01729297637939453,4.959014892578125,True,4.799567699432373
23,23,176,0.034481048583984375,True,0.6582775115966797,True,0.6237964630126953,0.5228589057922364,0.488377857208252,0.13541860580444331,0.6343889236450195,True,0.5999078750610352,0.023888587951660156,0.6485085487365723,0.6140275001525879,0.009768962860107422,0.6643648147583008,True,0.3069491386413574
24,24,478,6.3687639236450195,True,6.519830703735352,True,0.15106678009033203,6.520339775085449,0.1515758514404295,-0.0005090713500974786,6.542047500610352,True,0.17328357696533203,-0.022216796875,6.5241923332214355,0.15542840957641602,-0.004361629486083984,6.511253356933594,True,6.400045394897461
25,25,557,3.9703211784362793,True,4.150539398193359,True,0.18021821975708008,4.145729446411133,0.17540826797485387,0.004809951782226207,4.152864456176758,True,0.18254327774047852,-0.0023250579833984375,4.1325758298238116,0.16225465138753226,0.017963568369547822,4.1282877922058105,True,4.040919303894043
26,26,195,-2.7811312675476074,False,-2.2255992889404297,False,0.5555319786071777,-2.2728873252868653,0.5082439422607421,0.047288036346435636,-2.1716885566711426,False,0.6094427108764648,-0.05391073226928711,-2.0251490275065103,0.7559822400410972,-0.20045026143391942,-2.159125804901123,False,-2.4888548851013184
27,27,120,3.2183847427368164,True,3.3340816497802734,True,0.11569690704345703,3.3589070320129393,0.14052228927612287,-0.024825382232665838,3.360189437866211,True,0.14180469512939453,-0.0261077880859375,3.334836800893148,0.11645205815633153,-0.000755151112874497,3.337902545928955,True,3.2570300102233887
28,28,129,2.117257595062256,True,2.2806763648986816,True,0.16341876983642578,2.323492431640625,0.20623483657836905,-0.04281606674194327,2.286242961883545,True,0.16898536682128906,-0.005566596984863281,2.3137834866841636,0.1965258916219077,-0.03310712178548192,2.2964205741882324,True,2.1139626502990723
29,29,423,-3.0662994384765625,False,-2.2652645111083984,False,0.8010349273681641,-2.4013933181762694,0.6649061203002931,0.136128807067871,-2.221578598022461,False,0.8447208404541016,-0.0436859130859375,-2.145883401234945,0.9204160372416177,-0.11938110987345363,-2.1042070388793945,False,-2.885944366455078
30,30,317,2.2711973190307617,True,2.512463092803955,True,0.24126577377319336,2.48607177734375,0.21487445831298846,0.0263913154602049,2.5066957473754883,True,0.23549842834472656,0.005767345428466797,2.5474344889322915,0.2762371699015298,-0.03497139612833644,2.5384302139282227,True,2.3674840927124023
31,31,937,1.4149608612060547,True,1.6084632873535156,True,0.19350242614746094,1.6184946060180665,0.2035337448120118,-0.01003131866455087,1.6396865844726562,True,0.22472572326660156,-0.031223297119140625,1.6279579798380535,0.21299711863199877,-0.019494692484537834,1.6474928855895996,True,1.4786968231201172
32,32,676,0.933624267578125,True,0.906557559967041,True,-0.027066707611083984,0.9539168357849122,0.020292568206787154,-0.04735927581787114,1.0077705383300781,True,0.07414627075195312,-0.10121297836303711,0.9624409675598145,0.028816699981689453,-0.05588340759277344,0.958620548248291,True,0.8911228179931641
33,33,714,2.7378053665161133,True,2.913027286529541,True,0.17522192001342773,2.893950366973877,0.15614500045776358,0.01907691955566415,2.888260841369629,True,0.15045547485351562,0.02476644515991211,2.9157892862955728,0.1779839197794595,-0.002761999766031753,2.89499568939209,True,2.798947811126709
34,34,128,0.15409374237060547,True,0.39725303649902344,True,0.24315929412841797,0.3949901580810547,0.24089641571044923,0.002262878417968739,0.44871997833251953,True,0.29462623596191406,-0.051466941833496094,0.3958412806193034,0.24174753824869794,0.0014117558797200336,0.40873146057128906,True,0.20140647888183594
35,35,981,1.1939492225646973,True,1.5735507011413574,True,0.37960147857666016,1.5834733963012695,0.3895241737365722,-0.009922695159912065,1.6183476448059082,True,0.42439842224121094,-0.04479694366455078,1.5850791931152344,0.3911299705505371,-0.011528491973876953,1.5800514221191406,True,1.3271870613098145
36,36,907,0.042077064514160156,True,0.18620586395263672,True,0.14412879943847656,0.18621578216552734,0.14413871765136718,-9.918212890619449e-06,0.2024993896484375,True,0.16042232513427734,-0.01629352569580078,0.19927374521891275,0.1571966807047526,-0.013067881266276032,0.1881427764892578,True,0.06623268127441406
37,37,220,2.4065585136413574,True,2.634650707244873,True,0.22809219360351562,2.6462441444396974,0.23968563079833993,-0.011593437194824308,2.692781925201416,True,0.2862234115600586,-0.05813121795654297,2.665440559387207,0.2588820457458496,-0.030789852142333984,2.6445021629333496,True,2.4391517639160156
38,38,833,-0.7496609687805176,False,-0.38680171966552734,False,0.36285924911499023,-0.41587581634521487,0.3337851524353027,0.029074096679687522,-0.36634206771850586,False,0.3833189010620117,-0.020459651947021484,-0.3451038996378581,0.4045570691426595,-0.04169782002766925,-0.38206911087036133,False,-0.5719442367553711
39,39,199,-2.431746482849121,False,-2.0216517448425293,False,0.4100947380065918,-2.0636414527893066,0.36810503005981454,0.041989707946777255,-2.053924560546875,False,0.3778219223022461,0.0322728157043457,-1.9808739026387532,0.4508725802103679,-0.040777842203776116,-2.0121421813964844,False,-2.2867307662963867
40,40,778,0.8935308456420898,True,0.9850568771362305,True,0.09152603149414062,0.9852177619934082,0.09168691635131831,-0.00016088485717768997,0.9867916107177734,True,0.0932607650756836,-0.0017347335815429688,0.9867917696634928,0.09326092402140296,-0.0017348925272623328,0.9873852729797363,True,0.9174003601074219
41,41,269,-1.7271900177001953,False,-1.1919898986816406,False,0.5352001190185547,-1.2636207580566405,0.4635692596435548,0.07163085937499991,-1.2552413940429688,False,0.47194862365722656,0.06325149536132812,-1.0832099914550781,0.6439800262451172,-0.1087799072265625,-1.1699128150939941,False,-1.5886955261230469
42,42,44,-0.2916731834411621,False,0.0007948875427246094,True,0.2924680709838867,-0.040762138366699216,0.2509110450744629,0.041557025909423825,-0.051718711853027344,False,0.23995447158813477,0.05251359939575195,0.010597705841064453,0.30227088928222656,-0.009802818298339844,-0.009966850280761719,False,-0.19205951690673828
43,43,460,1.5658917427062988,True,1.8889031410217285,True,0.3230113983154297,1.887734603881836,0.32184286117553706,0.0011685371398926225,1.9375324249267578,True,0.371640682220459,-0.0486292839050293,1.9056638081868489,0.33977206548055006,-0.01676066716512037,1.927793025970459,True,1.679081916809082
44,44,782,3.293492317199707,True,3.551424503326416,True,0.257932186126709,3.503048229217529,0.2095559120178221,0.048376274108886896,3.52303409576416,True,0.22954177856445312,0.02839040756225586,3.5681303342183432,0.2746380170186362,-0.01670583089192723,3.535508632659912,True,3.405170440673828
45,45,612,4.0457563400268555,True,4.236246109008789,True,0.1904897689819336,4.244497871398925,0.19874153137206996,-0.008251762390136363,4.259332656860352,True,0.2135763168334961,-0.0230865478515625,4.239476839701335,0.19372049967447946,-0.003230730692545869,4.258591651916504,True,4.104795455932617
46,46,276,-0.8372282981872559,False,-0.5649204254150391,False,0.2723078727722168,-0.5651843070983886,0.27204399108886723,0.00026388168334956497,-0.5633664131164551,False,0.2738618850708008,-0.0015540122985839844,-0.5777735710144043,0.25945472717285156,0.012853145599365234,-0.5827298164367676,False,-0.7528104782104492
47,47,485,4.501225471496582,True,4.658129692077637,True,0.1569042205810547,4.674716949462891,0.1734914779663086,-0.016587257385253906,4.688279151916504,True,0.18705368041992188,-0.030149459838867188,4.680410067240397,0.1791845957438154,-0.022280375162760713,4.686165809631348,True,4.568174362182617
48,48,197,-5.241006851196289,False,-4.8904829025268555,False,0.3505239486694336,-4.87058391571045,0.3704229354858395,-0.019898986816405895,-4.810029983520508,False,0.43097686767578125,-0.08045291900634766,-4.777526219685872,0.46348063151041696,-0.11295668284098337,-4.8162994384765625,False,-5.207300186157227
49,49,753,2.93422794342041,True,3.5840115547180176,True,0.6497836112976074,3.512448024749756,0.5782200813293459,0.07156352996826154,3.5208234786987305,True,0.5865955352783203,0.06318807601928711,3.673693815867106,0.7394658724466958,-0.0896822611490884,3.644035816192627,True,3.308201789855957
50,50,125,0.9657955169677734,True,1.6016736030578613,True,0.6358780860900879,1.6660577774047851,0.7002622604370117,-0.06438417434692378,1.7958908081054688,True,0.8300952911376953,-0.19421720504760742,1.7631543477376301,0.7973588307698567,-0.1614807446797688,1.7532548904418945,True,1.248274326324463
51,51,879,-1.0972352027893066,False,-0.17655086517333984,False,0.9206843376159668,-0.3792707443237305,0.7179644584655762,0.20271987915039064,-0.2388300895690918,False,0.8584051132202148,0.06227922439575195,-0.20825767517089844,0.8889775276184082,0.031706809997558594,-0.2492518424987793,False,-0.9319496154785156
52,52,100,0.9614286422729492,True,1.1688642501831055,True,0.20743560791015625,1.2084301948547362,0.24700155258178702,-0.03956594467163077,1.2167882919311523,True,0.2553596496582031,-0.047924041748046875,1.234230677286784,0.2728020350138347,-0.06536642710367846,1.206873893737793,True,1.0148048400878906
53,53,136,3.742238998413086,True,3.907169818878174,True,0.1649308204650879,3.91815824508667,0.17591924667358416,-0.010988426208496271,3.886188507080078,True,0.1439495086669922,0.020981311798095703,3.907589594523112,0.1653505961100259,-0.000419775644938003,3.8959665298461914,True,3.828220844268799
54,54,385,0.9828643798828125,True,1.3687753677368164,True,0.3859109878540039,1.3680468559265138,0.38518247604370126,0.0007285118103026456,1.328369140625,True,0.3455047607421875,0.040406227111816406,1.4382591247558594,0.4553947448730469,-0.06948375701904297,1.3790912628173828,True,1.1047725677490234
55,55,987,-0.43939876556396484,False,-0.3276243209838867,False,0.11177444458007812,-0.30446834564208985,0.134930419921875,-0.023155975341796864,-0.29689598083496094,False,0.1425027847290039,-0.03072834014892578,-0.317935307820638,0.12146345774332684,-0.009689013163248716,-0.3111848831176758,False,-0.39998912811279297
56,56,81,0.21440649032592773,True,0.5652928352355957,True,0.35088634490966797,0.5603307723999024,0.34592428207397463,0.004962062835693337,0.6004114151000977,True,0.3860049247741699,-0.03511857986450195,0.6114033063252767,0.396996815999349,-0.04611047108968103,0.6161594390869141,True,0.3249516487121582
57,57,524,-0.18103981018066406,False,0.2124929428100586,True,0.39353275299072266,0.17983932495117189,0.36087913513183595,0.03265361785888671,0.197723388671875,True,0.37876319885253906,0.014769554138183594,0.2242595354715983,0.40529934565226233,-0.011766592661539704,0.22956037521362305,True,0.0017046928405761719
58,58,78,0.4014568328857422,True,0.6401801109313965,True,0.2387232780456543,0.6310844421386719,0.2296276092529297,0.00909566879272461,0.6838574409484863,True,0.28240060806274414,-0.043677330017089844,0.6878220240275065,0.2863651911417643,-0.04764191309610999,0.6891903877258301,True,0.47968435287475586
59,59,616,-0.3335227966308594,False,-0.03634214401245117,False,0.2971806526184082,-0.01824188232421875,0.3152809143066406,-0.018100261688232422,0.009664535522460938,True,0.3431873321533203,-0.04600667953491211,-0.03324699401855469,0.3002758026123047,-0.0030951499938964844,0.009240150451660156,True,-0.20627689361572266
60,60,993,-5.04234504699707,False,-4.456447601318359,False,0.5858974456787109,-4.518398952484131,0.5239460945129393,0.06195135116577166,-4.400699615478516,False,0.6416454315185547,-0.05574798583984375,-4.461416880289714,0.5809281667073565,0.004969278971354463,-4.460638999938965,False,-4.824200630187988
61,61,805,-2.836949348449707,False,-2.309539318084717,False,0.5274100303649902,-2.3866017341613768,0.45034761428833026,0.07706241607665998,-2.238642692565918,False,0.5983066558837891,-0.07089662551879883,-2.2698189417521157,0.5671304066975913,-0.03972037633260106,-2.258333206176758,False,-2.620513439178467
62,62,595,-0.5520997047424316,False,-0.2976999282836914,False,0.25439977645874023,-0.275039005279541,0.27706069946289064,-0.0226609230041504,-0.24114465713500977,False,0.3109550476074219,-0.05655527114868164,-0.27065451939900714,0.2814451853434245,-0.027045408884684263,-0.2717289924621582,False,-0.4905705451965332
63,63,537,5.4337286949157715,True,5.623138427734375,True,0.18940973281860352,5.612364006042481,0.17863531112670916,0.010774421691894354,5.636618614196777,True,0.20288991928100586,-0.013480186462402344,5.639672597249349,0.20594390233357718,-0.016534169514973662,5.641927719116211,True,5.541703224182129
64,64,883,-1.5486717224121094,False,-1.3457231521606445,False,0.20294857025146484,-1.3458558082580567,0.20281591415405265,0.0001326560974121982,-1.2940306663513184,False,0.254641056060791,-0.05169248580932617,-1.3138923645019531,0.23477935791015625,-0.031830787658691406,-1.3269567489624023,False,-1.439765453338623
65,65,250,0.7327089309692383,True,1.0937728881835938,True,0.36106395721435547,1.0607938766479492,0.32808494567871094,0.03297901153564453,1.1467933654785156,True,0.41408443450927734,-0.053020477294921875,1.109587033589681,0.37687810262044263,-0.015814145406087166,1.0693120956420898,True,0.8435306549072266
66,66,373,-2.4684324264526367,False,-2.037318706512451,False,0.43111371994018555,-2.105563259124756,0.36286916732788077,0.06824455261230478,-1.9715442657470703,False,0.4968881607055664,-0.06577444076538086,-1.8732005755106609,0.5952318509419758,-0.1641181310017903,-1.8389902114868164,False,-2.386941432952881
67,67,155,0.707521915435791,True,0.8496394157409668,True,0.14211750030517578,0.8594789505004883,0.15195703506469727,-0.009839534759521484,0.859011173248291,True,0.1514892578125,-0.009371757507324219,0.8571197191874186,0.14959780375162757,-0.007480303446451786,0.8546347618103027,True,0.7532858848571777
68,68,570,-4.919217586517334,False,-4.534365653991699,False,0.38485193252563477,-4.507239818572998,0.41197776794433594,-0.027125835418701172,-4.435630798339844,False,0.48358678817749023,-0.09873485565185547,-4.3123542467753095,0.6068633397420244,-0.22201140721638968,-4.350368022918701,False,-4.889369010925293
69,69,923,6.224148750305176,True,6.397122859954834,True,0.1729741096496582,6.39659366607666,0.17244491577148402,0.0005291938781741834,6.399147987365723,True,0.17499923706054688,-0.002025127410888672,6.403798739115397,0.17964998881022165,-0.006675879160563447,6.42085075378418,True,6.2995710372924805
70,70,605,4.403292179107666,True,4.713052749633789,True,0.30976057052612305,4.65381965637207,0.25052747726440394,0.059233093261719105,4.713449954986572,True,0.31015777587890625,-0.0003972053527832031,4.707929611206055,0.30463743209838867,0.005123138427734375,4.693898677825928,True,4.5418477058410645
71,71,157,4.493988037109375,True,4.787407875061035,True,0.29341983795166016,4.819925975799561,0.3259379386901857,-0.03251810073852557,4.800436496734619,True,0.30644845962524414,-0.013028621673583984,4.7889024416605634,0.29491440455118845,-0.0014945665995282909,4.784813404083252,True,4.534793376922607
72,72,801,1.158348560333252,True,1.2422699928283691,True,0.08392143249511719,1.2415362358093263,0.08318767547607431,0.0007337570190428799,1.2372236251831055,True,0.07887506484985352,0.005046367645263672,1.235018253326416,0.07666969299316406,0.007251739501953125,1.2318549156188965,True,1.203298568725586
73,73,761,1.0151309967041016,True,1.1305885314941406,True,0.11545753479003906,1.1861658096313477,0.1710348129272461,-0.05557727813720703,1.1982612609863281,True,0.18313026428222656,-0.0676727294921875,1.1829185485839844,0.1677875518798828,-0.05233001708984375,1.2078237533569336,True,1.0515031814575195
74,74,966,-1.5505824089050293,False,-1.4784111976623535,False,0.07217121124267578,-1.4718138694763183,0.07876853942871098,-0.006597328186035201,-1.4649348258972168,False,0.0856475830078125,-0.013476371765136719,-1.4558871587117512,0.09469525019327807,-0.022524038950602288,-1.4544105529785156,False,-1.534135341644287
75,75,50,3.2080559730529785,True,3.8173060417175293,True,0.6092500686645508,3.801730251312256,0.5936742782592774,0.015575790405273349,3.809451103210449,True,0.6013951301574707,0.007854938507080078,3.7998353640238443,0.5917793909708657,0.017470677693685044,3.724335193634033,True,3.419708251953125
76,76,138,3.5565385818481445,True,3.7390127182006836,True,0.18247413635253906,3.6979023933410646,0.1413638114929201,0.04111032485961896,3.7298364639282227,True,0.17329788208007812,0.009176254272460938,3.7511417071024575,0.194603125254313,-0.01212898890177394,3.7195310592651367,True,3.604249954223633
77,77,159,0.39357852935791016,True,0.6134681701660156,True,0.21988964080810547,0.6075834274291992,0.21400489807128908,0.005884742736816384,0.6305141448974609,True,0.23693561553955078,-0.017045974731445312,0.6315813064575195,0.23800277709960938,-0.018113136291503906,0.6571712493896484,True,0.5207414627075195
78,78,137,5.034182071685791,True,5.267109394073486,True,0.2329273223876953,5.246706295013428,0.21252422332763654,0.02040309906005877,5.2823076248168945,True,0.24812555313110352,-0.015198230743408203,5.275272846221924,0.2410907745361328,-0.0081634521484375,5.276181697845459,True,5.077767848968506
79,79,934,4.003575801849365,True,4.215522289276123,True,0.2119464874267578,4.3140545845031735,0.31047878265380824,-0.09853229522705043,4.261987686157227,True,0.25841188430786133,-0.046465396881103516,4.237871170043945,0.23429536819458008,-0.022348880767822266,4.235436916351318,True,4.146928787231445
80,80,268,3.731858730316162,True,4.064826011657715,True,0.33296728134155273,4.052540683746338,0.32068195343017614,0.012285327911376598,4.0079545974731445,True,0.2760958671569824,0.05687141418457031,4.082894007364909,0.35103527704874704,-0.018067995707194306,4.081193447113037,True,3.9478912353515625
81,81,112,3.132303237915039,True,3.4016757011413574,True,0.26937246322631836,3.386687469482422,0.254384231567383,0.01498823165893537,3.4398512840270996,True,0.30754804611206055,-0.03817558288574219,3.4104743003845215,0.2781710624694824,-0.008798599243164062,3.4378042221069336,True,3.2088093757629395
82,82,175,0.5426349639892578,True,0.8747172355651855,True,0.33208227157592773,0.8921059608459473,0.3494709968566895,-0.01738872528076174,0.9597263336181641,True,0.41709136962890625,-0.08500909805297852,0.9668229420979818,0.424187978108724,-0.09210570653279626,0.8939270973205566,True,0.6824264526367188
83,83,347,3.79931640625,True,3.918158531188965,True,0.11884212493896484,3.9056495666503905,0.10633316040039054,0.012508964538574308,3.9085240364074707,True,0.1092076301574707,0.00963449478149414,3.9127955436706543,0.1134791374206543,0.005362987518310547,3.856067180633545,True,3.82490873336792
84,84,506,5.267435550689697,True,5.6159491539001465,True,0.3485136032104492,5.566507339477539,0.2990717887878418,0.04944181442260742,5.609151840209961,True,0.34171628952026367,0.006797313690185547,5.564261595408122,0.2968260447184248,0.051687558492024444,5.584005355834961,True,5.420213222503662
85,85,266,2.5216851234436035,True,2.819988250732422,True,0.29830312728881836,2.7986238479614256,0.2769387245178221,0.02136440277099627,2.8087687492370605,True,0.28708362579345703,0.011219501495361328,2.8554587364196777,0.3337736129760742,-0.03547048568725586,2.793962001800537,True,2.6730856895446777
86,86,754,-3.0591139793395996,False,-2.7457475662231445,False,0.3133664131164551,-2.7649633407592775,0.2941506385803221,0.01921577453613299,-2.727963447570801,False,0.33115053176879883,-0.01778411865234375,-2.682262579600016,0.3768513997395835,-0.0634849866231284,-2.7179932594299316,False,-2.947599411010742
87,87,947,5.054244041442871,True,5.4144182205200195,True,0.36017417907714844,5.374080085754395,0.3198360443115238,0.040338134765624645,5.428927421569824,True,0.3746833801269531,-0.014509201049804688,5.428017616271973,0.37377357482910156,-0.013599395751953125,5.439112663269043,True,5.226414680480957
88,88,80,5.601799011230469,True,5.8150787353515625,True,0.21327972412109375,5.7897693634033205,0.18797035217285174,0.02530937194824201,5.820586204528809,True,0.21878719329833984,-0.005507469177246094,5.809752146402995,0.20795313517252634,0.005326588948567412,5.8015289306640625,True,5.689251899719238
89,89,397,3.9990696907043457,True,4.326371192932129,True,0.3273015022277832,4.322977066040039,0.32390737533569336,0.0033941268920898438,4.362802982330322,True,0.36373329162597656,-0.03643178939819336,4.347383817036946,0.3483141263326006,-0.021012624104817412,4.33109712600708,True,4.078824996948242
90,90,425,4.537897109985352,True,4.799084186553955,True,0.2611870765686035,4.7917601585388185,0.253863048553467,0.007324028015136541,4.760778427124023,True,0.22288131713867188,0.03830575942993164,4.806746482849121,0.26884937286376953,-0.007662296295166016,4.809983253479004,True,4.582607746124268
91,91,555,-4.163541316986084,False,-3.7411575317382812,False,0.42238378524780273,-3.697889804840088,0.4656515121459961,-0.04326772689819336,-3.6746954917907715,False,0.4888458251953125,-0.06646203994750977,-3.5783092180887857,0.5852320988972983,-0.1628483136494956,-3.585888385772705,False,-4.009571552276611
92,92,633,3.0712552070617676,True,3.408259391784668,True,0.3370041847229004,3.4277655601501467,0.3565103530883791,-0.019506168365478693,3.4206347465515137,True,0.3493795394897461,-0.012375354766845703,3.455110708872477,0.3838555018107095,-0.0468513170878091,3.3163366317749023,True,3.226803779602051
93,93,684,-0.47110462188720703,False,0.1278839111328125,True,0.5989885330200195,0.12875404357910156,0.5998586654663086,-0.000870132446289057,0.14273929595947266,True,0.6138439178466797,-0.014855384826660156,0.13854122161865234,0.6096458435058594,-0.010657310485839844,0.07208633422851562,True,-0.3259153366088867
94,94,807,2.9975123405456543,True,3.3036704063415527,True,0.30615806579589844,3.2927247047424317,0.29521236419677743,0.010945701599121005,3.372645378112793,True,0.37513303756713867,-0.06897497177124023,3.359914938608805,0.3624025980631509,-0.056244532267252456,3.3590025901794434,True,3.076770305633545
95,95,837,4.353935241699219,True,4.678674221038818,True,0.3247389793395996,4.65797176361084,0.30403652191162145,0.02070245742797816,4.679104804992676,True,0.32516956329345703,-0.0004305839538574219,4.707273483276367,0.35333824157714844,-0.028599262237548828,4.707533836364746,True,4.435759544372559
96,96,840,4.35281229019165,True,4.615984916687012,True,0.26317262649536133,4.588970565795899,0.2361582756042484,0.027014350891112926,4.659809589385986,True,0.30699729919433594,-0.04382467269897461,4.645437717437744,0.29262542724609375,-0.029452800750732422,4.608670234680176,True,4.392369270324707
97,97,959,4.119883060455322,True,4.4508748054504395,True,0.3309917449951172,4.410917282104492,0.2910342216491699,0.039957523345947266,4.4407572746276855,True,0.3208742141723633,0.010117530822753906,4.4525957107543945,0.33271265029907227,-0.0017209053039550781,4.46308708190918,True,4.262518405914307
98,98,721,5.983642578125,True,6.193937301635742,True,0.2102947235107422,6.189877319335937,0.20623474121093732,0.004059982299804865,6.183083534240723,True,0.19944095611572266,0.010853767395019531,6.179750124613444,0.1961075464884443,0.014187177022297881,6.187373161315918,True,6.055627822875977
99,99,737,3.2061657905578613,True,3.52012300491333,True,0.31395721435546875,3.5956514358520506,0.3894856452941893,-0.07552843093872053,3.7629213333129883,True,0.556755542755127,-0.2427983283996582,3.651075998942057,0.4449102083841958,-0.13095299402872707,3.6443285942077637,True,3.2600269317626953
100,100,751,4.261173248291016,True,4.62485408782959,True,0.3636808395385742,4.642807960510254,0.3816347122192383,-0.017953872680664062,4.601108551025391,True,0.339935302734375,0.02374553680419922,4.640049934387207,0.3788766860961914,-0.015195846557617188,4.635306358337402,True,4.371045112609863
101,101,642,-4.595341682434082,False,-4.112396240234375,False,0.48294544219970703,-4.122025680541992,0.47331600189208967,0.009629440307617365,-4.160444259643555,False,0.43489742279052734,0.04804801940917969,-4.143413543701172,0.45192813873291016,0.031017303466796875,-4.138470649719238,False,-4.494209289550781
102,102,579,4.654349327087402,True,4.787272930145264,True,0.13292360305786133,4.790986347198486,0.1366370201110838,-0.0037134170532224786,4.802651405334473,True,0.1483020782470703,-0.015378475189208984,4.824832121531169,0.17048279444376657,-0.037559191385905244,4.809645652770996,True,4.713629722595215
103,103,535,2.2977099418640137,True,2.6525001525878906,True,0.35479021072387695,2.631687545776367,0.3339776039123534,0.020812606811523526,2.6603055000305176,True,0.3625955581665039,-0.007805347442626953,2.733055750528971,0.43534580866495753,-0.08055559794108058,2.7286977767944336,True,2.52060604095459
104,104,404,0.6121506690979004,True,1.1855573654174805,True,0.5734066963195801,1.2041077613830566,0.5919570922851562,-0.018550395965576172,1.209658145904541,True,0.5975074768066406,-0.024100780487060547,1.299184799194336,0.6870341300964355,-0.11362743377685547,1.306999683380127,True,0.8272562026977539
105,105,382,2.087975025177002,True,2.9168853759765625,True,0.8289103507995605,2.8747291564941406,0.7867541313171387,0.042156219482421875,2.831787586212158,True,0.7438125610351562,0.0850977897644043,2.8988119761149087,0.8108369509379068,0.018073399861653794,2.8971786499023438,True,2.4655957221984863
106,106,434,-0.15665149688720703,False,0.6653695106506348,True,0.8220210075378418,0.43007593154907225,0.5867274284362793,0.2352935791015625,0.4203810691833496,True,0.5770325660705566,0.24498844146728516,0.6137339274088541,0.7703854242960612,0.051635583241780636,0.5406174659729004,True,0.1653141975402832
107,107,219,4.876588821411133,True,5.087301254272461,True,0.21071243286132812,5.091002655029297,0.21441383361816424,-0.003701400756836115,5.1146745681762695,True,0.23808574676513672,-0.027373313903808594,5.126566569010417,0.24997774759928415,-0.039265314737956025,5.109118461608887,True,4.928892612457275
108,108,109,-1.4661192893981934,False,-1.1009230613708496,False,0.36519622802734375,-1.1504887580871581,0.31563053131103525,0.049565696716308505,-0.936396598815918,False,0.5297226905822754,-0.16452646255493164,-1.074307918548584,0.3918113708496094,-0.026615142822265625,-1.1008553504943848,False,-1.354924201965332
109,109,599,1.2795147895812988,True,1.497732162475586,True,0.2182173728942871,1.564185619354248,0.2846708297729492,-0.06645345687866211,1.5778164863586426,True,0.29830169677734375,-0.08008432388305664,1.593390941619873,0.3138761520385742,-0.09565877914428711,1.5858831405639648,True,1.2986741065979004
110,110,952,-4.342534065246582,False,-3.9254283905029297,False,0.41710567474365234,-3.9854303359985352,0.3571037292480468,0.06000194549560556,-3.9163827896118164,False,0.4261512756347656,-0.009045600891113281,-3.9493889808654785,0.3931450843811035,0.023960590362548828,-3.996634006500244,False,-4.191647529602051
111,111,215,5.476374626159668,True,5.719676971435547,True,0.2433023452758789,5.709113883972168,0.23273925781249982,0.010563087463379084,5.735455513000488,True,0.2590808868408203,-0.015778541564941406,5.719699541727702,0.24332491556803415,-2.2570292155243976e-05,5.727010250091553,True,5.576911926269531
112,112,500,3.2366647720336914,True,3.8754048347473145,True,0.638740062713623,3.8427031517028807,0.6060383796691893,0.03270168304443377,3.9927549362182617,True,0.7560901641845703,-0.11735010147094727,3.843655268351237,0.6069904963175454,0.03174956639607762,3.832949161529541,True,3.5764288902282715
113,113,258,0.8975915908813477,True,1.5019950866699219,True,0.6044034957885742,1.5630638122558593,0.6654722213745117,-0.061068725585937456,1.5565071105957031,True,0.6589155197143555,-0.05451202392578125,1.5996955235799153,0.7021039326985676,-0.09770043690999342,1.5695714950561523,True,0.963557243347168
114,114,860,0.2519664764404297,True,0.6629457473754883,True,0.4109792709350586,0.6103440284729004,0.3583775520324707,0.05260171890258791,0.6794037818908691,True,0.42743730545043945,-0.01645803451538086,0.6983691851298014,0.4464027086893717,-0.035423437754313114,0.6742072105407715,True,0.4645686149597168
115,115,516,0.13939857482910156,True,0.35642242431640625,True,0.2170238494873047,0.3939857482910156,0.25458717346191406,-0.037563323974609375,0.3994874954223633,True,0.2600889205932617,-0.04306507110595703,0.3901529312133789,0.25075435638427734,-0.033730506896972656,0.36887454986572266,True,0.21428871154785156
116,116,329,0.023273944854736328,True,0.5201625823974609,True,0.4968886375427246,0.5210960388183594,0.4978220939636231,-0.0009334564208984819,0.5914034843444824,True,0.5681295394897461,-0.07124090194702148,0.6264306704203287,0.6031567255655924,-0.1062680880228678,0.5891909599304199,True,0.1898970603942871
117,117,141,5.6528000831604,True,5.916558265686035,True,0.26375818252563477,5.902949714660645,0.2501496315002445,0.01360855102539027,5.983001708984375,True,0.3302016258239746,-0.06644344329833984,5.931173324584961,0.27837324142456055,-0.014615058898925781,5.893646240234375,True,5.734269142150879
118,118,362,1.977494239807129,True,2.2627458572387695,True,0.2852516174316406,2.206552505493164,0.22905826568603516,0.05619335174560547,2.24050235748291,True,0.26300811767578125,0.022243499755859375,2.2589597702026367,0.2814655303955078,0.0037860870361328125,2.2444849014282227,True,2.121548652648926
119,119,900,-7.044201850891113,False,-6.742037296295166,False,0.30216455459594727,-6.778238010406494,0.26596384048461896,0.0362007141113283,-6.753778457641602,False,0.2904233932495117,0.011741161346435547,-6.695724805196126,0.3484770456949873,-0.04631249109904001,-6.677189350128174,False,-6.857522010803223
120,120,585,1.65985107421875,True,1.9549226760864258,True,0.2950716018676758,1.9311716079711914,0.27132053375244136,0.02375106811523442,1.9367170333862305,True,0.27686595916748047,0.018205642700195312,1.9380683898925781,0.2782173156738281,0.016854286193847656,1.9553179740905762,True,1.7742514610290527
121,121,514,4.374606132507324,True,4.557192325592041,True,0.1825861930847168,4.55335054397583,0.1787444114685055,0.0038417816162112928,4.567448616027832,True,0.1928424835205078,-0.010256290435791016,4.554391384124756,0.17978525161743164,0.0028009414672851562,4.564244270324707,True,4.413806915283203
122,122,181,4.314132213592529,True,4.571595191955566,True,0.2574629783630371,4.559067630767823,0.24493541717529332,0.012527561187743785,4.586837291717529,True,0.272705078125,-0.01524209976196289,4.616438547770183,0.3023063341776533,-0.04484335581461618,4.6134209632873535,True,4.414134502410889
123,123,374,3.5760393142700195,True,3.7876858711242676,True,0.21164655685424805,3.7774624824523926,0.20142316818237305,0.010223388671875,3.7801084518432617,True,0.2040691375732422,0.007577419281005859,3.8249708811442056,0.24893156687418605,-0.037285010019938,3.7920494079589844,True,3.612367630004883
124,124,4,-1.4544548988342285,False,-0.8211121559143066,False,0.6333427429199219,-0.8548056602478027,0.5996492385864258,0.03369350433349605,-0.9596281051635742,False,0.4948267936706543,0.13851594924926758,-0.866934617360433,0.5875202814737955,0.04582246144612634,-0.9051265716552734,False,-1.2161684036254883
125,125,916,3.010129451751709,True,3.4065074920654297,True,0.3963780403137207,3.3764992713928224,0.36636981964111337,0.030008220672607333,3.4132351875305176,True,0.4031057357788086,-0.006727695465087891,3.420666535695394,0.41053708394368504,-0.01415904362996434,3.413322925567627,True,3.103062629699707
126,126,424,2.7096080780029297,True,3.3317718505859375,True,0.6221637725830078,3.2583251953125,0.5487171173095704,0.07344665527343741,3.359226703643799,True,0.6496186256408691,-0.027454853057861328,3.3477253913879395,0.6381173133850098,-0.015953540802001953,3.2774434089660645,True,2.8646702766418457
127,127,19,2.698394298553467,True,2.9405651092529297,True,0.2421708106994629,2.9394837379455567,0.24108943939208993,0.001081371307372958,2.945603370666504,True,0.2472090721130371,-0.005038261413574219,2.9483062426249185,0.24991194407145167,-0.007741133371988784,2.9071850776672363,True,2.782769203186035
128,128,698,3.8365793228149414,True,4.082121849060059,True,0.2455425262451172,4.013867378234863,0.17728805541992188,0.06825447082519531,4.07855224609375,True,0.2419729232788086,0.0035696029663085938,4.0722330411275225,0.23565371831258108,0.009888807932536103,4.064790725708008,True,3.9086461067199707
129,129,671,5.269396781921387,True,5.49818754196167,True,0.2287907600402832,5.521594524383545,0.2521977424621582,-0.023406982421875,5.525301933288574,True,0.2559051513671875,-0.027114391326904297,5.520464579264323,0.2510677973429365,-0.02227703730265329,5.511002540588379,True,5.277729034423828
130,130,147,6.004955291748047,True,6.346779823303223,True,0.3418245315551758,6.347337913513184,0.3423826217651369,-0.0005580902099611151,6.351901054382324,True,0.34694576263427734,-0.0051212310791015625,6.338823000590007,0.33386770884195993,0.00795682271321585,6.327967643737793,True,6.104949951171875
131,131,229,5.010254383087158,True,5.180371284484863,True,0.17011690139770508,5.2296065330505375,0.21935214996337926,-0.04923524856567418,5.231068134307861,True,0.22081375122070312,-0.05069684982299805,5.180405934651692,0.1701515515645342,-3.4650166829131024e-05,5.203856945037842,True,5.0652079582214355
132,132,190,3.3839454650878906,True,3.616698741912842,True,0.23275327682495117,3.5787446022033693,0.1947991371154787,0.03795413970947248,3.5736427307128906,True,0.189697265625,0.04305601119995117,3.5912674268086753,0.20732196172078465,0.02543131510416652,3.5763707160949707,True,3.4388771057128906
133,133,525,6.505910873413086,True,6.707662582397461,True,0.201751708984375,6.6831995964050295,0.17728872299194354,0.024462985992431463,6.703194618225098,True,0.19728374481201172,0.004467964172363281,6.697462717692058,0.19155184427897165,0.01019986470540335,6.689905166625977,True,6.587964057922363
134,134,799,0.761232852935791,True,1.111149787902832,True,0.349916934967041,1.1753552436828614,0.41412239074707036,-0.06420545578002934,1.1698222160339355,True,0.40858936309814453,-0.058672428131103516,1.1234866778055828,0.36225382486979174,-0.012336889902750725,1.1738848686218262,True,0.9352803230285645
135,135,24,5.290813446044922,True,5.6387939453125,True,0.3479804992675781,5.585238075256347,0.2944246292114254,0.0535558700561527,5.614294052124023,True,0.32348060607910156,0.024499893188476562,5.642467180887858,0.3516537348429365,-0.003673235575358369,5.642595291137695,True,5.451417922973633
136,136,158,2.2379136085510254,True,2.931476593017578,True,0.6935629844665527,2.9201745986938477,0.6822609901428223,0.011301994323730469,2.988985061645508,True,0.7510714530944824,-0.05750846862792969,3.1110870043436685,0.8731733957926431,-0.17961041132609035,3.0251684188842773,True,2.457113265991211
137,137,189,2.981077194213867,True,3.323488235473633,True,0.3424110412597656,3.307654857635498,0.32657766342163086,0.015833377838134766,3.2975635528564453,True,0.3164863586425781,0.0259246826171875,3.347778002421061,0.36670080820719386,-0.024289766947428237,3.354548454284668,True,3.1115646362304688
138,138,821,4.299457550048828,True,4.538055419921875,True,0.23859786987304688,4.55186653137207,0.2524089813232422,-0.013811111450195312,4.567455768585205,True,0.26799821853637695,-0.029400348663330078,4.555695533752441,0.2562379837036133,-0.017640113830566406,4.563237190246582,True,4.3932576179504395
139,139,647,6.028646469116211,True,6.062405586242676,True,0.033759117126464844,6.042993068695068,0.014346599578857422,0.019412517547607422,6.079913139343262,True,0.05126667022705078,-0.017507553100585938,6.00924809773763,-0.019398371378581025,0.05315748850504587,6.0169453620910645,True,6.116213798522949
140,140,363,2.0340938568115234,True,2.2974853515625,True,0.26339149475097656,2.2774433135986327,0.2433494567871093,0.020042037963867276,2.305729866027832,True,0.2716360092163086,-0.008244514465332031,2.3359527587890625,0.30185890197753906,-0.0384674072265625,2.2836380004882812,True,2.114974021911621
141,141,398,5.045987129211426,True,5.267038345336914,True,0.22105121612548828,5.267000579833985,0.22101345062255895,3.776550292933223e-05,5.285093307495117,True,0.2391061782836914,-0.018054962158203125,5.286383310953776,0.24039618174235056,-0.019344965616862275,5.25288200378418,True,5.126458168029785
142,142,760,-0.6622653007507324,False,-0.36416101455688477,False,0.29810428619384766,-0.41385564804077146,0.24840965270996096,0.0496946334838867,-0.3792738914489746,False,0.2829914093017578,0.015112876892089844,-0.3832551638285319,0.2790101369222005,0.019094149271647154,-0.37906599044799805,False,-0.5189023017883301
143,143,87,5.0694379806518555,True,5.281491279602051,True,0.2120532989501953,5.255743217468262,0.18630523681640643,0.025748062133788885,5.31081485748291,True,0.2413768768310547,-0.029323577880859375,5.292328675587972,0.22289069493611624,-0.010837395985920928,5.309684753417969,True,5.184703826904297
144,144,77,3.8558106422424316,True,4.270087718963623,True,0.4142770767211914,4.29455795288086,0.4387473106384281,-0.024470233917236683,4.357741355895996,True,0.5019307136535645,-0.08765363693237305,4.282447973887126,0.4266373316446943,-0.0123602549235029,4.283510208129883,True,4.008037090301514
145,145,909,6.736849308013916,True,6.883793354034424,True,0.1469440460205078,6.932076263427734,0.19522695541381818,-0.04828290939331037,6.970090866088867,True,0.23324155807495117,-0.08629751205444336,6.9490377108256025,0.2121884028116865,-0.06524435679117868,6.932070732116699,True,6.803839683532715
146,146,618,-1.4507651329040527,False,-0.9713997840881348,False,0.47936534881591797,-0.9680183410644532,0.48274679183959956,-0.003381443023681596,-0.9265708923339844,False,0.5241942405700684,-0.04482889175415039,-0.9430390993754069,0.5077260335286459,-0.0283606847127279,-0.9657583236694336,False,-1.297502040863037
147,147,236,3.229177951812744,True,3.5332274436950684,True,0.3040494918823242,3.499424934387207,0.2702469825744629,0.03380250930786133,3.6527299880981445,True,0.4235520362854004,-0.11950254440307617,3.6204570134480796,0.39127906163533543,-0.08722956975301122,3.564042568206787,True,3.401522636413574
148,148,316,-0.08773994445800781,False,0.17994976043701172,True,0.26768970489501953,0.12821292877197266,0.21595287322998047,0.05173683166503906,0.1503582000732422,True,0.23809814453125,0.02959156036376953,0.1346569061279297,0.2223968505859375,0.04529285430908203,0.14464664459228516,True,0.03493976593017578
149,149,161,0.6724634170532227,True,1.1566839218139648,True,0.4842205047607422,1.058934497833252,0.38647108078002934,0.09774942398071285,1.0947985649108887,True,0.422335147857666,0.06188535690307617,1.1554279327392578,0.48296451568603516,0.0012559890747070312,1.1127781867980957,True,0.7966852188110352
150,150,729,3.5612735748291016,True,4.15335750579834,True,0.5920839309692383,4.070791149139405,0.5095175743103031,0.08256635665893519,3.9875311851501465,True,0.4262576103210449,0.16582632064819336,4.091770490010579,0.5304969151814776,0.06158701578776071,4.057940483093262,True,3.7185163497924805
151,151,461,1.7563743591308594,True,2.1931772232055664,True,0.43680286407470703,2.2023262977600098,0.4459519386291504,-0.00914907455444336,2.102799415588379,True,0.34642505645751953,0.0903778076171875,2.1679970423380532,0.41162268320719386,0.02518018086751317,2.1218061447143555,True,1.872969627380371
152,152,421,2.896817207336426,True,2.912282943725586,True,0.015465736389160156,2.932305431365967,0.035488224029541104,-0.020022487640380948,2.8629422187805176,True,-0.0338749885559082,0.04934072494506836,2.856360912322998,-0.040456295013427734,0.05592203140258789,2.8657259941101074,True,2.9700379371643066
153,153,364,1.5877008438110352,True,1.851877212524414,True,0.2641763687133789,1.8844189643859863,0.29671812057495117,-0.032541751861572266,1.9098148345947266,True,0.3221139907836914,-0.0579376220703125,1.9692824681599934,0.38158162434895826,-0.11740525563557935,1.9684925079345703,True,1.6423487663269043
154,154,830,4.507391929626465,True,4.895697116851807,True,0.3883051872253418,4.855036449432373,0.3476445198059084,0.040660667419433416,4.884112358093262,True,0.3767204284667969,0.011584758758544922,4.898439725240071,0.3910477956136065,-0.002742608388264678,4.885109901428223,True,4.619518280029297
155,155,584,1.6083402633666992,True,1.7714481353759766,True,0.16310787200927734,1.7755587577819825,0.16721849441528325,-0.004110622406005904,1.779970645904541,True,0.1716303825378418,-0.008522510528564453,1.776293118794759,0.16795285542805982,-0.004844983418782478,1.7546849250793457,True,1.6393213272094727
156,156,597,3.901055335998535,True,4.215348243713379,True,0.31429290771484375,4.216237163543701,0.31518182754516566,-0.0008889198303219104,4.33458948135376,True,0.4335341453552246,-0.11924123764038086,4.264837423960368,0.363782087961833,-0.04948918024698923,4.245439529418945,True,3.9963855743408203
157,157,702,2.711636543273926,True,3.1658287048339844,True,0.4541921615600586,3.1566965103149416,0.4450599670410158,0.009132194519042791,3.2277355194091797,True,0.5160989761352539,-0.06190681457519531,3.2272510528564453,0.5156145095825195,-0.06142234802246094,3.256223678588867,True,2.821725845336914
158,158,21,-0.37366533279418945,False,0.08710145950317383,True,0.4607667922973633,0.11656036376953124,0.4902256965637207,-0.029458904266357416,0.15545129776000977,True,0.5291166305541992,-0.06834983825683594,0.13028828303019205,0.5039536158243815,-0.04318682352701822,0.10935211181640625,True,-0.27957582473754883
159,159,334,2.046323299407959,True,2.038321018218994,True,-0.008002281188964844,2.0448445320129394,-0.00147876739501962,-0.006523513793945224,2.076709270477295,True,0.030385971069335938,-0.03838825225830078,2.0000473658243814,-0.04627593358357762,0.03827365239461278,1.98451566696167,True,2.139066219329834
160,160,797,3.7155933380126953,True,4.048685550689697,True,0.33309221267700195,4.040013122558594,0.32441978454589826,0.008672428131103693,4.109455585479736,True,0.393862247467041,-0.06077003479003906,4.10587739944458,0.39028406143188477,-0.05719184875488281,4.108636379241943,True,3.803035259246826
161,161,211,1.870962142944336,True,2.2593603134155273,True,0.3883981704711914,2.2375898361206055,0.36662769317626953,0.021770477294921875,2.4250102043151855,True,0.5540480613708496,-0.1656498908996582,2.3331173261006675,0.46215518315633153,-0.07375701268514012,2.319136619567871,True,1.95843505859375
162,162,11,0.10801315307617188,True,0.4169445037841797,True,0.3089313507080078,0.37825679779052734,0.27024364471435547,0.038687705993652344,0.39747142791748047,True,0.2894582748413086,0.01947307586669922,0.42196019490559894,0.31394704182942706,-0.005015691121419252,0.36949920654296875,True,0.2021932601928711
163,163,134,-3.310636043548584,False,-2.9594807624816895,False,0.35115528106689453,-2.9517202377319336,0.3589158058166504,-0.007760524749755859,-2.9291319847106934,False,0.3815040588378906,-0.030348777770996094,-2.951707681020101,0.3589283625284829,-0.007773081461588394,-2.987769603729248,False,-3.2288718223571777
164,164,928,3.007688522338867,True,3.426295757293701,True,0.418607234954834,3.400851821899414,0.39316329956054696,0.02544393539428702,3.391237258911133,True,0.3835487365722656,0.03505849838256836,3.4730480511983237,0.46535952885945653,-0.046752293904622544,3.414978504180908,True,3.118885040283203
165,165,791,2.557781219482422,True,2.9676666259765625,True,0.4098854064941406,2.9760419845581056,0.41826076507568377,-0.008375358581543146,3.0100412368774414,True,0.45226001739501953,-0.042374610900878906,3.0460410118103027,0.48825979232788086,-0.07837438583374023,3.0172348022460938,True,2.6355109214782715
166,166,502,0.5926589965820312,True,0.8378787040710449,True,0.24521970748901367,0.8443163871765137,0.25165739059448244,-0.006437683105468772,0.8344430923461914,True,0.24178409576416016,0.0034356117248535156,0.8661834398905436,0.27352444330851233,-0.02830473581949866,0.854395866394043,True,0.6733975410461426
167,167,828,-0.08475399017333984,False,0.05883979797363281,True,0.14359378814697266,0.037159156799316403,0.12191314697265625,0.02168064117431641,0.039092063903808594,True,0.12384605407714844,0.01974773406982422,0.04854710896809896,0.1333010991414388,0.010292689005533852,0.057677268981933594,True,-0.027013778686523438
168,168,187,2.32064151763916,True,2.7063803672790527,True,0.3857388496398926,2.658137321472168,0.3374958038330078,0.048243045806884766,2.710033416748047,True,0.3893918991088867,-0.0036530494689941406,2.7019054094950357,0.3812638918558755,0.004474957784017075,2.6886677742004395,True,2.456519603729248
169,169,836,0.6056737899780273,True,0.987586498260498,True,0.3819127082824707,0.9584451675415039,0.35277137756347654,0.029141330718994163,0.9983196258544922,True,0.39264583587646484,-0.01073312759399414,1.0256956418355305,0.4200218518575032,-0.03810914357503248,1.0306711196899414,True,0.7251677513122559
170,170,533,1.355329990386963,True,1.5567841529846191,True,0.20145416259765625,1.5524696350097655,0.19713964462280265,0.0043145179748536044,1.5752735137939453,True,0.21994352340698242,-0.018489360809326172,1.5738887786865234,0.21855878829956055,-0.017104625701904297,1.570051670074463,True,1.410555362701416
171,171,311,4.857208728790283,True,5.086714744567871,True,0.2295060157775879,5.096424198150634,0.2392154693603512,-0.009709453582763317,5.118525505065918,True,0.26131677627563477,-0.031810760498046875,5.095204512278239,0.23799578348795603,-0.008489767710368135,5.082818031311035,True,4.903387546539307
172,172,342,-1.1259350776672363,False,-0.6224417686462402,False,0.5034933090209961,-0.6342963218688965,0.4916387557983398,0.011854553222656272,-0.5526022911071777,False,0.5733327865600586,-0.0698394775390625,-0.5779409408569336,0.5479941368103027,-0.04450082778930664,-0.6352858543395996,False,-0.9897890090942383
173,173,357,1.602341651916504,True,1.9700860977172852,True,0.36774444580078125,1.9758745193481446,0.3735328674316407,-0.005788421630859464,1.9928855895996094,True,0.39054393768310547,-0.02279949188232422,1.9913201332092285,0.3889784812927246,-0.02123403549194336,1.976017951965332,True,1.6674842834472656
174,174,957,2.083404064178467,True,2.6227617263793945,True,0.5393576622009277,2.6169275283813476,0.5335234642028808,0.005834197998046964,2.5992560386657715,True,0.5158519744873047,0.023505687713623047,2.651026407877604,0.5676223436991372,-0.028264681498209487,2.627474308013916,True,2.272542953491211
175,175,463,3.1868557929992676,True,3.6328988075256348,True,0.4460430145263672,3.6216732025146485,0.43481740951538095,0.01122560501098624,3.656533718109131,True,0.4696779251098633,-0.023634910583496094,3.708756605784098,0.5219008127848306,-0.0758577982584634,3.675626754760742,True,3.291447639465332
176,176,861,0.4919257164001465,True,1.3108596801757812,True,0.8189339637756348,1.179388427734375,0.6874627113342284,0.13147125244140634,1.3526897430419922,True,0.8607640266418457,-0.04183006286621094,1.339147726694743,0.8472220102945964,-0.028288046518961663,1.3413758277893066,True,0.8615827560424805
177,177,812,0.8812017440795898,True,1.097275733947754,True,0.21607398986816406,1.0855091094970704,0.2043073654174805,0.01176662445068355,1.1099109649658203,True,0.22870922088623047,-0.012635231018066406,1.1134815216064453,0.23227977752685547,-0.016205787658691406,1.115736961364746,True,0.9495668411254883
178,178,152,3.7040557861328125,True,3.9981508255004883,True,0.2940950393676758,4.052789878845215,0.3487340927124025,-0.05463905334472674,4.015060901641846,True,0.3110051155090332,-0.016910076141357422,4.040050029754639,0.33599424362182617,-0.04189920425415039,4.03913688659668,True,3.773383617401123
179,179,780,3.1912617683410645,True,3.3381943702697754,True,0.14693260192871094,3.3318455696105955,0.14058380126953107,0.006348800659179865,3.351656913757324,True,0.16039514541625977,-0.013462543487548828,3.3567554155985513,0.16549364725748683,-0.018561045328775894,3.3322510719299316,True,3.2732973098754883
180,180,688,1.2579784393310547,True,1.4670820236206055,True,0.20910358428955078,1.456281852722168,0.19830341339111324,0.010800170898437544,1.4484481811523438,True,0.19046974182128906,0.01863384246826172,1.4579518636067708,0.19997342427571607,0.00913016001383471,1.4489326477050781,True,1.2807598114013672
181,181,581,2.740200996398926,True,3.17279052734375,True,0.4325895309448242,3.1060681343078613,0.36586713790893555,0.06672239303588867,3.090726375579834,True,0.3505253791809082,0.08206415176391602,3.17429780960083,0.4340968132019043,-0.0015072822570800781,3.146975517272949,True,2.918529510498047
182,182,904,1.3431668281555176,True,1.7624216079711914,True,0.41925477981567383,1.8258834838867188,0.48271665573120126,-0.06346187591552743,1.8291730880737305,True,0.4860062599182129,-0.06675148010253906,1.7622558275858562,0.4190889994303386,0.00016578038533521244,1.761904239654541,True,1.4237351417541504
183,183,875,4.0043816566467285,True,4.2910308837890625,True,0.286649227142334,4.274880409240723,0.27049875259399414,0.016150474548339844,4.268588542938232,True,0.2642068862915039,0.022442340850830078,4.276334285736084,0.27195262908935547,0.014696598052978516,4.259283542633057,True,4.09173583984375
184,184,897,-1.2051773071289062,False,-0.862149715423584,False,0.34302759170532227,-0.8717764854431153,0.333400821685791,0.009626770019531272,-0.8628268241882324,False,0.34235048294067383,0.0006771087646484375,-0.8085910479227701,0.3965862592061361,-0.05355866750081384,-0.8221621513366699,False,-1.0072088241577148
185,185,856,3.9261436462402344,True,4.211802959442139,True,0.2856593132019043,4.235871028900147,0.3097273826599123,-0.02406806945800799,4.243073463439941,True,0.31692981719970703,-0.031270503997802734,4.185123761494954,0.25898011525471976,0.02667919794718454,4.2093658447265625,True,4.095013618469238
186,186,174,1.9758625030517578,True,2.275954246520996,True,0.3000917434692383,2.278533935546875,0.3026714324951172,-0.0025796890258789062,2.321043014526367,True,0.3451805114746094,-0.045088768005371094,2.3111499150594077,0.3352874120076499,-0.035195668538411606,2.30690336227417,True,2.1070876121520996
187,187,936,0.7395405769348145,True,0.9362802505493164,True,0.19673967361450195,0.9318799018859864,0.1923393249511719,0.004400348663330056,0.9230775833129883,True,0.18353700637817383,0.013202667236328125,0.9304339090983073,0.1908933321634928,0.005846341451009152,0.936549186706543,True,0.805109977722168
188,188,964,-0.27931642532348633,False,0.0020170211791992188,True,0.28133344650268555,0.02676734924316406,0.30608377456665037,-0.024750328063964842,-0.01710796356201172,False,0.2622084617614746,0.019124984741210938,0.0608374277750651,0.34015385309855145,-0.05882040659586588,0.018720626831054688,True,-0.23044633865356445
189,189,284,0.2808089256286621,True,0.4503512382507324,True,0.1695423126220703,0.541236686706543,0.2604277610778809,-0.09088544845581059,0.5576200485229492,True,0.2768111228942871,-0.1072688102722168,0.5398041407267252,0.2589952150980631,-0.0894529024759928,0.47789859771728516,True,0.3502836227416992
190,190,436,0.0331120491027832,True,0.6017756462097168,True,0.5686635971069336,0.6352745056152344,0.6021624565124511,-0.033498859405517556,0.6746010780334473,True,0.6414890289306641,-0.07282543182373047,0.6944616635640463,0.6613496144612631,-0.09268601735432946,0.6130986213684082,True,0.20981264114379883
191,191,111,2.858004093170166,True,3.176677703857422,True,0.31867361068725586,3.1354281425476076,0.2774240493774416,0.041249561309814275,3.132526397705078,True,0.2745223045349121,0.04415130615234375,3.1862130165100098,0.32820892333984375,-0.00953531265258789,3.112884998321533,True,2.934840202331543
192,192,1,0.49024009704589844,True,0.9200301170349121,True,0.42979001998901367,0.8369417190551758,0.34670162200927734,0.08308839797973633,0.8457760810852051,True,0.35553598403930664,0.07425403594970703,0.9269591967264811,0.43671909968058265,-0.006929079691568973,0.9102058410644531,True,0.7057161331176758
193,193,327,-2.915156602859497,False,-2.3367974758148193,False,0.5783591270446777,-2.371894693374634,0.5432619094848632,0.03509721755981454,-2.265326499938965,False,0.6498301029205322,-0.07147097587585449,-2.328127145767212,0.5870294570922852,-0.008670330047607422,-2.297866106033325,False,-2.7947258949279785
194,194,764,5.052368640899658,True,5.265162467956543,True,0.21279382705688477,5.282727909088135,0.23035926818847674,-0.017565441131591975,5.267999172210693,True,0.21563053131103516,-0.0028367042541503906,5.205214659372966,0.1528460184733076,0.05994780858357718,5.27351188659668,True,5.0883002281188965
195,195,237,1.4405803680419922,True,1.791029930114746,True,0.3504495620727539,1.7535372734069825,0.3129569053649903,0.03749265670776358,1.759577751159668,True,0.3189973831176758,0.031452178955078125,1.8377552032470703,0.3971748352050781,-0.04672527313232422,1.8517398834228516,True,1.5552258491516113
196,196,634,0.8771944046020508,True,1.0465307235717773,True,0.16933631896972656,1.0678234100341797,0.1906290054321289,-0.021292686462402344,1.0491886138916016,True,0.17199420928955078,-0.0026578903198242188,1.0721549987792969,0.1949605941772461,-0.02562427520751953,1.0705280303955078,True,0.9366817474365234
197,197,285,-0.33762216567993164,False,0.10529708862304688,True,0.4429192543029785,0.15361928939819336,0.491241455078125,-0.048322200775146484,0.19533109664916992,True,0.5329532623291016,-0.09003400802612305,0.189180056254069,0.5268022219340006,-0.08388296763102213,0.17495250701904297,True,-0.20200061798095703
198,198,394,-0.24764347076416016,False,-0.015186309814453125,False,0.23245716094970703,-0.015833091735839844,0.2318103790283203,0.0006467819213867194,0.012991905212402344,True,0.2606353759765625,-0.02817821502685547,0.029100418090820312,0.27674388885498047,-0.04428672790527344,0.011998176574707031,True,-0.2128915786743164
199,199,184,-4.8211565017700195,False,-4.312010765075684,False,0.5091457366943359,-4.352745628356933,0.4684108734130863,0.040734863281249645,-4.29837703704834,False,0.5227794647216797,-0.01363372802734375,-4.296998977661133,0.5241575241088867,-0.015011787414550781,-4.348332405090332,False,-4.638028144836426
200,200,59,0.35878849029541016,True,0.8544750213623047,True,0.49568653106689453,0.8450275421142578,0.48623905181884763,0.009447479248046897,0.9002294540405273,True,0.5414409637451172,-0.045754432678222656,0.9296987851460775,0.5709102948506674,-0.07522376378377282,0.8110289573669434,True,0.42174625396728516
201,201,972,2.1636743545532227,True,2.4196648597717285,True,0.25599050521850586,2.4367777824401857,0.27310342788696307,-0.01711292266845721,2.4704957008361816,True,0.306821346282959,-0.050830841064453125,2.4432168006896973,0.2795424461364746,-0.02355194091796875,2.4431638717651367,True,2.2483768463134766
202,202,800,1.3405399322509766,True,1.6082782745361328,True,0.26773834228515625,1.5943408966064454,0.25380096435546884,0.013937377929687411,1.6221733093261719,True,0.2816333770751953,-0.013895034790039062,1.5797406832377117,0.2392007509867351,0.02853759129842115,1.5866317749023438,True,1.4392480850219727
203,203,452,1.8087882995605469,True,2.172154426574707,True,0.36336612701416016,2.195277214050293,0.3864889144897461,-0.023122787475585938,2.214188575744629,True,0.40540027618408203,-0.042034149169921875,2.257757822672526,0.448969523111979,-0.08560339609781886,2.253903388977051,True,1.9743881225585938
204,204,153,-2.2417478561401367,False,-2.0912857055664062,False,0.15046215057373047,-2.093541717529297,0.14820613861083975,0.002256011962890714,-2.035541534423828,False,0.2062063217163086,-0.055744171142578125,-2.0544444719950357,0.18730338414510106,-0.03684123357137059,-2.069624900817871,False,-2.2222414016723633
205,205,588,1.0142278671264648,True,1.2787060737609863,True,0.2644782066345215,1.2574742317199707,0.2432463645935059,0.02123184204101558,1.3125152587890625,True,0.29828739166259766,-0.03380918502807617,1.3080949783325195,0.2938671112060547,-0.029388904571533203,1.302520751953125,True,1.102952003479004
206,206,113,1.999532699584961,True,2.2873682975769043,True,0.28783559799194336,2.2395633697509765,0.24003067016601554,0.04780492782592782,2.313131809234619,True,0.3135991096496582,-0.025763511657714844,2.31822141011556,0.3186887105305991,-0.030853112538655747,2.3064723014831543,True,2.1130752563476562
207,207,558,-1.649010181427002,False,-0.9787421226501465,False,0.6702680587768555,-1.0445204734802247,0.6044897079467773,0.06577835083007821,-0.9871273040771484,False,0.6618828773498535,0.008385181427001953,-0.9866711298624674,0.6623390515645345,0.007929007212320927,-1.0329155921936035,False,-1.532820701599121
208,208,914,-2.3405325412750244,False,-2.1911022663116455,False,0.1494302749633789,-2.185727024078369,0.15480551719665536,-0.005375242233276456,-2.091649293899536,False,0.24888324737548828,-0.09945297241210938,-2.0677944819132485,0.27273805936177586,-0.12330778439839696,-2.1123011112213135,False,-2.376018762588501
209,209,607,0.04650545120239258,True,1.0584559440612793,True,1.0119504928588867,0.8556926727294922,0.8091872215270997,0.20276327133178706,0.8988289833068848,True,0.8523235321044922,0.15962696075439453,1.0501867930094402,1.0036813418070476,0.008269151051839119,0.9506106376647949,True,0.3332667350769043
210,210,368,1.8226137161254883,True,2.148789405822754,True,0.3261756896972656,2.0993535041809084,0.2767397880554201,0.049435901641845525,2.0696911811828613,True,0.24707746505737305,0.07909822463989258,2.1257173220316568,0.30310360590616847,0.023072083791097153,2.1239027976989746,True,1.931619644165039
211,211,121,2.1935291290283203,True,2.4979944229125977,True,0.30446529388427734,2.508886432647705,0.31535730361938485,-0.01089200973510751,2.47882080078125,True,0.2852916717529297,0.019173622131347656,2.4513937632242837,0.2578646341959634,0.04660065968831395,2.514465808868408,True,2.317051887512207
212,212,314,0.26018238067626953,True,0.6460146903991699,True,0.3858323097229004,0.6641969680786133,0.40401458740234375,-0.01818227767944336,0.5776071548461914,True,0.3174247741699219,0.06840753555297852,0.688958485921224,0.42877610524495446,-0.04294379552205407,0.6941556930541992,True,0.304384708404541
213,213,198,2.9157214164733887,True,3.2906107902526855,True,0.3748893737792969,3.252473545074463,0.3367521286010744,0.03813724517822248,3.205909252166748,True,0.2901878356933594,0.0847015380859375,3.28173828125,0.36601686477661133,0.008872509002685547,3.2402634620666504,True,3.0077786445617676
214,214,396,3.8380064964294434,True,4.246757984161377,True,0.4087514877319336,4.225293827056885,0.3872873306274416,0.02146415710449201,4.28112268447876,True,0.4431161880493164,-0.03436470031738281,4.240664482116699,0.40265798568725586,0.006093502044677734,4.250032424926758,True,4.015536308288574
215,215,727,-0.05529642105102539,False,0.19283580780029297,True,0.24813222885131836,0.21868581771850587,0.27398223876953126,-0.0258500099182129,0.23566341400146484,True,0.29095983505249023,-0.042827606201171875,0.23151508967081705,0.2868115107218424,-0.03867928187052408,0.27707386016845703,True,-0.011441230773925781
216,216,902,4.7090163230896,True,4.976847171783447,True,0.26783084869384766,4.978396224975586,0.26937990188598615,-0.0015490531921384942,4.960879325866699,True,0.2518630027770996,0.015967845916748047,5.012651284535726,0.303634961446126,-0.03580411275227835,4.994976997375488,True,4.748252868652344
217,217,747,1.175276756286621,True,1.4725494384765625,True,0.2972726821899414,1.4922533988952638,0.31697664260864267,-0.01970396041870126,1.497884750366211,True,0.32260799407958984,-0.025335311889648438,1.498626708984375,0.3233499526977539,-0.0260772705078125,1.4740324020385742,True,1.2420201301574707
218,218,517,1.9117908477783203,True,2.286198139190674,True,0.3744072914123535,2.244028854370117,0.3322380065917967,0.04216928482055682,2.2943778038024902,True,0.3825869560241699,-0.008179664611816406,2.3349812825520835,0.42319043477376317,-0.04878314336140965,2.350800037384033,True,2.0330166816711426
219,219,814,1.4413843154907227,True,2.014413356781006,True,0.5730290412902832,1.9360442161560059,0.4946599006652832,0.078369140625,1.9671626091003418,True,0.5257782936096191,0.04725074768066406,2.0336281458536782,0.5922438303629556,-0.019214789072672378,1.962080478668213,True,1.6118836402893066
220,220,997,-1.5178618431091309,False,-1.1600875854492188,False,0.3577742576599121,-1.1303229331970215,0.3875389099121094,-0.029764652252197266,-1.1304402351379395,False,0.3874216079711914,-0.029647350311279297,-1.1621467272440593,0.35571511586507154,0.002059141794840569,-1.1423144340515137,False,-1.4510598182678223
221,221,672,2.574909210205078,True,2.8508501052856445,True,0.2759408950805664,2.8482992172241213,0.27339000701904315,0.00255088806152326,2.851652145385742,True,0.27674293518066406,-0.0008020401000976562,2.8888805707295737,0.3139713605244956,-0.038030465443929184,2.880873680114746,True,2.652963161468506
222,222,846,-0.8874773979187012,False,-0.5738301277160645,False,0.3136472702026367,-0.5869583129882813,0.3005190849304199,0.013128185272216819,-0.5771441459655762,False,0.310333251953125,0.0033140182495117188,-0.5365203221638998,0.3509570757548014,-0.03730980555216468,-0.5387625694274902,False,-0.8123674392700195
223,223,336,3.5366053581237793,True,3.8737149238586426,True,0.3371095657348633,3.8735169410705566,0.33691158294677725,0.00019798278808602632,3.997321605682373,True,0.46071624755859375,-0.12360668182373047,3.9667970339457193,0.43019167582193996,-0.09308211008707667,3.943370819091797,True,3.6809725761413574
224,224,622,0.16185855865478516,True,0.5688838958740234,True,0.4070253372192383,0.5321996688842774,0.37034111022949223,0.03668422698974605,0.5966739654541016,True,0.4348154067993164,-0.027790069580078125,0.5885305404663086,0.42667198181152344,-0.019646644592285156,0.568659782409668,True,0.22107696533203125
225,225,673,1.8550324440002441,True,2.3131046295166016,True,0.4580721855163574,2.3854349136352537,0.5304024696350096,-0.07233028411865217,2.4467124938964844,True,0.5916800498962402,-0.1336078643798828,2.4923531214396157,0.6373206774393716,-0.17924849192301417,2.48232364654541,True,1.9314451217651367
226,226,180,1.7173852920532227,True,2.0830507278442383,True,0.3656654357910156,2.0486841201782227,0.331298828125,0.034366607666015625,2.103487014770508,True,0.38610172271728516,-0.02043628692626953,2.119593938191732,0.40220864613850926,-0.03654321034749364,2.101675033569336,True,1.8301191329956055
227,227,458,2.5745978355407715,True,3.249551296234131,True,0.6749534606933594,3.1948450088500975,0.620247173309326,0.05470628738403338,3.3360891342163086,True,0.7614912986755371,-0.08653783798217773,3.2617589632670083,0.6871611277262368,-0.012207667032877456,3.252586841583252,True,2.732816219329834
228,228,637,5.409682273864746,True,5.575469017028809,True,0.1657867431640625,5.556803131103516,0.1471208572387699,0.018665885925292613,5.556014060974121,True,0.146331787109375,0.0194549560546875,5.5668708483378095,0.15718857447306345,0.008598168690999053,5.579803466796875,True,5.475559234619141
229,229,353,4.781635761260986,True,5.0708231925964355,True,0.2891874313354492,5.027145862579346,0.24551010131835938,0.043677330017089844,5.119223117828369,True,0.3375873565673828,-0.048399925231933594,5.094096024831136,0.31246026357014944,-0.023272832234700225,5.0806684494018555,True,4.855723857879639
230,230,283,0.6231160163879395,True,0.7457742691040039,True,0.12265825271606445,0.7574045181274414,0.1342885017395019,-0.011630249023437456,0.6982650756835938,True,0.0751490592956543,0.047509193420410156,0.7504321734110514,0.12731615702311194,-0.004657904307047489,0.765873908996582,True,0.7144050598144531
231,231,788,0.6925768852233887,True,0.8286871910095215,True,0.1361103057861328,0.8330952644348144,0.14051837921142574,-0.004408073425292924,0.8294730186462402,True,0.13689613342285156,-0.00078582763671875,0.858415444691976,0.16583855946858728,-0.029728253682454464,0.8409676551818848,True,0.7180781364440918
232,232,325,1.1579694747924805,True,1.2806015014648438,True,0.12263202667236328,1.2750558853149414,0.11708641052246094,0.005545616149902344,1.2695960998535156,True,0.11162662506103516,0.011005401611328125,1.2792075475056965,0.12123807271321607,0.0013939539591472094,1.2766923904418945,True,1.2095613479614258
233,233,177,-4.133108139038086,False,-3.6120758056640625,False,0.5210323333740234,-3.6432652950286863,0.4898428440093996,0.031189489364623846,-3.5418701171875,False,0.5912380218505859,-0.0702056884765625,-3.6138365268707275,0.5192716121673584,0.001760721206665039,-3.6355698108673096,False,-3.855059862136841
234,234,501,2.0375185012817383,True,2.4257569313049316,True,0.38823843002319336,2.4528759002685545,0.41535739898681623,-0.02711896896362287,2.3557214736938477,True,0.3182029724121094,0.07003545761108398,2.39832337697347,0.3608048756917319,0.02743355433146144,2.454800605773926,True,2.1327428817749023
235,235,477,0.8814053535461426,True,1.156754493713379,True,0.27534914016723633,1.1588884353637696,0.27748308181762704,-0.002133941650390714,1.1282434463500977,True,0.24683809280395508,0.02851104736328125,1.1909839312235515,0.30957857767740893,-0.0342294375101726,1.141465663909912,True,1.0020065307617188
236,236,624,1.5435771942138672,True,1.845372200012207,True,0.30179500579833984,1.8325762748718262,0.288999080657959,0.01279592514038086,1.9027795791625977,True,0.35920238494873047,-0.057407379150390625,1.8891887664794922,0.345611572265625,-0.043816566467285156,1.8452820777893066,True,1.6498308181762695
237,237,275,-3.0474138259887695,False,-2.5517578125,False,0.49565601348876953,-2.540272045135498,0.5071417808532717,-0.01148576736450213,-2.444255828857422,False,0.6031579971313477,-0.10750198364257812,-2.504481315612793,0.5429325103759766,-0.04727649688720703,-2.502324104309082,False,-2.7972464561462402
238,238,483,0.6832747459411621,True,0.9732484817504883,True,0.28997373580932617,0.9592803001403809,0.2760055541992188,0.013968181610107377,0.9465060234069824,True,0.2632312774658203,0.02674245834350586,0.9828969637552897,0.29962221781412757,-0.009648482004801395,0.9647607803344727,True,0.8007955551147461
239,239,98,3.2759060859680176,True,3.302079200744629,True,0.026173114776611328,3.262684535980225,-0.013221549987792791,0.03939466476440412,3.278445243835449,True,0.0025391578674316406,0.023633956909179688,3.2815283139546714,0.005622227986653794,0.020550886789957534,3.2662954330444336,True,3.284557342529297
240,240,680,-2.354738712310791,False,-2.131214141845703,False,0.2235245704650879,-2.111471176147461,0.24326753616333008,-0.019742965698242188,-2.116875648498535,False,0.23786306381225586,-0.014338493347167969,-2.090376536051432,0.26436217625935887,-0.04083760579427098,-2.116811752319336,False,-2.267064094543457
241,241,689,0.4527292251586914,True,0.6710348129272461,True,0.2183055877685547,0.6516349792480469,0.1989057540893555,0.019399833679199174,0.6916284561157227,True,0.23889923095703125,-0.020593643188476562,0.6773179372151693,0.2245887120564779,-0.006283124287923214,0.6374502182006836,True,0.5571670532226562
242,242,973,1.342648983001709,True,1.76792573928833,True,0.4252767562866211,1.7536757469177247,0.41102676391601567,0.014249992370605424,1.791755199432373,True,0.44910621643066406,-0.02382946014404297,1.8034598032633464,0.46081082026163744,-0.03553406397501635,1.7993946075439453,True,1.5546035766601562
243,243,740,-0.7153816223144531,False,-0.2378687858581543,False,0.47751283645629883,-0.2980891227722168,0.41729249954223635,0.06022033691406248,-0.2663125991821289,False,0.4490690231323242,0.02844381332397461,-0.22160514195760092,0.4937764803568522,-0.016263643900553376,-0.2239222526550293,False,-0.651158332824707
244,244,865,1.467513084411621,True,1.7598438262939453,True,0.2923307418823242,1.796651268005371,0.3291381835937499,-0.03680744171142569,1.7846059799194336,True,0.3170928955078125,-0.02476215362548828,1.83074951171875,0.3632364273071289,-0.07090568542480469,1.8097472190856934,True,1.5473108291625977
245,245,333,3.8980164527893066,True,4.186919689178467,True,0.28890323638916016,4.176636505126953,0.2786200523376463,0.01028318405151385,4.2424726486206055,True,0.34445619583129883,-0.05555295944213867,4.233379364013672,0.33536291122436523,-0.04645967483520508,4.226385593414307,True,3.9877920150756836
246,246,206,4.089110374450684,True,4.606025695800781,True,0.5169153213500977,4.526903343200684,0.4377929687500002,0.07912235260009748,4.636361122131348,True,0.5472507476806641,-0.030335426330566406,4.6466779708862305,0.5575675964355469,-0.04065227508544922,4.646781921386719,True,4.373663902282715
247,247,235,1.4203124046325684,True,1.914106845855713,True,0.49379444122314453,1.8835763931274414,0.46326398849487305,0.030530452728271484,1.9549579620361328,True,0.5346455574035645,-0.04085111618041992,1.99396546681722,0.5736530621846516,-0.07985862096150709,1.8685493469238281,True,1.5679397583007812
248,248,709,0.43476247787475586,True,0.5210080146789551,True,0.08624553680419922,0.513910961151123,0.07914848327636714,0.007097053527832076,0.5302338600158691,True,0.09547138214111328,-0.009225845336914062,0.5225141843159994,0.08775170644124353,-0.0015061696370443078,0.5213150978088379,True,0.46299028396606445
249,249,417,-0.9200282096862793,False,-0.7136120796203613,False,0.20641613006591797,-0.73936767578125,0.18066053390502934,0.025755596160888627,-0.7176961898803711,False,0.2023320198059082,0.004084110260009766,-0.7111989657084147,0.20882924397786462,-0.0024131139119466516,-0.7224812507629395,False,-0.7912325859069824
250,250,542,0.0567784309387207,True,0.13907861709594727,True,0.08230018615722656,0.1367823600769043,0.0800039291381836,0.0022962570190429576,0.1571664810180664,True,0.1003880500793457,-0.01808786392211914,0.15659093856811523,0.09981250762939453,-0.01751232147216797,0.15713977813720703,True,0.07534456253051758
251,251,765,3.2138609886169434,True,3.466456413269043,True,0.2525954246520996,3.4923605918884277,0.2784996032714844,-0.025904178619384766,3.519820213317871,True,0.30595922470092773,-0.053363800048828125,3.4892427126566568,0.2753817240397134,-0.022786299387613784,3.4888997077941895,True,3.2997183799743652
252,252,465,4.597959518432617,True,4.839565277099609,True,0.2416057586669922,4.860069656372071,0.2621101379394535,-0.020504379272461293,4.860672473907471,True,0.2627129554748535,-0.021107196807861328,4.894302050272624,0.2963425318400068,-0.05473677317301462,4.881700038909912,True,4.659219264984131
253,253,65,4.9560346603393555,True,5.011412620544434,True,0.055377960205078125,5.026756858825683,0.07072219848632777,-0.015344238281249645,4.994362831115723,True,0.03832817077636719,0.017049789428710938,5.00164270401001,0.0456080436706543,0.009769916534423828,4.968712329864502,True,5.023076057434082
254,254,413,1.411506175994873,True,2.146921157836914,True,0.735414981842041,2.1147408485412598,0.7032346725463867,0.0321803092956543,2.2217764854431152,True,0.8102703094482422,-0.07485532760620117,2.2610689798990884,0.8495628039042153,-0.11414782206217433,2.3138890266418457,True,1.7408027648925781
255,255,863,4.255376815795898,True,4.581326961517334,True,0.32595014572143555,4.572571277618408,0.31719446182250977,0.008755683898925781,4.57620096206665,True,0.32082414627075195,0.005125999450683594,4.5768435796101885,0.32146676381429007,0.004483381907145478,4.558420658111572,True,4.346133232116699
256,256,139,1.1340627670288086,True,1.4608564376831055,True,0.3267936706542969,1.443427276611328,0.3093645095825195,0.017429161071777388,1.4911813735961914,True,0.3571186065673828,-0.030324935913085938,1.4844679832458496,0.350405216217041,-0.02361154556274414,1.4766101837158203,True,1.2231969833374023
257,257,376,-0.03322410583496094,False,0.2906198501586914,True,0.32384395599365234,0.2426234245300293,0.2758475303649902,0.047996425628662104,0.23629140853881836,True,0.2695155143737793,0.05432844161987305,0.31802574793497723,0.35124985376993817,-0.027405897776285826,0.3149251937866211,True,0.07382392883300781
258,258,270,-0.1303119659423828,False,0.2598280906677246,True,0.3901400566101074,0.26847066879272463,0.39878263473510744,-0.008642578125000022,0.28531455993652344,True,0.41562652587890625,-0.025486469268798828,0.30483706792195636,0.4351490338643392,-0.04500897725423175,0.2314281463623047,True,-0.11928844451904297
259,259,201,1.3716917037963867,True,1.9067926406860352,True,0.5351009368896484,1.842376708984375,0.4706850051879883,0.06441593170166016,1.8104515075683594,True,0.43875980377197266,0.09634113311767578,1.9246768951416016,0.5529851913452148,-0.017884254455566406,1.919022560119629,True,1.5683517456054688
260,260,223,1.8174548149108887,True,2.0590920448303223,True,0.2416372299194336,2.0511089324951173,0.2336541175842286,0.00798311233520499,2.0706787109375,True,0.25322389602661133,-0.011586666107177734,2.088234265645345,0.27077945073445653,-0.029142220815022934,2.080892562866211,True,1.9220728874206543
261,261,315,4.907759666442871,True,5.029767990112305,True,0.1220083236694336,4.942732238769532,0.03497257232666051,0.08703575134277308,4.972265243530273,True,0.06450557708740234,0.05750274658203125,4.968389511108398,0.060629844665527344,0.06137847900390625,4.956708908081055,True,5.051785469055176
262,262,9,6.060849189758301,True,6.428487777709961,True,0.36763858795166016,6.387758541107178,0.3269093513488768,0.04072923660278338,6.393001079559326,True,0.3321518898010254,0.035486698150634766,6.429615497589111,0.36876630783081055,-0.0011277198791503906,6.3971757888793945,True,6.108499526977539
263,263,617,0.10381793975830078,True,0.3474607467651367,True,0.24364280700683594,0.3555652618408203,0.25174732208251954,-0.008104515075683605,0.39430904388427734,True,0.29049110412597656,-0.046848297119140625,0.3781321843465169,0.2743142445882161,-0.03067143758138019,0.38004207611083984,True,0.14157676696777344
264,264,523,3.447277069091797,True,3.8025259971618652,True,0.35524892807006836,3.7725456237792967,0.3252685546874998,0.029980373382568537,3.9013671875,True,0.4540901184082031,-0.09884119033813477,3.853607972462972,0.4063309033711753,-0.05108197530110692,3.855879783630371,True,3.547135353088379
265,265,12,-0.4641580581665039,False,-0.3546762466430664,False,0.1094818115234375,-0.3542776107788086,0.10988044738769531,-0.0003986358642578125,-0.3643150329589844,False,0.09984302520751953,0.009638786315917969,-0.3528258005777995,0.11133225758870441,-0.0018504460652669086,-0.3564939498901367,False,-0.4446573257446289
266,266,890,-0.5046534538269043,False,-0.3202948570251465,False,0.1843585968017578,-0.31748256683349607,0.18717088699340823,-0.002812290191650413,-0.3083534240722656,False,0.19630002975463867,-0.01194143295288086,-0.30800771713256836,0.19664573669433594,-0.012287139892578125,-0.32948923110961914,False,-0.42086076736450195
267,267,508,1.8981480598449707,True,2.132761001586914,True,0.23461294174194336,2.098473644256592,0.20032558441162118,0.03428735733032218,2.1235814094543457,True,0.225433349609375,0.00917959213256836,2.129945437113444,0.23179737726847316,0.0028155644734702,2.1270995140075684,True,1.963615894317627
268,268,194,4.249467849731445,True,4.58476448059082,True,0.335296630859375,4.5899089813232425,0.34044113159179723,-0.00514450073242223,4.680849075317383,True,0.4313812255859375,-0.0960845947265625,4.645551363627116,0.39608351389567087,-0.06078688303629587,4.640603065490723,True,4.3398284912109375
269,269,748,2.256575584411621,True,2.405437469482422,True,0.14886188507080078,2.405451011657715,0.14887542724609393,-1.3542175293146386e-05,2.3909454345703125,True,0.1343698501586914,0.014492034912109375,2.4072581926981607,0.15068260828653957,-0.0018207232157387843,2.410268783569336,True,2.2850003242492676
270,270,400,3.496189594268799,True,3.592985153198242,True,0.09679555892944336,3.5915932655334473,0.09540367126464844,0.0013918876647949219,3.5999655723571777,True,0.1037759780883789,-0.006980419158935547,3.5723164876302085,0.07612689336140965,0.020668665568033706,3.5721869468688965,True,3.53790283203125
271,271,620,4.440491199493408,True,4.672456741333008,True,0.2319655418395996,4.732370376586914,0.29187917709350586,-0.05991363525390625,4.691423416137695,True,0.2509322166442871,-0.0189666748046875,4.709461847941081,0.2689706484476728,-0.03700510660807321,4.709231376647949,True,4.479564189910889
272,272,186,-3.5548043251037598,False,-2.9521279335021973,False,0.6026763916015625,-3.007771873474121,0.5470324516296388,0.05564393997192374,-2.869046211242676,False,0.685758113861084,-0.08308172225952148,-2.894763469696045,0.6600408554077148,-0.057364463806152344,-2.9747390747070312,False,-3.1678147315979004
273,273,254,-1.0579876899719238,False,-0.6122207641601562,False,0.4457669258117676,-0.648990535736084,0.4089971542358398,0.03676977157592776,-0.6072072982788086,False,0.45078039169311523,-0.005013465881347656,-0.6465533574422201,0.41143433252970374,0.03433259328206384,-0.6227712631225586,False,-0.904747486114502
274,274,69,4.012425899505615,True,4.408412933349609,True,0.39598703384399414,4.367145919799805,0.3547200202941898,0.04126701354980433,4.377932071685791,True,0.3655061721801758,0.03048086166381836,4.448948860168457,0.4365229606628418,-0.040535926818847656,4.422371864318848,True,4.113922595977783
275,275,520,4.9289326667785645,True,5.280895233154297,True,0.3519625663757324,5.245407676696777,0.31647500991821254,0.035487556457519887,5.30844783782959,True,0.3795151710510254,-0.02755260467529297,5.322914123535156,0.3939814567565918,-0.042018890380859375,5.34318733215332,True,5.03110408782959
276,276,598,3.904122829437256,True,4.091118812561035,True,0.1869959831237793,4.091550636291504,0.18742780685424787,-0.00043182373046857236,4.084097862243652,True,0.17997503280639648,0.0070209503173828125,4.095462958017985,0.19134012858072946,-0.004344145456950166,4.074118137359619,True,3.996273994445801
277,277,390,1.8152046203613281,True,2.022306442260742,True,0.20710182189941406,1.9857893943786622,0.17058477401733407,0.03651704788207999,2.0483837127685547,True,0.23317909240722656,-0.0260772705078125,2.036707878112793,0.22150325775146484,-0.014401435852050781,2.02445125579834,True,1.8872966766357422
278,278,146,-0.2793922424316406,False,-0.1161508560180664,False,0.16324138641357422,-0.1015462875366211,0.17784595489501953,-0.014604568481445312,-0.09993839263916016,False,0.17945384979248047,-0.01621246337890625,-0.07923030853271484,0.20016193389892578,-0.03692054748535156,-0.07673072814941406,False,-0.21619033813476562
279,279,813,3.870694637298584,True,4.160060405731201,True,0.2893657684326172,4.117775535583496,0.24708089828491175,0.04228487014770543,4.1150078773498535,True,0.24431324005126953,0.045052528381347656,4.143094539642334,0.27239990234375,0.016965866088867188,4.141249656677246,True,3.9292726516723633
280,280,818,2.2809500694274902,True,2.735647678375244,True,0.4546976089477539,2.700924110412598,0.4199740409851076,0.03472356796264631,2.785020351409912,True,0.5040702819824219,-0.04937267303466797,2.800307273864746,0.5193572044372559,-0.06465959548950195,2.786691188812256,True,2.3361639976501465
281,281,552,1.6430835723876953,True,1.8805298805236816,True,0.23744630813598633,1.883591079711914,0.24050750732421866,-0.003061199188232333,1.9011011123657227,True,0.25801753997802734,-0.020571231842041016,1.9060144424438477,0.26293087005615234,-0.025484561920166016,1.8926305770874023,True,1.6538848876953125
282,282,701,-0.24157333374023438,False,-0.08938789367675781,False,0.15218544006347656,-0.06708812713623047,0.1744852066040039,-0.022299766540527344,-0.058608055114746094,False,0.18296527862548828,-0.03077983856201172,-0.07477617263793945,0.16679716110229492,-0.01461172103881836,-0.07754898071289062,False,-0.20911884307861328
283,283,73,0.07507562637329102,True,0.015534400939941406,True,-0.05954122543334961,0.1100728988647461,0.03499727249145508,-0.09453849792480469,0.049582481384277344,True,-0.025493144989013672,-0.03404808044433594,0.10070657730102539,0.025630950927734375,-0.08517217636108398,0.09520578384399414,True,0.020365238189697266
284,284,84,4.116204738616943,True,4.592721462249756,True,0.4765167236328125,4.509802722930909,0.3935979843139652,0.0829187393188473,4.56483793258667,True,0.44863319396972656,0.027883529663085938,4.535969416300456,0.41976467768351267,0.056752045949299834,4.515053749084473,True,4.246242046356201
285,285,108,-4.100619792938232,False,-3.7834153175354004,False,0.31720447540283203,-3.7423477172851562,0.35827207565307617,-0.04106760025024414,-3.682373046875,False,0.4182467460632324,-0.10104227066040039,-3.799666245778402,0.3009535471598306,0.01625092824300145,-3.839911937713623,False,-4.03793478012085
286,286,487,5.264580726623535,True,5.428467750549316,True,0.16388702392578125,5.411736106872558,0.14715538024902308,0.016731643676758168,5.408909797668457,True,0.14432907104492188,0.019557952880859375,5.424441337585449,0.15986061096191406,0.0040264129638671875,5.45939826965332,True,5.336840629577637
287,287,986,5.065144062042236,True,5.473953723907471,True,0.4088096618652344,5.451357650756836,0.38621358871459943,0.022596073150634943,5.572564601898193,True,0.507420539855957,-0.09861087799072266,5.506265640258789,0.44112157821655273,-0.03231191635131836,5.468777656555176,True,5.21413516998291
288,288,746,1.0545177459716797,True,1.2914953231811523,True,0.23697757720947266,1.2826560974121093,0.2281383514404296,0.008839225769043058,1.3097429275512695,True,0.25522518157958984,-0.018247604370117188,1.305651028951009,0.25113328297932935,-0.014155705769856697,1.3158864974975586,True,1.148935317993164
289,289,411,2.556942939758301,True,2.8130111694335938,True,0.25606822967529297,2.8160223007202148,0.259079360961914,-0.003011131286621005,2.788107395172119,True,0.23116445541381836,0.02490377426147461,2.8346338272094727,0.2776908874511719,-0.021622657775878906,2.832550525665283,True,2.6292614936828613
290,290,969,-2.1828207969665527,False,-1.9740309715270996,False,0.20878982543945312,-1.9868785858154296,0.1959422111511231,0.012847614288330034,-2.013613700866699,False,0.16920709609985352,0.03958272933959961,-1.973849614461263,0.2089711825052898,-0.00018135706583666256,-1.997673511505127,False,-2.1097521781921387
291,291,343,4.485543727874756,True,5.088769912719727,True,0.6032261848449707,5.0875856399536135,0.6020419120788576,0.0011842727661131036,5.050440788269043,True,0.5648970603942871,0.038329124450683594,5.1128261884053545,0.6272824605305987,-0.02405627568562796,5.107992649078369,True,4.607841968536377
292,292,131,1.6798863410949707,True,1.8037500381469727,True,0.12386369705200195,1.8158784866333009,0.13599214553833017,-0.012128448486328214,1.8227910995483398,True,0.14290475845336914,-0.019041061401367188,1.826628049214681,0.1467417081197102,-0.02287801106770826,1.8231239318847656,True,1.6904234886169434
293,293,354,4.136991024017334,True,4.420219421386719,True,0.28322839736938477,4.319630718231201,0.18263969421386683,0.10058870315551793,4.307737827301025,True,0.1707468032836914,0.11248159408569336,4.379462242126465,0.24247121810913086,0.040757179260253906,4.349294185638428,True,4.26629114151001
294,294,344,3.883765697479248,True,4.136685848236084,True,0.25292015075683594,4.137699890136719,0.2539341926574705,-0.001014041900634588,4.131315231323242,True,0.24754953384399414,0.005370616912841797,4.12606684366862,0.24230114618937204,0.010619004567463897,4.131959438323975,True,3.9725708961486816
295,295,330,0.5503878593444824,True,0.9560160636901855,True,0.4056282043457031,0.9064994812011719,0.35611162185668943,0.049516582489013694,0.9803948402404785,True,0.4300069808959961,-0.02437877655029297,0.9725298881530762,0.42214202880859375,-0.016513824462890625,0.9778828620910645,True,0.6696906089782715
296,296,165,4.58486795425415,True,4.990590572357178,True,0.40572261810302734,4.952089500427246,0.3672215461730959,0.03850107192993146,5.024544715881348,True,0.43967676162719727,-0.03395414352416992,5.016177813212077,0.43130985895792673,-0.025587240854899385,4.973006725311279,True,4.691127300262451
297,297,148,-1.584181785583496,False,-0.9597740173339844,False,0.6244077682495117,-1.027137565612793,0.5570442199707031,0.06736354827880864,-0.9498677253723145,False,0.6343140602111816,-0.009906291961669922,-0.9077442487080892,0.6764375368754069,-0.052029768625895145,-0.9240579605102539,False,-1.4479165077209473
298,298,234,-2.42236328125,False,-2.2768397331237793,False,0.1455235481262207,-2.265917110443115,0.15644617080688494,-0.01092262268066424,-2.2915239334106445,False,0.13083934783935547,0.014684200286865234,-2.237816492716471,0.1845467885335288,-0.03902324040730809,-2.230621337890625,False,-2.3817877769470215
299,299,692,2.3389229774475098,True,2.799804210662842,True,0.46088123321533203,2.7360904693603514,0.3971674919128416,0.06371374130249041,2.825167655944824,True,0.48624467849731445,-0.025363445281982422,2.7653772036234536,0.42645422617594386,0.03442700703938817,2.709022045135498,True,2.4892935752868652
300,300,967,2.2260842323303223,True,2.473139762878418,True,0.2470555305480957,2.491679859161377,0.26559562683105487,-0.018540096282959162,2.4685401916503906,True,0.24245595932006836,0.004599571228027344,2.4710586865743003,0.244974454243978,0.0020810763041176905,2.4943299293518066,True,2.286607265472412
301,301,541,1.9882216453552246,True,2.141498565673828,True,0.15327692031860352,2.1400375366210938,0.15181589126586914,0.001461029052734375,2.125281810760498,True,0.13706016540527344,0.016216754913330078,2.122978687286377,0.13475704193115234,0.018519878387451172,2.11055850982666,True,2.0281505584716797
302,302,489,1.4600954055786133,True,1.824526309967041,True,0.36443090438842773,1.814792537689209,0.3546971321105956,0.00973377227783212,1.834977626800537,True,0.37488222122192383,-0.010451316833496094,1.906290849049886,0.4461954434712727,-0.08176453908284498,1.8993182182312012,True,1.5666570663452148
303,303,845,0.817138671875,True,1.1667594909667969,True,0.3496208190917969,1.1463773727416993,0.32923870086669926,0.020382118225097612,1.1984539031982422,True,0.3813152313232422,-0.03169441223144531,1.1525456110636394,0.3354069391886394,0.014213879903157478,1.1438045501708984,True,0.8786334991455078
304,304,718,3.45882511138916,True,3.4343371391296387,True,-0.024487972259521484,3.446255016326904,-0.012570095062256037,-0.011917877197265447,3.459944725036621,True,0.0011196136474609375,-0.025607585906982422,3.425678571065267,-0.03314654032389308,0.008658568064371597,3.441685676574707,True,3.4284114837646484
305,305,224,1.1226978302001953,True,1.4243206977844238,True,0.3016228675842285,1.3754916191101074,0.2527937889099121,0.048829078674316406,1.375523567199707,True,0.2528257369995117,0.0487971305847168,1.3756473859151204,0.25294955571492506,0.04867331186930346,1.410353660583496,True,1.2299413681030273
306,306,925,5.573574542999268,True,5.890595436096191,True,0.31702089309692383,5.903261280059814,0.3296867370605465,-0.012665843963622692,5.972723007202148,True,0.39914846420288086,-0.08212757110595703,5.934314409891765,0.36073986689249704,-0.04371897379557321,5.94207763671875,True,5.682670593261719
307,307,178,0.8785610198974609,True,1.1340231895446777,True,0.2554621696472168,1.1826878547668458,0.30412683486938485,-0.04866466522216806,1.173814296722412,True,0.29525327682495117,-0.039791107177734375,1.205996036529541,0.3274350166320801,-0.07197284698486328,1.192091464996338,True,0.9339580535888672
308,308,379,4.384415626525879,True,4.71682071685791,True,0.33240509033203125,4.7328496932983395,0.3484340667724606,-0.016028976440429332,4.761661052703857,True,0.3772454261779785,-0.044840335845947266,4.778769493103027,0.39435386657714844,-0.06194877624511719,4.799422264099121,True,4.512805938720703
309,309,983,0.01807880401611328,True,0.3615288734436035,True,0.34345006942749023,0.3590269088745117,0.34094810485839844,0.002501964569091797,0.3005952835083008,True,0.2825164794921875,0.060933589935302734,0.3644644419352214,0.3463856379191081,-0.002935568491617857,0.37631988525390625,True,0.07996082305908203
310,310,810,2.7451767921447754,True,3.2325148582458496,True,0.4873380661010742,3.2172392845153808,0.4720624923706054,0.015275573730468839,3.186532974243164,True,0.44135618209838867,0.04598188400268555,3.179205894470215,0.43402910232543945,0.053308963775634766,3.1875815391540527,True,2.9426755905151367
311,311,433,1.135084629058838,True,1.3255791664123535,True,0.19049453735351562,1.3254955291748047,0.19041090011596684,8.363723754878372e-05,1.3138575553894043,True,0.1787729263305664,0.011721611022949219,1.3687597910563152,0.2336751619974773,-0.04318062464396166,1.3416266441345215,True,1.1619315147399902
312,312,450,0.6266002655029297,True,0.7468042373657227,True,0.12020397186279297,0.7544157028198242,0.1278154373168945,-0.007611465454101518,0.7675638198852539,True,0.14096355438232422,-0.02075958251953125,0.7603705724080404,0.13377030690511071,-0.013566335042317745,0.7610540390014648,True,0.6579484939575195
313,313,711,2.142886161804199,True,2.5388646125793457,True,0.3959784507751465,2.522952079772949,0.38006591796875,0.015912532806396484,2.521477222442627,True,0.37859106063842773,0.01738739013671875,2.5788389841715493,0.4359528223673501,-0.03997437159220363,2.5547995567321777,True,2.2724733352661133
314,314,297,2.5082335472106934,True,2.848496913909912,True,0.34026336669921875,2.898262310028076,0.39002876281738263,-0.049765396118163885,2.9143195152282715,True,0.4060859680175781,-0.06582260131835938,2.9267101287841797,0.41847658157348633,-0.07821321487426758,2.9088797569274902,True,2.6062960624694824
315,315,447,-0.9509167671203613,False,-0.42910146713256836,False,0.521815299987793,-0.3625016212463379,0.5884151458740234,-0.06659984588623047,-0.37749433517456055,False,0.5734224319458008,-0.05160713195800781,-0.24209721883138022,0.7088195482889811,-0.18700424830118814,-0.333498477935791,False,-0.8407139778137207
316,316,963,-0.44504880905151367,False,-0.0659627914428711,False,0.3790860176086426,-0.060997390747070314,0.38405141830444334,-0.00496540069580078,-0.05533790588378906,False,0.3897109031677246,-0.010624885559082031,0.02482318878173828,0.46987199783325195,-0.09078598022460938,0.07087278366088867,True,-0.2986907958984375
317,317,989,1.634422779083252,True,1.9180097579956055,True,0.2835869789123535,1.9010571479797362,0.2666343688964843,0.01695261001586923,1.9097390174865723,True,0.2753162384033203,0.008270740509033203,1.9186051686604817,0.28418238957722974,-0.0005954106648762281,1.9221291542053223,True,1.7037267684936523
318,318,655,4.546679973602295,True,4.721251487731934,True,0.17457151412963867,4.737085056304932,0.1904050827026369,-0.015833568572998225,4.782215118408203,True,0.2355351448059082,-0.06096363067626953,4.738705635070801,0.19202566146850586,-0.017454147338867188,4.7090163230896,True,4.573962688446045
319,319,210,0.4506263732910156,True,0.6364974975585938,True,0.18587112426757812,0.6370952606201172,0.1864688873291016,-0.0005977630615234819,0.6553688049316406,True,0.204742431640625,-0.018871307373046875,0.6415570576985677,0.19093068440755212,-0.005059560139973995,0.6416893005371094,True,0.5245246887207031
320,320,665,2.889288902282715,True,3.0155067443847656,True,0.12621784210205078,3.012783145904541,0.12349424362182626,0.0027235984802245206,3.0252881050109863,True,0.13599920272827148,-0.009781360626220703,3.0473523139953613,0.15806341171264648,-0.0318455696105957,3.039517402648926,True,2.9710702896118164
321,321,200,1.536135196685791,True,2.266108512878418,True,0.729973316192627,2.161993885040283,0.6258586883544921,0.10411462783813485,2.339834690093994,True,0.8036994934082031,-0.07372617721557617,2.3025356928507485,0.7664004961649575,-0.03642717997233058,2.229907989501953,True,1.6795110702514648
322,322,496,4.264897346496582,True,4.48809289932251,True,0.22319555282592773,4.497487640380859,0.232590293884277,-0.009394741058349254,4.482182025909424,True,0.2172846794128418,0.0059108734130859375,4.501190662384033,0.23629331588745117,-0.013097763061523438,4.503778457641602,True,4.330939292907715
323,323,497,6.592720985412598,True,6.754630088806152,True,0.1619091033935547,6.741368293762207,0.14864730834960938,0.013261795043945312,6.721004486083984,True,0.12828350067138672,0.03362560272216797,6.731256326039632,0.1385353406270342,0.02337376276652048,6.72277307510376,True,6.685454368591309
324,324,96,2.802995204925537,True,3.106998920440674,True,0.3040037155151367,3.0912954330444338,0.28830022811889666,0.015703487396240057,3.12930965423584,True,0.32631444931030273,-0.022310733795166016,3.1143315633138022,0.3113363583882651,-0.007332642873128403,3.09962797164917,True,2.909890651702881
325,325,203,4.068066120147705,True,4.295267581939697,True,0.2272014617919922,4.322529029846192,0.2544629096984865,-0.027261447906494318,4.286314010620117,True,0.2182478904724121,0.008953571319580078,4.306891759236653,0.23882563908894827,-0.011624177296956084,4.290109157562256,True,4.136033535003662
326,326,866,4.8111066818237305,True,5.029070854187012,True,0.21796417236328125,5.016792869567871,0.20568618774414027,0.01227798461914098,5.063305854797363,True,0.2521991729736328,-0.03423500061035156,5.04696257909139,0.2358558972676592,-0.01789172490437796,5.0226149559021,True,4.931074619293213
327,327,825,5.356965065002441,True,5.544687271118164,True,0.18772220611572266,5.542934989929199,0.18596992492675746,0.001752281188965199,5.563523292541504,True,0.2065582275390625,-0.018836021423339844,5.549448172251384,0.19248310724894235,-0.004760901133219697,5.554584503173828,True,5.410496711730957
328,328,431,1.22810697555542,True,1.7405238151550293,True,0.5124168395996094,1.6597866058349608,0.4316796302795409,0.08073720932006845,1.67756986618042,True,0.449462890625,0.06295394897460938,1.7428523699442546,0.5147453943888347,-0.0023285547892253344,1.7442622184753418,True,1.5055451393127441
329,329,328,0.35924530029296875,True,0.8540692329406738,True,0.4948239326477051,0.9505462646484375,0.5913009643554688,-0.09647703170776367,0.9725370407104492,True,0.6132917404174805,-0.11846780776977539,0.9971068700154623,0.6378615697224935,-0.14303763707478845,0.914118766784668,True,0.5429263114929199
330,330,593,2.302713394165039,True,2.4460482597351074,True,0.14333486557006836,2.4580358505249023,0.1553224563598632,-0.011987590789794833,2.482787609100342,True,0.18007421493530273,-0.036739349365234375,2.464060624440511,0.16134723027547215,-0.018012364705403794,2.4610114097595215,True,2.334669589996338
331,331,412,0.6177682876586914,True,0.8383712768554688,True,0.22060298919677734,0.8305254936218261,0.21275720596313474,0.0078457832336426,0.8536367416381836,True,0.2358684539794922,-0.015265464782714844,0.8957001368204752,0.2779318491617838,-0.05732885996500647,0.8894071578979492,True,0.7045536041259766
332,332,757,3.183681011199951,True,3.6957850456237793,True,0.5121040344238281,3.681370258331299,0.49768924713134766,0.014414787292480469,3.679778575897217,True,0.4960975646972656,0.0160064697265625,3.717097441355387,0.533416430155436,-0.021312395731607925,3.7149057388305664,True,3.2830324172973633
333,333,332,3.675658702850342,True,4.0068159103393555,True,0.33115720748901367,4.095118236541748,0.4194595336914064,-0.08830232620239276,4.123637676239014,True,0.4479789733886719,-0.1168217658996582,4.14138650894165,0.4657278060913086,-0.13457059860229492,4.100130081176758,True,3.769803524017334
334,334,498,4.341662883758545,True,4.460955619812012,True,0.1192927360534668,4.431746101379394,0.09008321762084925,0.029209518432617543,4.466516971588135,True,0.12485408782958984,-0.005561351776123047,4.389791806538899,0.04812892278035452,0.07116381327311228,4.401493072509766,True,4.347261905670166
335,335,945,5.229212284088135,True,5.4767680168151855,True,0.24755573272705078,5.506831932067871,0.27761964797973615,-0.03006391525268537,5.543186664581299,True,0.31397438049316406,-0.06641864776611328,5.459704717000325,0.23049243291219046,0.017063299814860322,5.486733913421631,True,5.322397708892822
336,336,534,4.31527853012085,True,4.566544055938721,True,0.2512655258178711,4.595296478271484,0.2800179481506344,-0.028752422332763317,4.627180576324463,True,0.3119020462036133,-0.06063652038574219,4.55060879389445,0.23533026377360056,0.015935262044270537,4.513511657714844,True,4.43147087097168
337,337,566,4.440037250518799,True,4.6988701820373535,True,0.2588329315185547,4.6831769943237305,0.24313974380493164,0.015693187713623047,4.7406721115112305,True,0.30063486099243164,-0.04180192947387695,4.7476913134257,0.30765406290690134,-0.04882113138834665,4.713296413421631,True,4.539391040802002
338,338,366,-2.7409772872924805,False,-2.1939711570739746,False,0.5470061302185059,-2.25632905960083,0.4846482276916504,0.06235790252685547,-2.1211695671081543,False,0.6198077201843262,-0.07280158996582031,-2.1871444384256997,0.5538328488667807,-0.006826718648274888,-2.2162952423095703,False,-2.61086368560791
339,339,690,2.67965030670166,True,3.0224804878234863,True,0.34283018112182617,3.039309787750244,0.3596594810485838,-0.016829299926757635,2.987945556640625,True,0.30829524993896484,0.03453493118286133,3.074255625406901,0.39460531870524074,-0.051775137583414566,3.0456552505493164,True,2.7544727325439453
340,340,372,6.127899169921875,True,6.295102119445801,True,0.16720294952392578,6.26457462310791,0.1366754531860348,0.03052749633789098,6.273815155029297,True,0.14591598510742188,0.021286964416503906,6.28155517578125,0.153656005859375,0.013546943664550781,6.272308349609375,True,6.19197940826416
341,341,921,-5.264201641082764,False,-5.078099250793457,False,0.18610239028930664,-5.132307529449463,0.13189411163330078,0.05420827865600586,-5.037777423858643,False,0.2264242172241211,-0.04032182693481445,-5.097895463307698,0.1663061777750654,0.01979621251424124,-5.107813358306885,False,-5.188810348510742
342,342,352,0.5166254043579102,True,0.6458425521850586,True,0.12921714782714844,0.6221160888671875,0.10549068450927734,0.023726463317871094,0.6678199768066406,True,0.15119457244873047,-0.02197742462158203,0.6667881011962891,0.1501626968383789,-0.02094554901123047,0.6717004776000977,True,0.5525741577148438
343,343,962,2.5604400634765625,True,2.919729709625244,True,0.35928964614868164,2.8946855545043944,0.33424549102783185,0.025044155120849787,2.9358468055725098,True,0.37540674209594727,-0.016117095947265625,2.9184182484944663,0.3579781850179038,0.0013114611307778468,2.899411678314209,True,2.7117252349853516
344,344,286,5.4615349769592285,True,5.688262462615967,True,0.22672748565673828,5.7100190162658695,0.24848403930664098,-0.0217565536499027,5.682615280151367,True,0.22108030319213867,0.005647182464599609,5.653445402781169,0.1919104258219404,0.03481705983479788,5.641364097595215,True,5.583969593048096
345,345,834,2.4886226654052734,True,3.0200114250183105,True,0.5313887596130371,2.9530121803283693,0.4643895149230959,0.06699924468994123,3.0388317108154297,True,0.5502090454101562,-0.01882028579711914,2.9755881627400718,0.4869654973347983,0.044423262278238784,2.9939069747924805,True,2.74188232421875
346,346,248,4.402770042419434,True,4.628220558166504,True,0.2254505157470703,4.639255142211914,0.2364850997924801,-0.011034584045409801,4.668991565704346,True,0.2662215232849121,-0.0407710075378418,4.678335825602214,0.27556578318278024,-0.05011526743570993,4.667089462280273,True,4.481629371643066
347,347,982,4.823591232299805,True,5.08299446105957,True,0.2594032287597656,5.070205020904541,0.24661378860473615,0.012789440155029475,5.067824363708496,True,0.2442331314086914,0.015170097351074219,5.071977456410726,0.24838622411092093,0.011017004648844697,5.071563720703125,True,4.914013862609863
348,348,299,-3.682838201522827,False,-3.244476079940796,False,0.43836212158203125,-3.2617270946502686,0.4211111068725586,0.017251014709472656,-3.242020606994629,False,0.44081759452819824,-0.002455472946166992,-3.2339138189951577,0.4489243825276694,-0.010562260945638169,-3.275737762451172,False,-3.5484728813171387
349,349,996,1.3080511093139648,True,1.4556522369384766,True,0.14760112762451172,1.4303715705871582,0.1223204612731934,0.025280666351318315,1.4594745635986328,True,0.15142345428466797,-0.00382232666015625,1.4811924298604329,0.17314132054646802,-0.025540192921956306,1.4691505432128906,True,1.3643407821655273
350,350,257,3.57407808303833,True,3.8774256706237793,True,0.3033475875854492,3.8259632110595705,0.2518851280212404,0.05146245956420881,3.916147232055664,True,0.342069149017334,-0.038721561431884766,3.9080150922139487,0.33393700917561864,-0.03058942159016942,3.8995909690856934,True,3.6610093116760254
351,351,573,3.675605297088623,True,3.928992748260498,True,0.253387451171875,3.9117745399475097,0.23616924285888663,0.01721820831298837,3.9263510704040527,True,0.2507457733154297,0.0026416778564453125,3.947960694630941,0.27235539754231786,-0.018967946370442856,3.9554638862609863,True,3.7335104942321777
352,352,842,1.6292662620544434,True,1.808763027191162,True,0.17949676513671875,1.791455078125,0.16218881607055669,0.017307949066162065,1.8359861373901367,True,0.20671987533569336,-0.02722311019897461,1.8372044563293457,0.20793819427490234,-0.028441429138183594,1.8233332633972168,True,1.6753754615783691
353,353,320,1.51908540725708,True,1.7334909439086914,True,0.21440553665161133,1.7599149703979493,0.24082956314086923,-0.0264240264892579,1.7707343101501465,True,0.2516489028930664,-0.03724336624145508,1.7735034624735515,0.25441805521647143,-0.0400125185648601,1.7651143074035645,True,1.5501532554626465
354,354,636,1.7203412055969238,True,2.264617443084717,True,0.544276237487793,2.193574237823486,0.4732330322265623,0.07104320526123065,2.3296256065368652,True,0.6092844009399414,-0.06500816345214844,2.3270344734191895,0.6066932678222656,-0.062417030334472656,2.324382781982422,True,1.989119052886963
355,355,652,4.289834499359131,True,4.83033561706543,True,0.5405011177062988,4.803249549865723,0.513415050506592,0.027086067199706854,4.829106330871582,True,0.5392718315124512,0.0012292861938476562,4.841657956441243,0.5518234570821123,-0.011322339375813506,4.801599502563477,True,4.348091125488281
356,356,569,-2.0693554878234863,False,-1.9471073150634766,False,0.12224817276000977,-1.9389048576354981,0.1304506301879882,-0.008202457427978427,-1.9214444160461426,False,0.14791107177734375,-0.025662899017333984,-1.915707270304362,0.15364821751912427,-0.03140004475911451,-1.9415268898010254,False,-2.0215225219726562
357,357,495,1.9026808738708496,True,2.0735130310058594,True,0.17083215713500977,2.0920317649841307,0.18935089111328107,-0.018518733978271307,2.0838284492492676,True,0.18114757537841797,-0.010315418243408203,2.095492362976074,0.1928114891052246,-0.021979331970214844,2.0895705223083496,True,2.0250048637390137
358,358,521,0.35866498947143555,True,0.5174837112426758,True,0.15881872177124023,0.5114485740661621,0.15278358459472652,0.006035137176513716,0.521756649017334,True,0.16309165954589844,-0.004272937774658203,0.5112786293029785,0.15261363983154297,0.006205081939697266,0.5005269050598145,True,0.3906254768371582
359,359,36,0.9654645919799805,True,1.1071276664733887,True,0.1416630744934082,1.0904012680053712,0.12493667602539071,0.01672639846801749,1.1123676300048828,True,0.14690303802490234,-0.005239963531494141,1.1136053403218586,0.14814074834187818,-0.006477673848469978,1.1037335395812988,True,1.0331125259399414
360,360,920,1.3525705337524414,True,1.7049036026000977,True,0.35233306884765625,1.7164708137512208,0.3639002799987794,-0.011567211151123136,1.6273260116577148,True,0.27475547790527344,0.07757759094238281,1.722995440165202,0.3704249064127605,-0.01809183756510424,1.6712141036987305,True,1.488265037536621
361,361,545,5.671748161315918,True,5.946720123291016,True,0.27497196197509766,5.964476108551025,0.2927279472351074,-0.017755985260009766,6.009549140930176,True,0.3378009796142578,-0.06282901763916016,5.997237841288249,0.325489679972331,-0.05051771799723337,5.938483238220215,True,5.702208518981934
362,362,666,5.292510986328125,True,5.573518753051758,True,0.2810077667236328,5.511057758331299,0.21854677200317418,0.06246099472045863,5.5217790603637695,True,0.22926807403564453,0.05173969268798828,5.565012296040853,0.27250130971272757,0.008506457010905244,5.547097206115723,True,5.354917526245117
363,363,130,4.992132186889648,True,5.200668811798096,True,0.20853662490844727,5.217587471008301,0.22545528411865234,-0.016918659210205078,5.1941728591918945,True,0.2020406723022461,0.006495952606201172,5.2102861404418945,0.2181539535522461,-0.009617328643798828,5.208864212036133,True,5.042269706726074
364,364,380,7.133753776550293,True,7.4016618728637695,True,0.26790809631347656,7.40008020401001,0.2663264274597168,0.0015816688537597656,7.374262809753418,True,0.240509033203125,0.027399063110351562,7.410556475321452,0.27680269877115915,-0.008894602457682588,7.391446113586426,True,7.180981636047363
365,365,469,3.9708919525146484,True,4.191776275634766,True,0.2208843231201172,4.223162841796875,0.25227088928222674,-0.03138656616210955,4.214531421661377,True,0.24363946914672852,-0.022755146026611328,4.1782708168029785,0.20737886428833008,0.01350545883178711,4.189815521240234,True,4.021077632904053
366,366,789,2.642977714538574,True,2.896627902984619,True,0.2536501884460449,2.902012348175049,0.2590346336364746,-0.0053844451904296875,2.932943820953369,True,0.2899661064147949,-0.03631591796875,2.9096835454305015,0.26670583089192723,-0.01305564244588231,2.904740810394287,True,2.716643810272217
367,367,205,2.567330837249756,True,3.1049036979675293,True,0.5375728607177734,3.0151620864868165,0.44783124923706064,0.0897416114807128,3.173288345336914,True,0.6059575080871582,-0.06838464736938477,3.133958021799723,0.5666271845499673,-0.029054323832193862,3.100454807281494,True,2.8164634704589844
368,368,771,1.9042420387268066,True,2.3779516220092773,True,0.4737095832824707,2.3684719085693358,0.4642298698425291,0.009479713439941584,2.3555893898010254,True,0.45134735107421875,0.022362232208251953,2.372617721557617,0.46837568283081055,0.005333900451660156,2.3856072425842285,True,2.033639907836914
369,369,877,1.9595527648925781,True,2.2509145736694336,True,0.29136180877685547,2.2001520156860352,0.24059925079345712,0.05076255798339835,2.279193878173828,True,0.31964111328125,-0.02827930450439453,2.216209093729655,0.2566563288370767,0.034705479939778794,2.1718358993530273,True,2.025965690612793
370,370,14,2.72530460357666,True,3.008028507232666,True,0.28272390365600586,3.020237922668457,0.2949333190917969,-0.012209415435791016,2.9375147819519043,True,0.21221017837524414,0.07051372528076172,3.0097478230794272,0.2844432195027671,-0.0017193158467612157,3.028451442718506,True,2.778451442718506
371,371,226,1.6670851707458496,True,2.1615076065063477,True,0.49442243576049805,2.2135951042175295,0.5465099334716799,-0.05208749771118182,2.1802868843078613,True,0.5132017135620117,-0.018779277801513672,2.125948429107666,0.4588632583618164,0.03555917739868164,2.164405345916748,True,1.8005766868591309
372,372,543,-0.5054717063903809,False,-0.024662017822265625,False,0.48080968856811523,-0.12595815658569337,0.3795135498046875,0.10129613876342775,-0.05750751495361328,False,0.4479641914367676,0.032845497131347656,-0.0777285893758138,0.4277431170145671,0.05306657155354817,-0.13410377502441406,False,-0.32617950439453125
373,373,409,2.840888023376465,True,3.1687259674072266,True,0.3278379440307617,3.155359077453613,0.31447105407714826,0.013366889953613459,3.197728157043457,True,0.3568401336669922,-0.02900218963623047,3.1937077840169272,0.3528197606404624,-0.02498181660970067,3.1592531204223633,True,2.984760284423828
374,374,47,1.9038286209106445,True,2.202868938446045,True,0.2990403175354004,2.2256839752197264,0.32185535430908185,-0.022815036773681463,2.2584280967712402,True,0.3545994758605957,-0.05555915832519531,2.228876272837321,0.3250476519266763,-0.026007334391275894,2.2605113983154297,True,2.0588736534118652
375,375,105,3.169661521911621,True,3.455493450164795,True,0.28583192825317383,3.46624174118042,0.29658021926879874,-0.010748291015624911,3.5831050872802734,True,0.41344356536865234,-0.12761163711547852,3.5136947631835938,0.34403324127197266,-0.05820131301879883,3.425029754638672,True,3.2439184188842773
376,376,531,5.575865745544434,True,5.785477638244629,True,0.2096118927001953,5.7665629386901855,0.19069719314575195,0.01891469955444336,5.794511795043945,True,0.21864604949951172,-0.009034156799316406,5.810519536336263,0.23465379079182913,-0.02504189809163382,5.797489166259766,True,5.632521629333496
377,377,562,-0.46563148498535156,False,0.22653865814208984,True,0.6921701431274414,0.2651717185974121,0.7308032035827636,-0.03863306045532228,0.2727351188659668,True,0.7383666038513184,-0.04619646072387695,0.3839791615804036,0.8496106465657551,-0.15744050343831378,0.297210693359375,True,-0.36417388916015625
378,378,510,3.364752769470215,True,3.5365185737609863,True,0.17176580429077148,3.542016792297363,0.17726402282714826,-0.0054982185363767755,3.5318989753723145,True,0.1671462059020996,0.004619598388671875,3.5470693906148276,0.18231662114461278,-0.010550816853841294,3.545114517211914,True,3.419623851776123
379,379,941,3.586052894592285,True,4.027425289154053,True,0.4413723945617676,3.995048236846924,0.40899534225463885,0.03237705230712873,4.006524562835693,True,0.4204716682434082,0.020900726318359375,4.057523886362712,0.47147099177042673,-0.03009859720865915,4.103277683258057,True,3.719527244567871
380,380,406,3.0347933769226074,True,3.361055374145508,True,0.3262619972229004,3.3877355575561525,0.3529421806335451,-0.02668018341064471,3.425398826599121,True,0.39060544967651367,-0.06434345245361328,3.376109759012858,0.3413163820902505,-0.015054384867350112,3.3501596450805664,True,3.18341064453125
381,381,745,-1.704256534576416,False,-1.1069679260253906,False,0.5972886085510254,-1.2011141777038574,0.5031423568725586,0.0941462516784668,-1.0778546333312988,False,0.6264019012451172,-0.029113292694091797,-1.0501515070597331,0.6541050275166829,-0.05681641896565748,-1.0947542190551758,False,-1.469965934753418
382,382,435,1.0100722312927246,True,1.2141261100769043,True,0.2040538787841797,1.2231955528259277,0.21312332153320312,-0.009069442749023438,1.247147560119629,True,0.2370753288269043,-0.03302145004272461,1.2538116772969563,0.2437394460042317,-0.03968556722005201,1.2360196113586426,True,1.0508723258972168
383,383,307,-1.3381905555725098,False,-0.7630667686462402,False,0.5751237869262695,-0.7061564445495605,0.6320341110229493,-0.05691032409667973,-0.7228293418884277,False,0.615361213684082,-0.0402374267578125,-0.7530199686686198,0.58517058690389,-0.01004679997762048,-0.7510552406311035,False,-1.131972312927246
384,384,733,2.678344249725342,True,3.0352039337158203,True,0.3568596839904785,2.977548694610596,0.299204444885254,0.05765523910522452,2.9864988327026367,True,0.3081545829772949,0.048705101013183594,3.0782861709594727,0.39994192123413086,-0.043082237243652344,3.059091567993164,True,2.8120574951171875
385,385,160,0.09260940551757812,True,0.30391359329223633,True,0.2113041877746582,0.3101057052612305,0.21749629974365237,-0.006192111968994163,0.34646177291870117,True,0.25385236740112305,-0.042548179626464844,0.328859806060791,0.2362504005432129,-0.024946212768554688,0.32635068893432617,True,0.16983795166015625
386,386,83,-0.5803380012512207,False,-0.43028688430786133,False,0.15005111694335938,-0.44193172454833984,0.13840627670288086,0.011644840240478516,-0.40966320037841797,False,0.17067480087280273,-0.02062368392944336,-0.43280665079752606,0.14753135045369464,0.002519766489664732,-0.42699480056762695,False,-0.5451431274414062
387,387,365,5.055759429931641,True,5.447975158691406,True,0.3922157287597656,5.3819629669189455,0.32620353698730487,0.06601219177246076,5.428537368774414,True,0.37277793884277344,0.019437789916992188,5.473323345184326,0.41756391525268555,-0.025348186492919922,5.449499607086182,True,5.135981559753418
388,388,214,-3.659745693206787,False,-3.0819106101989746,False,0.5778350830078125,-3.158206844329834,0.5015388488769532,0.07629623413085929,-3.1124515533447266,False,0.5472941398620605,0.030540943145751953,-3.09784205754598,0.5619036356608071,0.015931447347005356,-3.1163415908813477,False,-3.494028091430664
389,389,832,5.138451099395752,True,5.282021522521973,True,0.1435704231262207,5.309691619873047,0.1712405204772951,-0.027670097351074396,5.271754264831543,True,0.13330316543579102,0.010267257690429688,5.300788243611653,0.1623371442159014,-0.018766721089680694,5.3035478591918945,True,5.245546340942383
390,390,518,2.250770092010498,True,2.5281901359558105,True,0.2774200439453125,2.478277397155762,0.22750730514526385,0.04991273880004865,2.4993948936462402,True,0.2486248016357422,0.028795242309570312,2.53769318262736,0.28692309061686183,-0.009503046671549331,2.526162624359131,True,2.346116065979004
391,391,63,1.2990999221801758,True,1.5456600189208984,True,0.24656009674072266,1.5432278633117675,0.24412794113159175,0.002432155609130904,1.5786705017089844,True,0.2795705795288086,-0.03301048278808594,1.5413567225138347,0.24225680033365893,0.004303296407063728,1.5149555206298828,True,1.415266990661621
392,392,681,2.130260467529297,True,2.404752731323242,True,0.2744922637939453,2.3651556968688965,0.2348952293395996,0.0395970344543457,2.416335105895996,True,0.2860746383666992,-0.011582374572753906,2.4375948905944824,0.30733442306518555,-0.032842159271240234,2.4096899032592773,True,2.204662799835205
393,393,511,2.770026683807373,True,2.954864501953125,True,0.18483781814575195,2.946238613128662,0.17621192932128915,0.008625888824462802,2.9757561683654785,True,0.20572948455810547,-0.020891666412353516,2.9254496892293296,0.15542300542195653,0.029414812723795425,2.9476051330566406,True,2.8182168006896973
394,394,428,3.8008480072021484,True,4.125147819519043,True,0.32429981231689453,4.083186531066895,0.28233852386474645,0.04196128845214808,4.125957012176514,True,0.32510900497436523,-0.0008091926574707031,4.102497577667236,0.3016495704650879,0.02265024185180664,4.098361968994141,True,3.945054054260254
395,395,349,2.3717522621154785,True,2.6919445991516113,True,0.3201923370361328,2.7047557830810547,0.33300352096557617,-0.01281118392944336,2.67856502532959,True,0.30681276321411133,0.013379573822021484,2.7146964073181152,0.3429441452026367,-0.022751808166503906,2.6979360580444336,True,2.43733549118042
396,396,140,1.3796682357788086,True,2.0245981216430664,True,0.6449298858642578,1.9375219345092773,0.5578536987304688,0.08707618713378906,2.1400651931762695,True,0.7603969573974609,-0.11546707153320312,2.1716836293538413,0.7920153935750327,-0.1470855077107749,2.122677803039551,True,1.5905952453613281
397,397,641,4.744331359863281,True,5.250035285949707,True,0.5057039260864258,5.255389785766601,0.51105842590332,-0.005354499816894176,5.229294776916504,True,0.48496341705322266,0.020740509033203125,5.25947380065918,0.5151424407958984,-0.009438514709472656,5.263605117797852,True,4.775411605834961
398,398,706,5.0139570236206055,True,5.4652299880981445,True,0.45127296447753906,5.365221405029297,0.35126438140869176,0.1000085830688473,5.468910217285156,True,0.4549531936645508,-0.0036802291870117188,5.445473670959473,0.4315166473388672,0.019756317138671875,5.445672512054443,True,5.1691789627075195
399,399,355,2.824531078338623,True,3.11942195892334,True,0.2948908805847168,3.0925763130187987,0.2680452346801756,0.026845645904541193,3.126533031463623,True,0.302001953125,-0.007111072540283203,3.126595973968506,0.3020648956298828,-0.007174015045166016,3.1286025047302246,True,2.9049572944641113
400,400,123,0.9157280921936035,True,1.0600385665893555,True,0.14431047439575195,1.062220287322998,0.1464921951293945,-0.0021817207336425337,1.0824193954467773,True,0.16669130325317383,-0.022380828857421875,1.0819106101989746,0.1661825180053711,-0.02187204360961914,1.0814146995544434,True,0.9548249244689941
401,401,826,1.7670464515686035,True,2.420553684234619,True,0.6535072326660156,2.339985179901123,0.5729387283325194,0.08056850433349627,2.417891025543213,True,0.6508445739746094,0.00266265869140625,2.4042345682779946,0.6371881167093911,0.016319115956624497,2.3398232460021973,True,1.9316010475158691
402,402,415,3.956143379211426,True,4.327663421630859,True,0.3715200424194336,4.304368591308593,0.3482252120971676,0.02329483032226598,4.29194450378418,True,0.3358011245727539,0.03571891784667969,4.33676815032959,0.38062477111816406,-0.009104728698730469,4.348374366760254,True,4.054076194763184
403,403,868,-1.5682735443115234,False,-0.8927721977233887,False,0.6755013465881348,-1.009519672393799,0.5587538719177245,0.11674747467041025,-0.8908066749572754,False,0.677466869354248,-0.0019655227661132812,-0.8749502499898275,0.6933232943216959,-0.01782194773356116,-0.8207406997680664,False,-1.3997044563293457
404,404,480,1.6112451553344727,True,2.107142448425293,True,0.4958972930908203,2.0910917282104493,0.47984657287597665,0.01605072021484366,2.138913154602051,True,0.5276679992675781,-0.03177070617675781,2.153253714243571,0.5420085589090982,-0.04611126581827785,2.142508029937744,True,2.0139846801757812
405,405,457,4.896454811096191,True,4.829857349395752,True,-0.06659746170043945,4.841979503631592,-0.05447530746459961,-0.012122154235839844,4.897969722747803,True,0.0015149116516113281,-0.06811237335205078,4.855971177419026,-0.04048363367716501,-0.026113828023274444,4.854377746582031,True,4.915771484375
406,406,388,0.39040279388427734,True,0.6379556655883789,True,0.24755287170410156,0.6295032501220703,0.23910045623779297,0.008452415466308594,0.645421028137207,True,0.2550182342529297,-0.007465362548828125,0.6433528264363607,0.25295003255208337,-0.005397160847981808,0.6351633071899414,True,0.43859052658081055
407,407,522,1.1696577072143555,True,1.54616117477417,True,0.37650346755981445,1.5809721946716309,0.4113144874572754,-0.03481101989746094,1.5956635475158691,True,0.42600584030151367,-0.04950237274169922,1.5967666308085124,0.427108923594157,-0.05060545603434252,1.567887306213379,True,1.2165732383728027
408,408,430,2.2920145988464355,True,2.9475836753845215,True,0.6555690765380859,2.8693096160888674,0.5772950172424318,0.07827405929565412,2.8972249031066895,True,0.6052103042602539,0.05035877227783203,2.939807573954264,0.6477929751078286,0.0077761014302573095,2.8829827308654785,True,2.4667229652404785
409,409,25,0.8142056465148926,True,0.9584898948669434,True,0.14428424835205078,0.9473120689392089,0.13310642242431636,0.01117782592773442,0.967735767364502,True,0.15353012084960938,-0.009245872497558594,0.963195006052653,0.14898935953776038,-0.004705111185709598,0.9561018943786621,True,0.8441033363342285
410,410,88,3.7248549461364746,True,3.989917278289795,True,0.2650623321533203,3.9595847129821777,0.23472976684570312,0.030332565307617188,3.9755072593688965,True,0.2506523132324219,0.014410018920898438,3.9815924962361655,0.2567375500996909,0.00832478205362941,3.975008487701416,True,3.809457778930664
411,411,725,-0.2873673439025879,False,-0.04631328582763672,False,0.24105405807495117,-0.10609159469604493,0.18127574920654296,0.05977830886840821,-0.06359100341796875,False,0.22377634048461914,0.01727771759033203,-0.0787188212076823,0.20864852269490558,0.03240553538004558,-0.07557153701782227,False,-0.09930849075317383
412,412,601,1.832554817199707,True,2.197967529296875,True,0.36541271209716797,2.1449970245361327,0.3124422073364257,0.052970504760742276,2.1606650352478027,True,0.3281102180480957,0.037302494049072266,2.197645982106527,0.3650911649068198,0.00032154719034815926,2.1715879440307617,True,1.9710979461669922
413,413,212,1.287126064300537,True,1.4345049858093262,True,0.14737892150878906,1.4088755607604981,0.12174949645996103,0.025629425048828036,1.410900592803955,True,0.12377452850341797,0.023604393005371094,1.4140175183614094,0.12689145406087232,0.02048746744791674,1.4150643348693848,True,1.3258013725280762
414,414,873,-1.489856243133545,False,-1.1119461059570312,False,0.37791013717651367,-1.0932591438293457,0.3965970993041992,-0.018686962127685502,-1.0286126136779785,False,0.4612436294555664,-0.08333349227905273,-1.0686817169189453,0.4211745262145996,-0.04326438903808594,-1.0735220909118652,False,-1.363976001739502
415,415,438,-5.542677879333496,False,-5.085864067077637,False,0.4568138122558594,-5.109376621246338,0.433301258087158,0.02351255416870135,-5.018750190734863,False,0.5239276885986328,-0.06711387634277344,-5.0564572016398115,0.4862206776936846,-0.029406865437825225,-5.042698860168457,False,-5.413069725036621
416,416,913,1.9268527030944824,True,2.225645065307617,True,0.29879236221313477,2.223028373718262,0.2961756706237795,0.002616691589355291,2.2588672637939453,True,0.3320145606994629,-0.033222198486328125,2.2542215983072915,0.3273688952128091,-0.02857653299967433,2.242738723754883,True,1.9892749786376953
417,417,730,2.934237480163574,True,3.1700267791748047,True,0.23578929901123047,3.1763586044311523,0.24212112426757804,-0.006331825256347567,3.196707248687744,True,0.2624697685241699,-0.026680469512939453,3.191478411356608,0.2572409311930337,-0.021451632181803237,3.187260150909424,True,3.0145339965820312
418,418,454,1.2621345520019531,True,1.5210394859313965,True,0.25890493392944336,1.5038970947265624,0.2417625427246093,0.017142391204834073,1.5321564674377441,True,0.270021915435791,-0.011116981506347656,1.5303832689921062,0.26824871699015307,-0.00934378306070971,1.5082836151123047,True,1.2890024185180664
419,419,862,0.6850185394287109,True,1.1107916831970215,True,0.42577314376831055,1.111903476715088,0.426884937286377,-0.0011117935180664507,1.0960040092468262,True,0.41098546981811523,0.014787673950195312,1.1157768567403157,0.43075831731160474,-0.004985173543294197,1.0909643173217773,True,0.7241554260253906
420,420,979,5.111486434936523,True,5.350521564483643,True,0.23903512954711914,5.383556365966797,0.27206993103027344,-0.0330348014831543,5.379174709320068,True,0.2676882743835449,-0.02865314483642578,5.354499499003093,0.2430130640665693,-0.003977934519450166,5.3777384757995605,True,5.15633487701416
421,421,565,-0.8288593292236328,False,-0.10208797454833984,False,0.726771354675293,-0.1354654312133789,0.6933938980102539,0.03337745666503905,-0.03343009948730469,False,0.7954292297363281,-0.06865787506103516,0.0012559890747070312,0.8301153182983398,-0.10334396362304688,0.011137962341308594,True,-0.6805210113525391
422,422,950,-7.093750953674316,False,-6.229820251464844,False,0.8639307022094727,-6.318660831451416,0.7750901222229007,0.08884057998657191,-6.224365234375,False,0.8693857192993164,-0.00545501708984375,-6.067865053812663,1.0258858998616533,-0.1619551976521807,-6.078535556793213,False,-6.999872207641602
423,423,279,3.7968921661376953,True,4.073544502258301,True,0.27665233612060547,4.053006362915039,0.2561141967773439,0.02053813934326154,4.089996337890625,True,0.2931041717529297,-0.01645183563232422,4.070959409077962,0.27406724294026663,0.0025850931803388377,4.070436477661133,True,3.8373374938964844
424,424,857,0.8138837814331055,True,1.1241455078125,True,0.31026172637939453,1.085435676574707,0.2715518951416016,0.038709831237792924,1.128652572631836,True,0.31476879119873047,-0.0045070648193359375,1.1377703348795574,0.3238865534464519,-0.013624827067057366,1.1050643920898438,True,0.8527660369873047
425,425,715,3.2267045974731445,True,3.5504612922668457,True,0.32375669479370117,3.559304714202881,0.33260011672973633,-0.008843421936035156,3.5333805084228516,True,0.30667591094970703,0.01708078384399414,3.6128414471944175,0.38613684972127293,-0.06238015492757176,3.590160369873047,True,3.285557270050049
426,426,732,3.892578125,True,4.2505903244018555,True,0.35801219940185547,4.188118553161621,0.29554042816162074,0.06247177124023473,4.2303667068481445,True,0.33778858184814453,0.020223617553710938,4.236433982849121,0.3438558578491211,0.014156341552734375,4.217375755310059,True,4.025307655334473
427,427,774,1.1550350189208984,True,1.4186792373657227,True,0.2636442184448242,1.4144123077392579,0.2593772888183594,0.004266929626464799,1.4237017631530762,True,0.26866674423217773,-0.005022525787353516,1.4494209289550781,0.2943859100341797,-0.03074169158935547,1.4075493812561035,True,1.2524757385253906
428,428,204,4.034205913543701,True,4.468327045440674,True,0.43412113189697266,4.429195404052734,0.3949894905090332,0.03913164138793945,4.515094757080078,True,0.48088884353637695,-0.0467677116394043,4.46226708094279,0.42806116739908884,0.0060599644978838185,4.4824090003967285,True,4.168237209320068
429,429,677,5.463135719299316,True,5.58907413482666,True,0.12593841552734375,5.593276882171631,0.1301411628723148,-0.004202747344971058,5.588264465332031,True,0.12512874603271484,0.0008096694946289062,5.60302734375,0.1398916244506836,-0.013953208923339844,5.598357200622559,True,5.5178632736206055
430,430,218,1.3100790977478027,True,1.828707218170166,True,0.5186281204223633,1.818509006500244,0.5084299087524413,0.010198211669921964,1.875746726989746,True,0.5656676292419434,-0.04703950881958008,1.9040322303771973,0.5939531326293945,-0.07532501220703125,1.8722081184387207,True,1.56724214553833
431,431,132,-1.96504545211792,False,-1.5114693641662598,False,0.45357608795166016,-1.511610507965088,0.45343494415283203,0.000141143798828125,-1.4286675453186035,False,0.5363779067993164,-0.08280181884765625,-1.4366326332092285,0.5284128189086914,-0.07483673095703125,-1.4775605201721191,False,-1.8890881538391113
432,432,630,-3.060652256011963,False,-2.3198647499084473,False,0.7407875061035156,-2.4606290817260743,0.6000231742858886,0.14076433181762704,-2.320211887359619,False,0.7404403686523438,0.000347137451171875,-2.2110702196756997,0.8495820363362632,-0.10879453023274754,-2.3039722442626953,False,-3.013599395751953
433,433,980,-0.7837114334106445,False,-0.17252445220947266,False,0.6111869812011719,-0.21940937042236328,0.5643020629882812,0.04688491821289062,-0.15430641174316406,False,0.6294050216674805,-0.018218040466308594,-0.17054462432861328,0.6131668090820312,-0.001979827880859375,-0.19137859344482422,False,-0.683650016784668
434,434,990,-3.557133674621582,False,-3.2298765182495117,False,0.3272571563720703,-3.2459134578704836,0.31122021675109846,0.016036939620971857,-3.1913886070251465,False,0.36574506759643555,-0.038487911224365234,-3.220481793085734,0.33665188153584813,-0.009394725163777817,-3.235271692276001,False,-3.440692901611328
435,435,240,0.4330587387084961,True,0.49970436096191406,True,0.06664562225341797,0.5062166213989258,0.07315788269042967,-0.0065122604370116965,0.5045890808105469,True,0.07153034210205078,-0.0048847198486328125,0.5002234776814779,0.06716473897298181,-0.0005191167195638391,0.49988651275634766,True,0.451202392578125
436,436,291,1.050501823425293,True,1.553884506225586,True,0.503382682800293,1.5372636795043946,0.4867618560791016,0.016620826721191362,1.5325021743774414,True,0.48200035095214844,0.02138233184814453,1.4883588155110676,0.43785699208577467,0.0655256907145183,1.538121223449707,True,1.190232276916504
437,437,418,1.6907615661621094,True,2.2085275650024414,True,0.517765998840332,2.207185173034668,0.5164236068725585,0.0013423919677735263,2.2384872436523438,True,0.5477256774902344,-0.029959678649902344,2.252100626627604,0.5613390604654946,-0.04357306162516261,2.215634346008301,True,1.8813552856445312
438,438,835,-4.780506134033203,False,-4.0674614906311035,False,0.7130446434020996,-4.160875225067139,0.6196309089660641,0.09341373443603551,-3.9865384101867676,False,0.7939677238464355,-0.08092308044433594,-4.042905330657959,0.7376008033752441,-0.02455615997314453,-4.025013446807861,False,-4.727572441101074
439,439,667,4.929194927215576,True,5.3336663246154785,True,0.40447139739990234,5.2593481063842775,0.33015317916870135,0.074318218231201,5.357774257659912,True,0.42857933044433594,-0.024107933044433594,5.332166830698649,0.4029719034830732,0.001499493916829131,5.292588710784912,True,5.0745320320129395
440,440,669,1.343613624572754,True,1.8262066841125488,True,0.4825930595397949,1.7886896133422852,0.44507598876953125,0.03751707077026367,1.8227324485778809,True,0.47911882400512695,0.0034742355346679688,1.832700252532959,0.4890866279602051,-0.006493568420410156,1.8114004135131836,True,1.4601101875305176
441,441,104,4.7899932861328125,True,5.1196794509887695,True,0.32968616485595703,5.147698974609375,0.35770568847656214,-0.028019523620605113,5.133761405944824,True,0.3437681198120117,-0.014081954956054688,5.140367190043132,0.3503739039103193,-0.020687739054362275,5.140068054199219,True,4.796187877655029
442,442,627,4.0370988845825195,True,4.38607120513916,True,0.3489723205566406,4.3792116165161135,0.3421127319335939,0.006859588623046697,4.355298042297363,True,0.31819915771484375,0.030773162841796875,4.384479681650798,0.3473807970682783,0.0015915234883623341,4.358528137207031,True,4.102648735046387
443,443,651,-2.594940185546875,False,-2.189807415008545,False,0.4051327705383301,-2.2273856163024903,0.3675545692443847,0.0375782012939454,-2.195995330810547,False,0.3989448547363281,0.006187915802001953,-2.1651806831359863,0.42975950241088867,-0.024626731872558594,-2.17146635055542,False,-2.38264799118042
444,444,827,2.919412612915039,True,3.1651687622070312,True,0.2457561492919922,3.21376314163208,0.2943505287170409,-0.04859437942504874,3.252636432647705,True,0.333223819732666,-0.08746767044067383,3.2006449699401855,0.2812323570251465,-0.0354762077331543,3.1882314682006836,True,2.9344887733459473
445,445,273,-0.9706387519836426,False,-0.6270966529846191,False,0.34354209899902344,-0.7057397842407227,0.2648989677429199,0.07864313125610356,-0.6502423286437988,False,0.32039642333984375,0.023145675659179688,-0.6223330497741699,0.34830570220947266,-0.004763603210449219,-0.624018669128418,False,-0.7957711219787598
446,446,22,-0.25601673126220703,False,0.34517908096313477,True,0.6011958122253418,0.4259163856506348,0.6819331169128418,-0.08073730468750001,0.33946895599365234,True,0.5954856872558594,0.005710124969482422,0.47990067799886066,0.7359174092610676,-0.1347215970357259,0.48105955123901367,True,-0.1044921875
447,447,538,-4.036506652832031,False,-3.395819664001465,False,0.6406869888305664,-3.4471904277801513,0.58931622505188,0.051370763778686435,-3.289379596710205,False,0.7471270561218262,-0.10644006729125977,-3.3678120772043862,0.668694575627645,-0.0280075867970786,-3.443716049194336,False,-3.8453500270843506
448,448,442,5.599003314971924,True,6.007974147796631,True,0.40897083282470703,5.989484691619873,0.3904813766479496,0.018489456176757457,6.132033348083496,True,0.5330300331115723,-0.12405920028686523,6.117394924163818,0.5183916091918945,-0.1094207763671875,6.047922134399414,True,5.716763973236084
449,449,544,0.9658141136169434,True,1.729586124420166,True,0.7637720108032227,1.661989688873291,0.6961755752563477,0.067596435546875,1.7668251991271973,True,0.8010110855102539,-0.03723907470703125,1.7778814633687336,0.8120673497517903,-0.048295338948567634,1.7281899452209473,True,1.1459364891052246
450,450,13,5.396632671356201,True,6.194278717041016,True,0.7976460456848145,6.096671009063721,0.7000383377075199,0.09760770797729457,6.280688285827637,True,0.8840556144714355,-0.0864095687866211,6.101201852162679,0.7045691808064776,0.09307686487833688,6.040153503417969,True,5.658868312835693
451,451,548,4.4645490646362305,True,4.788517475128174,True,0.32396841049194336,4.838847255706787,0.3742981910705563,-0.050329780578612926,4.851822853088379,True,0.38727378845214844,-0.06330537796020508,4.8347015380859375,0.37015247344970703,-0.04618406295776367,4.788612365722656,True,4.528818130493164
452,452,611,1.1247448921203613,True,1.6548781394958496,True,0.5301332473754883,1.6766549110412599,0.5519100189208985,-0.021776771545410245,1.64982271194458,True,0.5250778198242188,0.005055427551269531,1.659091631571452,0.5343467394510906,-0.0042134920756022876,1.5890846252441406,True,1.2469263076782227
453,453,889,-0.912574291229248,False,-0.652885913848877,False,0.2596883773803711,-0.6339344024658203,0.2786398887634277,-0.01895151138305662,-0.6757564544677734,False,0.2368178367614746,0.022870540618896484,-0.6285390853881836,0.28403520584106445,-0.02434682846069336,-0.6419038772583008,False,-0.8676886558532715
454,454,539,-1.8541967868804932,False,-1.345315933227539,False,0.5088808536529541,-1.3536009788513184,0.5005958080291748,0.008285045623779297,-1.3335638046264648,False,0.5206329822540283,-0.011752128601074219,-1.3689405123392742,0.485256274541219,0.0236245791117351,-1.3496332168579102,False,-1.6459331512451172
455,455,456,-0.2879652976989746,False,0.394045352935791,True,0.6820106506347656,0.30843296051025393,0.5963982582092285,0.08561239242553709,0.46190452575683594,True,0.7498698234558105,-0.06785917282104492,0.5585409800211588,0.8465062777201334,-0.1644956270853678,0.5044713020324707,True,0.06198930740356445
456,456,383,3.668567657470703,True,4.371870040893555,True,0.7033023834228516,4.349275875091553,0.6807082176208494,0.02259416580200213,4.275794982910156,True,0.6072273254394531,0.09607505798339844,4.483073393503825,0.814505736033122,-0.11120335261027048,4.452417850494385,True,3.795311450958252
457,457,439,-3.96829891204834,False,-3.2957539558410645,False,0.6725449562072754,-3.3040952682495117,0.6642036437988281,0.008341312408447266,-3.1902618408203125,False,0.7780370712280273,-0.10549211502075195,-3.164783000946045,0.8035159111022949,-0.13097095489501953,-3.240797519683838,False,-3.918128728866577
458,458,790,4.605318069458008,True,4.926989555358887,True,0.3216714859008789,4.930507659912109,0.32518959045410156,-0.0035181045532226562,5.028306007385254,True,0.4229879379272461,-0.10131645202636719,4.9714304606119795,0.36611239115397165,-0.044440905253092744,4.968066215515137,True,4.721036911010742
459,459,392,-3.3130922317504883,False,-2.784336566925049,False,0.5287556648254395,-2.75938401222229,0.5537082195281982,-0.0249525547027587,-2.649479389190674,False,0.6636128425598145,-0.134857177734375,-2.698995272318522,0.6140969594319663,-0.08534129460652684,-2.760916233062744,False,-3.181173324584961
460,460,850,-2.8423686027526855,False,-2.5633678436279297,False,0.27900075912475586,-2.561902618408203,0.28046598434448233,-0.0014652252197264737,-2.543424129486084,False,0.29894447326660156,-0.019943714141845703,-2.468163808186849,0.37420479456583644,-0.09520403544108058,-2.5003724098205566,False,-2.75411319732666
461,461,422,0.7118558883666992,True,0.7847299575805664,True,0.07287406921386719,0.790071964263916,0.0782160758972168,-0.005342006683349609,0.780919075012207,True,0.06906318664550781,0.003810882568359375,0.777651309967041,0.0657954216003418,0.007078647613525391,0.775662899017334,True,0.7407083511352539
462,462,783,3.386408805847168,True,3.646366596221924,True,0.25995779037475586,3.662671947479248,0.27626314163208,-0.01630535125732413,3.714783191680908,True,0.32837438583374023,-0.06841659545898438,3.6961663564046225,0.3097575505574546,-0.049799760182698716,3.701167106628418,True,3.508574962615967
463,463,255,2.9766602516174316,True,3.3600144386291504,True,0.38335418701171875,3.35479736328125,0.37813711166381836,0.005217075347900391,3.3818411827087402,True,0.4051809310913086,-0.021826744079589844,3.380039691925049,0.4033794403076172,-0.020025253295898438,3.3844761848449707,True,3.0427050590515137
464,464,26,-5.2271728515625,False,-4.927236557006836,False,0.29993629455566406,-4.944769191741943,0.2824036598205568,0.017532634735107244,-4.908205509185791,False,0.318967342376709,-0.019031047821044922,-4.901320457458496,0.3258523941040039,-0.025916099548339844,-4.920873641967773,False,-5.123117446899414
465,465,971,5.186174392700195,True,5.384008407592773,True,0.19783401489257812,5.467117595672607,0.28094320297241193,-0.0831091880798338,5.3873515129089355,True,0.20117712020874023,-0.0033431053161621094,5.388178984324138,0.20200459162394235,-0.004170576731364228,5.364378452301025,True,5.262297630310059
466,466,903,4.922580242156982,True,5.22265625,True,0.3000760078430176,5.236070537567139,0.3134902954101566,-0.013414287567139027,5.19992733001709,True,0.2773470878601074,0.022728919982910156,5.268971761067708,0.3463915189107256,-0.04631551106770804,5.280162811279297,True,4.984179496765137
467,467,678,-4.901181221008301,False,-4.571942329406738,False,0.3292388916015625,-4.594407463073731,0.30677375793456996,0.022465133666992543,-4.52547550201416,False,0.3757057189941406,-0.046466827392578125,-4.542223930358887,0.35895729064941406,-0.029718399047851562,-4.549943923950195,False,-4.822179794311523
468,468,603,-0.34671735763549805,False,0.041556358337402344,True,0.3882737159729004,0.07818851470947266,0.4249058723449707,-0.03663215637207032,0.06401538848876953,True,0.4107327461242676,-0.022459030151367188,0.023001352945963543,0.3697187105814616,0.0185550053914388,0.007765769958496094,True,-0.2613377571105957
469,469,675,-1.9206666946411133,False,-1.4457926750183105,False,0.47487401962280273,-1.503636932373047,0.4170297622680663,0.05784425735473642,-1.4271807670593262,False,0.4934859275817871,-0.018611907958984375,-1.4429736137390137,0.4776930809020996,-0.002819061279296875,-1.4730744361877441,False,-1.6901402473449707
470,470,901,2.763540267944336,True,3.3455729484558105,True,0.5820326805114746,3.2965086936950683,0.5329684257507323,0.049064254760742276,3.3281545639038086,True,0.5646142959594727,0.017418384552001953,3.346424102783203,0.5828838348388672,-0.0008511543273925781,3.3011860847473145,True,2.8167061805725098
471,471,795,0.6750602722167969,True,1.1035881042480469,True,0.42852783203125,1.090247917175293,0.41518764495849614,0.013340187072753862,1.1753902435302734,True,0.5003299713134766,-0.07180213928222656,1.1541598637898762,0.47909959157307935,-0.05057175954182935,1.1443204879760742,True,0.8701629638671875
472,472,994,2.1358108520507812,True,2.30918025970459,True,0.1733694076538086,2.3008771896362306,0.1650663375854493,0.008303070068359286,2.3202505111694336,True,0.18443965911865234,-0.01107025146484375,2.3117119471232095,0.17590109507242824,-0.0025316874186196436,2.3035693168640137,True,2.210137367248535
473,473,858,-0.9850420951843262,False,-0.5360584259033203,False,0.44898366928100586,-0.5532167434692383,0.43182535171508785,0.017158317565918013,-0.5104207992553711,False,0.4746212959289551,-0.02563762664794922,-0.4799685478210449,0.5050735473632812,-0.05608987808227539,-0.48734140396118164,False,-0.8201112747192383
474,474,724,-0.5141773223876953,False,-0.2553439140319824,False,0.2588334083557129,-0.25023908615112306,0.26393823623657225,-0.005104827880859364,-0.2678666114807129,False,0.24631071090698242,0.012522697448730469,-0.2080876032511393,0.306089719136556,-0.04725631078084311,-0.20693397521972656,False,-0.4895038604736328
475,475,410,4.22090482711792,True,4.52239465713501,True,0.30148983001708984,4.533811378479004,0.3129065513610838,-0.011416721343993963,4.5584235191345215,True,0.33751869201660156,-0.03602886199951172,4.539319197336833,0.31841437021891306,-0.016924540201823213,4.541512489318848,True,4.2976393699646
476,476,551,5.259368896484375,True,5.642820835113525,True,0.3834519386291504,5.589207172393799,0.32983827590942383,0.05361366271972656,5.679994583129883,True,0.4206256866455078,-0.03717374801635742,5.626000086466472,0.36663118998209665,0.01682074864705374,5.594648361206055,True,5.375721454620361
477,477,742,-4.890578269958496,False,-4.5561628341674805,False,0.3344154357910156,-4.514312362670898,0.376265907287598,-0.041850471496582387,-4.483360290527344,False,0.40721797943115234,-0.07280254364013672,-4.48077392578125,0.4098043441772461,-0.07538890838623047,-4.455783843994141,False,-4.8900227546691895
478,478,932,1.2930607795715332,True,1.6913414001464844,True,0.39828062057495117,1.6246273994445801,0.3315666198730469,0.06671400070190425,1.6634712219238281,True,0.3704104423522949,0.02787017822265625,1.6820430755615234,0.38898229598999023,0.009298324584960938,1.655898094177246,True,1.4581480026245117
479,479,92,-5.057493209838867,False,-4.694009780883789,False,0.3634834289550781,-4.6806591033935545,0.3768341064453127,-0.013350677490234553,-4.626440048217773,False,0.43105316162109375,-0.06756973266601562,-4.623063564300537,0.4344296455383301,-0.07094621658325195,-4.598823547363281,False,-4.959400653839111
480,480,699,-0.7598476409912109,False,-0.13343238830566406,False,0.6264152526855469,-0.16242942810058594,0.597418212890625,0.02899703979492188,-0.13296937942504883,False,0.6268782615661621,-0.0004630088806152344,-0.10194842020670573,0.6578992207845052,-0.03148396809895833,-0.15163326263427734,False,-0.558072566986084
481,481,75,1.7985739707946777,True,2.084956645965576,True,0.28638267517089844,2.121191310882568,0.32261734008789045,-0.03623466491699201,2.1479220390319824,True,0.3493480682373047,-0.06296539306640625,2.134396553039551,0.33582258224487305,-0.04943990707397461,2.1128382682800293,True,1.8472113609313965
482,482,838,-0.9921088218688965,False,-0.9024152755737305,False,0.08969354629516602,-0.9088203430175781,0.0832884788513184,0.006405067443847612,-0.8928155899047852,False,0.09929323196411133,-0.009599685668945312,-0.8966387112935384,0.09547011057535804,-0.00577656428019202,-0.901115894317627,False,-0.9649834632873535
483,483,528,0.7382087707519531,True,0.9514107704162598,True,0.21320199966430664,0.9603435516357421,0.22213478088378902,-0.008932781219482377,0.9870843887329102,True,0.24887561798095703,-0.03567361831665039,0.983967145284017,0.24575837453206384,-0.0325563748677572,0.9686613082885742,True,0.8182501792907715
484,484,445,0.05803394317626953,True,0.17612552642822266,True,0.11809158325195312,0.1895231246948242,0.13148918151855468,-0.013397598266601557,0.17914104461669922,True,0.12110710144042969,-0.0030155181884765625,0.19263521830240884,0.1346012751261393,-0.01650969187418619,0.19275951385498047,True,0.08971595764160156
485,485,886,-0.5795598030090332,False,-0.2823467254638672,False,0.297213077545166,-0.33023738861083984,0.24932241439819336,0.047890663146972656,-0.25119638442993164,False,0.32836341857910156,-0.031150341033935547,-0.26722097396850586,0.31233882904052734,-0.015125751495361328,-0.27746152877807617,False,-0.49608802795410156
486,486,271,1.6453351974487305,True,1.8879022598266602,True,0.2425670623779297,1.8959620475769043,0.2506268501281739,-0.008059787750244185,1.9741582870483398,True,0.3288230895996094,-0.08625602722167969,1.9356775283813477,0.2903423309326172,-0.0477752685546875,1.9501338005065918,True,1.7415862083435059
487,487,505,-1.029282569885254,False,-0.6941022872924805,False,0.33518028259277344,-0.730253791809082,0.2990287780761719,0.03615150451660154,-0.6608009338378906,False,0.3684816360473633,-0.033301353454589844,-0.6802794138590494,0.34900315602620446,-0.013822873433431027,-0.6968460083007812,False,-0.8715696334838867
488,488,472,3.7485222816467285,True,4.062784671783447,True,0.31426239013671875,4.002811145782471,0.25428886413574237,0.059973526000976385,4.035323619842529,True,0.2868013381958008,0.02746105194091797,4.0406867663065595,0.292164484659831,0.022097905476887725,4.039745807647705,True,3.920910358428955
489,489,16,2.828622817993164,True,2.977691173553467,True,0.14906835556030273,2.987829399108887,0.15920658111572283,-0.0101382255554201,2.9610719680786133,True,0.13244915008544922,0.016619205474853516,2.9561850229899087,0.12756220499674464,0.02150615056355809,2.961552619934082,True,2.8599138259887695
490,490,294,0.5892720222473145,True,1.1870431900024414,True,0.597771167755127,1.1707975387573242,0.5815255165100097,0.016245651245117232,1.158003807067871,True,0.5687317848205566,0.029039382934570312,1.2563498814900715,0.6670778592427571,-0.06930669148763013,1.2617855072021484,True,0.7902669906616211
491,491,871,-5.0681562423706055,False,-4.38062858581543,False,0.6875276565551758,-4.421478652954102,0.6466775894165036,0.04085006713867223,-4.418787002563477,False,0.6493692398071289,0.038158416748046875,-4.326551755269368,0.7416044871012373,-0.054076830546061494,-4.371355056762695,False,-4.959694862365723
492,492,426,0.21513843536376953,True,0.6330718994140625,True,0.41793346405029297,0.5851881980895997,0.3700497627258301,0.047883701324462846,0.6650056838989258,True,0.44986724853515625,-0.03193378448486328,0.6128465334574381,0.3977080980936686,0.020225365956624386,0.6117324829101562,True,0.32645416259765625
493,493,659,1.1450109481811523,True,1.3989906311035156,True,0.2539796829223633,1.433131790161133,0.28812084197998056,-0.034141159057617276,1.4378843307495117,True,0.2928733825683594,-0.038893699645996094,1.4395591417948406,0.2945481936136882,-0.040568510691324944,1.4059233665466309,True,1.19706392288208
494,494,853,-0.45513486862182617,False,0.23781681060791016,True,0.6929516792297363,0.11820650100708008,0.5733413696289062,0.11961030960083008,0.3211555480957031,True,0.7762904167175293,-0.08333873748779297,0.25107256571451825,0.7062074343363445,-0.013255755106608091,0.24301433563232422,True,-0.20379400253295898
495,495,908,-1.0390334129333496,False,-0.24859094619750977,False,0.7904424667358398,-0.3852080345153809,0.6538253784179687,0.13661708831787112,-0.3394899368286133,False,0.6995434761047363,0.09089899063110352,-0.27591705322265625,0.7631163597106934,0.027326107025146484,-0.3159322738647461,False,-0.9275565147399902
496,496,432,4.335888385772705,True,4.719236373901367,True,0.3833479881286621,4.690102577209473,0.3542141914367676,0.02913379669189453,4.633811950683594,True,0.29792356491088867,0.08542442321777344,4.688833713531494,0.35294532775878906,0.030402660369873047,4.678674221038818,True,4.430451393127441
497,497,321,0.9684662818908691,True,1.1493558883666992,True,0.18088960647583008,1.1440683364868165,0.17560205459594735,0.005287551879882724,1.1699790954589844,True,0.20151281356811523,-0.020623207092285156,1.163758913675944,0.19529263178507494,-0.014403025309244866,1.1532893180847168,True,1.0607290267944336
498,498,726,3.9906201362609863,True,4.3439226150512695,True,0.3533024787902832,4.374842166900635,0.38422203063964844,-0.030919551849365234,4.415054798126221,True,0.4244346618652344,-0.07113218307495117,4.4141262372334795,0.4235061009724932,-0.07020362218220999,4.403814315795898,True,4.033120155334473
499,499,261,1.8139300346374512,True,2.2424683570861816,True,0.42853832244873047,2.1487160682678224,0.3347860336303712,0.09375228881835929,2.2605276107788086,True,0.4465975761413574,-0.018059253692626953,2.2138401667277017,0.3999101320902505,0.028628190358479966,2.2260704040527344,True,1.8635640144348145
500,500,951,-1.0943622589111328,False,-0.7869133949279785,False,0.3074488639831543,-0.8169669151306153,0.27739534378051756,0.03005352020263674,-0.802222728729248,False,0.29213953018188477,0.015309333801269531,-0.7943806648254395,0.29998159408569336,0.0074672698974609375,-0.8218598365783691,False,-0.9937019348144531
501,501,819,-1.3819942474365234,False,-1.1392979621887207,False,0.24269628524780273,-1.1584467887878418,0.22354745864868164,0.019148826599121094,-1.1154255867004395,False,0.266568660736084,-0.02387237548828125,-1.1367249488830566,0.2452692985534668,-0.0025730133056640625,-1.1433920860290527,False,-1.2936062812805176
502,502,371,-0.8114943504333496,False,-0.18048906326293945,False,0.6310052871704102,-0.2596747398376465,0.5518196105957032,0.07918567657470704,-0.29609012603759766,False,0.515404224395752,0.1156010627746582,-0.23778152465820312,0.5737128257751465,0.05729246139526367,-0.2486882209777832,False,-0.5471954345703125
503,503,232,3.316974639892578,True,3.7253870964050293,True,0.40841245651245117,3.7673648834228515,0.45039024353027335,-0.04197778701782218,3.7395801544189453,True,0.4226055145263672,-0.014193058013916016,3.7921670277913413,0.47519238789876317,-0.066779931386312,3.7603344917297363,True,3.422173500061035
504,504,243,-3.445718288421631,False,-3.1537394523620605,False,0.2919788360595703,-3.0945573806762696,0.35116090774536124,-0.05918207168579093,-3.1435000896453857,False,0.3022181987762451,-0.010239362716674805,-3.0817127227783203,0.36400556564331055,-0.07202672958374023,-3.094031572341919,False,-3.2727715969085693
505,505,942,0.5275411605834961,True,0.7821130752563477,True,0.25457191467285156,0.7719123840332032,0.24437122344970708,0.010200691223144487,0.8206377029418945,True,0.29309654235839844,-0.038524627685546875,0.7871230443318685,0.25958188374837243,-0.00500996907552087,0.7904558181762695,True,0.5976600646972656
506,506,301,4.254153251647949,True,4.955129146575928,True,0.7009758949279785,4.877752685546875,0.6235994338989261,0.07737646102905238,5.021097183227539,True,0.7669439315795898,-0.06596803665161133,4.974610328674316,0.7204570770263672,-0.019481182098388672,4.934532165527344,True,4.5121169090271
507,507,356,-1.771538257598877,False,-1.3968596458435059,False,0.3746786117553711,-1.4031068801879882,0.3684313774108887,0.0062472343444823775,-1.3718018531799316,False,0.3997364044189453,-0.02505779266357422,-1.3315779368082683,0.43996032079060865,-0.06528170903523756,-1.3612756729125977,False,-1.6622576713562012
508,508,891,2.2756800651550293,True,2.4471826553344727,True,0.17150259017944336,2.4115198135375975,0.13583974838256818,0.03566284179687518,2.423379898071289,True,0.14769983291625977,0.023802757263183594,2.4545113245646157,0.17883125940958644,-0.007328669230143081,2.4439868927001953,True,2.3603644371032715
509,509,998,-1.5375924110412598,False,-1.2808399200439453,False,0.25675249099731445,-1.2977131843566894,0.2398792266845704,0.016873264312744052,-1.2797937393188477,False,0.2577986717224121,-0.0010461807250976562,-1.283727804819743,0.25386460622151685,0.0028878847757976,-1.2922797203063965,False,-1.4559106826782227
510,510,503,0.020279407501220703,True,0.6037616729736328,True,0.5834822654724121,0.6114923477172851,0.5912129402160644,-0.007730674743652299,0.7390689849853516,True,0.7187895774841309,-0.13530731201171875,0.7647911707560221,0.7445117632548014,-0.16102949778238929,0.7577071189880371,True,0.20293521881103516
511,511,759,2.9417619705200195,True,3.125476360321045,True,0.1837143898010254,3.1465641021728517,0.20480213165283212,-0.02108774185180673,3.121917247772217,True,0.18015527725219727,0.003559112548828125,3.1313339869181314,0.18957201639811183,-0.0058576265970864405,3.112889289855957,True,2.9984302520751953
512,512,217,-0.6317720413208008,False,-0.20317840576171875,False,0.42859363555908203,-0.20632610321044922,0.4254459381103516,0.0031476974487304743,-0.21111202239990234,False,0.42066001892089844,0.007933616638183594,-0.06922658284505208,0.5625454584757487,-0.13395182291666669,-0.13332080841064453,False,-0.4424600601196289
513,513,954,-0.19291019439697266,False,0.28820371627807617,True,0.48111391067504883,0.2516901969909668,0.44460039138793944,0.036513519287109386,0.2652449607849121,True,0.45815515518188477,0.022958755493164062,0.28165562947591144,0.4745658238728841,0.006548086802164732,0.23060894012451172,True,-0.08241605758666992
514,514,854,5.113372802734375,True,5.474461555480957,True,0.36108875274658203,5.4565506935119625,0.34317789077758754,0.017910861968994496,5.364943504333496,True,0.2515707015991211,0.10951805114746094,5.50042184193929,0.38704903920491507,-0.025960286458333037,5.501879692077637,True,5.299818992614746
515,515,361,1.6212444305419922,True,1.9300785064697266,True,0.3088340759277344,1.8789178848266601,0.2576734542846679,0.05116062164306645,1.8931598663330078,True,0.2719154357910156,0.03691864013671875,1.9322566986083984,0.31101226806640625,-0.002178192138671875,1.9255743026733398,True,1.7026739120483398
516,516,277,-0.5476703643798828,False,-0.29398298263549805,False,0.25368738174438477,-0.3070046424865723,0.24066572189331054,0.01302165985107423,-0.3078269958496094,False,0.23984336853027344,0.013844013214111328,-0.28069321314493817,0.26697715123494464,-0.013289769490559877,-0.30219411849975586,False,-0.48092079162597656
517,517,640,2.8648910522460938,True,3.321901321411133,True,0.45701026916503906,3.3028106689453125,0.43791961669921875,0.019090652465820312,3.328761100769043,True,0.4638700485229492,-0.006859779357910156,3.324662526448568,0.4597714742024741,-0.002761205037435044,3.2822885513305664,True,2.944141387939453
518,518,975,2.6701412200927734,True,3.258333683013916,True,0.5881924629211426,3.143021297454834,0.4728800773620607,0.11531238555908185,3.2051920890808105,True,0.5350508689880371,0.05314159393310547,3.1963321367899575,0.5261909166971841,0.06200154622395848,3.1691951751708984,True,2.929149627685547
519,519,794,-0.4202232360839844,False,-0.032172203063964844,False,0.38805103302001953,-0.05525188446044922,0.36497135162353517,0.023079681396484378,-0.04709482192993164,False,0.37312841415405273,0.014922618865966797,0.008055528004964193,0.42827876408894855,-0.04022773106892904,-0.0020728111267089844,False,-0.330841064453125
520,520,459,2.5009522438049316,True,2.714871883392334,True,0.21391963958740234,2.723914623260498,0.2229623794555664,-0.009042739868164062,2.7117919921875,True,0.21083974838256836,0.0030798912048339844,2.7458901405334473,0.24493789672851562,-0.03101825714111328,2.7318482398986816,True,2.543468475341797
521,521,587,0.48634958267211914,True,0.9157180786132812,True,0.4293684959411621,0.9039010047912598,0.41755142211914065,0.011817073822021462,1.0297741889953613,True,0.5434246063232422,-0.11405611038208008,0.9238737424214681,0.437524159749349,-0.008155663808186886,0.8829655647277832,True,0.6773300170898438
522,522,991,0.6764316558837891,True,0.9505085945129395,True,0.2740769386291504,0.9849131584167481,0.30848150253295903,-0.03440456390380864,0.9650435447692871,True,0.28861188888549805,-0.014534950256347656,0.937894344329834,0.2614626884460449,0.012614250183105469,0.8925261497497559,True,0.8093314170837402
523,523,207,-2.849409818649292,False,-2.3702659606933594,False,0.4791438579559326,-2.3823774337768553,0.4670323848724367,0.012111473083495916,-2.3637471199035645,False,0.48566269874572754,-0.006518840789794922,-2.3434252738952637,0.5059845447540283,-0.026840686798095703,-2.379157304763794,False,-2.7616758346557617
524,524,915,0.346376895904541,True,0.4806857109069824,True,0.1343088150024414,0.45632686614990237,0.10994997024536135,0.024358844757080056,0.48113155364990234,True,0.13475465774536133,-0.0004458427429199219,0.4710184733072917,0.12464157740275067,0.009667237599690737,0.4660344123840332,True,0.44577789306640625
525,525,815,1.0286903381347656,True,1.5824460983276367,True,0.5537557601928711,1.4650202751159669,0.43632993698120126,0.11742582321166983,1.6047916412353516,True,0.5761013031005859,-0.022345542907714844,1.6089342435201008,0.5802439053853352,-0.02648814519246412,1.5820698738098145,True,1.2507710456848145
526,526,247,-0.4933958053588867,False,0.09080982208251953,True,0.5842056274414062,0.01476907730102539,0.5081648826599121,0.07604074478149414,0.18895864486694336,True,0.6823544502258301,-0.09814882278442383,0.10214487711588542,0.5955406824747721,-0.01133505503336589,0.0820927619934082,True,-0.2666654586791992
527,527,70,0.7160754203796387,True,0.8630375862121582,True,0.14696216583251953,0.842794132232666,0.1267187118530273,0.020243453979492232,0.8423333168029785,True,0.12625789642333984,0.020704269409179688,0.8661274909973145,0.15005207061767578,-0.00308990478515625,0.8549785614013672,True,0.7765393257141113
528,528,792,1.2869973182678223,True,1.785433292388916,True,0.49843597412109375,1.7795047760009766,0.4925074577331543,0.005928516387939453,1.6226844787597656,True,0.33568716049194336,0.1627488136291504,1.7545582453409831,0.4675609270731609,0.03087504704793287,1.7171282768249512,True,1.3825321197509766
529,529,173,-1.3163433074951172,False,-0.3994565010070801,False,0.9168868064880371,-0.5493035316467285,0.7670397758483887,0.14984703063964844,-0.3171534538269043,False,0.9991898536682129,-0.08230304718017578,-0.2992401123046875,1.0171031951904297,-0.10021638870239258,-0.4148979187011719,False,-0.9782981872558594
530,530,89,-3.275059700012207,False,-2.9895176887512207,False,0.28554201126098633,-2.9911776542663575,0.2838820457458495,0.0016599655151368076,-2.990633010864258,False,0.2844266891479492,0.0011153221130371094,-3.0211472511291504,0.25391244888305664,0.03162956237792969,-3.036074638366699,False,-3.16689395904541
531,531,149,-8.66096019744873,False,-8.18441104888916,False,0.4765491485595703,-8.182890510559082,0.4780696868896488,-0.0015205383300784803,-8.1759614944458,False,0.4849987030029297,-0.008449554443359375,-8.116161346435547,0.5447988510131836,-0.06824970245361328,-8.16740608215332,False,-8.592347145080566
532,532,7,-1.5281386375427246,False,-1.1057238578796387,False,0.42241477966308594,-1.1323265075683593,0.3958121299743653,0.026602649688720614,-1.052107810974121,False,0.4760308265686035,-0.05361604690551758,-1.0692973136901855,0.45884132385253906,-0.036426544189453125,-1.0715341567993164,False,-1.3912816047668457
533,533,685,3.6766300201416016,True,4.001815319061279,True,0.32518529891967773,3.9432347297668455,0.26660470962524396,0.05858058929443377,3.9586081504821777,True,0.28197813034057617,0.04320716857910156,3.998776912689209,0.3221468925476074,0.0030384063720703125,3.9953365325927734,True,3.8268375396728516
534,534,995,5.087836265563965,True,5.457091808319092,True,0.36925554275512695,5.4678092956542965,0.3799730300903317,-0.010717487335204723,5.531449794769287,True,0.44361352920532227,-0.07435798645019531,5.512499173482259,0.424662907918294,-0.05540736516316702,5.511605739593506,True,5.249655723571777
535,535,144,3.0934343338012695,True,3.515941619873047,True,0.42250728607177734,3.5161598205566404,0.4227254867553709,-0.00021820068359357236,3.48898983001709,True,0.3955554962158203,0.02695178985595703,3.5447785059611,0.4513441721598306,-0.028836886088053237,3.5353903770446777,True,3.1806888580322266
536,536,507,-5.468724250793457,False,-5.030438423156738,False,0.43828582763671875,-5.129729747772217,0.33899450302124023,0.09929132461547852,-5.058687686920166,False,0.410036563873291,0.028249263763427734,-5.064921696980794,0.40380255381266306,0.034483273824055694,-5.054100513458252,False,-5.330735206604004
537,537,722,0.8030714988708496,True,1.114743709564209,True,0.3116722106933594,1.059722328186035,0.25665082931518546,0.05502138137817392,1.1053671836853027,True,0.3022956848144531,0.00937652587890625,1.172444502512614,0.3693730036417644,-0.05770079294840502,1.1587328910827637,True,0.9604215621948242
538,538,451,2.143657684326172,True,2.46614933013916,True,0.3224916458129883,2.453063488006592,0.3094058036804199,0.01308584213256836,2.4412355422973633,True,0.2975778579711914,0.024913787841796875,2.494579474131266,0.35092178980509425,-0.028430143992105972,2.4743309020996094,True,2.213840961456299
539,539,227,-0.1891002655029297,False,0.030246257781982422,True,0.2193465232849121,0.05656213760375976,0.24566240310668946,-0.02631587982177734,-0.07178926467895508,False,0.11731100082397461,0.1020355224609375,0.11441659927368164,0.30351686477661133,-0.08417034149169922,0.1062474250793457,True,-0.0627593994140625
540,540,869,3.9608426094055176,True,4.279638290405273,True,0.31879568099975586,4.233954524993896,0.27311191558837855,0.04568376541137731,4.2783660888671875,True,0.3175234794616699,0.0012722015380859375,4.198732217152913,0.23788960774739554,0.08090607325236032,4.212164402008057,True,4.104249000549316
541,541,623,-4.59956169128418,False,-4.122071266174316,False,0.4774904251098633,-4.124515533447266,0.47504615783691406,0.0024442672729492188,-4.097878456115723,False,0.501683235168457,-0.02419281005859375,-4.099250793457031,0.5003108978271484,-0.022820472717285156,-4.103514194488525,False,-4.424284934997559
542,542,5,-0.9963436126708984,False,-0.6840147972106934,False,0.3123288154602051,-0.628962230682373,0.36738138198852544,-0.05505256652832036,-0.559232234954834,False,0.43711137771606445,-0.12478256225585938,-0.7102576891581217,0.28608592351277673,0.02624289194742835,-0.7083468437194824,False,-0.8741493225097656
543,543,71,-0.3337688446044922,False,-0.10009956359863281,False,0.23366928100585938,-0.08226127624511718,0.251507568359375,-0.017838287353515628,-0.03280448913574219,False,0.30096435546875,-0.06729507446289062,-0.06807645161946614,0.26569239298502606,-0.03202311197916667,-0.0711054801940918,False,-0.27850818634033203
544,544,578,3.3656840324401855,True,3.735623836517334,True,0.36993980407714844,3.7574230194091798,0.39173898696899423,-0.021799182891845792,3.7809667587280273,True,0.4152827262878418,-0.04534292221069336,3.7606992721557617,0.39501523971557617,-0.025075435638427734,3.7429280281066895,True,3.4743528366088867
545,545,629,4.425886631011963,True,4.785289287567139,True,0.3594026565551758,4.754989147186279,0.3291025161743164,0.030300140380859375,4.736301898956299,True,0.31041526794433594,0.048987388610839844,4.778102397918701,0.3522157669067383,0.0071868896484375,4.758364200592041,True,4.504634857177734
546,546,393,4.176723957061768,True,4.491133213043213,True,0.3144092559814453,4.458861064910889,0.28213710784912127,0.03227214813232404,4.486499309539795,True,0.30977535247802734,0.004633903503417969,4.46504561106364,0.28832165400187204,0.02608760197957327,4.478268623352051,True,4.301363468170166
547,547,260,3.370889186859131,True,3.660372734069824,True,0.28948354721069336,3.626130390167236,0.2552412033081053,0.03424234390258807,3.694143772125244,True,0.3232545852661133,-0.03377103805541992,3.6462904612223306,0.2754012743631997,0.014082272847493638,3.6236119270324707,True,3.443878650665283
548,548,169,2.5552124977111816,True,2.752514362335205,True,0.19730186462402344,2.768043613433838,0.21283111572265634,-0.015529251098632901,2.7799477577209473,True,0.22473526000976562,-0.027433395385742188,2.7601292928059897,0.2049167950948081,-0.007614930470784653,2.7583327293395996,True,2.619347095489502
549,549,449,1.3528547286987305,True,1.775214672088623,True,0.4223599433898926,1.7667984008789062,0.4139436721801757,0.008416271209716886,1.8196253776550293,True,0.46677064895629883,-0.04441070556640625,1.8385858535766602,0.4857311248779297,-0.06337118148803711,1.823866844177246,True,1.4160633087158203
550,550,225,4.7473368644714355,True,5.1355085372924805,True,0.3881716728210449,5.1043164253234865,0.35697956085205096,0.031192111968993963,5.163558006286621,True,0.41622114181518555,-0.028049468994140625,5.168003400166829,0.4206665356953936,-0.03249486287434866,5.153663635253906,True,4.851867198944092
551,551,613,-0.7850356101989746,False,-0.5435781478881836,False,0.24145746231079102,-0.482968807220459,0.3020668029785156,-0.06060934066772461,-0.520421028137207,False,0.2646145820617676,-0.023157119750976562,-0.5729058583577474,0.21212975184122718,0.02932771046956384,-0.5451278686523438,False,-0.724372386932373
552,552,961,2.8500757217407227,True,3.663114070892334,True,0.8130383491516113,3.5555227279663084,0.7054470062255858,0.10759134292602557,3.5247983932495117,True,0.6747226715087891,0.13831567764282227,3.587416966756185,0.7373412450154624,0.07569710413614894,3.6196627616882324,True,3.1462674140930176
553,553,462,-0.3926734924316406,False,0.07130765914916992,True,0.46398115158081055,-0.0262664794921875,0.3664070129394531,0.09757413864135742,0.0977025032043457,True,0.49037599563598633,-0.02639484405517578,0.08471075693766277,0.4773842493693034,-0.013403097788492843,0.06848478317260742,True,-0.3043251037597656
554,554,0,4.9908246994018555,True,5.268409252166748,True,0.2775845527648926,5.267405891418457,0.2765811920166019,0.0010033607482906604,5.296361446380615,True,0.30553674697875977,-0.027952194213867188,5.260800202687581,0.2699755032857256,0.007609049479166963,5.310965061187744,True,5.1121015548706055
555,555,615,4.2337470054626465,True,4.722824573516846,True,0.4890775680541992,4.74865140914917,0.5149044036865238,-0.025826835632324574,4.7793684005737305,True,0.545621395111084,-0.056543827056884766,4.7815596262613935,0.547812620798747,-0.05873505274454782,4.737023830413818,True,4.286487102508545
556,556,52,1.8295912742614746,True,2.387448787689209,True,0.5578575134277344,2.393692874908447,0.5641016006469726,-0.006244087219238192,2.4217848777770996,True,0.592193603515625,-0.034336090087890625,2.439399242401123,0.6098079681396484,-0.05195045471191406,2.3790011405944824,True,1.9787287712097168
557,557,167,2.7062954902648926,True,2.9023795127868652,True,0.19608402252197266,2.9024397850036623,0.1961442947387697,-6.0272216797052636e-05,2.9330062866210938,True,0.22671079635620117,-0.030626773834228516,2.9043819109598794,0.19808642069498683,-0.002002398173014175,2.906120777130127,True,2.7531442642211914
558,558,2,-2.6978206634521484,False,-2.2811641693115234,False,0.416656494140625,-2.335499954223633,0.36232070922851545,0.05433578491210955,-2.2646336555480957,False,0.43318700790405273,-0.016530513763427734,-2.274449348449707,0.4233713150024414,-0.006714820861816406,-2.2967543601989746,False,-2.527766227722168
559,559,318,1.4324860572814941,True,1.9807605743408203,True,0.5482745170593262,1.9274746894836425,0.4949886322021484,0.05328588485717778,2.083686351776123,True,0.6512002944946289,-0.10292577743530273,2.010011672973633,0.5775256156921387,-0.0292510986328125,2.017472743988037,True,1.5870985984802246
560,560,312,-3.157496690750122,False,-2.6081411838531494,False,0.5493555068969727,-2.527846670150757,0.6296500205993651,-0.08029451370239249,-2.4813315868377686,False,0.6761651039123535,-0.12680959701538086,-2.460433562596639,0.6970631281534829,-0.14770762125651027,-2.54854416847229,False,-2.9886443614959717
561,561,527,1.4543943405151367,True,1.990046501159668,True,0.5356521606445312,1.992541790008545,0.5381474494934082,-0.002495288848876953,2.022019863128662,True,0.5676255226135254,-0.03197336196899414,2.026697317759196,0.5723029772440591,-0.03665081659952785,2.085865020751953,True,1.5485315322875977
562,562,849,-0.08105230331420898,False,0.4371309280395508,True,0.5181832313537598,0.34253835678100586,0.42359066009521484,0.09459257125854492,0.3835597038269043,True,0.4646120071411133,0.053571224212646484,0.4104770024617513,0.49152930577596027,0.026653925577799498,0.39957761764526367,True,0.06326627731323242
563,563,717,-3.8331551551818848,False,-3.1061086654663086,False,0.7270464897155762,-3.1470011711120605,0.6861539840698243,0.040892505645751864,-3.0145692825317383,False,0.8185858726501465,-0.09153938293457031,-3.0442768732706704,0.7888782819112143,-0.06183179219563817,-3.0924744606018066,False,-3.4843802452087402
564,564,635,-0.5337014198303223,False,-0.2202129364013672,False,0.3134884834289551,-0.21866216659545898,0.31503925323486326,-0.0015507698059082087,-0.1543717384338379,False,0.3793296813964844,-0.0658411979675293,-0.1659542719523112,0.3677471478780111,-0.054258664449056,-0.19842863082885742,False,-0.5007796287536621
565,565,64,4.795330047607422,True,5.113650321960449,True,0.31832027435302734,5.081957626342773,0.2866275787353514,0.03169269561767596,5.037437438964844,True,0.24210739135742188,0.07621288299560547,5.102099100748698,0.30676905314127634,0.011551221211751006,5.0741729736328125,True,4.9061737060546875
566,566,60,4.475388050079346,True,4.841090679168701,True,0.36570262908935547,4.810628032684326,0.3352399826049801,0.030462646484375355,4.866480827331543,True,0.39109277725219727,-0.025390148162841797,4.867349942525228,0.39196189244588187,-0.026259263356526397,4.839569091796875,True,4.613032341003418
567,567,775,-1.171422004699707,False,-0.7400860786437988,False,0.4313359260559082,-0.7216958045959473,0.44972620010375974,-0.01839027404785154,-0.7346076965332031,False,0.4368143081665039,-0.005478382110595703,-0.7109572092692057,0.46046479543050134,-0.029128869374593136,-0.7553811073303223,False,-1.0631184577941895
568,568,93,3.3736095428466797,True,3.7474560737609863,True,0.37384653091430664,3.696156883239746,0.3225473403930663,0.05129919052124032,3.754896640777588,True,0.3812870979309082,-0.0074405670166015625,3.7642202377319336,0.3906106948852539,-0.016764163970947266,3.742668628692627,True,3.59983491897583
569,569,345,4.526037216186523,True,4.876265525817871,True,0.35022830963134766,4.863888931274414,0.3378517150878908,0.012376594543456854,4.909731864929199,True,0.3836946487426758,-0.033466339111328125,4.927257061004639,0.40121984481811523,-0.05099153518676758,4.900911331176758,True,4.63372802734375
570,570,97,2.027096748352051,True,2.352161407470703,True,0.32506465911865234,2.3386430740356445,0.31154632568359375,0.013518333435058594,2.3499374389648438,True,0.32284069061279297,0.002223968505859375,2.319538116455078,0.29244136810302734,0.032623291015625,2.301044464111328,True,2.111492156982422
571,571,359,-1.885082721710205,False,-1.1324982643127441,False,0.7525844573974609,-1.2229722023010254,0.6621105194091796,0.0904739379882813,-1.1331696510314941,False,0.7519130706787109,0.00067138671875,-1.1089946428934734,0.7760880788167317,-0.02350362141927076,-1.1997160911560059,False,-1.6414012908935547
572,572,743,-3.3140764236450195,False,-3.010786533355713,False,0.30328989028930664,-3.043914794921875,0.27016162872314453,0.03312826156616211,-3.002506732940674,False,0.3115696907043457,-0.008279800415039062,-2.9962077140808105,0.317868709564209,-0.014578819274902344,-3.0100197792053223,False,-3.1528449058532715
573,573,387,0.001399993896484375,True,0.6077761650085449,True,0.6063761711120605,0.6082504272460938,0.6068504333496094,-0.00047426223754887253,0.6677670478820801,True,0.6663670539855957,-0.059990882873535156,0.6894105275472006,0.6880105336507162,-0.08163436253865564,0.647430419921875,True,0.22446632385253906
574,574,614,4.203160285949707,True,4.423648357391357,True,0.2204880714416504,4.4241009712219235,0.22094068527221644,-0.000452613830566051,4.43407678604126,True,0.23091650009155273,-0.010428428649902344,4.4244866371154785,0.22132635116577148,-0.0008382797241210938,4.425978183746338,True,4.3460283279418945
575,575,944,6.698366165161133,True,6.936193466186523,True,0.23782730102539062,6.913317680358887,0.2149515151977539,0.02287578582763672,6.962932586669922,True,0.26456642150878906,-0.026739120483398438,6.938329378763835,0.23996321360270212,-0.002135912577311494,6.93111515045166,True,6.7482380867004395
576,576,179,5.814605236053467,True,6.090847492218018,True,0.2762422561645508,6.073027324676514,0.25842208862304705,0.01782016754150373,6.091780662536621,True,0.2771754264831543,-0.0009331703186035156,6.0803453127543134,0.26574007670084665,0.010502179463704131,6.073214530944824,True,5.866884708404541
577,577,110,0.9941167831420898,True,1.113408088684082,True,0.11929130554199219,1.1023336410522462,0.10821685791015634,0.011074447631835849,1.104905605316162,True,0.11078882217407227,0.008502483367919922,1.106094201405843,0.11197741826375318,0.007313887278239006,1.0996923446655273,True,1.0326042175292969
578,578,899,2.2435145378112793,True,2.5091395378112793,True,0.265625,2.4667678833007813,0.22325334548950204,0.04237165451049796,2.513944625854492,True,0.2704300880432129,-0.004805088043212891,2.4614106814066568,0.21789614359537746,0.047728856404622544,2.4776554107666016,True,2.4370718002319336
579,579,648,0.7995095252990723,True,1.009263515472412,True,0.20975399017333984,1.000497531890869,0.20098800659179683,0.008765983581543013,1.004148006439209,True,0.20463848114013672,0.005115509033203125,1.0356704394022624,0.23616091410319018,-0.026406923929850334,1.0274434089660645,True,0.8901562690734863
580,580,8,-0.7176284790039062,False,-0.34360694885253906,False,0.3740215301513672,-0.3939105987548828,0.3237178802490234,0.05030364990234376,-0.36678504943847656,False,0.3508434295654297,0.0231781005859375,-0.3927156130472819,0.32491286595662433,0.04910866419474286,-0.36841583251953125,False,-0.6326251029968262
581,581,844,1.7165918350219727,True,2.3218231201171875,True,0.6052312850952148,2.30379695892334,0.5872051239013674,0.01802616119384748,2.3041844367980957,True,0.587592601776123,0.017638683319091797,2.3514196077982583,0.6348277727762857,-0.029596487681070816,2.346463680267334,True,1.890932559967041
582,582,62,0.41759300231933594,True,0.7115592956542969,True,0.29396629333496094,0.6738427162170411,0.2562497138977051,0.037716579437255815,0.7200508117675781,True,0.3024578094482422,-0.00849151611328125,0.7484297752380371,0.33083677291870117,-0.036870479583740234,0.7586474418640137,True,0.5305352210998535
583,583,628,5.319766521453857,True,5.621832847595215,True,0.3020663261413574,5.66057596206665,0.3408094406127926,-0.03874311447143519,5.6192240715026855,True,0.2994575500488281,0.002608776092529297,5.711171627044678,0.3914051055908203,-0.08933877944946289,5.706398010253906,True,5.405450344085693
584,584,894,-1.2506437301635742,False,-0.6582245826721191,False,0.5924191474914551,-0.607698917388916,0.6429448127746582,-0.050525665283203125,-0.6944832801818848,False,0.5561604499816895,0.036258697509765625,-0.604853630065918,0.6457901000976562,-0.05337095260620117,-0.643376350402832,False,-1.196826457977295
585,585,808,-1.3598642349243164,False,-0.8843669891357422,False,0.4754972457885742,-0.9293657302856445,0.4304985046386719,0.04499874114990232,-0.7637825012207031,False,0.5960817337036133,-0.12058448791503906,-0.801215648651123,0.5586485862731934,-0.08315134048461914,-0.7990398406982422,False,-1.2070279121398926
586,586,596,4.205560207366943,True,4.730889797210693,True,0.52532958984375,4.679963207244873,0.47440299987792933,0.05092658996582067,4.6712646484375,True,0.46570444107055664,0.05962514877319336,4.695236523946126,0.48967631657918265,0.03565327326456735,4.721022605895996,True,4.473797798156738
587,587,885,-0.5156660079956055,False,-0.1063694953918457,False,0.40929651260375977,-0.11446905136108398,0.4011969566345215,0.008099555969238281,-0.0781545639038086,False,0.4375114440917969,-0.02821493148803711,-0.09464168548583984,0.4210243225097656,-0.01172780990600586,-0.14713144302368164,False,-0.4620370864868164
588,588,106,2.7107744216918945,True,2.936326503753662,True,0.22555208206176758,2.9611083030700684,0.2503338813781739,-0.02478179931640634,2.9370431900024414,True,0.22626876831054688,-0.0007166862487792969,2.957763353983561,0.24698893229166652,-0.02143685022989894,2.9494590759277344,True,2.7850184440612793
589,589,568,1.2210073471069336,True,1.5085148811340332,True,0.2875075340270996,1.55407657623291,0.3330692291259765,-0.045561695098876864,1.6504063606262207,True,0.4293990135192871,-0.1418914794921875,1.6347575187683105,0.41375017166137695,-0.12624263763427734,1.601943016052246,True,1.252232551574707
590,590,429,-1.281200885772705,False,-1.0123591423034668,False,0.2688417434692383,-1.0162737846374512,0.26492710113525386,0.003914642333984419,-1.044867992401123,False,0.23633289337158203,0.03250885009765625,-1.0195587476094563,0.26164213816324877,0.007199605305989509,-1.0351691246032715,False,-1.177839756011963
591,591,66,2.3768978118896484,True,2.5773425102233887,True,0.20044469833374023,2.613562488555908,0.23666467666625968,-0.03621997833251944,2.7089247703552246,True,0.33202695846557617,-0.13158226013183594,2.559295654296875,0.18239784240722656,0.018046855926513672,2.580411434173584,True,2.525360584259033
592,592,649,5.885364532470703,True,6.156036853790283,True,0.2706723213195801,6.122658824920654,0.23729429244995082,0.03337802886962926,6.188168525695801,True,0.30280399322509766,-0.03213167190551758,6.156870206197103,0.27150567372639944,-0.0008333524068193654,6.159170150756836,True,5.959552764892578
593,593,27,6.397008419036865,True,6.825767993927002,True,0.4287595748901367,6.865625190734863,0.46861677169799787,-0.03985719680786115,6.87232780456543,True,0.47531938552856445,-0.046559810638427734,6.85712989171346,0.46012147267659476,-0.03136189778645804,6.870096683502197,True,6.52583646774292
594,594,697,5.403078079223633,True,5.826377868652344,True,0.42329978942871094,5.797701072692871,0.39462299346923846,0.02867679595947248,5.845919609069824,True,0.4428415298461914,-0.01954174041748047,5.863589286804199,0.4605112075805664,-0.03721141815185547,5.841651439666748,True,5.567134380340576
595,595,744,0.8612651824951172,True,1.1072230339050293,True,0.2459578514099121,1.1385577201843262,0.27729253768920903,-0.03133468627929692,1.153778076171875,True,0.2925128936767578,-0.0465550422668457,1.1665358543395996,0.3052706718444824,-0.05931282043457031,1.137603759765625,True,0.9037656784057617
596,596,592,-0.7980389595031738,False,-0.5997509956359863,False,0.1982879638671875,-0.5905512809753418,0.207487678527832,-0.009199714660644509,-0.6074824333190918,False,0.19055652618408203,0.007731437683105469,-0.6154996554056803,0.18253930409749353,0.015748659769693973,-0.6311159133911133,False,-0.7444839477539062
597,597,367,-3.5288901329040527,False,-2.9251887798309326,False,0.6037013530731201,-2.983390235900879,0.5454998970031739,0.0582014560699462,-2.84879732131958,False,0.6800928115844727,-0.07639145851135254,-2.7413347562154136,0.7875553766886392,-0.18385402361551906,-2.7527942657470703,False,-3.2831921577453613
598,598,896,0.9804220199584961,True,1.282623291015625,True,0.3022012710571289,1.260380172729492,0.279958152770996,0.0222431182861329,1.305058479309082,True,0.32463645935058594,-0.02243518829345703,1.3307917912801106,0.3503697713216145,-0.0481685002644856,1.2923259735107422,True,1.0546083450317383
599,599,389,4.7769775390625,True,5.013885498046875,True,0.236907958984375,4.994858741760254,0.2178812026977539,0.019026756286621094,4.991805553436279,True,0.2148280143737793,0.022079944610595703,5.033027807871501,0.25605026880900095,-0.019142309824625947,5.013260841369629,True,4.909431457519531
600,600,256,0.5877699851989746,True,0.642059326171875,True,0.05428934097290039,0.7076361656188965,0.11986618041992192,-0.06557683944702153,0.6141262054443359,True,0.026356220245361328,0.027933120727539062,0.6627500851949056,0.07498009999593103,-0.020690759023030636,0.6954488754272461,True,0.5781388282775879
601,601,532,0.3992128372192383,True,1.0211830139160156,True,0.6219701766967773,1.0737525939941406,0.6745397567749023,-0.052569580078124956,1.0319666862487793,True,0.632753849029541,-0.010783672332763672,1.0625607172648113,0.663347880045573,-0.04137770334879565,1.0493988990783691,True,0.4384737014770508
602,602,859,-1.7106013298034668,False,-1.3667950630187988,False,0.34380626678466797,-1.3677599906921387,0.3428413391113281,0.0009649276733398882,-1.3248882293701172,False,0.3857131004333496,-0.04190683364868164,-1.2289657592773438,0.48163557052612305,-0.13782930374145508,-1.254755973815918,False,-1.6397299766540527
603,603,20,-0.2729372978210449,False,0.18284034729003906,True,0.455777645111084,0.16199064254760742,0.43492794036865234,0.02084970474243164,0.1338176727294922,True,0.4067549705505371,0.049022674560546875,0.18312581380208334,0.4560631116231283,-0.0002854665120442801,0.16536235809326172,True,-0.12686634063720703
604,604,906,0.744840145111084,True,1.5307226181030273,True,0.7858824729919434,1.5347436904907226,0.7899035453796386,-0.004021072387695224,1.5531439781188965,True,0.8083038330078125,-0.02242136001586914,1.4673813184102376,0.7225411732991536,0.06334129969278979,1.483139991760254,True,0.9219546318054199
605,605,670,-6.5398783683776855,False,-6.012846946716309,False,0.527031421661377,-6.018453311920166,0.5214250564575194,0.0056063652038575995,-6.0033745765686035,False,0.536503791809082,-0.009472370147705078,-5.950130462646484,0.5897479057312012,-0.06271648406982422,-5.998047828674316,False,-6.397876739501953
606,606,734,3.8662657737731934,True,4.112068176269531,True,0.2458024024963379,4.185366630554199,0.31910085678100586,-0.07329845428466797,4.127872467041016,True,0.26160669326782227,-0.015804290771484375,4.1159030596415205,0.24963728586832712,-0.0038348833719892284,4.151701927185059,True,3.863983154296875
607,607,731,5.150486946105957,True,5.429502010345459,True,0.27901506423950195,5.402859687805176,0.25237274169921875,0.026642322540283203,5.403415203094482,True,0.2529282569885254,0.026086807250976562,5.458741346995036,0.30825440088907907,-0.02923933664957712,5.470413684844971,True,5.244193077087402
608,608,119,-0.4099912643432617,False,-0.016494274139404297,False,0.3934969902038574,-0.004122638702392578,0.4058686256408691,-0.012371635437011719,0.10134601593017578,True,0.5113372802734375,-0.11784029006958008,0.07595062255859375,0.48594188690185547,-0.09244489669799805,0.09569978713989258,True,-0.3185739517211914
609,609,145,1.2205443382263184,True,1.8673858642578125,True,0.6468415260314941,1.7192811012268066,0.4987367630004882,0.14810476303100595,1.8769540786743164,True,0.656409740447998,-0.009568214416503906,1.8511196772257488,0.6305753389994304,0.016266187032063728,1.8977046012878418,True,1.3352789878845215
610,610,755,1.81744384765625,True,2.0268964767456055,True,0.20945262908935547,2.016211414337158,0.19876756668090811,0.010685062408447354,2.0350375175476074,True,0.21759366989135742,-0.008141040802001953,2.0429368019104004,0.2254929542541504,-0.016040325164794922,2.038565158843994,True,1.8638386726379395
611,611,978,-0.39777183532714844,False,0.17165803909301758,True,0.569429874420166,0.12226533889770508,0.5200371742248535,0.0493927001953125,0.17066287994384766,True,0.5684347152709961,0.0009951591491699219,0.19893773396809897,0.5967095692952474,-0.02727969487508139,0.17702770233154297,True,-0.2829732894897461
612,612,49,4.812770843505859,True,5.122463226318359,True,0.3096923828125,5.0955479621887205,0.28277711868286115,0.02691526412963885,5.122201919555664,True,0.3094310760498047,0.0002613067626953125,5.15442689259847,0.3416560490926104,-0.03196366628011038,5.149435520172119,True,4.872592449188232
613,613,295,3.56772518157959,True,3.899629592895508,True,0.33190441131591797,3.8897091865539553,0.3219840049743654,0.009920406341552557,3.8974509239196777,True,0.3297257423400879,0.002178668975830078,3.893672466278076,0.32594728469848633,0.005957126617431641,3.8616647720336914,True,3.6045265197753906
614,614,43,-1.257502555847168,False,-0.6406574249267578,False,0.6168451309204102,-0.7678634643554687,0.48963909149169926,0.1272060394287109,-0.6091880798339844,False,0.6483144760131836,-0.03146934509277344,-0.6376746495564779,0.6198279062906901,-0.002982775370279911,-0.6010465621948242,False,-0.970850944519043
615,615,34,4.397744655609131,True,4.906242847442627,True,0.5084981918334961,4.853839492797851,0.45609483718872035,0.052403354644775746,5.036799907684326,True,0.6390552520751953,-0.13055706024169922,4.991675853729248,0.5939311981201172,-0.0854330062866211,4.951110363006592,True,4.5748209953308105
616,616,369,4.872490406036377,True,5.1716227531433105,True,0.2991323471069336,5.11950044631958,0.24701004028320295,0.052122306823730646,5.1661376953125,True,0.29364728927612305,0.005485057830810547,5.179425239562988,0.30693483352661133,-0.007802486419677734,5.183023929595947,True,5.06885290145874
617,617,249,-2.563425064086914,False,-2.113133430480957,False,0.45029163360595703,-2.202548694610596,0.3608763694763182,0.08941526412963885,-1.9784612655639648,False,0.5849637985229492,-0.1346721649169922,-2.042787710825602,0.520637353261312,-0.07034571965535497,-2.137864112854004,False,-2.3691201210021973
618,618,191,-1.569227695465088,False,-1.0177078247070312,False,0.5515198707580566,-0.9938745498657227,0.5753531455993652,-0.023833274841308594,-0.8376569747924805,False,0.7315707206726074,-0.18005084991455078,-0.9996665318806967,0.5695611635843912,-0.0180412928263346,-0.9867043495178223,False,-1.481062889099121
619,619,910,-0.39879322052001953,False,-0.2078571319580078,False,0.19093608856201172,-0.24658527374267578,0.15220794677734376,0.03872814178466796,-0.21714401245117188,False,0.18164920806884766,0.009286880493164062,-0.2020095189412435,0.19678370157877603,-0.005847613016764314,-0.20365428924560547,False,-0.3547782897949219
620,620,293,-4.3317413330078125,False,-3.804509162902832,False,0.5272321701049805,-3.822206401824951,0.5095349311828614,0.017697238922119052,-3.8367111682891846,False,0.49503016471862793,0.03220200538635254,-3.776357968648275,0.5553833643595376,-0.028151194254557144,-3.768224000930786,False,-4.192612648010254
621,621,99,1.1881628036499023,True,1.384775161743164,True,0.19661235809326172,1.3764628410339355,0.18830003738403311,0.008312320709228604,1.3618836402893066,True,0.1737208366394043,0.022891521453857422,1.422044277191162,0.23388147354125977,-0.03726911544799805,1.3446688652038574,True,1.2799482345581055
622,622,851,-2.868666648864746,False,-2.4109442234039307,False,0.45772242546081543,-2.3768009185791015,0.4918657302856446,-0.03414330482482919,-2.472010612487793,False,0.3966560363769531,0.061066389083862305,-2.4727211793263755,0.3959454695383706,0.06177695592244481,-2.4474704265594482,False,-2.721749782562256
623,623,85,-0.422060489654541,False,-0.11651420593261719,False,0.30554628372192383,-0.1453571319580078,0.2767033576965332,0.028842926025390625,-0.09745454788208008,False,0.32460594177246094,-0.01905965805053711,-0.09371805191040039,0.3283424377441406,-0.022796154022216797,-0.12260627746582031,False,-0.31458187103271484
624,624,331,1.3101329803466797,True,2.1360201835632324,True,0.8258872032165527,2.014881706237793,0.7047487258911134,0.12113847732543936,2.107532024383545,True,0.7973990440368652,0.0284881591796875,2.0797858238220215,0.7696528434753418,0.05623435974121094,2.0449280738830566,True,1.5424346923828125
625,625,427,6.423771858215332,True,6.696409225463867,True,0.27263736724853516,6.670240116119385,0.2464682579040529,0.026169109344482244,6.696160316467285,True,0.2723884582519531,0.00024890899658203125,6.6956634521484375,0.27189159393310547,0.0007457733154296875,6.6984543800354,True,6.488511562347412
626,626,796,-2.509549140930176,False,-1.8928136825561523,False,0.6167354583740234,-1.890678596496582,0.6188705444335938,-0.002135086059570357,-1.8995447158813477,False,0.6100044250488281,0.0067310333251953125,-1.890114466349284,0.6194346745808919,-0.0026992162068684156,-1.8650164604187012,False,-2.4146265983581543
627,627,42,1.8091826438903809,True,2.5484323501586914,True,0.7392497062683105,2.4936358451843263,0.6844532012939455,0.05479650497436506,2.5937981605529785,True,0.7846155166625977,-0.04536581039428711,2.6594831148783364,0.8503004709879556,-0.11105076471964503,2.6122450828552246,True,1.9004631042480469
628,628,408,5.539546966552734,True,5.794663429260254,True,0.25511646270751953,5.773692321777344,0.23414535522460955,0.02097110748290998,5.765508651733398,True,0.22596168518066406,0.02915477752685547,5.814718246459961,0.27517127990722656,-0.02005481719970703,5.821334362030029,True,5.6344380378723145
629,629,882,1.1792941093444824,True,1.7135043144226074,True,0.534210205078125,1.767160987854004,0.5878668785095216,-0.05365667343139657,1.88856840133667,True,0.7092742919921875,-0.1750640869140625,1.8054707845052083,0.6261766751607258,-0.09196647008260084,1.7730226516723633,True,1.2024083137512207
630,630,103,2.3660717010498047,True,2.694305896759033,True,0.3282341957092285,2.656878185272217,0.2908064842224123,0.03742771148681623,2.677429676055908,True,0.3113579750061035,0.016876220703125,2.651701291402181,0.28562959035237645,0.042604605356852066,2.6328086853027344,True,2.4432826042175293
631,631,41,-3.1933441162109375,False,-2.6363449096679688,False,0.5569992065429688,-2.717302131652832,0.47604198455810565,0.0809572219848631,-2.678696632385254,False,0.5146474838256836,0.042351722717285156,-2.642411708831787,0.5509324073791504,0.006066799163818359,-2.683258056640625,False,-3.056816577911377
632,632,262,1.790389060974121,True,2.1186442375183105,True,0.32825517654418945,2.109965705871582,0.31957664489746085,0.008678531646728604,2.1672544479370117,True,0.3768653869628906,-0.04861021041870117,2.131431261698405,0.3410422007242837,-0.012787024180094253,2.1271286010742188,True,1.950063705444336
633,633,970,-2.173119068145752,False,-1.7611231803894043,False,0.41199588775634766,-1.724972915649414,0.44814615249633794,-0.03615026473999028,-1.7596039772033691,False,0.4135150909423828,-0.0015192031860351562,-1.758371353149414,0.4147477149963379,-0.0027518272399902344,-1.812263011932373,False,-2.140028476715088
634,634,663,2.750331401824951,True,3.216966152191162,True,0.46663475036621094,3.1982622146606445,0.44793081283569336,0.018703937530517578,3.307647228240967,True,0.5573158264160156,-0.09068107604980469,3.271531899770101,0.5212004979451499,-0.05456574757893895,3.231757640838623,True,2.8944144248962402
635,635,39,2.155703544616699,True,2.575294017791748,True,0.41959047317504883,2.5551546096801756,0.3994510650634764,0.020139408111572443,2.604555130004883,True,0.4488515853881836,-0.029261112213134766,2.606586774190267,0.45088322957356786,-0.03129275639851903,2.5389270782470703,True,2.326411247253418
636,636,341,0.09114837646484375,True,0.2541170120239258,True,0.16296863555908203,0.23752059936523437,0.14637222290039062,0.016596412658691412,0.25785255432128906,True,0.1667041778564453,-0.0037355422973632812,0.2579638163248698,0.16681543986002606,-0.003846804300944029,0.25644493103027344,True,0.16631221771240234
637,637,289,3.1800856590270996,True,3.3744845390319824,True,0.1943988800048828,3.4728819847106935,0.2927963256835939,-0.09839744567871112,3.503139019012451,True,0.32305335998535156,-0.12865447998046875,3.4421871503194175,0.26210149129231786,-0.06770261128743504,3.437310218811035,True,3.160836696624756
638,638,575,-1.2731132507324219,False,-1.0904827117919922,False,0.1826305389404297,-1.096123504638672,0.17698974609374996,0.005640792846679732,-1.0943384170532227,False,0.17877483367919922,0.0038557052612304688,-1.0619125366210938,0.21120071411132812,-0.028570175170898438,-1.074300765991211,False,-1.2328681945800781
639,639,582,1.4747180938720703,True,1.6035547256469727,True,0.12883663177490234,1.6078828811645507,0.13316478729248038,-0.004328155517578036,1.592386245727539,True,0.11766815185546875,0.011168479919433594,1.6044057210286458,0.12968762715657545,-0.0008509953816731031,1.5984077453613281,True,1.4966497421264648
640,640,703,0.869903564453125,True,1.2590012550354004,True,0.3890976905822754,1.2747564315795898,0.40485286712646484,-0.015755176544189453,1.4196209907531738,True,0.5497174263000488,-0.16061973571777344,1.3250935872395833,0.45519002278645826,-0.06609233220418287,1.3095297813415527,True,1.0343470573425293
641,641,323,3.9381027221679688,True,4.252679824829102,True,0.3145771026611328,4.2760085105896,0.3379057884216312,-0.023328685760498402,4.272857189178467,True,0.33475446701049805,-0.020177364349365234,4.276143391927083,0.3380406697591143,-0.023463567097981475,4.27105188369751,True,4.060635089874268
642,642,170,5.061703681945801,True,5.424212455749512,True,0.36250877380371094,5.403621196746826,0.3419175148010254,0.020591259002685547,5.359983921051025,True,0.2982802391052246,0.06422853469848633,5.346645514170329,0.2849418322245283,0.07756694157918265,5.327325820922852,True,5.123449325561523
643,643,259,-2.8209879398345947,False,-2.250877857208252,False,0.5701100826263428,-2.3303935050964357,0.490594434738159,0.07951564788818377,-2.276308536529541,False,0.5446794033050537,0.025430679321289062,-2.191094080607096,0.6298938592274985,-0.05978377660115575,-2.162259578704834,False,-2.711578130722046
644,644,895,4.305565357208252,True,4.525632381439209,True,0.22006702423095703,4.550777244567871,0.24521188735961896,-0.025144863128661932,4.535036087036133,True,0.22947072982788086,-0.009403705596923828,4.554470221201579,0.24890486399332712,-0.028837839762370088,4.560181617736816,True,4.419384002685547
645,645,242,-1.519162654876709,False,-1.0064730644226074,False,0.5126895904541016,-0.9824990272521973,0.5366636276245117,-0.023974037170410134,-0.9588513374328613,False,0.5603113174438477,-0.047621726989746094,-0.9445540110270182,0.5746086438496908,-0.06191905339558923,-0.9363832473754883,False,-1.334805965423584
646,646,571,5.56931209564209,True,5.7800092697143555,True,0.21069717407226562,5.793481540679932,0.22416944503784197,-0.01347227096557635,5.756646156311035,True,0.1873340606689453,0.023363113403320312,5.77149772644043,0.20218563079833984,0.008511543273925781,5.766120910644531,True,5.6753973960876465
647,647,302,-4.591832160949707,False,-4.13812255859375,False,0.45370960235595703,-4.179047107696533,0.41278505325317383,0.0409245491027832,-4.075940132141113,False,0.5158920288085938,-0.06218242645263672,-4.1121147473653155,0.47971741358439157,-0.02600781122843454,-4.152470588684082,False,-4.45822811126709
648,648,46,-3.718242645263672,False,-3.480241298675537,False,0.23800134658813477,-3.4293456077575684,0.2888970375061035,-0.05089569091796875,-3.375411033630371,False,0.3428316116333008,-0.10483026504516602,-3.4359424908955893,0.28230015436808253,-0.04429880777994777,-3.4149160385131836,False,-3.6326632499694824
649,649,322,5.634268760681152,True,5.808683395385742,True,0.17441463470458984,5.8061260223388675,0.1718572616577152,0.0025573730468746447,5.798476696014404,True,0.16420793533325195,0.01020669937133789,5.816774050394694,0.18250528971354196,-0.008090655008952119,5.814939498901367,True,5.7169599533081055
650,650,492,-4.172626495361328,False,-3.5970118045806885,False,0.5756146907806396,-3.5957001209259034,0.5769263744354247,-0.0013116836547850674,-3.5590391159057617,False,0.6135873794555664,-0.03797268867492676,-3.578962246576945,0.5936642487843833,-0.018049558003743638,-3.6520016193389893,False,-4.063924789428711
651,651,773,2.666505813598633,True,2.9890666007995605,True,0.32256078720092773,3.011532211303711,0.34502639770507804,-0.022465610504150302,3.088818073272705,True,0.42231225967407227,-0.09975147247314453,3.043546994527181,0.3770411809285483,-0.05448039372762059,3.0070877075195312,True,2.7161612510681152
652,652,300,-7.841700077056885,False,-7.185799598693848,False,0.6559004783630371,-7.291184902191162,0.5505151748657227,0.10538530349731445,-7.153247833251953,False,0.6884522438049316,-0.03255176544189453,-7.179758071899414,0.6619420051574707,-0.006041526794433594,-7.165046691894531,False,-7.615416526794434
653,653,985,-6.929253101348877,False,-6.6741533279418945,False,0.2550997734069824,-6.698233985900879,0.2310191154479977,0.02408065795898473,-6.688188552856445,False,0.24106454849243164,0.014035224914550781,-6.658624807993571,0.2706282933553057,-0.015528519948323272,-6.671387672424316,False,-6.857458591461182
654,654,488,2.473051071166992,True,2.881744861602783,True,0.408693790435791,2.9018099784851072,0.42875890731811506,-0.02006511688232404,2.9475131034851074,True,0.47446203231811523,-0.06576824188232422,2.9469265937805176,0.4738755226135254,-0.06518173217773438,2.9350271224975586,True,2.5920772552490234
655,655,683,0.5658769607543945,True,1.3977203369140625,True,0.831843376159668,1.2840182304382324,0.7181412696838378,0.11370210647583012,1.3089056015014648,True,0.7430286407470703,0.08881473541259766,1.5799010594685872,1.0140240987141926,-0.18218072255452467,1.5310311317443848,True,0.741546630859375
656,656,6,1.2447171211242676,True,1.693591594696045,True,0.44887447357177734,1.6706374168395997,0.4259202957153321,0.022954177856445268,1.6870536804199219,True,0.4423365592956543,0.006537914276123047,1.6833653450012207,0.4386482238769531,0.010226249694824219,1.6970725059509277,True,1.362520694732666
657,657,874,-0.44050168991088867,False,-0.36818981170654297,False,0.0723118782043457,-0.36575946807861326,0.07474222183227541,-0.0024303436279297097,-0.36692380905151367,False,0.073577880859375,-0.0012660026550292969,-0.35733970006306964,0.08316198984781903,-0.010850111643473326,-0.3605189323425293,False,-0.43218564987182617
658,658,192,2.3461785316467285,True,2.587667942047119,True,0.24148941040039062,2.5762399673461913,0.2300614356994628,0.011427974700927823,2.575862407684326,True,0.22968387603759766,0.011805534362792969,2.559254010518392,0.21307547887166356,0.028413931528727066,2.531402587890625,True,2.429654121398926
659,659,172,2.1228017807006836,True,2.4587159156799316,True,0.33591413497924805,2.448754978179932,0.3259531974792482,0.009960937499999822,2.474435329437256,True,0.35163354873657227,-0.01571941375732422,2.485340118408203,0.36253833770751953,-0.026624202728271484,2.460108757019043,True,2.255049228668213
660,660,668,-3.3836865425109863,False,-3.0118250846862793,False,0.37186145782470703,-3.004040241241455,0.37964630126953125,-0.007784843444824219,-3.0026988983154297,False,0.38098764419555664,-0.00912618637084961,-3.0285183588663735,0.3551681836446128,0.016693274180094253,-2.9956793785095215,False,-3.269486904144287
661,661,892,3.6363110542297363,True,4.072535037994385,True,0.43622398376464844,4.104007148742676,0.4676960945129398,-0.03147211074829137,4.144128322601318,True,0.507817268371582,-0.0715932846069336,4.089346249898274,0.4530351956685381,-0.016811211903889678,4.144099712371826,True,3.7130942344665527
662,662,638,-2.0926713943481445,False,-1.4396295547485352,False,0.6530418395996094,-1.468272590637207,0.6243988037109376,0.028643035888671786,-1.4076294898986816,False,0.6850419044494629,-0.032000064849853516,-1.419795831044515,0.6728755633036296,-0.019833723704020256,-1.43196439743042,False,-1.7419781684875488
663,663,577,1.5450387001037598,True,2.2252049446105957,True,0.6801662445068359,2.2127167701721193,0.6676780700683596,0.012488174438476385,2.183351993560791,True,0.6383132934570312,0.04185295104980469,2.293313185373942,0.7482744852701821,-0.0681082407633462,2.2970118522644043,True,1.6161389350891113
664,664,626,-3.3503451347351074,False,-2.8494057655334473,False,0.5009393692016602,-2.912470245361328,0.4378748893737794,0.06306447982788077,-2.774763584136963,False,0.5755815505981445,-0.07464218139648438,-2.8260316848754883,0.5243134498596191,-0.023374080657958984,-2.838355541229248,False,-3.0871682167053223
665,665,893,0.1562180519104004,True,0.8734712600708008,True,0.7172532081604004,0.759134578704834,0.6029165267944336,0.11433668136596675,0.9294328689575195,True,0.7732148170471191,-0.05596160888671875,0.9086290995279948,0.7524110476175944,-0.03515783945719397,0.8822894096374512,True,0.35132360458374023
666,666,572,-0.7005486488342285,False,-0.24737024307250977,False,0.45317840576171875,-0.2497014045715332,0.4508472442626953,0.002331161499023432,-0.21430206298828125,False,0.48624658584594727,-0.033068180084228516,-0.12739388147989908,0.5731547673543295,-0.11997636159261069,-0.1033468246459961,False,-0.4976673126220703
667,667,61,-0.724668025970459,False,-0.5676259994506836,False,0.1570420265197754,-0.5600980758666992,0.16456995010375974,-0.007527923583984353,-0.5661849975585938,False,0.15848302841186523,-0.0014410018920898438,-0.5501753489176432,0.1744926770528158,-0.0174506505330404,-0.5608348846435547,False,-0.6828079223632812
668,668,493,4.9961323738098145,True,5.249538898468018,True,0.2534065246582031,5.257163333892822,0.26103096008300763,-0.00762443542480451,5.2271599769592285,True,0.23102760314941406,0.022378921508789062,5.261686484018962,0.26555411020914743,-0.012147585550944306,5.2356061935424805,True,5.032537937164307
669,669,739,-3.163588047027588,False,-2.829035758972168,False,0.3345522880554199,-2.861245536804199,0.30234251022338876,0.03220977783203116,-2.857109546661377,False,0.30647850036621094,0.028073787689208984,-2.8157501220703125,0.3478379249572754,-0.013285636901855469,-2.7811331748962402,False,-3.0795040130615234
670,670,377,-2.929378032684326,False,-1.8012323379516602,False,1.128145694732666,-1.8706977844238282,1.058680248260498,0.06946544647216801,-1.7952680587768555,False,1.1341099739074707,-0.0059642791748046875,-1.6924974123636882,1.236880620320638,-0.10873492558797193,-1.738004207611084,False,-2.7801060676574707
671,671,926,1.84718656539917,True,2.244753360748291,True,0.3975667953491211,2.235462474822998,0.38827590942382795,0.009290885925293146,2.3116679191589355,True,0.4644813537597656,-0.06691455841064453,2.309145450592041,0.4619588851928711,-0.06439208984375,2.3208279609680176,True,2.017533779144287
672,672,933,-1.3741192817687988,False,-0.8316268920898438,False,0.5424923896789551,-0.8316112518310547,0.5425080299377442,-1.5640258789084704e-05,-0.7346863746643066,False,0.6394329071044922,-0.09694051742553711,-0.7984849611918131,0.5756343205769857,-0.033141930898030636,-0.8008289337158203,False,-1.2407493591308594
673,673,574,-4.519620895385742,False,-3.9484596252441406,False,0.5711612701416016,-3.9515625,0.5680583953857421,0.003102874755859464,-3.8457040786743164,False,0.6739168167114258,-0.10275554656982422,-3.8598925272623696,0.6597283681233725,-0.08856709798177098,-3.9200925827026367,False,-4.245278835296631
674,674,939,6.287552833557129,True,6.74594259262085,True,0.4583897590637207,6.657321166992188,0.36976833343505877,0.08862142562866193,6.773308277130127,True,0.48575544357299805,-0.027365684509277344,6.783243974049886,0.49569114049275687,-0.03730138142903616,6.7551422119140625,True,6.397640705108643
675,675,960,0.3849024772644043,True,0.8704237937927246,True,0.4855213165283203,0.8690643310546875,0.4841618537902832,0.0013594627380371094,0.9625096321105957,True,0.5776071548461914,-0.0920858383178711,0.9895270665486654,0.6046245892842611,-0.11910327275594079,0.9283146858215332,True,0.4819169044494629
676,676,720,5.486556053161621,True,5.880523204803467,True,0.3939671516418457,5.860465145111084,0.37390909194946254,0.020058059692383168,5.8537116050720215,True,0.3671555519104004,0.026811599731445312,5.887332439422607,0.40077638626098633,-0.006809234619140625,5.874557971954346,True,5.600636959075928
677,677,847,-0.28900814056396484,False,0.13143301010131836,True,0.4204411506652832,0.18557424545288087,0.4745823860168457,-0.05414123535156251,0.19144964218139648,True,0.48045778274536133,-0.060016632080078125,0.20470952987670898,0.49371767044067383,-0.07327651977539062,0.1671009063720703,True,-0.27470827102661133
678,678,274,3.818230152130127,True,4.069514751434326,True,0.2512845993041992,4.090455532073975,0.27222537994384766,-0.020940780639648438,4.168107032775879,True,0.34987688064575195,-0.09859228134155273,4.130416393280029,0.31218624114990234,-0.060901641845703125,4.059036731719971,True,3.972353458404541
679,679,231,1.0937681198120117,True,1.4851045608520508,True,0.39133644104003906,1.5002134323120118,0.40644531250000004,-0.015108871459960982,1.4764575958251953,True,0.3826894760131836,0.008646965026855469,1.5323899586995442,0.4386218388875325,-0.047285397847493416,1.5018835067749023,True,1.2836103439331055
680,680,481,-1.039198398590088,False,-0.6606183052062988,False,0.37858009338378906,-0.6624081611633301,0.37679023742675777,0.0017898559570312944,-0.7513585090637207,False,0.2878398895263672,0.09074020385742188,-0.7310805320739746,0.3081178665161133,0.07046222686767578,-0.7300314903259277,False,-0.873011589050293
681,681,784,0.9763522148132324,True,1.1104841232299805,True,0.13413190841674805,1.103707218170166,0.1273550033569335,0.006776905059814542,1.1057696342468262,True,0.12941741943359375,0.004714488983154297,1.106547514597575,0.13019529978434252,0.003936608632405525,1.1099729537963867,True,1.0405364036560059
682,682,91,4.061534404754639,True,4.208498954772949,True,0.14696455001831055,4.225824546813965,0.16429014205932635,-0.017325592041015803,4.224879741668701,True,0.1633453369140625,-0.016380786895751953,4.2386579513549805,0.1771235466003418,-0.03015899658203125,4.243767738342285,True,4.077821731567383
683,683,695,-5.924083709716797,False,-5.722806930541992,False,0.2012767791748047,-5.6978551864624025,0.22622852325439435,-0.024951744079589666,-5.662477970123291,False,0.26160573959350586,-0.06032896041870117,-5.670652707417806,0.2534310022989912,-0.052154223124186494,-5.70684289932251,False,-5.851280689239502
684,684,930,4.584964275360107,True,4.928612232208252,True,0.34364795684814453,4.942545795440674,0.35758152008056676,-0.01393356323242223,5.032455921173096,True,0.4474916458129883,-0.10384368896484375,5.026071389516194,0.44110711415608694,-0.09745915730794241,5.073835849761963,True,4.700974941253662
685,685,691,6.250571250915527,True,6.463493347167969,True,0.2129220962524414,6.469443416595459,0.21887216567993129,-0.005950069427489879,6.47287654876709,True,0.2223052978515625,-0.009383201599121094,6.4861954053243,0.2356241544087725,-0.022702058156331084,6.482073783874512,True,6.33432674407959
686,686,841,-0.41021251678466797,False,0.06216144561767578,True,0.47237396240234375,0.15200214385986327,0.5622146606445313,-0.08984069824218749,0.15633869171142578,True,0.5665512084960938,-0.09417724609375,0.08984645207722981,0.5000589688618978,-0.027685006459554032,0.08871221542358398,True,-0.2920417785644531
687,687,905,3.2875452041625977,True,3.5983500480651855,True,0.3108048439025879,3.5743014335632326,0.28675622940063494,0.024048614501952947,3.587221622467041,True,0.29967641830444336,0.011128425598144531,3.599724610646566,0.31217940648396825,-0.0013745625813803564,3.5801329612731934,True,3.3407397270202637
688,688,265,3.605327606201172,True,4.067554473876953,True,0.46222686767578125,4.069179630279541,0.4638520240783688,-0.0016251564025875354,4.095546722412109,True,0.4902191162109375,-0.02799224853515625,4.081736087799072,0.4764084815979004,-0.01418161392211914,4.1143388748168945,True,3.7492523193359375
689,689,958,1.0723271369934082,True,1.256840705871582,True,0.18451356887817383,1.2428704261779786,0.1705432891845704,0.013970279693603427,1.2501468658447266,True,0.17781972885131836,0.006693840026855469,1.26824951171875,0.1959223747253418,-0.011408805847167969,1.266798973083496,True,1.1223344802856445
690,690,741,-1.252671718597412,False,-0.5613512992858887,False,0.6913204193115234,-0.6664923667907715,0.5861793518066406,0.10514106750488283,-0.5369644165039062,False,0.7157073020935059,-0.024386882781982422,-0.4876510302225749,0.7650206883748372,-0.07370026906331378,-0.5184140205383301,False,-1.0151042938232422
691,691,992,3.9192166328430176,True,4.272497177124023,True,0.35328054428100586,4.229686737060547,0.3104701042175293,0.04281044006347656,4.2858710289001465,True,0.3666543960571289,-0.013373851776123047,4.252358754475911,0.3331421216328936,0.020138422648112275,4.240712642669678,True,4.02736234664917
692,692,296,1.780013084411621,True,2.125119209289551,True,0.3451061248779297,2.1436792373657227,0.36366615295410165,-0.018560028076171964,2.2122750282287598,True,0.43226194381713867,-0.08715581893920898,2.1836495399475098,0.40363645553588867,-0.058530330657958984,2.1509342193603516,True,1.908310890197754
693,693,482,-1.1781845092773438,False,-1.0022926330566406,False,0.17589187622070312,-1.017641258239746,0.1605432510375977,0.015348625183105424,-1.0219006538391113,False,0.15628385543823242,0.019608020782470703,-1.0134113629659016,0.16477314631144213,0.011118729909260994,-1.0176982879638672,False,-1.1129388809204102
694,694,977,-0.21466064453125,False,0.2631034851074219,True,0.4777641296386719,0.3080617904663086,0.5227224349975585,-0.04495830535888673,0.23241043090820312,True,0.4470710754394531,0.03069305419921875,0.30558045705159503,0.520241101582845,-0.04247697194417316,0.3198862075805664,True,-0.20646095275878906
695,695,549,0.4273819923400879,True,0.8341670036315918,True,0.4067850112915039,0.7483954429626465,0.3210134506225586,0.08577156066894531,0.777313232421875,True,0.3499312400817871,0.0568537712097168,0.7861857414245605,0.35880374908447266,0.04798126220703125,0.7782645225524902,True,0.6615629196166992
696,696,646,-0.8831086158752441,False,-0.45063018798828125,False,0.4324784278869629,-0.400118350982666,0.4829902648925781,-0.050511837005615234,-0.4385104179382324,False,0.4445981979370117,-0.012119770050048828,-0.35033178329467773,0.5327768325805664,-0.10029840469360352,-0.36814212799072266,False,-0.7245182991027832
697,697,881,3.2637839317321777,True,3.62623929977417,True,0.3624553680419922,3.5800923347473144,0.31630840301513663,0.04614696502685556,3.5867886543273926,True,0.32300472259521484,0.039450645446777344,3.658015727996826,0.39423179626464844,-0.03177642822265625,3.6021804809570312,True,3.423407554626465
698,698,768,3.558520793914795,True,4.041322708129883,True,0.4828019142150879,3.9442888259887696,0.3857680320739747,0.09703388214111319,4.078595161437988,True,0.5200743675231934,-0.03727245330810547,4.078010718027751,0.519489924112956,-0.036688009897868135,4.054149627685547,True,3.7420482635498047
699,699,340,4.698222637176514,True,4.892096996307373,True,0.19387435913085938,4.9015869140625,0.20336427688598668,-0.009489917755127308,4.93893575668335,True,0.24071311950683594,-0.04683876037597656,4.894049644470215,0.19582700729370117,-0.0019526481628417969,4.893324851989746,True,4.738534450531006
700,700,471,0.0964822769165039,True,0.5697436332702637,True,0.47326135635375977,0.549526309967041,0.4530440330505371,0.02021732330322268,0.6407599449157715,True,0.5442776679992676,-0.07101631164550781,0.6930383046468099,0.596556027730306,-0.12329467137654626,0.6410236358642578,True,0.33063650131225586
701,701,35,4.663809776306152,True,4.847180366516113,True,0.18337059020996094,4.8457671165466305,0.18195734024047816,0.0014132499694827771,4.874663829803467,True,0.21085405349731445,-0.027483463287353516,4.861100355784099,0.19729057947794626,-0.013919989267985322,4.863767623901367,True,4.741788387298584
702,702,712,0.22607946395874023,True,0.45949840545654297,True,0.23341894149780273,0.4410144805908203,0.2149350166320801,0.018483924865722645,0.4513559341430664,True,0.22527647018432617,0.008142471313476562,0.47517649332682294,0.2490970293680827,-0.015678087870279966,0.46928930282592773,True,0.24679946899414062
703,703,580,2.2634782791137695,True,2.644198417663574,True,0.3807201385498047,2.640695667266846,0.37721738815307626,0.003502750396728427,2.687619209289551,True,0.42414093017578125,-0.04342079162597656,2.709774971008301,0.44629669189453125,-0.06557655334472656,2.688602924346924,True,2.4397597312927246
704,704,32,0.005830287933349609,True,1.0737719535827637,True,1.067941665649414,1.0014214515686035,0.9955911636352539,0.07235050201416016,1.1201071739196777,True,1.1142768859863281,-0.04633522033691406,1.1469974517822266,1.141167163848877,-0.07322549819946289,1.0777802467346191,True,0.38956594467163086
705,705,619,1.5989346504211426,True,1.9542150497436523,True,0.35528039932250977,2.000522422790527,0.4015877723693846,-0.04630737304687482,1.9735174179077148,True,0.37458276748657227,-0.0193023681640625,1.9552453358968098,0.35631068547566724,-0.001030286153157478,1.9644412994384766,True,1.6947498321533203
706,706,767,1.4180655479431152,True,1.8405499458312988,True,0.4224843978881836,1.7916637420654298,0.37359819412231454,0.04888620376586905,1.836510181427002,True,0.4184446334838867,0.004039764404296875,1.8591402371724446,0.44107468922932935,-0.01859029134114576,1.8390636444091797,True,1.51332426071167
707,707,391,0.9621357917785645,True,1.432565689086914,True,0.4704298973083496,1.4161550521850585,0.4540192604064941,0.016410636901855513,1.3685979843139648,True,0.4064621925354004,0.06396770477294922,1.5068265597025554,0.544690767923991,-0.07426087061564135,1.4511942863464355,True,0.9976973533630371
708,708,513,0.7900533676147461,True,1.1270027160644531,True,0.33694934844970703,1.115158748626709,0.32510538101196285,0.011843967437744185,1.165229320526123,True,0.37517595291137695,-0.03822660446166992,1.1916901270548503,0.40163675944010424,-0.06468741099039721,1.1260366439819336,True,0.9415693283081055
709,709,143,-2.2998995780944824,False,-1.9137272834777832,False,0.3861722946166992,-1.8931668281555176,0.4067327499389648,-0.02056045532226558,-1.9049196243286133,False,0.39497995376586914,-0.008807659149169922,-1.9199395179748535,0.3799600601196289,0.0062122344970703125,-1.9375500679016113,False,-2.2016077041625977
710,710,116,-1.5166826248168945,False,-0.8824577331542969,False,0.6342248916625977,-0.8417790412902832,0.6749035835266113,-0.04067869186401363,-0.8946800231933594,False,0.6220026016235352,0.0122222900390625,-0.8506112098693848,0.6660714149475098,-0.03184652328491211,-0.907684326171875,False,-1.435018539428711
711,711,643,-0.5291957855224609,False,-0.03367137908935547,False,0.49552440643310547,-0.061598587036132815,0.46759719848632814,0.027927207946777347,0.009332656860351562,True,0.5385284423828125,-0.04300403594970703,0.01975409189860026,0.5489498774210612,-0.053425470987955734,-0.0152740478515625,False,-0.3789358139038086
712,712,898,-0.16283464431762695,False,0.41750001907348633,True,0.5803346633911133,0.361329174041748,0.524163818359375,0.0561708450317383,0.3048872947692871,True,0.46772193908691406,0.11261272430419922,0.39241615931193036,0.5552508036295574,0.02508385976155597,0.3796267509460449,True,0.049054622650146484
713,713,151,3.3844056129455566,True,3.601344108581543,True,0.21693849563598633,3.5800287246704103,0.1956231117248537,0.021315383911132635,3.629870891571045,True,0.24546527862548828,-0.028526782989501953,3.6133766174316406,0.22897100448608398,-0.012032508850097656,3.605356216430664,True,3.52762508392334
714,714,281,2.165713310241699,True,2.453598976135254,True,0.2878856658935547,2.4713342666625975,0.30562095642089826,-0.017735290527343572,2.4568891525268555,True,0.29117584228515625,-0.0032901763916015625,2.461521784464518,0.29580847422281886,-0.007922808329264175,2.449054718017578,True,2.210477828979492
715,715,288,-5.189570426940918,False,-4.794785022735596,False,0.39478540420532227,-4.772193717956543,0.4173767089843752,-0.022591304779052912,-4.789735794067383,False,0.39983463287353516,-0.005049228668212891,-4.791732311248779,0.39783811569213867,-0.0030527114868164062,-4.79937744140625,False,-5.136970043182373
716,716,707,1.2196688652038574,True,1.4110350608825684,True,0.19136619567871094,1.416999626159668,0.1973307609558106,-0.005964565277099654,1.4262051582336426,True,0.20653629302978516,-0.015170097351074219,1.4056315422058105,0.18596267700195312,0.0054035186767578125,1.3963203430175781,True,1.275853157043457
717,717,166,-0.020467758178710938,False,0.35215282440185547,True,0.3726205825805664,0.37004756927490234,0.3905153274536133,-0.017894744873046875,0.37355995178222656,True,0.3940277099609375,-0.021407127380371094,0.40961964925130206,0.430087407430013,-0.057466824849446596,0.3432178497314453,True,0.032108306884765625
718,718,943,-1.249135971069336,False,-1.0163779258728027,False,0.2327580451965332,-1.0200642585754394,0.22907171249389657,0.00368633270263663,-1.0044569969177246,False,0.24467897415161133,-0.011920928955078125,-0.9784693717956543,0.27066659927368164,-0.03790855407714844,-1.009218692779541,False,-1.217707633972168
719,719,358,3.7800655364990234,True,4.180111885070801,True,0.40004634857177734,4.184320068359375,0.4042545318603512,-0.0042081832885738635,4.244787693023682,True,0.4647221565246582,-0.06467580795288086,4.196437040964763,0.41637150446573923,-0.016325155893961885,4.202096939086914,True,3.8509159088134766
720,720,750,-1.4564809799194336,False,-0.8125758171081543,False,0.6439051628112793,-0.8176542282104492,0.6388267517089844,0.0050784111022949,-0.6794719696044922,False,0.7770090103149414,-0.1331038475036621,-0.7207895914713541,0.7356913884480795,-0.09178622563680017,-0.790369987487793,False,-1.1653976440429688
721,721,609,-0.2550206184387207,False,0.5141077041625977,True,0.7691283226013184,0.4663431167602539,0.7213637351989746,0.04776458740234374,0.5536227226257324,True,0.8086433410644531,-0.039515018463134766,0.5923236211140951,0.8473442395528158,-0.07821591695149743,0.584867000579834,True,0.1341404914855957
722,722,999,1.7922015190124512,True,2.243983268737793,True,0.4517817497253418,2.186644268035889,0.3944427490234377,0.05733900070190412,2.240525245666504,True,0.44832372665405273,0.0034580230712890625,2.2187158266703286,0.42651430765787746,0.02526744206746434,2.2122321128845215,True,1.9770503044128418
723,723,887,4.930679798126221,True,5.208017826080322,True,0.27733802795410156,5.203699016571045,0.2730192184448246,0.0043188095092769885,5.211205959320068,True,0.28052616119384766,-0.0031881332397460938,5.211872418721517,0.28119262059529593,-0.0038545926411943654,5.1964874267578125,True,5.007009983062744
724,724,135,2.291975498199463,True,2.5279650688171387,True,0.23598957061767578,2.5120375633239744,0.22006206512451154,0.01592750549316424,2.542262554168701,True,0.2502870559692383,-0.0142974853515625,2.539311250050863,0.2473357518513999,-0.011346181233724106,2.539907455444336,True,2.3531675338745117
725,725,546,-0.8453316688537598,False,-0.3698434829711914,False,0.47548818588256836,-0.37270345687866213,0.47262821197509763,0.0028599739074707253,-0.3413124084472656,False,0.5040192604064941,-0.02853107452392578,-0.3049955368041992,0.5403361320495605,-0.06484794616699219,-0.33571338653564453,False,-0.615236759185791
726,726,402,4.172684192657471,True,4.6219587326049805,True,0.44927453994750977,4.638169288635254,0.4654850959777832,-0.016210556030273438,4.647303104400635,True,0.47461891174316406,-0.025344371795654297,4.67954667409261,0.5068624814351397,-0.05758794148762991,4.658153533935547,True,4.221473693847656
727,727,202,4.332546234130859,True,4.786744594573975,True,0.45419836044311523,4.747155666351318,0.414609432220459,0.03958892822265625,4.736245632171631,True,0.4036993980407715,0.05049896240234375,4.919948895772298,0.5874026616414385,-0.13320430119832327,4.825350761413574,True,4.586639881134033
728,728,639,-6.436849594116211,False,-5.770249366760254,False,0.666600227355957,-5.893593883514404,0.543255710601807,0.12334451675415004,-5.768454551696777,False,0.6683950424194336,-0.0017948150634765625,-5.749514102935791,0.6873354911804199,-0.02073526382446289,-5.7914276123046875,False,-6.197538375854492
729,729,560,0.016734600067138672,True,0.4675278663635254,True,0.4507932662963867,0.4838126182556152,0.46707801818847655,-0.016284751892089833,0.556671142578125,True,0.5399365425109863,-0.08914327621459961,0.4817611376444499,0.4650265375773112,-0.014233271280924498,0.4877142906188965,True,0.20483827590942383
730,730,348,-0.8334445953369141,False,-0.4477376937866211,False,0.38570690155029297,-0.4018223762512207,0.43162221908569337,-0.0459153175354004,-0.34411096572875977,False,0.4893336296081543,-0.10362672805786133,-0.47117122014363605,0.362273375193278,0.023433526357014955,-0.48314762115478516,False,-0.8135075569152832
731,731,785,-2.7791409492492676,False,-2.3040037155151367,False,0.47513723373413086,-2.279079627990723,0.5000613212585447,-0.024924087524413885,-2.239457607269287,False,0.5396833419799805,-0.06454610824584961,-2.3619755109151206,0.417165438334147,0.05797179539998387,-2.3689279556274414,False,-2.756539821624756
732,732,662,2.675628185272217,True,3.346860885620117,True,0.6712327003479004,3.2888461112976075,0.6132179260253907,0.05801477432250968,3.38356876373291,True,0.7079405784606934,-0.03670787811279297,3.356623331705729,0.6809951464335122,-0.009762446085611831,3.3383607864379883,True,2.851799488067627
733,733,816,-0.9976730346679688,False,-0.7382407188415527,False,0.259432315826416,-0.5928738594055176,0.4047991752624511,-0.1453668594360351,-0.6828699111938477,False,0.3148031234741211,-0.05537080764770508,-0.7798107465108236,0.21786228815714515,0.04157002766927087,-0.7256460189819336,False,-0.9524602890014648
734,734,399,3.4078054428100586,True,3.826190948486328,True,0.41838550567626953,3.8185176849365234,0.41071224212646484,0.0076732635498046875,3.856658458709717,True,0.4488530158996582,-0.030467510223388672,3.8802698453267417,0.4724644025166831,-0.05407889684041356,3.858682155609131,True,3.540867805480957
735,735,564,2.2042675018310547,True,2.3781142234802246,True,0.17384672164916992,2.363829231262207,0.15956172943115243,0.01428499221801749,2.3652992248535156,True,0.16103172302246094,0.012814998626708984,2.372205893198649,0.16793839136759425,0.005908330281575669,2.371119499206543,True,2.2794532775878906
736,736,79,5.133038520812988,True,5.5298309326171875,True,0.3967924118041992,5.525073146820068,0.3920346260070797,0.004757785797119496,5.547794342041016,True,0.41475582122802734,-0.017963409423828125,5.554093678792317,0.42105515797932913,-0.024262746175129912,5.511208534240723,True,5.221107482910156
737,737,839,-3.116276264190674,False,-2.4086294174194336,False,0.7076468467712402,-2.5120243072509765,0.6042519569396974,0.10339488983154288,-2.480565071105957,False,0.6357111930847168,0.07193565368652344,-2.362069050470988,0.754207213719686,-0.046560366948445786,-2.356375217437744,False,-2.795530080795288
738,738,632,1.842529296875,True,2.273629665374756,True,0.43110036849975586,2.2260116577148437,0.38348236083984366,0.0476180076599122,2.2600345611572266,True,0.41750526428222656,0.013595104217529297,2.2650532722473145,0.42252397537231445,0.008576393127441406,2.2237067222595215,True,1.8886752128601074
739,739,474,6.629095554351807,True,6.85076904296875,True,0.22167348861694336,6.8562219619750975,0.22712640762329084,-0.005452919006347479,6.915576934814453,True,0.2864813804626465,-0.06480789184570312,6.848654905954997,0.2195593516031904,0.002114137013752959,6.835912704467773,True,6.727755546569824
740,740,308,0.8930397033691406,True,0.9794759750366211,True,0.08643627166748047,1.0091518402099608,0.11611213684082022,-0.029675865173339755,0.9439420700073242,True,0.050902366638183594,0.035533905029296875,0.9577884674072266,0.06474876403808594,0.02168750762939453,0.8355450630187988,True,0.9207673072814941
741,741,94,1.7088351249694824,True,1.9869661331176758,True,0.27813100814819336,2.07041015625,0.3615750312805175,-0.08344402313232413,2.107606887817383,True,0.3987717628479004,-0.12064075469970703,2.0859177907307944,0.377082665761312,-0.09895165761311864,2.059375762939453,True,1.7514715194702148
742,742,965,0.13472843170166016,True,0.9677963256835938,True,0.8330678939819336,0.7767348289489746,0.6420063972473145,0.19106149673461914,0.9825587272644043,True,0.8478302955627441,-0.014762401580810547,0.9982080459594727,0.8634796142578125,-0.030411720275878906,0.8500862121582031,True,0.5303521156311035
743,743,222,-1.204338550567627,False,-0.9495539665222168,False,0.25478458404541016,-0.9597589492797851,0.24457960128784184,0.010204982757568315,-0.9626121520996094,False,0.24172639846801758,0.013058185577392578,-0.9524324735005697,0.25190607706705725,0.0028785069783529016,-0.9906091690063477,False,-1.1395835876464844
744,744,949,-4.61542272567749,False,-3.977945566177368,False,0.6374771595001221,-4.081859970092774,0.5335627555847164,0.10391440391540563,-4.019957542419434,False,0.5954651832580566,0.04201197624206543,-3.937511126200358,0.6779115994771323,-0.04043443997701024,-3.963517904281616,False,-4.409666061401367
745,745,610,-1.5451879501342773,False,-0.851402759552002,False,0.6937851905822754,-0.9278811454772949,0.6173068046569824,0.07647838592529299,-0.8509016036987305,False,0.6942863464355469,-0.0005011558532714844,-0.8665725390116373,0.67861541112264,0.01516977945963538,-0.8625597953796387,False,-1.3340916633605957
746,746,843,4.517611980438232,True,4.868844509124756,True,0.35123252868652344,4.882169342041015,0.36455736160278285,-0.01332483291625941,4.93182373046875,True,0.4142117500305176,-0.06297922134399414,4.946714878082275,0.42910289764404297,-0.07787036895751953,4.911894798278809,True,4.6230268478393555
747,747,419,-1.0614080429077148,False,-0.09545755386352539,False,0.9659504890441895,-0.20346364974975586,0.857944393157959,0.10800609588623047,0.09000873565673828,True,1.1514167785644531,-0.18546628952026367,0.014703591664632162,1.076111634572347,-0.11016114552815755,-0.1166539192199707,False,-0.8299040794372559
748,748,263,-2.2151083946228027,False,-1.5312976837158203,False,0.6838107109069824,-1.5565608024597168,0.6585475921630859,0.02526311874389653,-1.4685711860656738,False,0.7465372085571289,-0.06272649765014648,-1.490050474802653,0.7250579198201497,-0.041247208913167244,-1.4757795333862305,False,-1.9227986335754395
749,749,183,5.272311687469482,True,5.488696098327637,True,0.2163844108581543,5.53698959350586,0.2646779060363773,-0.04829349517822301,5.523642063140869,True,0.2513303756713867,-0.03494596481323242,5.560560703277588,0.28824901580810547,-0.07186460494995117,5.554131031036377,True,5.341542720794678
750,750,876,1.0568337440490723,True,1.181962013244629,True,0.12512826919555664,1.2222406387329101,0.16540689468383785,-0.040278625488281206,1.237879753112793,True,0.1810460090637207,-0.05591773986816406,1.2223118146260579,0.1654780705769856,-0.04034980138142896,1.2006282806396484,True,1.0247607231140137
751,751,375,-0.26166629791259766,False,0.9651150703430176,True,1.2267813682556152,0.7245098114013672,0.9861761093139648,0.2406052589416504,1.1433959007263184,True,1.405062198638916,-0.17828083038330078,1.0656102498372395,1.3272765477498372,-0.10049517949422193,1.0385346412658691,True,0.1625075340270996
752,752,694,2.0760655403137207,True,2.4199628829956055,True,0.34389734268188477,2.4208478927612305,0.34478235244750977,-0.000885009765625,2.347160816192627,True,0.27109527587890625,0.07280206680297852,2.3686232566833496,0.2925577163696289,0.05133962631225586,2.367037773132324,True,2.302298069000244
753,753,625,1.8693761825561523,True,2.4107894897460938,True,0.5414133071899414,2.419520950317383,0.5501447677612306,-0.008731460571289151,2.3985109329223633,True,0.5291347503662109,0.012278556823730469,2.440373261769613,0.5709970792134604,-0.029583772023519028,2.440903663635254,True,1.969162940979004
754,754,763,-2.0001492500305176,False,-1.7873344421386719,False,0.2128148078918457,-1.8050115585327149,0.1951376914978027,0.017677116394043013,-1.7914352416992188,False,0.20871400833129883,0.004100799560546875,-1.806640625,0.19350862503051758,0.019306182861328125,-1.8233528137207031,False,-1.9785575866699219
755,755,278,3.1139254570007324,True,3.3502345085144043,True,0.23630905151367188,3.334043502807617,0.22011804580688477,0.01619100570678711,3.3576126098632812,True,0.24368715286254883,-0.007378101348876953,3.3541296323140464,0.24020417531331395,-0.003895123799642075,3.3179268836975098,True,3.2385849952697754
756,756,798,-1.3944482803344727,False,-0.44088268280029297,False,0.9535655975341797,-0.6164604187011719,0.7779878616333008,0.17557773590087888,-0.2810220718383789,False,1.1134262084960938,-0.15986061096191406,-0.39826377232869464,0.9961845080057781,-0.042618910471598326,-0.3957509994506836,False,-1.2823939323425293
757,757,378,3.045738697052002,True,3.7434277534484863,True,0.6976890563964844,3.696280002593994,0.6505413055419922,0.04714775085449219,3.786255359649658,True,0.7405166625976562,-0.042827606201171875,3.773896058400472,0.7281573613484702,-0.030468304951985825,3.804126262664795,True,3.2048487663269043
758,758,346,1.6386852264404297,True,2.1244258880615234,True,0.48574066162109375,2.11071195602417,0.47202672958374015,0.013713932037353604,2.1565589904785156,True,0.5178737640380859,-0.03213310241699219,2.102766990661621,0.4640817642211914,0.021658897399902344,2.092233180999756,True,1.7709126472473145
759,759,594,4.2777581214904785,True,4.42102575302124,True,0.14326763153076172,4.410872554779052,0.13311443328857386,0.010153198242187855,4.414218425750732,True,0.1364603042602539,0.0068073272705078125,4.409841537475586,0.13208341598510742,0.011184215545654297,4.399142265319824,True,4.335782527923584
760,760,38,2.7702746391296387,True,3.5255069732666016,True,0.7552323341369629,3.393666648864746,0.6233920097351073,0.13184032440185556,3.5543413162231445,True,0.7840666770935059,-0.02883434295654297,3.54899533589681,0.7787206967671714,-0.02348836263020848,3.5342659950256348,True,2.9587197303771973
761,761,326,0.5982999801635742,True,1.1031112670898438,True,0.5048112869262695,1.0431122779846191,0.4448122978210449,0.05999898910522461,1.1484718322753906,True,0.5501718521118164,-0.045360565185546875,1.1081531842549641,0.5098532040913899,-0.005041917165120369,1.0900754928588867,True,0.7782630920410156
762,762,272,-1.6893658638000488,False,-1.1326375007629395,False,0.5567283630371094,-1.1265700340270997,0.5627958297729492,-0.006067466735839799,-1.1134209632873535,False,0.5759449005126953,-0.019216537475585938,-1.1385881106058757,0.5507777531941731,0.005950609842936272,-1.1320343017578125,False,-1.5535597801208496
763,763,924,-0.8312497138977051,False,-0.5849909782409668,False,0.24625873565673828,-0.5255611419677735,0.3056885719299316,-0.059429836273193315,-0.5467820167541504,False,0.2844676971435547,-0.038208961486816406,-0.5138519605000814,0.31739775339762366,-0.07113901774088538,-0.5056090354919434,False,-0.8178896903991699
764,764,30,0.4342193603515625,True,0.8764877319335938,True,0.44226837158203125,0.8232989311218262,0.38907957077026367,0.05318880081176758,0.9303979873657227,True,0.49617862701416016,-0.053910255432128906,0.9047128359476725,0.47049347559611,-0.02822510401407874,0.9200057983398438,True,0.5113925933837891
765,765,467,-1.4058122634887695,False,-0.41071081161499023,False,0.9951014518737793,-0.5555532455444336,0.8502590179443359,0.1448424339294434,-0.3279738426208496,False,1.07783842086792,-0.08273696899414062,-0.32970444361368817,1.0761078198750813,-0.08100636800130206,-0.2931084632873535,False,-1.0388193130493164
766,766,824,5.173701763153076,True,5.663150310516357,True,0.48944854736328125,5.619290733337403,0.4455889701843265,0.04385957717895472,5.7196173667907715,True,0.5459156036376953,-0.05646705627441406,5.7312397956848145,0.5575380325317383,-0.06808948516845703,5.697278022766113,True,5.345439910888672
767,767,820,-0.6159305572509766,False,-0.20063114166259766,False,0.4152994155883789,-0.23756113052368164,0.3783694267272949,0.03692998886108398,-0.1016397476196289,False,0.5142908096313477,-0.09899139404296875,-0.19036070505777994,0.42556985219319665,-0.010270436604817718,-0.1885061264038086,False,-0.44419384002685547
768,768,793,-0.010431289672851562,False,0.5577049255371094,True,0.5681362152099609,0.5256089210510254,0.536040210723877,0.03209600448608396,0.6142740249633789,True,0.6247053146362305,-0.05656909942626953,0.6541590690612793,0.6645903587341309,-0.09645414352416992,0.5946717262268066,True,0.11506986618041992
769,769,606,-3.521495819091797,False,-2.8593320846557617,False,0.6621637344360352,-2.8956929206848145,0.6258028984069823,0.03636083602905282,-2.854954242706299,False,0.666541576385498,-0.004377841949462891,-2.879089673360189,0.6424061457316079,0.01975758870442723,-2.9190025329589844,False,-3.305363655090332
770,770,586,5.787258148193359,True,5.955801010131836,True,0.16854286193847656,5.9563117027282715,0.1690535545349121,-0.0005106925964355469,5.963932037353516,True,0.17667388916015625,-0.008131027221679688,5.97274653116862,0.1854883829752607,-0.01694552103678415,5.955461502075195,True,5.815415859222412
771,771,54,-2.6358723640441895,False,-2.234163284301758,False,0.40170907974243164,-2.276246166229248,0.3596261978149413,0.04208288192749032,-2.292041301727295,False,0.34383106231689453,0.05787801742553711,-2.2520484924316406,0.38382387161254883,0.017885208129882812,-2.2740345001220703,False,-2.4979372024536133
772,772,251,4.9233574867248535,True,5.220334053039551,True,0.29697656631469727,5.249068546295166,0.3257110595703123,-0.028734493255615057,5.2905707359313965,True,0.36721324920654297,-0.0702366828918457,5.276004155476888,0.3526466687520342,-0.055670102437336944,5.276668071746826,True,4.975975513458252
773,773,723,3.7826085090637207,True,4.16676664352417,True,0.3841581344604492,4.13772144317627,0.3551129341125492,0.029045200347900035,4.161364555358887,True,0.378756046295166,0.005402088165283203,4.137355804443359,0.35474729537963867,0.029410839080810547,4.142365455627441,True,3.8489632606506348
774,774,679,1.7537002563476562,True,2.1561436653137207,True,0.40244340896606445,2.0823015213012694,0.3286012649536132,0.07384214401245126,2.112586498260498,True,0.3588862419128418,0.043557167053222656,2.1227787335713706,0.36907847722371434,0.03336493174235011,2.1244077682495117,True,1.9265403747558594
775,775,766,2.951472759246826,True,3.244387149810791,True,0.29291439056396484,3.2311909675598143,0.2797182083129881,0.01319618225097674,3.2663254737854004,True,0.3148527145385742,-0.021938323974609375,3.294618765513102,0.3431460062662759,-0.05023161570231105,3.2678236961364746,True,3.147660732269287
776,776,18,4.425499439239502,True,4.7279052734375,True,0.30240583419799805,4.655590057373047,0.23009061813354492,0.07231521606445312,4.7082624435424805,True,0.2827630043029785,0.01964282989501953,4.722035884857178,0.2965364456176758,0.005869388580322266,4.700908660888672,True,4.552024841308594
777,777,395,2.0122580528259277,True,2.280457019805908,True,0.26819896697998047,2.287995147705078,0.2757370948791502,-0.007538127899169744,2.2783074378967285,True,0.2660493850708008,0.0021495819091796875,2.29850435256958,0.28624629974365234,-0.018047332763671875,2.2945423126220703,True,2.0846381187438965
778,778,370,1.5882034301757812,True,1.9540066719055176,True,0.36580324172973633,1.8942248344421386,0.3060214042663574,0.05978183746337895,1.9016666412353516,True,0.3134632110595703,0.052340030670166016,1.9556481043497722,0.36744467417399096,-0.0016414324442546313,1.9289560317993164,True,1.7220749855041504
779,779,245,-0.5616922378540039,False,0.012302398681640625,True,0.5739946365356445,-0.004947566986083984,0.5567446708679199,0.01724996566772461,0.0938272476196289,True,0.6555194854736328,-0.08152484893798828,0.045936266581217446,0.6076285044352213,-0.03363386789957682,0.023694515228271484,True,-0.37239551544189453
780,780,756,3.076051712036133,True,3.2930989265441895,True,0.21704721450805664,3.276345062255859,0.20029335021972638,0.016753864288330256,3.331571578979492,True,0.2555198669433594,-0.038472652435302734,3.301433563232422,0.22538185119628906,-0.008334636688232422,3.2806644439697266,True,3.14816951751709
781,781,559,2.476688861846924,True,2.9875407218933105,True,0.5108518600463867,2.972786712646484,0.49609785079956037,0.01475400924682635,2.9265270233154297,True,0.44983816146850586,0.06101369857788086,3.0001611709594727,0.5234723091125488,-0.01262044906616211,2.970925807952881,True,2.585671901702881
782,782,3,1.1117782592773438,True,1.265364170074463,True,0.15358591079711914,1.276873779296875,0.1650955200195312,-0.011509609222412065,1.2482209205627441,True,0.1364426612854004,0.01714324951171875,1.2730244000752766,0.16124614079793287,-0.007660230000813728,1.2644577026367188,True,1.1547036170959473
783,783,74,2.9753990173339844,True,3.098050594329834,True,0.12265157699584961,3.1302919387817383,0.1548929214477539,-0.0322413444519043,3.1011857986450195,True,0.12578678131103516,-0.003135204315185547,3.1009445190429688,0.12554550170898438,-0.0028939247131347656,3.087552547454834,True,2.9878149032592773
784,784,583,0.8389368057250977,True,1.1883082389831543,True,0.34937143325805664,1.1610955238342284,0.32215871810913077,0.02721271514892587,1.2029085159301758,True,0.3639717102050781,-0.014600276947021484,1.283717155456543,0.4447803497314453,-0.09540891647338867,1.2398834228515625,True,0.9015460014343262
785,785,246,3.7276854515075684,True,4.006201267242432,True,0.2785158157348633,4.008503055572509,0.28081760406494105,-0.0023017883300777697,3.9808669090270996,True,0.25318145751953125,0.02533435821533203,3.983131726582845,0.25544627507527684,0.02306954065958644,3.9621176719665527,True,3.815308094024658
786,786,381,-7.186058044433594,False,-6.7659406661987305,False,0.4201173782348633,-6.760314846038819,0.42574319839477504,-0.005625820159911754,-6.682905673980713,False,0.5031523704528809,-0.08303499221801758,-6.739125410715739,0.4469326337178545,-0.02681525548299124,-6.741154193878174,False,-7.024829864501953
787,787,919,-5.592906951904297,False,-4.892836570739746,False,0.7000703811645508,-4.9309876441955565,0.6619193077087404,0.03815107345581037,-4.715442180633545,False,0.877464771270752,-0.17739439010620117,-4.703744888305664,0.8891620635986328,-0.18909168243408203,-4.727470874786377,False,-5.445885181427002
788,788,446,-1.0057635307312012,False,-0.31147003173828125,False,0.6942934989929199,-0.3364323616027832,0.669331169128418,0.024962329864501975,-0.18314504623413086,False,0.8226184844970703,-0.1283249855041504,-0.22834316889444986,0.7774203618367513,-0.08312686284383139,-0.31456947326660156,False,-0.8860058784484863
789,789,440,1.3400802612304688,True,1.8964147567749023,True,0.5563344955444336,1.7498320579528808,0.409751796722412,0.14658269882202157,1.746732234954834,True,0.40665197372436523,0.14968252182006836,1.8290700912475586,0.48898983001708984,0.06734466552734375,1.7979297637939453,True,1.5785293579101562
790,790,466,-2.4623360633850098,False,-1.8843989372253418,False,0.577937126159668,-1.9066164016723632,0.5557196617126465,0.02221746444702144,-1.852419376373291,False,0.6099166870117188,-0.03197956085205078,-1.8477994600931804,0.6145366032918294,-0.036599477132161384,-1.9200806617736816,False,-2.330900192260742
791,791,416,3.274641990661621,True,3.4471936225891113,True,0.17255163192749023,3.4401084899902346,0.16546649932861346,0.0070851325988767755,3.433882236480713,True,0.1592402458190918,0.013311386108398438,3.4235712687174478,0.14892927805582667,0.02362235387166356,3.430710792541504,True,3.345290184020996
792,792,233,-0.9429588317871094,False,-0.5489726066589355,False,0.39398622512817383,-0.5123831748962402,0.4305756568908692,-0.03658943176269536,-0.4480304718017578,False,0.49492835998535156,-0.10094213485717773,-0.5810631116231283,0.3618957201639811,0.032090504964192745,-0.5367679595947266,False,-0.7521514892578125
793,793,150,0.7510800361633301,True,1.4434080123901367,True,0.6923279762268066,1.5187533378601075,0.7676733016967774,-0.07534532546997075,1.4922595024108887,True,0.7411794662475586,-0.04885149002075195,1.5723975499471028,0.8213175137837727,-0.12898953755696607,1.5408034324645996,True,0.8354554176330566
794,794,319,-0.011340141296386719,False,0.2232351303100586,True,0.2345752716064453,0.2423919677734375,0.25373210906982424,-0.0191568374633789,0.23755168914794922,True,0.24889183044433594,-0.014316558837890625,0.24143489201863608,0.2527750333150228,-0.018199761708577483,0.2147059440612793,True,0.1215825080871582
795,795,29,1.7030563354492188,True,2.4573726654052734,True,0.7543163299560547,2.400239086151123,0.6971827507019044,0.0571335792541503,2.416171073913574,True,0.7131147384643555,0.04120159149169922,2.38846492767334,0.6854085922241211,0.0689077377319336,2.4087772369384766,True,1.9824600219726562
796,796,470,1.474679946899414,True,1.9081249237060547,True,0.4334449768066406,1.8655076026916504,0.39082765579223633,0.0426173210144043,1.9079632759094238,True,0.43328332901000977,0.00016164779663085938,1.8969016075134277,0.42222166061401367,0.011223316192626953,1.9106831550598145,True,1.5510358810424805
797,797,653,5.531538486480713,True,5.858016014099121,True,0.3264775276184082,5.844706249237061,0.31316776275634783,0.01330976486206037,5.876025199890137,True,0.34448671340942383,-0.018009185791015625,5.876973470052083,0.34543498357137015,-0.018957455952961944,5.846627235412598,True,5.638927936553955
798,798,127,4.796725749969482,True,4.947032451629639,True,0.15030670166015625,4.929028034210205,0.13230228424072266,0.018004417419433594,4.9443745613098145,True,0.14764881134033203,0.0026578903198242188,4.941549142201741,0.14482339223225882,0.0054833094278974315,4.931939125061035,True,4.9012908935546875
799,799,48,0.604555606842041,True,1.0008330345153809,True,0.39627742767333984,0.9738191604614258,0.3692635536193848,0.027013874053955056,1.0484390258789062,True,0.44388341903686523,-0.04760599136352539,1.0707696278889973,0.4662140210469563,-0.06993659337361646,1.058530330657959,True,0.7164435386657715
800,800,922,3.589787006378174,True,4.036496639251709,True,0.44670963287353516,4.023987102508545,0.4342000961303709,0.01250953674316424,3.990208148956299,True,0.400421142578125,0.046288490295410156,4.0594588915507,0.46967188517252634,-0.02296225229899118,4.029165744781494,True,3.741147994995117
801,801,335,-1.387458324432373,False,-0.7474641799926758,False,0.6399941444396973,-0.7694183349609375,0.6180399894714356,0.021954154968261697,-0.7589616775512695,False,0.6284966468811035,0.01149749755859375,-0.7292637825012207,0.6581945419311523,-0.018200397491455078,-0.7058396339416504,False,-1.263902187347412
802,802,290,5.106499671936035,True,5.369466304779053,True,0.2629666328430176,5.329483127593994,0.22298345565795863,0.03998317718505895,5.370667457580566,True,0.26416778564453125,-0.0012011528015136719,5.3738962809244795,0.2673966089884443,-0.004429976145426728,5.367936134338379,True,5.210021495819092
803,803,324,-2.8159656524658203,False,-2.1352601051330566,False,0.6807055473327637,-2.179180145263672,0.6367855072021484,0.043920040130615234,-2.010256290435791,False,0.8057093620300293,-0.12500381469726562,-2.0986901919047036,0.7172754605611167,-0.03656991322835301,-2.132760524749756,False,-2.6891961097717285
804,804,561,-4.509493350982666,False,-3.880077838897705,False,0.6294155120849609,-3.873665523529053,0.6358278274536131,-0.006412315368652166,-3.7873878479003906,False,0.7221055030822754,-0.09268999099731445,-3.7017609278361,0.8077324231465659,-0.17831691106160497,-3.7391695976257324,False,-4.338063716888428
805,805,122,2.203075885772705,True,2.5368847846984863,True,0.33380889892578125,2.4744893074035645,0.27141342163085946,0.062395477294921786,2.5598692893981934,True,0.3567934036254883,-0.02298450469970703,2.5368935267130532,0.33381764094034816,-8.742014566909262e-06,2.5436625480651855,True,2.4134068489074707
806,806,822,-2.4586691856384277,False,-2.179561138153076,False,0.27910804748535156,-2.198252010345459,0.2604171752929689,0.018690872192382635,-2.1482443809509277,False,0.3104248046875,-0.03131675720214844,-2.133979320526123,0.3246898651123047,-0.045581817626953125,-2.1702823638916016,False,-2.315213680267334
807,807,735,5.090662956237793,True,5.278120040893555,True,0.18745708465576172,5.352313613891601,0.26165065765380824,-0.07419357299804652,5.361591339111328,True,0.27092838287353516,-0.08347129821777344,5.3133918444315595,0.22272888819376657,-0.03527180353800485,5.305392742156982,True,5.148260116577148
808,808,76,2.9571685791015625,True,3.1457924842834473,True,0.18862390518188477,3.1599974632263184,0.20282888412475586,-0.014204978942871094,3.1440486907958984,True,0.18688011169433594,0.0017437934875488281,3.156648317972819,0.19947973887125636,-0.010855833689371597,3.1313419342041016,True,2.997121810913086
809,809,867,-3.0657119750976562,False,-2.7108540534973145,False,0.3548579216003418,-2.705631446838379,0.36008052825927717,-0.005222606658935369,-2.7375240325927734,False,0.3281879425048828,0.026669979095458984,-2.6387887001037598,0.4269232749938965,-0.07206535339355469,-2.7019991874694824,False,-2.9825096130371094
810,810,15,0.13251399993896484,True,0.22263622283935547,True,0.09012222290039062,0.24162158966064454,0.10910758972167969,-0.018985366821289068,0.24483680725097656,True,0.11232280731201172,-0.022200584411621094,0.25131956736246747,0.11880556742350262,-0.028683344523111998,0.2426156997680664,True,0.15502071380615234
811,811,786,0.23851442337036133,True,0.6510806083679199,True,0.4125661849975586,0.6773804664611817,0.43886604309082033,-0.02629985809326174,0.738560676574707,True,0.5000462532043457,-0.08748006820678711,0.7262085278828939,0.4876941045125326,-0.075127919514974,0.7224879264831543,True,0.3678574562072754
812,812,823,0.4990377426147461,True,0.8426814079284668,True,0.3436436653137207,0.8486988067626953,0.3496610641479492,-0.006017398834228471,0.9202604293823242,True,0.4212226867675781,-0.07757902145385742,0.9100879033406576,0.4110501607259115,-0.06740649541219079,0.8921618461608887,True,0.5738906860351562
813,813,602,0.15967130661010742,True,0.7366786003112793,True,0.5770072937011719,0.62646484375,0.4667935371398926,0.1102137565612793,0.6661949157714844,True,0.506523609161377,0.07048368453979492,0.8031368255615234,0.643465518951416,-0.06645822525024414,0.751732349395752,True,0.3415217399597168
814,814,880,5.004794597625732,True,5.221217155456543,True,0.21642255783081055,5.225704288482666,0.22090969085693324,-0.004487133026122692,5.230833053588867,True,0.22603845596313477,-0.009615898132324219,5.23126761118571,0.2264730135599775,-0.010050455729166963,5.223082065582275,True,5.093281269073486
815,815,658,-0.8756260871887207,False,-0.6202244758605957,False,0.255401611328125,-0.6334776878356934,0.24214839935302734,0.013253211975097656,-0.6099190711975098,False,0.26570701599121094,-0.010305404663085938,-0.6044742266337076,0.27115186055501306,-0.015750249226888058,-0.6104702949523926,False,-0.8087577819824219
816,816,955,4.217568874359131,True,4.568719387054443,True,0.3511505126953125,4.551738834381103,0.3341699600219723,0.0169805526733402,4.530235767364502,True,0.3126668930053711,0.038483619689941406,4.569714705149333,0.3521458307902021,-0.000995318094889619,4.541922569274902,True,4.299006462097168
817,817,101,0.16107177734375,True,0.44263601303100586,True,0.28156423568725586,0.42568025588989256,0.26460847854614256,0.016955757141113303,0.42069005966186523,True,0.25961828231811523,0.021945953369140625,0.4821079572041829,0.3210361798604329,-0.039471944173177065,0.44746923446655273,True,0.24252796173095703
818,818,444,-2.0125837326049805,False,-1.7354941368103027,False,0.27708959579467773,-1.7424667358398438,0.2701169967651367,0.00697259902954106,-1.7459921836853027,False,0.26659154891967773,0.010498046875,-1.7303077379862468,0.28227599461873365,-0.005186398824055916,-1.7514829635620117,False,-1.9356298446655273
819,819,519,0.5092811584472656,True,1.334397792816162,True,0.8251166343688965,1.2306402206420899,0.7213590621948243,0.10375757217407222,1.0463871955871582,True,0.5371060371398926,0.2880105972290039,1.3353060086568196,0.826024850209554,-0.0009082158406574781,1.2292218208312988,True,0.6671671867370605
820,820,441,4.6668782234191895,True,4.939171314239502,True,0.2722930908203125,4.952619838714599,0.28574161529541,-0.013448524475097479,5.0068135261535645,True,0.339935302734375,-0.0676422119140625,5.0530775388081866,0.3861993153889971,-0.1139062245686846,4.999295711517334,True,4.776798725128174
821,821,929,1.1137161254882812,True,1.3639230728149414,True,0.25020694732666016,1.3404268264770507,0.22671070098876944,0.023496246337890714,1.3827705383300781,True,0.2690544128417969,-0.01884746551513672,1.3811240196228027,0.2674078941345215,-0.017200946807861328,1.3701667785644531,True,1.174783706665039
822,822,209,4.336938858032227,True,4.941626071929932,True,0.6046872138977051,4.89246768951416,0.5555288314819338,0.04915838241577131,5.057969093322754,True,0.7210302352905273,-0.11634302139282227,5.010223547617595,0.6732846895853681,-0.06859747568766306,4.967389106750488,True,4.396080493927002
823,823,56,-2.965822219848633,False,-2.1231727600097656,False,0.8426494598388672,-2.160491371154785,0.8053308486938477,0.03731861114501944,-2.223917007446289,False,0.7419052124023438,0.10074424743652344,-2.1366170247395835,0.8292051951090493,0.013444264729817856,-2.245741367340088,False,-2.934304714202881
824,824,953,2.3530097007751465,True,2.5809836387634277,True,0.22797393798828125,2.5760039329528808,0.2229942321777343,0.004979705810546964,2.606739044189453,True,0.25372934341430664,-0.02575540542602539,2.6061854362487793,0.2531757354736328,-0.025201797485351562,2.580580234527588,True,2.4272336959838867
825,825,956,0.6109790802001953,True,1.0476436614990234,True,0.4366645812988281,1.0302720069885254,0.4192929267883301,0.017371654510498047,1.040722370147705,True,0.42974328994750977,0.006921291351318359,1.0857302347819011,0.4747511545817058,-0.03808657328287768,1.0434279441833496,True,0.6494536399841309
826,826,713,-0.3095126152038574,False,0.08656501770019531,True,0.39607763290405273,0.12511587142944336,0.4346284866333008,-0.03855085372924805,0.1794109344482422,True,0.4889235496520996,-0.09284591674804688,0.09792280197143555,0.40743541717529297,-0.011357784271240234,0.09488677978515625,True,-0.20890140533447266
827,827,468,-2.6366400718688965,False,-2.0853514671325684,False,0.5512886047363281,-2.1175671577453614,0.5190729141235351,0.03221569061279306,-2.003119945526123,False,0.6335201263427734,-0.08223152160644531,-2.0099385579427085,0.626701513926188,-0.07541290918985988,-2.022190570831299,False,-2.351106643676758
828,828,213,2.789780616760254,True,3.457304000854492,True,0.6675233840942383,3.4040599822998048,0.6142793655395509,0.05324401855468741,3.446687698364258,True,0.6569070816040039,0.010616302490234375,3.4881704648335776,0.6983898480733237,-0.030866463979085434,3.441380500793457,True,3.0019149780273438
829,829,287,1.6321697235107422,True,2.0279502868652344,True,0.3957805633544922,2.010654640197754,0.3784849166870119,0.01729564666748029,2.0127573013305664,True,0.3805875778198242,0.015192985534667969,2.0445658365885415,0.41239611307779933,-0.016615549723307144,2.034954071044922,True,1.756119728088379
830,830,758,1.6668577194213867,True,2.7042436599731445,True,1.0373859405517578,2.6193618774414062,0.9525041580200195,0.08488178253173828,2.8297781944274902,True,1.1629204750061035,-0.1255345344543457,2.75675376256307,1.089896043141683,-0.05251010258992528,2.7774205207824707,True,1.8719677925109863
831,831,230,1.8036932945251465,True,2.171003818511963,True,0.3673105239868164,2.153445339202881,0.34975204467773446,0.017558479309081942,2.2097692489624023,True,0.40607595443725586,-0.03876543045043945,2.16776704788208,0.3640737533569336,0.0032367706298828125,2.1261935234069824,True,1.8831095695495605
832,832,403,4.625368118286133,True,5.123749732971191,True,0.4983816146850586,5.13414888381958,0.5087807655334471,-0.010399150848388494,5.123439788818359,True,0.49807167053222656,0.00030994415283203125,5.157735824584961,0.5323677062988281,-0.03398609161376953,5.139533519744873,True,4.703460693359375
833,833,486,0.19540834426879883,True,0.8766512870788574,True,0.6812429428100586,0.747536563873291,0.5521282196044922,0.12911472320556638,0.894315242767334,True,0.6989068984985352,-0.017663955688476562,0.9310282071431478,0.735619862874349,-0.0543769200642904,0.8500661849975586,True,0.5829958915710449
834,834,529,-2.1882762908935547,False,-1.8182415962219238,False,0.37003469467163086,-1.8145605087280274,0.37371578216552725,-0.0036810874938963956,-1.8743085861206055,False,0.3139677047729492,0.05606698989868164,-1.800974686940511,0.3873016039530437,-0.017266909281412834,-1.8249545097351074,False,-2.089350700378418
835,835,282,4.153043746948242,True,4.610730171203613,True,0.4576864242553711,4.533429527282715,0.380385780334473,0.07730064392089808,4.552746772766113,True,0.3997030258178711,0.0579833984375,4.597122987111409,0.444079240163167,0.013607184092204072,4.55057430267334,True,4.29533052444458
836,836,708,-4.028153419494629,False,-3.3396553993225098,False,0.6884980201721191,-3.489269733428955,0.5388836860656738,0.1496143341064453,-3.366705894470215,False,0.6614475250244141,0.027050495147705078,-3.2620558738708496,0.7660975456237793,-0.07759952545166016,-3.337327480316162,False,-3.786098003387451
837,837,781,-3.5254507064819336,False,-2.6494407653808594,False,0.8760099411010742,-2.795536994934082,0.7299137115478516,0.14609622955322266,-2.7895073890686035,False,0.7359433174133301,0.14006662368774414,-2.6941002209981284,0.8313504854838052,0.04465945561726903,-2.791109085083008,False,-3.2839207649230957
838,838,855,-3.6360325813293457,False,-3.2137749195098877,False,0.422257661819458,-3.2312788486480715,0.40475373268127424,0.01750392913818377,-3.175482749938965,False,0.46054983139038086,-0.03829216957092285,-3.188117424647013,0.4479151566823325,-0.025657494862874497,-3.2248799800872803,False,-3.5320611000061035
839,839,337,0.4851651191711426,True,0.7912192344665527,True,0.30605411529541016,0.7786645889282227,0.2934994697570801,0.012554645538330078,0.7881112098693848,True,0.3029460906982422,0.0031080245971679688,0.7771102587381998,0.29194513956705725,0.014108975728352902,0.7671971321105957,True,0.5474467277526855
840,840,313,2.6277313232421875,True,2.9004321098327637,True,0.27270078659057617,2.8896509170532227,0.26191959381103525,0.010781192779540927,2.9341516494750977,True,0.30642032623291016,-0.033719539642333984,2.929055690765381,0.30132436752319336,-0.028623580932617188,2.902069091796875,True,2.729811668395996
841,841,386,-0.6614952087402344,False,-0.04000997543334961,False,0.6214852333068848,-0.07588157653808594,0.5856136322021485,0.035871601104736334,0.035555362701416016,True,0.6970505714416504,-0.07556533813476562,0.05517800649007162,0.716673215230306,-0.09518798192342123,0.011868000030517578,True,-0.3915519714355469
842,842,664,2.6627349853515625,True,3.1097726821899414,True,0.4470376968383789,3.1143564224243163,0.4516214370727538,-0.004583740234374911,3.1558470726013184,True,0.49311208724975586,-0.04607439041137695,3.1175386110941568,0.45480362574259425,-0.007765928904215347,3.166529655456543,True,2.8363819122314453
843,843,193,0.34372711181640625,True,0.6963129043579102,True,0.3525857925415039,0.6826946258544921,0.3389675140380859,0.013618278503418013,0.7645444869995117,True,0.42081737518310547,-0.06823158264160156,0.7489242553710938,0.4051971435546875,-0.052611351013183594,0.7193775177001953,True,0.41777515411376953
844,844,309,-3.1023411750793457,False,-2.652362823486328,False,0.4499783515930176,-2.6075316429138184,0.49480953216552725,-0.04483118057250968,-2.622110366821289,False,0.48023080825805664,-0.030252456665039062,-2.671812057495117,0.4305291175842285,0.019449234008789062,-2.657681465148926,False,-2.8873538970947266
845,845,23,-1.218317985534668,False,-0.7184333801269531,False,0.49988460540771484,-0.7808996200561523,0.43741836547851565,0.0624662399291992,-0.7369141578674316,False,0.48140382766723633,0.018480777740478516,-0.7013195355733236,0.5169984499613444,-0.01711384455362952,-0.751434326171875,False,-0.9869146347045898
846,846,831,0.2527809143066406,True,0.46482419967651367,True,0.21204328536987305,0.4582525253295898,0.2054716110229492,0.00657167434692385,0.4924173355102539,True,0.23963642120361328,-0.027593135833740234,0.4679911931355794,0.21521027882893878,-0.0031669934590657367,0.46800899505615234,True,0.33344221115112305
847,847,852,-3.6353745460510254,False,-3.2656126022338867,False,0.36976194381713867,-3.2305780410766602,0.40479650497436515,-0.035034561157226474,-3.265079975128174,False,0.37029457092285156,-0.0005326271057128906,-3.174248218536377,0.46112632751464844,-0.09136438369750977,-3.1955904960632324,False,-3.5972561836242676
848,848,51,1.1239819526672363,True,1.3101110458374023,True,0.18612909317016602,1.3103891372680665,0.18640718460083017,-0.0002780914306641513,1.3251171112060547,True,0.20113515853881836,-0.015006065368652344,1.3014314969380696,0.17744954427083326,0.008679548899332756,1.3023686408996582,True,1.165367603302002
849,849,292,-3.0456719398498535,False,-2.7378525733947754,False,0.3078193664550781,-2.7544988632202148,0.29117307662963876,0.016646289825439364,-2.6887168884277344,False,0.35695505142211914,-0.049135684967041016,-2.6981962521870932,0.34747568766276027,-0.039656321207682144,-2.707028388977051,False,-2.8319778442382812
850,850,576,1.9626274108886719,True,2.2576355934143066,True,0.29500818252563477,2.2773184776306152,0.31469106674194336,-0.019682884216308594,2.2516608238220215,True,0.2890334129333496,0.005974769592285156,2.2495738665262857,0.2869464556376138,0.008061726888020981,2.2351508140563965,True,2.0209527015686035
851,851,476,2.2516584396362305,True,2.506985664367676,True,0.2553272247314453,2.524359607696533,0.27270116806030265,-0.017373943328857333,2.5259618759155273,True,0.2743034362792969,-0.018976211547851562,2.5076778729756675,0.256019433339437,-0.0006922086079916845,2.503659248352051,True,2.3226866722106934
852,852,475,3.8427724838256836,True,4.067587852478027,True,0.22481536865234375,4.033534812927246,0.19076232910156232,0.03405303955078143,4.060070991516113,True,0.2172985076904297,0.0075168609619140625,4.063657760620117,0.2208852767944336,0.003930091857910156,4.067142486572266,True,3.9117445945739746
853,853,719,2.00302791595459,True,2.3573765754699707,True,0.35434865951538086,2.3516865730285645,0.3486586570739747,0.005690002441406161,2.3586554527282715,True,0.35562753677368164,-0.0012788772583007812,2.3980104128519693,0.3949824968973794,-0.04063383738199855,2.3855037689208984,True,2.0599794387817383
854,854,696,5.162513732910156,True,5.322169303894043,True,0.15965557098388672,5.306526756286621,0.1440130233764645,0.01564254760742223,5.333930015563965,True,0.1714162826538086,-0.011760711669921875,5.3298492431640625,0.16733551025390625,-0.007679939270019531,5.32286262512207,True,5.232888221740723
855,855,58,-6.302892684936523,False,-5.79189920425415,False,0.510993480682373,-5.87714376449585,0.4257489204406735,0.08524456024169957,-5.86152982711792,False,0.4413628578186035,0.06963062286376953,-5.812094052632649,0.490798632303874,0.020194848378499053,-5.839537143707275,False,-6.169657230377197
856,856,540,1.3825616836547852,True,1.7448158264160156,True,0.36225414276123047,1.7289241790771483,0.3463624954223632,0.015891647338867276,1.6819648742675781,True,0.29940319061279297,0.0628509521484375,1.7594245274861653,0.37686284383138013,-0.014608701070149666,1.7251901626586914,True,1.4604406356811523
857,857,401,2.040360927581787,True,2.6013193130493164,True,0.5609583854675293,2.5574953079223635,0.5171343803405763,0.04382400512695295,2.7113471031188965,True,0.6709861755371094,-0.11002779006958008,2.680973529815674,0.6406126022338867,-0.07965421676635742,2.6430673599243164,True,2.128754138946533
858,858,974,-0.03838205337524414,False,0.18228578567504883,True,0.22066783905029297,0.13011093139648439,0.16849298477172853,0.05217485427856444,0.11839818954467773,True,0.15678024291992188,0.0638875961303711,0.14140876134236655,0.1797908147176107,0.04087702433268228,0.11523199081420898,True,0.05303192138671875
859,859,515,3.385711669921875,True,3.525691032409668,True,0.13997936248779297,3.532040596008301,0.14632892608642578,-0.0063495635986328125,3.5584988594055176,True,0.17278718948364258,-0.03280782699584961,3.512500286102295,0.12678861618041992,0.013190746307373047,3.517573833465576,True,3.492196559906006
860,860,126,2.6241860389709473,True,2.902740001678467,True,0.27855396270751953,2.900981044769287,0.27679500579833993,0.0017589569091795987,2.953547954559326,True,0.3293619155883789,-0.050807952880859375,2.919492721557617,0.2953066825866699,-0.01675271987915039,2.9183874130249023,True,2.6877613067626953
861,861,777,3.527468681335449,True,3.796213150024414,True,0.26874446868896484,3.8199761390686033,0.2925074577331541,-0.023762989044189275,3.780019760131836,True,0.2525510787963867,0.016193389892578125,3.80185604095459,0.2743873596191406,-0.005642890930175781,3.766275405883789,True,3.7124171257019043
862,862,940,0.648125171661377,True,1.4345808029174805,True,0.7864556312561035,1.3198040008544922,0.6716788291931153,0.11477680206298824,1.338897705078125,True,0.690772533416748,0.09568309783935547,1.499778429667155,0.8516532580057781,-0.06519762674967455,1.4352397918701172,True,0.8449058532714844
863,863,384,1.081212043762207,True,1.3258509635925293,True,0.24463891983032227,1.3061273574829102,0.22491531372070317,0.019723606109619096,1.3023204803466797,True,0.22110843658447266,0.02353048324584961,1.3106972376505535,0.22948519388834643,0.015153725941975837,1.3013205528259277,True,1.1819477081298828
864,864,443,1.8970155715942383,True,2.294529914855957,True,0.39751434326171875,2.2896223068237305,0.3926067352294922,0.0049076080322265625,2.2346839904785156,True,0.33766841888427734,0.059845924377441406,2.3657333056131997,0.46871773401896144,-0.07120339075724269,2.3667359352111816,True,2.0455570220947266
865,865,40,-0.23643922805786133,False,0.1476602554321289,True,0.38409948348999023,0.08966064453125,0.32609987258911133,0.057999610900878906,0.20764970779418945,True,0.4440889358520508,-0.05998945236206055,0.16838836669921875,0.4048275947570801,-0.020728111267089844,0.16533994674682617,True,-0.11372900009155273
866,866,304,-0.6907072067260742,False,-0.2773151397705078,False,0.4133920669555664,-0.37203025817871094,0.3186769485473633,0.09471511840820312,-0.2513618469238281,False,0.4393453598022461,-0.025953292846679688,-0.2815847396850586,0.4091224670410156,0.004269599914550781,-0.32298755645751953,False,-0.5607666969299316
867,867,339,2.032684326171875,True,2.078662395477295,True,0.04597806930541992,2.169483184814453,0.13679885864257812,-0.0908207893371582,2.143497943878174,True,0.11081361770629883,-0.0648355484008789,2.153135140736898,0.12045081456502293,-0.07447274525960301,2.193936824798584,True,2.0188822746276855
868,868,238,2.9150285720825195,True,3.4020910263061523,True,0.4870624542236328,3.31378173828125,0.39875316619873047,0.08830928802490234,3.392289161682129,True,0.4772605895996094,0.009801864624023438,3.4430007934570312,0.5279722213745117,-0.040909767150878906,3.4254660606384277,True,3.1418275833129883
869,869,769,-0.21909141540527344,False,0.43758487701416016,True,0.6566762924194336,0.34505224227905273,0.5641436576843262,0.09253263473510742,0.4246807098388672,True,0.6437721252441406,0.012904167175292969,0.6607675552368164,0.8798589706420898,-0.22318267822265625,0.6065845489501953,True,-0.01299428939819336
870,870,779,1.9907011985778809,True,2.4932494163513184,True,0.5025482177734375,2.566184902191162,0.5754837036132812,-0.07293548583984366,2.4936022758483887,True,0.5029010772705078,-0.0003528594970703125,2.5069333712259927,0.5162321726481118,-0.013683954874674331,2.5538015365600586,True,2.2667527198791504
871,871,704,1.5919113159179688,True,1.791860580444336,True,0.1999492645263672,1.782798671722412,0.19088735580444327,0.009061908721923917,1.774216651916504,True,0.18230533599853516,0.01764392852783203,1.7790822982788086,0.18717098236083984,0.012778282165527344,1.7761707305908203,True,1.628392219543457
872,872,811,0.9719057083129883,True,1.4594383239746094,True,0.4875326156616211,1.407779598236084,0.4358738899230956,0.05165872573852548,1.4510493278503418,True,0.4791436195373535,0.008388996124267578,1.432965596516927,0.46105988820393873,0.026472727457682366,1.3928837776184082,True,1.1782407760620117
873,873,674,6.019883155822754,True,6.259160041809082,True,0.23927688598632812,6.253306484222412,0.23342332839965785,0.005853557586670277,6.259030342102051,True,0.23914718627929688,0.00012969970703125,6.267311096191406,0.24742794036865234,-0.008151054382324219,6.25378942489624,True,6.076868057250977
874,874,728,1.425445556640625,True,1.8465566635131836,True,0.4211111068725586,1.8567485809326172,0.4313030242919922,-0.010191917419433594,1.9064626693725586,True,0.4810171127319336,-0.059906005859375,1.8426683743794758,0.41722281773885084,0.0038882891337077563,1.8336877822875977,True,1.5241527557373047
875,875,911,0.2789897918701172,True,0.5223073959350586,True,0.2433176040649414,0.5127662658691406,0.23377647399902346,0.009541130065917947,0.5438127517700195,True,0.26482295989990234,-0.021505355834960938,0.5666739145914713,0.28768412272135413,-0.04436651865641272,0.5503339767456055,True,0.3584709167480469
876,876,499,0.04786491394042969,True,0.15094852447509766,True,0.10308361053466797,0.14942493438720703,0.10156002044677734,0.0015235900878906306,0.15641546249389648,True,0.1085505485534668,-0.005466938018798828,0.15997234980265299,0.1121074358622233,-0.00902382532755533,0.15548229217529297,True,0.06269454956054688
877,877,738,1.7907977104187012,True,2.340677261352539,True,0.5498795509338379,2.283939266204834,0.4931415557861327,0.05673799514770517,2.2960519790649414,True,0.5052542686462402,0.044625282287597656,2.352722485860189,0.5619247754414878,-0.012045224507649888,2.3154163360595703,True,1.9285001754760742
878,878,988,0.9518985748291016,True,1.087991714477539,True,0.1360931396484375,1.079884910583496,0.12798633575439444,0.008106803894043058,1.0969667434692383,True,0.14506816864013672,-0.008975028991699219,1.0865599314371746,0.134661356608073,0.0014317830403645093,1.0848827362060547,True,0.9719915390014648
879,879,95,-6.2922821044921875,False,-5.7060441970825195,False,0.586237907409668,-5.66400375366211,0.6282783508300778,-0.0420404434204098,-5.504532814025879,False,0.7877492904663086,-0.20151138305664062,-5.708222548166911,0.5840595563252764,0.002178351084391572,-5.709319114685059,False,-6.114748954772949
880,880,553,2.37955904006958,True,2.483132839202881,True,0.10357379913330078,2.488524341583252,0.10896530151367179,-0.005391502380371005,2.470468044281006,True,0.09090900421142578,0.012664794921875,2.5009280840555825,0.12136904398600246,-0.017795244852701675,2.4757604598999023,True,2.2701501846313477
881,881,162,-0.8303179740905762,False,-0.2456817626953125,False,0.5846362113952637,-0.30165672302246094,0.5286612510681152,0.05597496032714844,-0.19894933700561523,False,0.6313686370849609,-0.046732425689697266,-0.19637982050577799,0.6339381535847982,-0.049301942189534514,-0.24169397354125977,False,-0.6069393157958984
882,882,935,0.5199766159057617,True,1.1088590621948242,True,0.5888824462890625,1.1015809059143067,0.581604290008545,0.007278156280517534,1.127974033355713,True,0.6079974174499512,-0.019114971160888672,1.180269718170166,0.6602931022644043,-0.0714106559753418,1.0778751373291016,True,0.5920205116271973
883,883,310,0.07853221893310547,True,0.4658212661743164,True,0.38728904724121094,0.4513591766357422,0.37282695770263674,0.014462089538574197,0.427457332611084,True,0.3489251136779785,0.03836393356323242,0.46099170049031574,0.38245948155721027,0.0048295656840006695,0.4549579620361328,True,0.15970993041992188
884,884,946,3.389892101287842,True,3.6106629371643066,True,0.22077083587646484,3.601000213623047,0.211108112335205,0.009662723541259854,3.6069254875183105,True,0.21703338623046875,0.0037374496459960938,3.6086010932922363,0.21870899200439453,0.0020618438720703125,3.6011219024658203,True,3.467334270477295
885,885,188,-3.3838930130004883,False,-3.1279664039611816,False,0.25592660903930664,-3.101990985870361,0.28190202713012713,-0.02597541809082049,-3.064692497253418,False,0.3192005157470703,-0.06327390670776367,-3.050431410471598,0.3334616025288901,-0.07753499348958348,-3.0754618644714355,False,-3.3238630294799805
886,886,644,5.406181335449219,True,5.673860549926758,True,0.26767921447753906,5.668659400939942,0.26247806549072283,0.005201148986816229,5.6710052490234375,True,0.26482391357421875,0.0028553009033203125,5.680312792460124,0.27413145701090524,-0.0064522425333661815,5.644886016845703,True,5.464694023132324
887,887,762,0.28516292572021484,True,0.560295581817627,True,0.2751326560974121,0.5825892448425293,0.29742631912231443,-0.02229366302490232,0.6388139724731445,True,0.3536510467529297,-0.07851839065551758,0.6494410832722982,0.36427815755208337,-0.08914550145467126,0.6504287719726562,True,0.3371744155883789
888,888,864,2.479196548461914,True,2.797053337097168,True,0.3178567886352539,2.816069984436035,0.336873435974121,-0.0190166473388671,2.781208038330078,True,0.30201148986816406,0.015845298767089844,2.800617535909017,0.321420987447103,-0.0035641988118491064,2.8032960891723633,True,2.484647750854492
889,889,872,-0.8810634613037109,False,-0.04817962646484375,False,0.8328838348388672,0.03287343978881836,0.9139369010925293,-0.08105306625366211,0.032684326171875,True,0.9137477874755859,-0.08086395263671875,0.0906664530436198,0.9717299143473307,-0.13884607950846356,0.04269599914550781,True,-0.7580676078796387
890,890,102,3.8708815574645996,True,4.372067928314209,True,0.5011863708496094,4.421546268463135,0.550664710998535,-0.049478340148925604,4.461087703704834,True,0.5902061462402344,-0.089019775390625,4.3870744705200195,0.5161929130554199,-0.015006542205810547,4.393651962280273,True,3.9106693267822266
891,891,749,-5.867062568664551,False,-5.204082012176514,False,0.6629805564880371,-5.274234104156494,0.5928284645080568,0.07015209197998029,-5.260339736938477,False,0.6067228317260742,0.05625772476196289,-5.2274196942647295,0.6396428743998213,0.02333768208821585,-5.215597152709961,False,-5.774437427520752
892,892,736,2.165464401245117,True,2.3719778060913086,True,0.2065134048461914,2.3467687606811523,0.18130435943603507,0.02520904541015634,2.3745670318603516,True,0.20910263061523438,-0.0025892257690429688,2.370915730794271,0.2054513295491538,0.0010620752970376124,2.3623046875,True,2.2092514038085938
893,893,787,-1.5565333366394043,False,-1.2096061706542969,False,0.3469271659851074,-1.1968450546264648,0.35968828201293945,-0.012761116027832031,-1.1638712882995605,False,0.39266204833984375,-0.04573488235473633,-1.1780811945597331,0.37845214207967115,-0.03152497609456373,-1.188309669494629,False,-1.4818768501281738
894,894,196,2.375235080718994,True,2.80149507522583,True,0.42625999450683594,2.7486720085144043,0.37343692779541016,0.05282306671142578,2.7782578468322754,True,0.40302276611328125,0.023237228393554688,2.8239391644795737,0.4487040837605796,-0.022444089253743638,2.826570987701416,True,2.5647239685058594
895,895,829,0.19543838500976562,True,0.6408052444458008,True,0.44536685943603516,0.6159950256347656,0.420556640625,0.02481021881103518,0.6928253173828125,True,0.4973869323730469,-0.05202007293701172,0.7381451924641927,0.5427068074544271,-0.09733994801839196,0.7377357482910156,True,0.3558502197265625
896,896,608,2.0359411239624023,True,2.2407708168029785,True,0.20482969284057617,2.2821982383728026,0.2462571144104002,-0.04142742156982404,2.2534613609313965,True,0.21752023696899414,-0.012690544128417969,2.2479090690612793,0.21196794509887695,-0.007138252258300781,2.237292766571045,True,2.0720272064208984
897,897,776,4.847579002380371,True,5.439112663269043,True,0.5915336608886719,5.397350120544433,0.5497711181640623,0.04176254272460955,5.423191547393799,True,0.5756125450134277,0.01592111587524414,5.476466814676921,0.6288878122965498,-0.0373541514078779,5.452210903167725,True,4.992649555206299
898,898,464,-4.460686683654785,False,-3.725809335708618,False,0.734877347946167,-3.81060528755188,0.6500813961029053,0.08479595184326172,-3.8666937351226807,False,0.5939929485321045,0.1408843994140625,-3.7965261141459146,0.6641605695088706,0.0707167784372964,-3.8089940547943115,False,-4.111431121826172
899,899,171,0.15419530868530273,True,0.2751779556274414,True,0.12098264694213867,0.2545601844787598,0.10036487579345704,0.02061777114868163,0.21656370162963867,True,0.06236839294433594,0.058614253997802734,0.236360232035319,0.08216492335001627,0.038817723592122405,0.25927162170410156,True,0.2383122444152832
900,900,414,-1.3055095672607422,False,-0.8020696640014648,False,0.5034399032592773,-0.7824155807495117,0.5230939865112305,-0.01965408325195317,-0.8476300239562988,False,0.45787954330444336,0.045560359954833984,-0.7051506042480469,0.6003589630126953,-0.09691905975341797,-0.7254347801208496,False,-1.2404723167419434
901,901,654,7.121376991271973,True,7.3819899559021,True,0.26061296463012695,7.391093444824219,0.26971645355224627,-0.009103488922119318,7.385048866271973,True,0.263671875,-0.003058910369873047,7.324715614318848,0.203338623046875,0.05727434158325195,7.310830116271973,True,7.196756362915039
902,902,631,2.431797504425049,True,2.8169174194335938,True,0.3851199150085449,2.7992178916931154,0.3674203872680666,0.017699527740478338,2.8587536811828613,True,0.4269561767578125,-0.04183626174926758,2.741392135620117,0.30959463119506836,0.07552528381347656,2.764395236968994,True,2.5795669555664062
903,903,509,1.50675630569458,True,1.9211502075195312,True,0.41439390182495117,1.868227481842041,0.36147117614746094,0.052922725677490234,1.9060702323913574,True,0.39931392669677734,0.015079975128173828,1.933308760325114,0.42655245463053393,-0.012158552805582756,1.9096312522888184,True,1.6598248481750488
904,904,479,-1.2508020401000977,False,-0.8841681480407715,False,0.36663389205932617,-0.8604667663574219,0.39033527374267574,-0.023701381683349565,-0.8673200607299805,False,0.3834819793701172,-0.016848087310791016,-0.8112354278564453,0.43956661224365234,-0.07293272018432617,-0.808985710144043,False,-1.1883134841918945
905,905,407,-1.4932880401611328,False,-1.1246204376220703,False,0.3686676025390625,-1.1274035453796387,0.3658844947814941,0.002783107757568404,-1.0891404151916504,False,0.4041476249694824,-0.03548002243041992,-1.0458335876464844,0.44745445251464844,-0.07878684997558594,-1.026686191558838,False,-1.3041834831237793
906,906,650,-7.613466739654541,False,-7.273784637451172,False,0.33968210220336914,-7.285385227203369,0.32808151245117223,0.01160058975219691,-7.222872734069824,False,0.3905940055847168,-0.050911903381347656,-7.250661055246989,0.3628056844075518,-0.023123582204182647,-7.283402442932129,False,-7.565321922302246
907,907,264,-1.4077882766723633,False,-0.7505741119384766,False,0.6572141647338867,-0.7526541709899902,0.6551341056823731,0.0020800590515136497,-0.577702522277832,False,0.8300857543945312,-0.17287158966064453,-0.5999628702799479,0.8078254063924154,-0.15061124165852868,-0.6090378761291504,False,-1.200784683227539
908,908,86,4.813880920410156,True,4.905051231384277,True,0.0911703109741211,4.934094047546386,0.12021312713623011,-0.02904281616210902,4.919256210327148,True,0.10537528991699219,-0.014204978942871094,4.945553143819173,0.13167222340901663,-0.04050191243489554,4.962662696838379,True,4.919112205505371
909,909,591,-5.552285194396973,False,-5.100034713745117,False,0.45225048065185547,-5.087657165527344,0.46462802886962873,-0.01237754821777326,-5.071774482727051,False,0.4805107116699219,-0.028260231018066406,-5.065442403157552,0.48684279123942087,-0.0345923105875654,-5.008916854858398,False,-5.413311958312988
910,910,163,2.9882125854492188,True,3.5140771865844727,True,0.5258646011352539,3.5151950836181642,0.5269824981689455,-0.0011178970336915839,3.5454635620117188,True,0.5572509765625,-0.031386375427246094,3.4955588976542153,0.5073463122049966,0.01851828893025731,3.5051050186157227,True,3.0664029121398926
911,911,802,-0.3200559616088867,False,0.06757879257202148,True,0.3876347541809082,0.030829906463623047,0.35088586807250977,0.03674888610839844,0.14126157760620117,True,0.4613175392150879,-0.07368278503417969,0.14326397577921549,0.4633199373881022,-0.075685183207194,0.15323591232299805,True,-0.25683069229125977
912,912,660,5.510494709014893,True,5.514275550842285,True,0.003780841827392578,5.496962356567383,-0.013532352447509943,0.01731319427490252,5.538815975189209,True,0.028321266174316406,-0.024540424346923828,5.498288472493489,-0.01220623652140329,0.01598707834879587,5.507588863372803,True,5.456282615661621
913,913,107,5.527950286865234,True,5.7678093910217285,True,0.23985910415649414,5.755770969390869,0.2278206825256346,0.012038421630859553,5.739912033081055,True,0.2119617462158203,0.027897357940673828,5.749367713928223,0.22141742706298828,0.01844167709350586,5.757818698883057,True,5.597261428833008
914,914,33,0.7995100021362305,True,0.9833841323852539,True,0.18387413024902344,0.978792381286621,0.17928237915039058,0.004591751098632857,0.9647932052612305,True,0.165283203125,0.018590927124023438,0.9729150136311849,0.17340501149495446,0.010469118754068973,0.9513473510742188,True,0.8885631561279297
915,915,267,4.3826398849487305,True,4.739730358123779,True,0.35709047317504883,4.764649486541748,0.3820096015930172,-0.024919128417968395,4.844850063323975,True,0.46221017837524414,-0.10511970520019531,4.789357821146647,0.40671793619791696,-0.049627463022868135,4.7828168869018555,True,4.399409770965576
916,916,888,1.6026177406311035,True,1.9991579055786133,True,0.39654016494750977,1.980824851989746,0.3782071113586425,0.018333053588867276,2.028937816619873,True,0.42632007598876953,-0.029779911041259766,2.0696013768514,0.46698363622029637,-0.0704434712727866,2.0699915885925293,True,1.7862238883972168
917,917,604,1.814012050628662,True,2.2106494903564453,True,0.3966374397277832,2.1906039237976076,0.3765918731689455,0.020045566558837713,2.170261859893799,True,0.3562498092651367,0.040387630462646484,2.186495621999105,0.37248357137044286,0.024153868357340347,2.143612861633301,True,1.940223217010498
918,918,133,7.033308982849121,True,7.102080345153809,True,0.0687713623046875,7.112704849243164,0.07939586639404261,-0.010624504089355113,7.084287643432617,True,0.050978660583496094,0.017792701721191406,7.128247261047363,0.09493827819824219,-0.026166915893554688,7.124195098876953,True,7.08623743057251
919,919,420,3.041658401489258,True,3.7179765701293945,True,0.6763181686401367,3.657364273071289,0.6157058715820312,0.06061229705810556,3.700310707092285,True,0.6586523056030273,0.017665863037109375,3.7165740331014,0.6749156316121421,0.0014025370279946436,3.7294607162475586,True,3.3422679901123047
920,920,455,3.160130023956299,True,3.4507431983947754,True,0.29061317443847656,3.4651122093200684,0.30498218536376953,-0.014369010925292969,3.424588680267334,True,0.26445865631103516,0.026154518127441406,3.4557909965515137,0.29566097259521484,-0.005047798156738281,3.432377815246582,True,3.2374753952026367
921,921,82,-4.260478496551514,False,-3.7760114669799805,False,0.4844670295715332,-3.7476080894470214,0.5128704071044923,-0.028403377532959073,-3.6259825229644775,False,0.6344959735870361,-0.15002894401550293,-3.706159830093384,0.5543186664581299,-0.06985163688659668,-3.730149984359741,False,-4.186244964599609
922,922,567,1.8632774353027344,True,2.216078758239746,True,0.3528013229370117,2.211921977996826,0.3486445426940916,0.0041567802429200995,2.2687482833862305,True,0.4054708480834961,-0.052669525146484375,2.274777412414551,0.4114999771118164,-0.05869865417480469,2.2629737854003906,True,2.015042304992676
923,923,984,-2.094939708709717,False,-1.592994213104248,False,0.5019454956054688,-1.657935333251953,0.4370043754577637,0.06494112014770503,-1.4763736724853516,False,0.6185660362243652,-0.11662054061889648,-1.5134545962015789,0.581485112508138,-0.0795396169026692,-1.5279240608215332,False,-1.9662952423095703
924,924,142,4.914158821105957,True,5.086225509643555,True,0.17206668853759766,5.106692123413086,0.19253330230712873,-0.020466613769531072,5.115335464477539,True,0.20117664337158203,-0.029109954833984375,5.138867378234863,0.22470855712890625,-0.052641868591308594,5.122870445251465,True,4.942381858825684
925,925,244,5.1881842613220215,True,5.401435375213623,True,0.21325111389160156,5.4228894233703615,0.23470516204834002,-0.02145404815673846,5.404003143310547,True,0.2158188819885254,-0.002567768096923828,5.402426401774089,0.21424214045206735,-0.0009910265604657909,5.388534069061279,True,5.219847202301025
926,926,17,2.692331314086914,True,3.018190860748291,True,0.32585954666137695,3.0034454345703123,0.31111412048339826,0.014745426177978693,3.027188301086426,True,0.3348569869995117,-0.008997440338134766,3.017247994740804,0.3249166806538901,0.0009428660074868311,3.03403377532959,True,2.789536476135254
927,927,55,5.509379863739014,True,5.713570594787598,True,0.20419073104858398,5.715726280212403,0.20634641647338903,-0.0021556854248050428,5.731097221374512,True,0.22171735763549805,-0.017526626586914062,5.72822364171346,0.21884377797444632,-0.014653046925862334,5.7143025398254395,True,5.562102317810059
928,928,490,0.8049139976501465,True,1.1326031684875488,True,0.32768917083740234,1.120691680908203,0.31577768325805655,0.011911487579345792,1.201827049255371,True,0.3969130516052246,-0.06922388076782227,1.1586187680562336,0.35370477040608717,-0.026015599568684822,1.1602869033813477,True,0.9160480499267578
929,929,912,-1.761641025543213,False,-0.9978065490722656,False,0.7638344764709473,-0.9790414810180664,0.7825995445251465,-0.018765068054199197,-0.856041431427002,False,0.9055995941162109,-0.14176511764526367,-0.8408058484395345,0.9208351771036783,-0.15700070063273108,-0.9627456665039062,False,-1.5371651649475098
930,930,90,2.340531826019287,True,2.5228796005249023,True,0.18234777450561523,2.5470666885375977,0.20653486251831055,-0.024187088012695312,2.6201376914978027,True,0.2796058654785156,-0.09725809097290039,2.534191290537516,0.19365946451822902,-0.011311690012613784,2.5244221687316895,True,2.3722753524780273
931,931,686,-2.377241611480713,False,-1.9652748107910156,False,0.41196680068969727,-2.048261833190918,0.32897977828979474,0.08298702239990252,-2.0035228729248047,False,0.3737187385559082,0.03824806213378906,-1.9559667905171711,0.42127482096354174,-0.009308020273844475,-1.9755477905273438,False,-2.1867642402648926
932,932,37,2.969956398010254,True,3.372323513031006,True,0.40236711502075195,3.3338009834289553,0.36384458541870135,0.038522529602050604,3.3603172302246094,True,0.39036083221435547,0.012006282806396484,3.3705568313598633,0.4006004333496094,0.0017666816711425781,3.345828056335449,True,3.0406694412231445
933,933,67,4.036352157592773,True,4.280019760131836,True,0.2436676025390625,4.278566837310791,0.24221467971801758,0.0014529228210449219,4.298539161682129,True,0.26218700408935547,-0.01851940155029297,4.294984181722005,0.2586320241292315,-0.014964421590168975,4.265127182006836,True,4.057265281677246
934,934,504,3.207108974456787,True,3.5644149780273438,True,0.35730600357055664,3.521460247039795,0.314351272583008,0.04295473098754865,3.554144859313965,True,0.34703588485717773,0.010270118713378906,3.605676809946696,0.3985678354899087,-0.041261831919352066,3.6212058067321777,True,3.2803683280944824
935,935,752,-0.5112338066101074,False,-0.1594099998474121,False,0.3518238067626953,-0.1505401611328125,0.36069364547729493,-0.00886983871459962,-0.05348777770996094,False,0.4577460289001465,-0.10592222213745117,-0.05335791905721029,0.45787588755289715,-0.10605208079020181,-0.09577369689941406,False,-0.4681358337402344
936,936,484,-0.3590874671936035,False,0.05419588088989258,True,0.4132833480834961,0.07561922073364258,0.4347066879272461,-0.02142333984375,0.0849308967590332,True,0.4440183639526367,-0.030735015869140625,0.11977418263753255,0.47886164983113605,-0.06557830174763997,0.1214747428894043,True,-0.3116912841796875
937,937,494,2.9209890365600586,True,3.1474437713623047,True,0.2264547348022461,3.127063274383545,0.20607423782348633,0.020380496978759766,3.158111572265625,True,0.2371225357055664,-0.010667800903320312,3.1625677744547525,0.24157873789469386,-0.015124003092447769,3.1336584091186523,True,3.0455002784729004
938,938,491,3.088111400604248,True,3.2308340072631836,True,0.14272260665893555,3.242560386657715,0.1544489860534668,-0.01172637939453125,3.225095272064209,True,0.13698387145996094,0.005738735198974609,3.2315346399943032,0.1434232393900552,-0.0007006327311196436,3.2304277420043945,True,3.15513277053833
939,939,710,2.469177722930908,True,2.570258617401123,True,0.10108089447021484,2.573469066619873,0.10429134368896475,-0.003210449218749911,2.6054177284240723,True,0.13624000549316406,-0.03515911102294922,2.6144536336263022,0.14527591069539403,-0.044195016225179184,2.664185047149658,True,2.5525903701782227
940,940,253,2.914102077484131,True,3.100648880004883,True,0.18654680252075195,3.1162266731262207,0.20212459564208984,-0.01557779312133789,3.1378531455993652,True,0.22375106811523438,-0.03720426559448242,3.129617214202881,0.21551513671875,-0.028968334197998047,3.126735210418701,True,2.9384560585021973
941,941,884,0.18992853164672852,True,0.6103086471557617,True,0.4203801155090332,0.5793651580810547,0.3894366264343262,0.03094348907470701,0.6546316146850586,True,0.4647030830383301,-0.044322967529296875,0.6371350288391113,0.4472064971923828,-0.02682638168334961,0.6376557350158691,True,0.29973697662353516
942,942,405,0.28864097595214844,True,0.8618602752685547,True,0.5732192993164062,0.7979269027709961,0.5092859268188477,0.0639333724975586,0.8923583030700684,True,0.6037173271179199,-0.030498027801513672,0.8828827540079752,0.5942417780558268,-0.021022478739420536,0.8697900772094727,True,0.40869712829589844
943,943,550,-0.8399500846862793,False,-0.4645957946777344,False,0.3753542900085449,-0.4507415771484375,0.3892085075378418,-0.013854217529296886,-0.3998985290527344,False,0.4400515556335449,-0.064697265625,-0.481136957804362,0.3588131268819173,0.016541163126627623,-0.498443603515625,False,-0.7971806526184082
944,944,68,3.6946473121643066,True,3.892001152038574,True,0.19735383987426758,3.8389814376831053,0.14433412551879865,0.05301971435546893,3.866429328918457,True,0.1717820167541504,0.025571823120117188,3.894277254740397,0.19962994257609035,-0.0022761027018227686,3.8948545455932617,True,3.8783373832702637
945,945,124,5.307338714599609,True,5.476096153259277,True,0.16875743865966797,5.511062240600586,0.2037235260009762,-0.03496608734130824,5.487060546875,True,0.17972183227539062,-0.010964393615722656,5.506780624389648,0.19944190979003906,-0.030684471130371094,5.476332664489746,True,5.35244083404541
946,946,28,3.3441123962402344,True,3.496119976043701,True,0.1520075798034668,3.5082679748535157,0.16415557861328134,-0.012147998809814542,3.510972499847412,True,0.16686010360717773,-0.014852523803710938,3.5098331769307456,0.16572078069051122,-0.013713200887044419,3.5015711784362793,True,3.41154146194458
947,947,303,-7.748435974121094,False,-7.550816535949707,False,0.19761943817138672,-7.519090557098389,0.22934541702270472,-0.031725978851318004,-7.489870071411133,False,0.25856590270996094,-0.06094646453857422,-7.464522043863933,0.28391393025716116,-0.08629449208577444,-7.480857849121094,False,-7.706562042236328
948,948,182,4.084673881530762,True,4.588147163391113,True,0.5034732818603516,4.5369010925292965,0.4522272109985348,0.05124607086181676,4.594237327575684,True,0.5095634460449219,-0.0060901641845703125,4.629152933756511,0.544479052225749,-0.04100577036539743,4.556918144226074,True,4.203630447387695
949,949,645,2.246764659881592,True,2.6267218589782715,True,0.3799571990966797,2.6336148262023924,0.3868501663208006,-0.006892967224120916,2.6820759773254395,True,0.43531131744384766,-0.05535411834716797,2.678529739379883,0.431765079498291,-0.05180788040161133,2.6178317070007324,True,2.308666706085205
950,950,547,-3.847970724105835,False,-3.08720064163208,False,0.7607700824737549,-3.1648754596710207,0.6830952644348143,0.07767481803894061,-3.0764272212982178,False,0.7715435028076172,-0.010773420333862305,-3.0837804476420083,0.7641902764638266,-0.0034201939900717626,-3.0954413414001465,False,-3.51577091217041
951,951,117,2.238471031188965,True,2.49180269241333,True,0.25333166122436523,2.46720027923584,0.228729248046875,0.024602413177490234,2.4976110458374023,True,0.2591400146484375,-0.005808353424072266,2.5110251108805337,0.27255407969156886,-0.019222418467203628,2.511547565460205,True,2.2862157821655273
952,952,185,-6.699614524841309,False,-6.459997653961182,False,0.23961687088012695,-6.437368583679199,0.2622459411621092,-0.022629070281982244,-6.461711883544922,False,0.23790264129638672,0.0017142295837402344,-6.4179032643636065,0.2817112604777021,-0.042094389597575166,-6.423561096191406,False,-6.632822036743164
953,953,621,-1.5914764404296875,False,-0.8689589500427246,False,0.7225174903869629,-1.0002771377563477,0.5911993026733398,0.13131818771362314,-0.9078683853149414,False,0.6836080551147461,0.0389094352722168,-0.9145501454671224,0.6769262949625651,0.04559119542439782,-0.9262804985046387,False,-1.3099875450134277
954,954,156,3.8848447799682617,True,4.134533882141113,True,0.24968910217285156,4.152301979064942,0.26745719909667987,-0.017768096923828303,4.207175254821777,True,0.3223304748535156,-0.07264137268066406,4.203775723775228,0.31893094380696585,-0.06924184163411429,4.197247505187988,True,4.047555923461914
955,955,976,5.045464515686035,True,5.273038864135742,True,0.22757434844970703,5.279845428466797,0.2343809127807619,-0.006806564331054865,5.286710739135742,True,0.24124622344970703,-0.013671875,5.2732289632161455,0.22776444753011038,-0.00019009908040334977,5.282829284667969,True,5.132920265197754
956,956,661,4.14512825012207,True,4.563920021057129,True,0.4187917709350586,4.544915771484375,0.39978752136230433,0.01900424957275426,4.628821849822998,True,0.48369359970092773,-0.06490182876586914,4.6010972658793134,0.45596901575724313,-0.03717724482218454,4.584514141082764,True,4.263154029846191
957,957,554,5.532559394836426,True,5.797420501708984,True,0.2648611068725586,5.77767505645752,0.2451156616210941,0.01974544525146449,5.74836540222168,True,0.2158060073852539,0.04905509948730469,5.778034687042236,0.24547529220581055,0.019385814666748047,5.7452874183654785,True,5.603607654571533
958,958,72,0.6252250671386719,True,1.0216026306152344,True,0.3963775634765625,0.9984172821044922,0.37319221496582033,0.023185348510742165,1.0259699821472168,True,0.4007449150085449,-0.004367351531982422,1.0589251518249512,0.4337000846862793,-0.0373225212097168,1.0798749923706055,True,0.7689552307128906
959,959,350,4.201942443847656,True,4.395573616027832,True,0.19363117218017578,4.409732532501221,0.20779008865356463,-0.01415891647338885,4.442147731781006,True,0.2402052879333496,-0.04657411575317383,4.410848140716553,0.20890569686889648,-0.015274524688720703,4.396524429321289,True,4.227690696716309
960,960,114,1.4756183624267578,True,1.8015632629394531,True,0.3259449005126953,1.8444944381713868,0.368876075744629,-0.04293117523193368,1.8617630004882812,True,0.38614463806152344,-0.060199737548828125,1.8397199312845867,0.36410156885782885,-0.03815666834513354,1.817835807800293,True,1.5270986557006836
961,961,563,-8.127052307128906,False,-7.85762357711792,False,0.26942873001098633,-7.855872058868409,0.2711802482604977,-0.0017515182495113635,-7.833605766296387,False,0.29344654083251953,-0.024017810821533203,-7.852174599965413,0.27487770716349313,-0.0054489771525068065,-7.860628128051758,False,-8.049497604370117
962,962,512,-1.1533699035644531,False,-0.6709442138671875,False,0.4824256896972656,-0.6983325004577636,0.4550374031066895,0.027388286590576127,-0.5766057968139648,False,0.5767641067504883,-0.09433841705322266,-0.6219560305277506,0.5314138730367025,-0.048988183339436886,-0.6387295722961426,False,-1.0120296478271484
963,963,437,-1.0941615104675293,False,-0.6892690658569336,False,0.4048924446105957,-0.7394590377807617,0.3547024726867676,0.050189971923828125,-0.7269282341003418,False,0.3672332763671875,0.0376591682434082,-0.6486248970031738,0.44553661346435547,-0.040644168853759766,-0.6710495948791504,False,-0.8996062278747559
964,964,968,4.311985015869141,True,4.545976638793945,True,0.2339916229248047,4.553377532958985,0.2413925170898441,-0.007400894165039418,4.549975872039795,True,0.2379908561706543,-0.003999233245849609,4.589871088663737,0.27788607279459665,-0.04389444986979196,4.574642181396484,True,4.376657009124756
965,965,772,1.9323344230651855,True,2.3936519622802734,True,0.4613175392150879,2.405879783630371,0.47354536056518537,-0.012227821350097479,2.5000181198120117,True,0.5676836967468262,-0.10636615753173828,2.4341147740681968,0.5017803510030112,-0.040462811787923325,2.4377822875976562,True,2.014554977416992
966,966,700,0.7284579277038574,True,1.0128750801086426,True,0.28441715240478516,1.0063711166381837,0.27791318893432626,0.0065039634704588956,1.0959792137145996,True,0.3675212860107422,-0.08310413360595703,1.014510949452718,0.2860530217488606,-0.0016358693440754468,1.0410094261169434,True,0.854546070098877
967,967,536,1.292311191558838,True,1.4941062927246094,True,0.20179510116577148,1.5471351623535157,0.2548239707946778,-0.053028869628906294,1.5234079360961914,True,0.23109674453735352,-0.02930164337158203,1.5139438311258953,0.22163263956705737,-0.01983753840128588,1.5110087394714355,True,1.3111467361450195
968,968,351,-0.23016834259033203,False,-0.09744453430175781,False,0.13272380828857422,-0.09013671875,0.14003162384033202,-0.007307815551757815,-0.08917713165283203,False,0.1409912109375,-0.008267402648925781,-0.06920973459879558,0.16095860799153644,-0.028234799702962235,-0.08232402801513672,False,-0.18580245971679688
969,969,31,3.5426483154296875,True,4.04469108581543,True,0.5020427703857422,3.995494174957275,0.4528458595275877,0.049196910858154475,4.122471809387207,True,0.5798234939575195,-0.07778072357177734,4.074941476186116,0.5322931607564287,-0.030250390370686553,4.048609256744385,True,3.598651885986328
970,970,806,-0.2843036651611328,False,0.04962348937988281,True,0.3339271545410156,0.06666221618652343,0.35096588134765627,-0.01703872680664062,0.11835289001464844,True,0.40265655517578125,-0.06872940063476562,0.20838069915771484,0.49268436431884766,-0.15875720977783203,0.13730430603027344,True,-0.21109867095947266
971,971,870,2.2464237213134766,True,2.67661714553833,True,0.4301934242248535,2.6681089401245117,0.42168521881103516,0.00850820541381836,2.757451057434082,True,0.5110273361206055,-0.08083391189575195,2.644967238108317,0.39854351679484035,0.03164990743001317,2.703610897064209,True,2.3793554306030273
972,972,918,-2.9519858360290527,False,-2.67159366607666,False,0.2803921699523926,-2.678489112854004,0.2734967231750489,0.006895446777343661,-2.6667304039001465,False,0.28525543212890625,-0.004863262176513672,-2.577244281768799,0.3747415542602539,-0.09434938430786133,-2.615532875061035,False,-2.8115224838256836
973,973,817,0.7245540618896484,True,0.9317426681518555,True,0.20718860626220703,0.9071884155273438,0.1826343536376953,0.02455425262451172,0.9334373474121094,True,0.20888328552246094,-0.0016946792602539062,0.9816382726033529,0.25708421071370446,-0.04989560445149743,0.9634771347045898,True,0.7994537353515625
974,974,600,2.5148911476135254,True,2.8650007247924805,True,0.3501095771789551,2.8639172554016112,0.34902610778808585,0.0010834693908692294,2.889932155609131,True,0.37504100799560547,-0.02493143081665039,2.909982363382975,0.3950912157694497,-0.044981638590494644,2.8964967727661133,True,2.595613956451416
975,975,208,2.460583209991455,True,2.7079482078552246,True,0.24736499786376953,2.6723122596740723,0.2117290496826172,0.035635948181152344,2.6973800659179688,True,0.23679685592651367,0.01056814193725586,2.6745947202046714,0.2140115102132163,0.03335348765055324,2.6786742210388184,True,2.5238022804260254
976,976,221,-2.5060195922851562,False,-2.1932644844055176,False,0.31275510787963867,-2.2238887786865233,0.2821308135986329,0.03062429428100577,-2.125528335571289,False,0.3804912567138672,-0.06773614883422852,-2.1187456448872886,0.3872739473978677,-0.07451883951822902,-2.128289222717285,False,-2.3938632011413574
977,977,656,0.7265782356262207,True,0.8227324485778809,True,0.09615421295166016,0.8404120445251465,0.1138338088989258,-0.017679595947265647,0.8286700248718262,True,0.10209178924560547,-0.0059375762939453125,0.8449133237202963,0.11833508809407556,-0.0221808751424154,0.8460793495178223,True,0.7179808616638184
978,978,53,-1.4645400047302246,False,-1.3192095756530762,False,0.14533042907714844,-1.3148138999938965,0.14972610473632808,-0.004395675659179643,-1.280301570892334,False,0.18423843383789062,-0.03890800476074219,-1.2842941284179688,0.18024587631225586,-0.03491544723510742,-1.2881240844726562,False,-1.3850584030151367
979,979,927,2.126622200012207,True,2.348529815673828,True,0.2219076156616211,2.3478771209716798,0.22125492095947275,0.0006526947021483487,2.365584373474121,True,0.23896217346191406,-0.01705455780029297,2.3711145718892417,0.24449237187703465,-0.02258475621541356,2.339799404144287,True,2.2238478660583496
980,980,693,3.410533905029297,True,3.7637243270874023,True,0.35319042205810547,3.7110587120056153,0.30052480697631845,0.05266561508178702,3.7225937843322754,True,0.3120598793029785,0.04113054275512695,3.734898249308268,0.3243643442789712,0.028826077779134263,3.7144360542297363,True,3.505976676940918
981,981,948,0.6286764144897461,True,0.8816537857055664,True,0.2529773712158203,0.8687704086303711,0.24009399414062504,0.012883377075195268,0.8733153343200684,True,0.24463891983032227,0.008338451385498047,0.8993762334187826,0.2706998189290365,-0.017722447713216183,0.8623199462890625,True,0.704707145690918
982,982,530,0.6151819229125977,True,0.9488954544067383,True,0.3337135314941406,0.9257037162780761,0.31052179336547847,0.023191738128662154,0.9324283599853516,True,0.3172464370727539,0.01646709442138672,0.9821632703145345,0.3669813474019369,-0.03326781590779626,0.9668083190917969,True,0.6940784454345703
983,983,228,-4.045714378356934,False,-3.7820069789886475,False,0.26370739936828613,-3.805697965621948,0.24001641273498553,0.023690986633300604,-3.762364625930786,False,0.28334975242614746,-0.019642353057861328,-3.809521754582723,0.23619262377421046,0.02751477559407567,-3.8253605365753174,False,-3.9014408588409424
984,984,448,-0.7400832176208496,False,-0.31290197372436523,False,0.4271812438964844,-0.33681545257568357,0.40326776504516604,0.023913478851318337,-0.365997314453125,False,0.3740859031677246,0.053095340728759766,-0.29535706837972003,0.4447261492411296,-0.0175449053446452,-0.3124241828918457,False,-0.6888127326965332
985,985,252,2.983612537384033,True,3.2772111892700195,True,0.29359865188598633,3.252360725402832,0.26874818801879874,0.02485046386718759,3.257309913635254,True,0.2736973762512207,0.019901275634765625,3.2296411196390786,0.24602858225504542,0.0475700696309409,3.2144718170166016,True,3.1031503677368164
986,986,682,6.195992469787598,True,6.4623823165893555,True,0.2663898468017578,6.413533115386963,0.2175406455993656,0.04884920120239222,6.376577854156494,True,0.18058538436889648,0.08580446243286133,6.432763735453288,0.2367712656656904,0.029618581136067412,6.413485527038574,True,6.27579927444458
987,987,118,-1.0646905899047852,False,-0.9778575897216797,False,0.08683300018310547,-0.9863967895507812,0.0782938003540039,0.008539199829101562,-0.962315559387207,False,0.10237503051757812,-0.015542030334472656,-0.9673595428466797,0.09733104705810547,-0.010498046875,-0.9798946380615234,False,-1.0477294921875
988,988,280,2.6743783950805664,True,2.9826607704162598,True,0.30828237533569336,3.0513891220092773,0.37701072692871085,-0.06872835159301749,3.0169105529785156,True,0.3425321578979492,-0.03424978256225586,3.0595169067382812,0.38513851165771484,-0.07685613632202148,3.153986930847168,True,2.7253317832946777
989,989,168,6.54285192489624,True,6.832319259643555,True,0.28946733474731445,6.82088623046875,0.2780343055725094,0.011433029174805043,6.843102931976318,True,0.3002510070800781,-0.010783672332763672,6.840134620666504,0.29728269577026367,-0.007815361022949219,6.83941650390625,True,6.619441032409668
990,990,298,4.741330146789551,True,5.054739475250244,True,0.31340932846069336,5.040518379211425,0.29918823242187464,0.014221096038818715,5.084632396697998,True,0.34330224990844727,-0.029892921447753906,5.072068850199382,0.330738703409831,-0.017329374949137666,5.070242404937744,True,4.854039669036865
991,991,338,4.27284574508667,True,4.524652004241943,True,0.25180625915527344,4.485511779785156,0.21266603469848633,0.03914022445678711,4.518957138061523,True,0.24611139297485352,0.005694866180419922,4.535937627156575,0.2630918820699053,-0.011285622914631865,4.503270626068115,True,4.403965473175049
992,992,556,-2.757009506225586,False,-2.5718994140625,False,0.18511009216308594,-2.5539811134338377,0.20302839279174822,-0.017918300628662287,-2.542344093322754,False,0.21466541290283203,-0.029555320739746094,-2.5050031344095864,0.2520063718159995,-0.06689627965291356,-2.5091233253479004,False,-2.6827077865600586
993,993,305,5.350597381591797,True,5.53693962097168,True,0.1863422393798828,5.516030502319336,0.16543312072753924,0.020909118652343572,5.485830307006836,True,0.13523292541503906,0.05110931396484375,5.4915266036987305,0.1409292221069336,0.04541301727294922,5.5081305503845215,True,5.436956405639648
994,994,360,4.849848747253418,True,5.08937931060791,True,0.2395305633544922,5.063128566741943,0.21327981948852504,0.026250743865967152,5.079277038574219,True,0.22942829132080078,0.010102272033691406,5.08044417699178,0.23059542973836233,0.008935133616129853,5.064039707183838,True,4.967198371887207
995,995,306,4.781220436096191,True,4.985993385314941,True,0.20477294921875,4.97781400680542,0.19659357070922834,0.008179378509521662,4.98663854598999,True,0.20541810989379883,-0.0006451606750488281,4.983808676401774,0.20258824030558298,0.0021847089131670216,4.9778337478637695,True,4.847150802612305
996,996,453,4.466838359832764,True,4.622166633605957,True,0.15532827377319336,4.5796019554138185,0.11276359558105487,0.042564678192138494,4.59542989730835,True,0.12859153747558594,0.026736736297607422,4.628096739451091,0.16125837961832712,-0.00593010584513376,4.604057312011719,True,4.567572116851807
997,997,239,2.691537380218506,True,2.9976272583007812,True,0.3060898780822754,2.971296215057373,0.2797588348388671,0.026331043243408292,2.952558994293213,True,0.26102161407470703,0.04506826400756836,2.971863110860189,0.2803257306416831,0.0257641474405923,2.9726786613464355,True,2.824982166290283
998,998,917,1.2500133514404297,True,1.3286142349243164,True,0.07860088348388672,1.3311895370483398,0.08117618560791007,-0.0025753021240233487,1.3335771560668945,True,0.08356380462646484,-0.004962921142578125,1.3358618418375652,0.08584849039713549,-0.007247606913248772,1.3333206176757812,True,1.2796993255615234
999,999,45,-1.7036752700805664,False,-1.0833587646484375,False,0.6203165054321289,-1.1465137481689454,0.557161521911621,0.06315498352050786,-1.0295796394348145,False,0.674095630645752,-0.05377912521362305,-1.0536046028137207,0.6500706672668457,-0.029754161834716797,-1.0790672302246094,False,-1.533097267150879
