model,depth,is_primary,requested_fraction,requested_percent,actual_k,actual_fraction,actual_percent,condition,mean_acc,sd_acc,min_acc,max_acc,mask_spread_acc,mask_sd_acc,mean_margin,sd_margin,mean_damage,sd_damage,fungibility_advantage,recovery,ci_lower_acc,ci_upper_acc
deit_small,8,True,0.0,0,0,0.0,0.0,CENTROID,0.761,0.0,0.761,0.761,0.0,0.0,2.2422940731048584,0.0,0.0,0.0,0.0,,0.7369749999999999,0.785
deit_small,8,True,0.01,1,2,0.01020408163265306,1.0204081632653061,CENTROID,0.762,0.0007071067811865482,0.761,0.763,0.0020000000000000018,0.0007071067811865482,2.243399715423584,0.002643966106578266,-0.0011056423187255859,0.002643966106578266,0.01657266616821289,,0.733785,0.787205
deit_small,8,True,0.02,2,4,0.02040816326530612,2.0408163265306123,CENTROID,0.7622,0.0013038404810405309,0.761,0.764,0.0030000000000000027,0.0013038404810405309,2.2398701667785645,0.004381988551401785,0.0024239063262939454,0.004381988551401785,0.03306255340576172,,0.7373900000000001,0.7866050000000001
deit_small,8,True,0.03,3,6,0.030612244897959183,3.061224489795918,CENTROID,0.7622,0.0016431676725155,0.76,0.764,0.0040000000000000036,0.0016431676725155,2.2389214515686033,0.005428648316140936,0.0033726215362548826,0.005428648316140936,0.04784173965454101,,0.735995,0.7890050000000001
deit_small,8,True,0.04,4,8,0.04081632653061224,4.081632653061225,CENTROID,0.7626000000000001,0.0019493588689617944,0.76,0.765,0.0050000000000000044,0.0019493588689617944,2.236207294464111,0.0061866146295086995,0.00608677864074707,0.0061866146295086995,0.06039276123046875,,0.737195,0.7890050000000001
deit_small,8,True,0.05,5,10,0.05102040816326531,5.1020408163265305,CENTROID,0.7613999999999999,0.0018165902124584966,0.759,0.763,0.0040000000000000036,0.0018165902124584966,2.2316845417022706,0.008268465660605915,0.01060953140258789,0.008268465660605915,0.07335963249206542,,0.7341799999999999,0.7862
deit_small,8,True,0.06,6,12,0.061224489795918366,6.122448979591836,CENTROID,0.7620000000000001,0.002345207879911717,0.759,0.764,0.0050000000000000044,0.002345207879911717,2.2282655239105225,0.008652689677541528,0.014028549194335938,0.008652689677541528,0.08712329864501953,0.7899026244455791,0.735995,0.787215
deit_small,8,True,0.07,7,14,0.07142857142857142,7.142857142857142,CENTROID,0.762,0.00244948974278318,0.759,0.765,0.006000000000000005,0.00244948974278318,2.2252788066864015,0.006085815234112558,0.01701526641845703,0.006085815234112558,0.0998232364654541,0.8561103170810824,0.735795,0.7884
deit_small,8,True,0.08,8,16,0.08163265306122448,8.16326530612245,CENTROID,0.7632000000000001,0.0021679483388678815,0.76,0.765,0.0050000000000000044,0.0021679483388678815,2.224601221084595,0.00865949043228957,0.01769285202026367,0.00865949043228957,0.11355881690979004,0.8680108565984124,0.7353999999999999,0.789605
deit_small,8,True,0.09,9,18,0.09183673469387756,9.183673469387756,CENTROID,0.7624000000000001,0.0018165902124584966,0.76,0.764,0.0040000000000000036,0.0018165902124584966,2.2244896411895754,0.008658134445470101,0.017804431915283202,0.008658134445470101,0.1262594223022461,0.8789032980417032,0.735795,0.78901
deit_small,8,True,0.1,10,20,0.10204081632653061,10.204081632653061,CENTROID,0.7628,0.0017888543819998333,0.76,0.765,0.0050000000000000044,0.0017888543819998333,2.2218783378601072,0.009477379908876366,0.020415735244750977,0.009477379908876366,0.13994402885437013,0.8750707153131729,0.735575,0.7888149999999999
deit_small,8,True,0.11,11,22,0.11224489795918367,11.224489795918368,CENTROID,0.7624,0.0023021728866442696,0.76,0.766,0.006000000000000005,0.0023021728866442696,2.220752477645874,0.011015949909818374,0.021541595458984375,0.011015949909818374,0.15433616638183595,0.8800206596113934,0.734575,0.787805
deit_small,8,True,0.12,12,24,0.12244897959183673,12.244897959183673,CENTROID,0.7624,0.0018165902124584966,0.76,0.765,0.0050000000000000044,0.0018165902124584966,2.216585063934326,0.013297012109775717,0.025709009170532225,0.013297012109775718,0.16892485618591307,0.8709091772741641,0.73679,0.7878099999999999
deit_small,8,True,0.13,13,25,0.12755102040816327,12.755102040816327,CENTROID,0.7624,0.0018165902124584966,0.76,0.765,0.0050000000000000044,0.0018165902124584966,2.216974210739136,0.012096394273294661,0.025319862365722656,0.012096394273294661,0.1753180980682373,0.8761240270320598,0.73499,0.788205
deit_small,8,True,0.14,14,27,0.1377551020408163,13.77551020408163,CENTROID,0.7614,0.0032093613071762454,0.758,0.766,0.008000000000000007,0.0032093613071762454,2.21236834526062,0.011185854964401621,0.029925727844238283,0.011185854964401621,0.19138174057006835,0.8662903681129877,0.7364,0.7870050000000001
deit_small,8,True,0.15,15,29,0.14795918367346939,14.795918367346939,CENTROID,0.7615999999999999,0.0035071355833500395,0.758,0.766,0.008000000000000007,0.0035071355833500395,2.2105600833892822,0.011062408966239876,0.03173398971557617,0.011062408966239876,0.20711700916290282,0.868418745174717,0.732995,0.788605
deit_small,8,True,0.16,16,31,0.15816326530612246,15.816326530612246,CENTROID,0.7622000000000002,0.0036331804249169933,0.756,0.765,0.009000000000000008,0.0036331804249169933,2.2058972835540773,0.007552420129884593,0.03639678955078125,0.0075524201298845925,0.2236475944519043,0.8603990760056768,0.7383949999999999,0.788605
deit_small,8,True,0.17,17,33,0.1683673469387755,16.83673469387755,CENTROID,0.761,0.004847679857416334,0.753,0.766,0.013000000000000012,0.004847679857416334,2.202536201477051,0.003915938922216993,0.03975787162780762,0.003915938922216994,0.24191291332244874,0.8588140148850408,0.7344,0.7851999999999999
deit_small,8,True,0.18,18,35,0.17857142857142858,17.857142857142858,CENTROID,0.7605999999999999,0.0028809720581775894,0.756,0.764,0.008000000000000007,0.0028809720581775894,2.199030351638794,0.007474640936221242,0.043263721466064456,0.0074746409362212414,0.2598958253860474,0.8574251625376845,0.736395,0.786205
deit_small,8,True,0.19,19,37,0.18877551020408162,18.877551020408163,CENTROID,0.7604,0.003286335345030999,0.755,0.763,0.008000000000000007,0.003286335345030999,2.1940450191497805,0.008870662207525706,0.04824905395507813,0.008870662207525706,0.2774805068969727,0.8521457415695914,0.734995,0.785805
deit_small,8,True,0.2,20,39,0.1989795918367347,19.897959183673468,CENTROID,0.7598,0.0036331804249169933,0.754,0.764,0.010000000000000009,0.0036331804249169933,2.1866307735443113,0.007083587565361429,0.05566329956054687,0.00708358756536143,0.2981651782989502,0.8428273821121947,0.7362000000000001,0.785805
deit_small,8,True,0.21,21,41,0.20918367346938777,20.918367346938776,CENTROID,0.76,0.005147815070493504,0.751,0.764,0.013000000000000012,0.005147815070493504,2.185033416748047,0.010508846752545773,0.057260656356811525,0.010508846752545773,0.318074631690979,0.8479038464829168,0.73299,0.7866049999999999
deit_small,8,True,0.22,22,43,0.2193877551020408,21.93877551020408,CENTROID,0.7602,0.003193743884534265,0.756,0.764,0.008000000000000007,0.003193743884534265,2.1851451873779295,0.010839052419009568,0.05714888572692871,0.010839052419009568,0.3403709173202515,0.856629043190359,0.734395,0.7878149999999999
deit_small,8,True,0.23,23,45,0.22959183673469388,22.95918367346939,CENTROID,0.759,0.0028284271247461927,0.756,0.762,0.006000000000000005,0.0028284271247461927,2.183579111099243,0.011268576158843614,0.05871496200561523,0.011268576158843614,0.36328601837158203,0.8612796147147946,0.73259,0.7852
deit_small,8,True,0.24,24,47,0.23979591836734693,23.97959183673469,CENTROID,0.7576,0.003361547262794325,0.752,0.76,0.008000000000000007,0.003361547262794325,2.1803563117980955,0.015797563419673623,0.06193776130676269,0.015797563419673623,0.38588967323303225,0.8624880397581334,0.732795,0.78321
deit_small,8,True,0.25,25,49,0.25,25.0,CENTROID,0.7592000000000001,0.002774887385102324,0.755,0.762,0.007000000000000006,0.002774887385102324,2.1761935234069822,0.018954251119457973,0.06610054969787597,0.018954251119457973,0.4107926368713379,0.8625518950079478,0.73199,0.7826050000000001
deit_small,8,True,0.26,26,51,0.2602040816326531,26.02040816326531,CENTROID,0.758,0.0029154759474226528,0.754,0.761,0.007000000000000006,0.0029154759474226528,2.1733227729797364,0.017768223028448212,0.06897130012512206,0.017768223028448212,0.43578054904937746,0.8642672343715636,0.7335949999999999,0.7846000000000001
deit_small,8,True,0.27,27,53,0.27040816326530615,27.040816326530614,CENTROID,0.7574000000000001,0.004722287581247042,0.753,0.764,0.01100000000000001,0.004722287581247042,2.171070194244385,0.015357535957889523,0.07122387886047363,0.015357535957889523,0.4601234674453735,0.8665846255902544,0.7306,0.7836000000000001
deit_small,8,True,0.28,28,55,0.28061224489795916,28.061224489795915,CENTROID,0.7582,0.003898717737923589,0.754,0.762,0.008000000000000007,0.003898717737923589,2.166510486602783,0.017257799002618805,0.0757835865020752,0.017257799002618805,0.48788654804229736,0.8663732212617419,0.73259,0.7836150000000001
deit_small,8,True,0.29,29,57,0.29081632653061223,29.081632653061224,CENTROID,0.7571999999999999,0.0017888543819998333,0.755,0.759,0.0040000000000000036,0.0017888543819998333,2.1612871646881104,0.021546575065247323,0.08100690841674804,0.021546575065247323,0.5161138772964478,0.8653898563324436,0.7316,0.7834
deit_small,8,True,0.3,30,59,0.3010204081632653,30.102040816326532,CENTROID,0.7576,0.002190890230020666,0.755,0.761,0.006000000000000005,0.002190890230020666,2.158676290512085,0.023033345134298555,0.08361778259277344,0.023033345134298555,0.5429527521133423,0.8676746501747313,0.7306,0.7830050000000001
deit_small,8,True,0.31,31,61,0.3112244897959184,31.122448979591837,CENTROID,0.7565999999999999,0.0030495901363953837,0.753,0.76,0.007000000000000006,0.0030495901363953837,2.1530154228210447,0.020394391726079368,0.08927865028381347,0.020394391726079368,0.5711263418197632,0.8655527257901504,0.73,0.7808050000000001
deit_small,8,True,0.32,32,63,0.32142857142857145,32.142857142857146,CENTROID,0.7577999999999999,0.0017888543819998333,0.755,0.76,0.0050000000000000044,0.0017888543819998333,2.149301290512085,0.01926128403493405,0.09299278259277344,0.01926128403493405,0.6003455638885498,0.8664555245959278,0.730995,0.78301
deit_small,8,True,0.33,33,65,0.33163265306122447,33.16326530612245,CENTROID,0.7578,0.003346640106136305,0.754,0.762,0.008000000000000007,0.003346640106136305,2.145501661300659,0.020231952594072452,0.09679241180419922,0.020231952594072452,0.6295435190200805,0.8672551100142455,0.7303999999999999,0.7826050000000001
deit_small,8,True,0.34,34,67,0.34183673469387754,34.183673469387756,CENTROID,0.7572,0.005118593556827896,0.751,0.763,0.01200000000000001,0.005118593556827896,2.138309669494629,0.021421081925150076,0.1039844036102295,0.021421081925150076,0.658769941329956,0.8641365219715611,0.7321949999999999,0.782
deit_small,8,True,0.35,35,69,0.3520408163265306,35.204081632653065,CENTROID,0.7576,0.004037325847637273,0.753,0.762,0.009000000000000008,0.004037325847637273,2.13002347946167,0.021814125430036854,0.11227059364318848,0.021814125430036854,0.6899149417877197,0.8604580144047489,0.7335949999999999,0.7826000000000001
deit_small,8,True,0.36,36,71,0.3622448979591837,36.224489795918366,CENTROID,0.7567999999999999,0.004549725266430934,0.75,0.761,0.01100000000000001,0.004549725266430934,2.1287453174591064,0.02373751419020413,0.11354875564575195,0.02373751419020413,0.7217404842376709,0.8645899598841167,0.733,0.785015
deit_small,8,True,0.37,37,73,0.37244897959183676,37.244897959183675,CENTROID,0.7572,0.003768288736283358,0.751,0.761,0.010000000000000009,0.003768288736283358,2.1241028785705565,0.020679128939682524,0.11819119453430176,0.020679128939682524,0.7520529270172119,0.8646045925862854,0.732595,0.7844
deit_small,8,True,0.38,38,74,0.37755102040816324,37.755102040816325,CENTROID,0.7558,0.002588435821108959,0.752,0.759,0.007000000000000006,0.002588435821108959,2.1175205230712892,0.02081890586755408,0.12477355003356934,0.02081890586755408,0.7701486110687256,0.8609652918092652,0.73099,0.7794
deit_small,8,True,0.39,39,76,0.3877551020408163,38.775510204081634,CENTROID,0.7547999999999999,0.003768288736283358,0.751,0.759,0.008000000000000007,0.003768288736283358,2.1086682796478273,0.02050879464719016,0.13362579345703124,0.02050879464719016,0.8003244638442993,0.8572442779929377,0.7311900000000001,0.780205
deit_small,8,True,0.4,40,78,0.3979591836734694,39.795918367346935,CENTROID,0.7546,0.0037815340802378108,0.749,0.759,0.010000000000000009,0.0037815340802378108,2.1047175407409666,0.02412065545677718,0.1375765323638916,0.02412065545677718,0.8314882278442383,0.8584440034472349,0.7285949999999999,0.7798099999999999
deit_small,8,True,0.41,41,80,0.40816326530612246,40.816326530612244,CENTROID,0.7544,0.0038470768123342724,0.75,0.76,0.010000000000000009,0.0038470768123342724,2.095061779022217,0.027080693227810544,0.1472322940826416,0.027080693227810544,0.8623315095901489,0.8546185080207996,0.726995,0.77902
deit_small,8,True,0.42,42,82,0.41836734693877553,41.83673469387755,CENTROID,0.7528,0.004324349662087935,0.748,0.759,0.01100000000000001,0.004324349662087935,2.0838584899902344,0.030441550456951596,0.15843558311462402,0.030441550456951596,0.8915716886520386,0.8496262500392524,0.728,0.7786150000000001
deit_small,8,True,0.43,43,84,0.42857142857142855,42.857142857142854,CENTROID,0.7525999999999999,0.005458937625582477,0.748,0.759,0.01100000000000001,0.005458937625582477,2.083832263946533,0.030459686701885338,0.1584618091583252,0.030459686701885338,0.9220520734786988,0.853810775238417,0.72798,0.7784
deit_small,8,True,0.44,44,86,0.4387755102040816,43.87755102040816,CENTROID,0.7512,0.005357238094391554,0.746,0.757,0.01100000000000001,0.005357238094391554,2.079443073272705,0.03112851638853153,0.16285099983215331,0.03112851638853153,0.9502840042114258,0.8541690955836179,0.725195,0.77521
deit_small,8,True,0.45,45,88,0.4489795918367347,44.89795918367347,CENTROID,0.7505999999999999,0.007536577472566716,0.743,0.759,0.016000000000000014,0.007536577472566716,2.0753079414367677,0.0284064032920421,0.16698613166809081,0.028406403292042103,0.9809674501419068,0.8548828517135838,0.7264,0.777205
deit_small,8,True,0.46,46,90,0.45918367346938777,45.91836734693878,CENTROID,0.751,0.007582875444051557,0.741,0.759,0.018000000000000016,0.007582875444051557,2.0741589069366455,0.027151771034490606,0.1681351661682129,0.027151771034490606,1.0135029315948487,0.857933877464994,0.725795,0.7764099999999999
deit_small,8,True,0.47,47,92,0.46938775510204084,46.93877551020408,CENTROID,0.7506,0.006730527468185542,0.741,0.757,0.016000000000000014,0.006730527468185542,2.0687375545501707,0.029049166476507824,0.1735565185546875,0.029049166476507824,1.0441920280456543,0.8577518161835618,0.7243949999999999,0.776605
deit_small,8,True,0.48,48,94,0.47959183673469385,47.95918367346938,CENTROID,0.7502,0.007224956747275383,0.74,0.758,0.018000000000000016,0.007224956747275383,2.060540246963501,0.03245619890529511,0.18175382614135743,0.03245619890529511,1.077171754837036,0.8558813490117305,0.724995,0.7757999999999999
deit_small,8,True,0.49,49,96,0.4897959183673469,48.97959183673469,CENTROID,0.7508,0.007791020472312989,0.739,0.758,0.019000000000000017,0.007791020472312989,2.0506198406219482,0.03817412946216884,0.19167423248291016,0.03817412946216884,1.1090619325637818,0.853027886997309,0.7241949999999999,0.77681
deit_small,8,True,0.5,50,98,0.5,50.0,CENTROID,0.7486,0.00798749021908635,0.736,0.756,0.020000000000000018,0.00798749021908635,2.040483856201172,0.03916689568909773,0.20181021690368653,0.03916689568909773,1.1393800973892212,0.8498808210098627,0.72499,0.7752
deit_small,8,True,0.51,51,100,0.5102040816326531,51.02040816326531,CENTROID,0.7486,0.006841052550594834,0.738,0.756,0.018000000000000016,0.006841052550594834,2.02681725025177,0.049626719101726835,0.2154768228530884,0.04962671910172684,1.1707502126693725,0.8451589693335793,0.7231850000000001,0.7734000000000001
deit_small,8,True,0.52,52,102,0.5204081632653061,52.04081632653062,CENTROID,0.7466,0.008324662155306972,0.736,0.758,0.02200000000000002,0.008324662155306972,2.0243679761886595,0.050060028777837634,0.21792609691619874,0.05006002877783764,1.2007669806480408,0.8469898966638608,0.72299,0.7716050000000002
deit_small,8,True,0.53,53,104,0.5306122448979592,53.06122448979592,CENTROID,0.7472,0.0097313925005623,0.734,0.758,0.02400000000000002,0.0097313925005623,2.0151779413223267,0.05302635520598157,0.22711613178253173,0.053026355205981576,1.229520356655121,0.8447915789622673,0.7223949999999999,0.7717999999999999
deit_small,8,True,0.54,54,106,0.5408163265306123,54.08163265306123,CENTROID,0.7470000000000001,0.010173494974687912,0.735,0.759,0.02400000000000002,0.010173494974687912,2.0074326515197756,0.05229573037923908,0.234861421585083,0.05229573037923908,1.2604690313339233,0.8435722215057864,0.721195,0.774205
deit_small,8,True,0.55,55,108,0.5510204081632653,55.10204081632652,CENTROID,0.7454,0.009235799911215063,0.734,0.756,0.02200000000000002,0.009235799911215063,1.9991004705429076,0.046498685211630336,0.2431936025619507,0.04649868521163034,1.289970064163208,0.8418586619252837,0.7182000000000001,0.7706050000000002
deit_small,8,True,0.56,56,110,0.5612244897959183,56.12244897959183,CENTROID,0.7442,0.010183319694480783,0.734,0.759,0.025000000000000022,0.010183319694480783,1.9957188844680787,0.044424239368114786,0.2465751886367798,0.04442423936811479,1.3175639867782594,0.842791023003213,0.719,0.77
deit_small,8,True,0.57,57,112,0.5714285714285714,57.14285714285714,CENTROID,0.7428,0.01080277742064513,0.731,0.755,0.02400000000000002,0.01080277742064513,1.9895693778991699,0.04750101424097596,0.25272469520568847,0.04750101424097596,1.3428472638130189,0.8420692845796405,0.7181900000000001,0.76621
deit_small,8,True,0.58,58,114,0.5816326530612245,58.16326530612245,CENTROID,0.7434000000000001,0.009154233993076653,0.733,0.752,0.019000000000000017,0.009154233993076653,1.9740309476852418,0.0451670084252225,0.2682631254196167,0.0451670084252225,1.369318175315857,0.8365395387796518,0.7181850000000001,0.7694
deit_small,8,True,0.59,59,116,0.5918367346938775,59.183673469387756,CENTROID,0.7428,0.007886697661252148,0.734,0.751,0.017000000000000015,0.007886697661252148,1.96504385471344,0.04093222570086977,0.27725021839141845,0.04093222570086977,1.396317684650421,0.8345823691721698,0.7168,0.76761
deit_small,8,True,0.6,60,118,0.6020408163265306,60.204081632653065,CENTROID,0.741,0.007176350047203668,0.732,0.748,0.016000000000000014,0.007176350047203668,1.9450007677078247,0.03445563560199075,0.2972933053970337,0.03445563560199075,1.4184449195861817,0.826897924021389,0.715195,0.7641999999999999
deit_small,8,True,0.61,61,120,0.6122448979591837,61.224489795918366,CENTROID,0.7412,0.008729261137118086,0.731,0.751,0.020000000000000018,0.008729261137118086,1.9368751287460326,0.02955391098292579,0.30541894435882566,0.02955391098292579,1.4466015696525574,0.8257415643051423,0.7162000000000001,0.766215
deit_small,8,True,0.62,62,122,0.6224489795918368,62.244897959183675,CENTROID,0.7388,0.009444575162494084,0.728,0.747,0.019000000000000017,0.009444575162494084,1.9212178468704224,0.03666542171751303,0.32107622623443605,0.03666542171751303,1.4685810565948487,0.8206999436282206,0.7138000000000001,0.7626
deit_small,8,True,0.63,63,123,0.6275510204081632,62.755102040816325,CENTROID,0.7392000000000001,0.008927485648266264,0.728,0.746,0.018000000000000016,0.008927485648266264,1.9132568359375,0.03655615397885565,0.3290372371673584,0.03655615397885565,1.4808828473091125,0.8183308128708301,0.71499,0.7644
deit_small,8,True,0.64,64,125,0.6377551020408163,63.775510204081634,CENTROID,0.7379999999999999,0.010222524150130445,0.724,0.749,0.025000000000000022,0.010222524150130445,1.8982107162475585,0.04040722712993088,0.3440833568572998,0.04040722712993088,1.5026589035987854,0.8138208597173874,0.71398,0.7622050000000001
deit_small,8,True,0.65,65,127,0.6479591836734694,64.79591836734694,CENTROID,0.7363999999999999,0.010163660757817538,0.723,0.748,0.025000000000000022,0.010163660757817538,1.8776450634002686,0.04281135451817168,0.36464900970458985,0.04281135451817168,1.5269682705402374,0.8074041949496937,0.7098,0.760615
deit_small,8,True,0.66,66,129,0.6581632653061225,65.81632653061224,CENTROID,0.7358,0.009497368056467021,0.724,0.746,0.02200000000000002,0.009497368056467021,1.8640138387680054,0.0424066790296317,0.37828023433685304,0.0424066790296317,1.5514784753322601,0.8040918020471244,0.7085949999999999,0.76101
deit_small,8,True,0.67,67,131,0.6683673469387755,66.83673469387756,CENTROID,0.7333999999999999,0.011282730166054678,0.718,0.744,0.026000000000000023,0.011282730166054678,1.8411036491394044,0.03646144785740086,0.4011904239654541,0.03646144785740087,1.5735608011484146,0.7969414802301907,0.7105949999999999,0.7576050000000001
deit_small,8,True,0.68,68,133,0.6785714285714286,67.85714285714286,CENTROID,0.7325999999999999,0.012177848742696727,0.717,0.743,0.026000000000000023,0.012177848742696727,1.8276468992233277,0.037328168289715385,0.4146471738815308,0.037328168289715385,1.5920522928237915,0.7934951741132613,0.7084,0.7582000000000001
deit_small,8,True,0.69,69,135,0.6887755102040817,68.87755102040816,CENTROID,0.7295999999999999,0.012817956155331484,0.714,0.744,0.030000000000000027,0.012817956155331484,1.8159138917922975,0.038481032539703204,0.42638018131256106,0.0384810325397032,1.610857504606247,0.7908231487289957,0.7032,0.75421
deit_small,8,True,0.7,70,137,0.6989795918367347,69.89795918367348,CENTROID,0.7278,0.010756393447619894,0.714,0.741,0.027000000000000024,0.010756393447619894,1.8045781612396241,0.03627429149705132,0.4377159118652344,0.03627429149705131,1.6278048515319825,0.7881589822988417,0.7015950000000001,0.7546050000000002
deit_small,8,True,0.71,71,139,0.7091836734693877,70.91836734693877,CENTROID,0.7276,0.00968504001024261,0.717,0.739,0.02200000000000002,0.00968504001024261,1.7851951360702514,0.03125585252324249,0.4570989370346069,0.031255852523242485,1.6405527651309968,0.7821050886021321,0.700395,0.7528050000000001
deit_small,8,True,0.72,72,141,0.7193877551020408,71.93877551020408,CENTROID,0.7264,0.007797435475847178,0.717,0.733,0.016000000000000014,0.007797435475847178,1.7610599517822265,0.023409386660408017,0.4812341213226318,0.023409386660408014,1.65161834359169,0.774352436268231,0.700395,0.75
deit_small,8,True,0.73,73,143,0.7295918367346939,72.95918367346938,CENTROID,0.7247999999999999,0.0058051701094800024,0.716,0.73,0.014000000000000012,0.0058051701094800024,1.7383204221725463,0.02852573477406955,0.5039736509323121,0.02852573477406955,1.6639837682247163,0.7675102058228449,0.698595,0.748615
deit_small,8,True,0.74,74,145,0.7397959183673469,73.9795918367347,CENTROID,0.724,0.006324555320336764,0.714,0.731,0.017000000000000015,0.006324555320336764,1.7191896438598633,0.027287276475974908,0.5231044292449951,0.027287276475974908,1.6780408836901188,0.7622988006516135,0.6974,0.7497999999999999
deit_small,8,True,0.75,75,147,0.75,75.0,CENTROID,0.7214,0.005727128425310546,0.713,0.726,0.013000000000000012,0.005727128425310546,1.6949886560440064,0.026519106249633745,0.547305417060852,0.026519106249633745,1.6837133789900691,0.7546296281339936,0.6975999999999999,0.7467999999999999
deit_small,8,True,0.76,76,149,0.7602040816326531,76.0204081632653,CENTROID,0.7184,0.004827007354458872,0.713,0.724,0.01100000000000001,0.004827007354458872,1.665126919746399,0.01882842343326454,0.5771671533584595,0.01882842343326454,1.6903853635769337,0.7454548194137023,0.6939949999999999,0.74361
deit_small,8,True,0.77,77,151,0.7704081632653061,77.04081632653062,CENTROID,0.7188000000000001,0.0073959448348402445,0.709,0.728,0.019000000000000017,0.0073959448348402445,1.6427294969558717,0.015329238016041224,0.5995645761489868,0.015329238016041224,1.6975943457800895,0.738981976962757,0.6929949999999999,0.744005
deit_small,8,True,0.78,78,153,0.7806122448979592,78.06122448979592,CENTROID,0.7186,0.007162401831787999,0.709,0.729,0.020000000000000018,0.007162401831787999,1.6072343349456788,0.024710325374484587,0.6350597381591797,0.024710325374484587,1.6959919836372137,0.7276450336869847,0.692395,0.743
deit_small,8,True,0.79,79,155,0.7908163265306123,79.08163265306123,CENTROID,0.7148,0.005118593556827896,0.709,0.722,0.013000000000000012,0.005118593556827896,1.577837347984314,0.02171940087163343,0.6644567251205444,0.02171940087163343,1.699465274810791,0.7189602739991247,0.6881849999999999,0.7404000000000001
deit_small,8,True,0.8,80,157,0.8010204081632653,80.10204081632652,CENTROID,0.711,0.008062257748298558,0.703,0.724,0.02100000000000002,0.008062257748298558,1.5326841354370118,0.023372606369509476,0.7096099376678466,0.023372606369509476,1.6930913880467415,0.7047246617196835,0.68619,0.7362000000000001
deit_small,8,True,0.81,81,159,0.8112244897959183,81.12244897959184,CENTROID,0.71,0.004123105625617665,0.705,0.713,0.008000000000000007,0.004123105625617665,1.4950514554977417,0.024365136236318616,0.7472426176071167,0.024365136236318616,1.6933195382356643,0.6938707913449799,0.6854000000000001,0.73661
deit_small,8,True,0.82,82,161,0.8214285714285714,82.14285714285714,CENTROID,0.7078,0.005674504383644448,0.699,0.714,0.015000000000000013,0.005674504383644448,1.4498714447021483,0.033665764398087716,0.7924226284027099,0.033665764398087716,1.6860634982585907,0.6803746787934772,0.6825949999999998,0.73321
deit_small,8,True,0.83,83,163,0.8316326530612245,83.16326530612244,CENTROID,0.7066,0.004219004621945801,0.702,0.71,0.008000000000000007,0.004219004621945801,1.4200875997543334,0.028962988261428076,0.8222064733505249,0.028962988261428076,1.688359346985817,0.6725694738687781,0.6822,0.7303999999999999
deit_small,8,True,0.84,84,165,0.8418367346938775,84.18367346938776,CENTROID,0.7048,0.006058052492344389,0.697,0.714,0.017000000000000015,0.006058052492344389,1.3539305448532104,0.04366058210122708,0.888363528251648,0.04366058210122708,1.6588761806488037,0.6513495493867463,0.679995,0.7312050000000001
deit_small,8,True,0.85,85,167,0.8520408163265306,85.20408163265306,CENTROID,0.701,0.007905694150420955,0.691,0.713,0.02200000000000002,0.007905694150420955,1.2925822734832764,0.054805077951387296,0.949711799621582,0.054805077951387296,1.6399064242839814,0.6333869731165802,0.675995,0.7246049999999999
deit_small,8,True,0.86,86,169,0.8622448979591837,86.22448979591837,CENTROID,0.6915999999999999,0.005594640292279709,0.683,0.697,0.013999999999999901,0.005594640292279709,1.222855520248413,0.026380414897694424,1.0194385528564454,0.026380414897694424,1.61143399477005,0.61253673196988,0.6672,0.7182000000000001
deit_small,8,True,0.87,87,171,0.8724489795918368,87.24489795918367,CENTROID,0.6824000000000001,0.0028809720581775894,0.68,0.686,0.006000000000000005,0.0028809720581775894,1.1419461011886596,0.04386515674565974,1.1003479719161988,0.04386515674565974,1.569869863986969,0.588034718808026,0.6579900000000001,0.710215
deit_small,8,True,0.88,88,172,0.8775510204081632,87.75510204081633,CENTROID,0.6766,0.0054129474410897485,0.671,0.685,0.014000000000000012,0.0054129474410897485,1.0907244443893434,0.04789075013327153,1.151569628715515,0.04789075013327153,1.5450543582439422,0.5730810865867382,0.6517999999999999,0.70121
deit_small,8,True,0.89,89,174,0.8877551020408163,88.77551020408163,CENTROID,0.6616000000000001,0.0038470768123342724,0.656,0.666,0.010000000000000009,0.0038470768123342724,0.9974902868270874,0.035905607230145443,1.244803786277771,0.035905607230145443,1.4797661125659942,0.5431602408283045,0.636995,0.6862050000000001
deit_small,8,True,0.9,90,176,0.8979591836734694,89.79591836734694,CENTROID,0.6462,0.007661592523751188,0.638,0.657,0.019000000000000017,0.007661592523751188,0.8775497078895569,0.02449859654748124,1.3647443652153015,0.02449859654748124,1.4084778547286987,0.5078494982208281,0.6197999999999999,0.6703999999999999
deit_small,8,True,0.91,91,178,0.9081632653061225,90.81632653061224,CENTROID,0.6252000000000001,0.019473058311420953,0.591,0.64,0.049000000000000044,0.019473058311420953,0.7449978590011597,0.08028213858387132,1.4972962141036987,0.08028213858387132,1.3260543286800384,0.46983317878587716,0.600595,0.6496
deit_small,8,True,0.92,92,180,0.9183673469387755,91.83673469387756,CENTROID,0.601,0.021023796041628656,0.57,0.622,0.052000000000000046,0.021023796041628656,0.5760997712612153,0.08432376413058118,1.6661943018436431,0.08432376413058118,1.2037994921207429,0.4196342681682393,0.576195,0.6266050000000001
deit_small,8,True,0.93,93,182,0.9285714285714286,92.85714285714286,CENTROID,0.5738,0.02327444951013876,0.541,0.596,0.05499999999999994,0.02327444951013876,0.3988179385662079,0.10261030366301244,1.8434761345386506,0.10261030366301245,1.0796865165233611,0.3695737682288859,0.5479900000000001,0.600405
deit_small,8,True,0.94,94,184,0.9387755102040817,93.87755102040816,CENTROID,0.5386,0.029005171952601858,0.491,0.56,0.06900000000000006,0.029005171952601858,0.2165796674787998,0.12243673198884188,2.0257144056260588,0.12243673198884188,0.9401868499815464,0.31731147937011,0.5118,0.5628150000000001
deit_small,8,True,0.95,95,186,0.9489795918367347,94.89795918367348,CENTROID,0.4992,0.026480181268261745,0.46,0.528,0.068,0.026480181268261745,0.044742029094777536,0.11758607462044708,2.197552044010081,0.11758607462044708,0.8105014852524619,0.2697503716640323,0.47419500000000003,0.524215
deit_small,8,True,0.96,96,188,0.9591836734693877,95.91836734693877,CENTROID,0.45120000000000005,0.02395203540411545,0.416,0.474,0.057999999999999996,0.02395203540411545,-0.1384018413722515,0.08861014248462513,2.38069591447711,0.08861014248462515,0.6737654455006122,0.22074586087395215,0.42639,0.47701499999999997
deit_small,8,True,0.97,97,190,0.9693877551020408,96.93877551020408,CENTROID,0.4048,0.022960836221705853,0.382,0.432,0.04999999999999999,0.022960836221705853,-0.27489371597766876,0.0678481781669214,2.517187789082527,0.0678481781669214,0.5656670778989792,0.18357157835675234,0.38119000000000003,0.42821499999999996
deit_small,8,True,0.98,98,192,0.9795918367346939,97.95918367346938,CENTROID,0.33599999999999997,0.03782856063875546,0.276,0.373,0.09699999999999998,0.03782856063875546,-0.44460245966911316,0.11329273857944534,2.6868965327739716,0.11329273857944534,0.4383519232273102,0.14044668826838497,0.31119,0.359805
deit_small,8,True,0.99,99,194,0.9897959183673469,98.9795918367347,CENTROID,0.2486,0.03680081520836189,0.192,0.288,0.09599999999999997,0.03680081520836189,-0.632947051525116,0.0956364580010151,2.8752411246299743,0.0956364580010151,0.2897055983543396,0.0916532154009566,0.22759500000000002,0.270605
deit_small,8,True,1.0,100,196,1.0,100.0,CENTROID,0.086,0.0,0.086,0.086,0.0,0.0,-0.9988640546798706,0.0,3.241158127784729,0.0,-0.02874934673309326,-0.008949467110995033,0.068,0.104
deit_small,8,True,0.0,0,0,0.0,0.0,CLEAN,0.761,0.0,0.761,0.761,0.0,0.0,2.2422940731048584,0.0,0.0,0.0,0.0,,0.761,0.761
deit_small,8,True,0.0,0,0,0.0,0.0,DIAGONAL_GAUSSIAN,0.761,0.0,0.761,0.761,0.0,0.0,2.2422940731048584,0.0,0.0,0.0,0.0,,0.734,0.787
deit_small,8,True,0.01,1,2,0.01020408163265306,1.0204081632653061,DIAGONAL_GAUSSIAN,0.7614666666666666,0.0003800584750330577,0.761,0.762,0.0010000000000000009,0.0003800584750330577,2.2424720287323,0.002669636565177701,-0.00017795562744140616,0.0026696365651776043,0.01564497947692871,,0.73366,0.7872016666666667
deit_small,8,True,0.02,2,4,0.02040816326530612,2.0408163265306123,DIAGONAL_GAUSSIAN,0.7616,0.0009545214042183649,0.7600000000000001,0.7623333333333333,0.0023333333333331874,0.0009545214042183649,2.239242728551229,0.004398211847838052,0.0030513445536295572,0.004398211847838044,0.03243511517842611,,0.7379283333333334,0.7880033333333334
deit_small,8,True,0.03,3,6,0.030612244897959183,3.061224489795918,DIAGONAL_GAUSSIAN,0.7616666666666667,0.0009128709291752574,0.7603333333333334,0.7626666666666667,0.0023333333333332984,0.0009128709291752574,2.236930163701375,0.005566939451591425,0.005363909403483072,0.0055669394515914135,0.045850451787312826,,0.7348,0.78954
deit_small,8,True,0.04,4,8,0.04081632653061224,4.081632653061225,DIAGONAL_GAUSSIAN,0.7607333333333334,0.0010381607668264992,0.759,0.7616666666666667,0.002666666666666706,0.0010381607668264992,2.2336203257242837,0.006165818473183517,0.008673747380574543,0.006165818473183524,0.05780579249064127,,0.7350666666666666,0.7880683333333333
deit_small,8,True,0.05,5,10,0.05102040816326531,5.1020408163265305,DIAGONAL_GAUSSIAN,0.7618666666666668,0.0015383974345619272,0.7606666666666667,0.7643333333333334,0.003666666666666707,0.0015383974345619272,2.2287429014841718,0.008276988029737024,0.013551171620686846,0.008276988029736927,0.07041799227396647,,0.7356616666666665,0.7856666666666666
deit_small,8,True,0.06,6,12,0.061224489795918366,6.122448979591836,DIAGONAL_GAUSSIAN,0.7616666666666666,0.001683250823060326,0.7593333333333333,0.7636666666666666,0.0043333333333333,0.001683250823060326,2.2257471561431883,0.008844682889752152,0.016546916961669923,0.008844682889752162,0.08460493087768556,0.7653081390706908,0.7359983333333333,0.7892033333333334
deit_small,8,True,0.07,7,14,0.07142857142857142,7.142857142857142,DIAGONAL_GAUSSIAN,0.7624666666666666,0.001574095860415621,0.7603333333333334,0.7639999999999999,0.003666666666666485,0.001574095860415621,2.2203285694122314,0.006270285323843997,0.021965503692626953,0.006270285323843997,0.09487299919128418,0.8137554731755842,0.7372583333333333,0.78934
deit_small,8,True,0.08,8,16,0.08163265306122448,8.16326530612245,DIAGONAL_GAUSSIAN,0.7606,0.0015881505666095563,0.7586666666666666,0.763,0.004333333333333411,0.0015881505666095563,2.2187798500061033,0.008376695946860106,0.023514223098754884,0.008376695946860035,0.10773744583129882,0.8233987471386135,0.7358633333333332,0.7861416666666666
deit_small,8,True,0.09,9,18,0.09183673469387756,9.183673469387756,DIAGONAL_GAUSSIAN,0.7607999999999999,0.0023285665595430332,0.7576666666666667,0.7636666666666666,0.005999999999999894,0.0023285665595430332,2.2169875303904214,0.00858980671473287,0.025306542714436848,0.008589806714732863,0.11875731150309246,0.8266843595777418,0.7355883333333335,0.7857366666666667
deit_small,8,True,0.1,10,20,0.10204081632653061,10.204081632653061,DIAGONAL_GAUSSIAN,0.7596,0.002454021642574109,0.7566666666666667,0.7623333333333333,0.005666666666666598,0.002454021642574109,2.2148331006368,0.009249997337635544,0.02746097246805827,0.009249997337635471,0.13289879163106283,0.8309605870515926,0.73372,0.7834016666666667
deit_small,8,True,0.11,11,22,0.11224489795918367,11.224489795918368,DIAGONAL_GAUSSIAN,0.7594666666666666,0.0023640830968663213,0.7559999999999999,0.762,0.006000000000000116,0.0023640830968663213,2.214026085535685,0.01127762439348407,0.028267987569173175,0.011277624393484145,0.14760977427164712,0.841752497208546,0.7341316666666666,0.7862016666666667
deit_small,8,True,0.12,12,24,0.12244897959183673,12.244897959183673,DIAGONAL_GAUSSIAN,0.7588,0.0026936138467782323,0.7546666666666667,0.7613333333333333,0.006666666666666599,0.0026936138467782323,2.2041094462076822,0.013156656084276136,0.038184626897176104,0.013156656084276058,0.15644923845926922,0.8065948683210028,0.7328616666666666,0.7846033333333334
deit_small,8,True,0.13,13,25,0.12755102040816327,12.755102040816327,DIAGONAL_GAUSSIAN,0.7607333333333334,0.0021395742047841337,0.7573333333333334,0.763,0.005666666666666598,0.0021395742047841337,2.2078496297200525,0.012138500080555135,0.03444444338480631,0.01213850008055513,0.16619351704915367,0.830571078570633,0.7340616666666667,0.78754
deit_small,8,True,0.14,14,27,0.1377551020408163,13.77551020408163,DIAGONAL_GAUSSIAN,0.7598,0.002316606713852545,0.7566666666666667,0.7616666666666667,0.0050000000000000044,0.002316606713852545,2.197510067621867,0.011543604017073432,0.04478400548299154,0.011543604017073411,0.1765234629313151,0.7991220583987055,0.7337283333333333,0.7860083333333333
deit_small,8,True,0.15,15,29,0.14795918367346939,14.795918367346939,DIAGONAL_GAUSSIAN,0.7577999999999999,0.0022060522810365447,0.754,0.7596666666666666,0.005666666666666598,0.0022060522810365447,2.198291047414144,0.011157063053686977,0.04400302569071452,0.011157063053686913,0.19484797318776448,0.8170145839549464,0.7341766666666667,0.7839383333333334
deit_small,8,True,0.16,16,31,0.15816326530612246,15.816326530612246,DIAGONAL_GAUSSIAN,0.7582666666666668,0.003451247761478587,0.7523333333333334,0.761,0.0086666666666666,0.003451247761478587,2.1905940532684323,0.008421319712957315,0.05170001983642578,0.00842131971295725,0.20834436416625976,0.8015847246843931,0.73273,0.7851333333333333
deit_small,8,True,0.17,17,33,0.1683673469387755,16.83673469387755,DIAGONAL_GAUSSIAN,0.7584666666666667,0.003412395704551948,0.7533333333333333,0.762,0.008666666666666711,0.003412395704551948,2.185196081797282,0.003589188023588493,0.0570979913075765,0.003589188023588438,0.22457279364267985,0.7972622310956845,0.7338650000000001,0.7854016666666667
deit_small,8,True,0.18,18,35,0.17857142857142858,17.857142857142858,DIAGONAL_GAUSSIAN,0.756,0.004459696053419843,0.7483333333333334,0.7596666666666666,0.011333333333333195,0.004459696053419843,2.1839410940806068,0.008306044682485561,0.05835297902425131,0.008306044682485556,0.24480656782786053,0.8076803480154722,0.7287966666666666,0.781535
deit_small,8,True,0.19,19,37,0.18877551020408162,18.877551020408163,DIAGONAL_GAUSSIAN,0.7568666666666666,0.00292118697336091,0.7516666666666666,0.7583333333333333,0.00666666666666671,0.00292118697336091,2.177055835723877,0.010306414349394883,0.06523823738098145,0.0103064143493949,0.26049132347106935,0.8000976000450073,0.7322599999999999,0.7835366666666667
deit_small,8,True,0.2,20,39,0.1989795918367347,19.897959183673468,DIAGONAL_GAUSSIAN,0.7581333333333333,0.001819645875194137,0.755,0.7596666666666666,0.004666666666666597,0.001819645875194137,2.1609062512715655,0.007843580009632256,0.08138782183329264,0.00784358000963225,0.27244065602620443,0.7701674970420633,0.7350666666666668,0.7838700000000001
deit_small,8,True,0.21,21,41,0.20918367346938777,20.918367346938776,DIAGONAL_GAUSSIAN,0.7554000000000001,0.0032352228156135887,0.7520000000000001,0.7600000000000001,0.008000000000000007,0.0032352228156135887,2.158766937255859,0.011292248373926365,0.08352713584899901,0.011292248373926303,0.2918081521987915,0.7779532731261904,0.7293283333333332,0.7816
deit_small,8,True,0.22,22,43,0.2193877551020408,21.93877551020408,DIAGONAL_GAUSSIAN,0.755,0.0024720661623651545,0.7520000000000001,0.7586666666666666,0.0066666666666664876,0.0024720661623651545,2.162890593210856,0.011328601302707244,0.07940347989400227,0.011328601302707238,0.31811632315317795,0.8006794415891652,0.7283316666666666,0.7797366666666667
deit_small,8,True,0.23,23,45,0.22959183673469388,22.95918367346939,DIAGONAL_GAUSSIAN,0.7537999999999999,0.0032625824808646038,0.7503333333333333,0.758,0.0076666666666667105,0.0032625824808646038,2.152317825953166,0.012256441551502007,0.08997624715169271,0.012256441551501985,0.3320247332255045,0.7872161290206262,0.7293283333333332,0.7780716666666667
deit_small,8,True,0.24,24,47,0.23979591836734693,23.97959183673469,DIAGONAL_GAUSSIAN,0.7536666666666667,0.0039228674319799605,0.749,0.758,0.009000000000000008,0.0039228674319799605,2.15059978167216,0.016181508000788183,0.09169429143269857,0.016181508000788283,0.3561331431070963,0.7960142200727947,0.726865,0.778605
deit_small,8,True,0.25,25,49,0.25,25.0,DIAGONAL_GAUSSIAN,0.7558,0.003948276698622983,0.7503333333333333,0.7600000000000001,0.009666666666666823,0.003948276698622983,2.1495913505554203,0.019813209414395305,0.09270272254943848,0.019813209414395287,0.38419046401977536,0.8067247047002795,0.7290533333333333,0.7823416666666666
deit_small,8,True,0.26,26,51,0.2602040816326531,26.02040816326531,DIAGONAL_GAUSSIAN,0.7534666666666667,0.0025451478891761444,0.75,0.7563333333333334,0.006333333333333413,0.0025451478891761444,2.141061703364054,0.01999131775728253,0.10123236974080403,0.019991317757282575,0.4035194794336955,0.8003707367209308,0.7258616666666666,0.7798099999999999
deit_small,8,True,0.27,27,53,0.27040816326530615,27.040816326530614,DIAGONAL_GAUSSIAN,0.7540666666666667,0.004185955353586865,0.7479999999999999,0.7583333333333333,0.010333333333333417,0.004185955353586865,2.137690289815267,0.015874501254732505,0.10460378328959145,0.015874501254732505,0.42674356301625577,0.8037075393988662,0.727995,0.7786033333333334
deit_small,8,True,0.28,28,55,0.28061224489795916,28.061224489795915,DIAGONAL_GAUSSIAN,0.7534666666666667,0.004100135499116014,0.7493333333333334,0.7600000000000001,0.010666666666666713,0.004100135499116014,2.130197350184123,0.018169991104725062,0.11209672292073566,0.018169991104725152,0.4515734116236369,0.8018992900031939,0.727865,0.7796716666666668
deit_small,8,True,0.29,29,57,0.29081632653061223,29.081632653061224,DIAGONAL_GAUSSIAN,0.752,0.004409585518440988,0.7456666666666667,0.7576666666666667,0.01200000000000001,0.004409585518440988,2.1225833574930824,0.023108632380407987,0.11971071561177571,0.023108632380407994,0.4774100701014201,0.8005373136918731,0.7283299999999999,0.7792683333333333
deit_small,8,True,0.3,30,59,0.3010204081632653,30.102040816326532,DIAGONAL_GAUSSIAN,0.7542666666666666,0.004264843360416533,0.7506666666666666,0.7613333333333333,0.010666666666666713,0.004264843360416533,2.1154577573140463,0.02403655729500178,0.12683631579081217,0.024036557295001825,0.4997342189153036,0.7986206726800928,0.726325,0.7795483333333333
deit_small,8,True,0.31,31,61,0.3112244897959184,31.122448979591837,DIAGONAL_GAUSSIAN,0.7515333333333334,0.004173993557999621,0.747,0.7576666666666667,0.010666666666666713,0.004173993557999621,2.1045543988545736,0.019840047342606415,0.13773967425028483,0.01984004734260634,0.5226653178532918,0.7920382992895666,0.7242533333333333,0.7777350000000001
deit_small,8,True,0.32,32,63,0.32142857142857145,32.142857142857146,DIAGONAL_GAUSSIAN,0.7511333333333333,0.003663635110409156,0.7473333333333333,0.7563333333333334,0.009000000000000119,0.003663635110409156,2.0977476119995115,0.01812457363620845,0.1445464611053467,0.018124573636208462,0.5487918853759765,0.7919522733985994,0.7256,0.7783333333333332
deit_small,8,True,0.33,33,65,0.33163265306122447,33.16326530612245,DIAGONAL_GAUSSIAN,0.7499333333333332,0.001861898672502502,0.7473333333333333,0.7516666666666666,0.0043333333333333,0.001861898672502502,2.0878823916117346,0.02063642998561885,0.1544116814931234,0.020636429985618876,0.5719242493311564,0.7878715486647714,0.72373,0.77568
deit_small,8,True,0.34,34,67,0.34183673469387754,34.183673469387756,DIAGONAL_GAUSSIAN,0.7513333333333334,0.0039721250959376874,0.7476666666666666,0.7576666666666667,0.01000000000000012,0.0039721250959376874,2.0880793730417886,0.020203262342119013,0.15421470006306967,0.020203262342118982,0.6085396448771159,0.7981617955069245,0.7255283333333332,0.776335
deit_small,8,True,0.35,35,69,0.3520408163265306,35.204081632653065,DIAGONAL_GAUSSIAN,0.7495333333333333,0.0027039066387564525,0.7473333333333333,0.754,0.00666666666666671,0.0027039066387564525,2.063535149892171,0.02025343687980393,0.1787589232126872,0.020253436879803903,0.623426612218221,0.7774609852858826,0.7231316666666666,0.77555
deit_small,8,True,0.36,36,71,0.3622448979591837,36.224489795918366,DIAGONAL_GAUSSIAN,0.7487999999999999,0.004133870932780694,0.7436666666666666,0.755,0.011333333333333417,0.004133870932780694,2.0674173990885416,0.020949496123228606,0.17487667401631674,0.020949496123228554,0.6604125658671062,0.7910322823899921,0.7214616666666667,0.7733383333333333
deit_small,8,True,0.37,37,73,0.37244897959183676,37.244897959183675,DIAGONAL_GAUSSIAN,0.7483333333333333,0.0032403703492039156,0.7443333333333334,0.7526666666666667,0.008333333333333304,0.0032403703492039156,2.064570808410645,0.019509422206484706,0.17772326469421384,0.019509422206484748,0.6925208568572999,0.7961185226643038,0.724465,0.7736683333333333
deit_small,8,True,0.38,38,74,0.37755102040816324,37.755102040816325,DIAGONAL_GAUSSIAN,0.7464666666666666,0.0021421692017413252,0.7436666666666666,0.7496666666666667,0.006000000000000116,0.0021421692017413252,2.052203464508057,0.01801509020816591,0.19009060859680174,0.018015090208165864,0.7048315525054932,0.7878818026011167,0.7204566666666666,0.7694716666666668
deit_small,8,True,0.39,39,76,0.3877551020408163,38.775510204081634,DIAGONAL_GAUSSIAN,0.7425333333333334,0.0020628997929020886,0.7403333333333334,0.7456666666666667,0.005333333333333301,0.0020628997929020886,2.034380499521891,0.018830971926341554,0.20791357358296714,0.018830971926341554,0.7260366837183634,0.7776347368503932,0.7167266666666666,0.7676083333333333
deit_small,8,True,0.4,40,78,0.3979591836734694,39.795918367346935,DIAGONAL_GAUSSIAN,0.7456666666666667,0.002981423969999714,0.7413333333333334,0.7493333333333334,0.008000000000000007,0.002981423969999714,2.034188357988993,0.022587611394428844,0.2081057151158651,0.022587611394428775,0.7609590450922648,0.7855810905603057,0.7201983333333334,0.7703533333333334
deit_small,8,True,0.41,41,80,0.40816326530612246,40.816326530612244,DIAGONAL_GAUSSIAN,0.7433333333333334,0.0033747427885527682,0.7393333333333333,0.7466666666666667,0.007333333333333414,0.0033747427885527682,2.023589452107747,0.02118607198441265,0.218704620997111,0.021186071984412698,0.7908591826756795,0.7836639485650343,0.718395,0.76875
deit_small,8,True,0.42,42,82,0.41836734693877553,41.83673469387755,DIAGONAL_GAUSSIAN,0.7424666666666667,0.004220321209471052,0.7363333333333334,0.7466666666666667,0.010333333333333306,0.004220321209471052,2.0059218645095824,0.02771585625301656,0.23637220859527588,0.027715856253016594,0.8136350631713867,0.7753196280233492,0.7166616666666666,0.7669383333333334
deit_small,8,True,0.43,43,84,0.42857142857142855,42.857142857142854,DIAGONAL_GAUSSIAN,0.7426666666666667,0.0019002923751652203,0.741,0.7453333333333333,0.0043333333333333,0.0019002923751652203,2.001635694503784,0.025144493227880982,0.24065837860107422,0.025144493227880912,0.8398555040359497,0.7776211606622428,0.7171916666666667,0.76741
deit_small,8,True,0.44,44,86,0.4387755102040816,43.87755102040816,DIAGONAL_GAUSSIAN,0.7404,0.003714835124201373,0.7356666666666666,0.7446666666666667,0.009000000000000119,0.003714835124201373,1.9903490940729776,0.027017133294027506,0.25194497903188073,0.02701713329402755,0.8611900250116984,0.7740231341185927,0.7154616666666667,0.76607
deit_small,8,True,0.45,45,88,0.4489795918367347,44.89795918367347,DIAGONAL_GAUSSIAN,0.7431333333333333,0.004723463889044844,0.7366666666666667,0.7479999999999999,0.011333333333333195,0.004723463889044844,1.9891794443130493,0.023264881395377888,0.25311462879180907,0.023264881395377933,0.8948389530181885,0.7797663789418607,0.7172249999999999,0.7680066666666667
deit_small,8,True,0.46,46,90,0.45918367346938777,45.91836734693878,DIAGONAL_GAUSSIAN,0.7395999999999999,0.0031304951684997134,0.7356666666666666,0.7436666666666666,0.008000000000000007,0.0031304951684997134,1.979837131500244,0.02171536764593573,0.26245694160461425,0.021715367645935728,0.9191811561584473,0.7780587537332841,0.7133966666666668,0.7662016666666667
deit_small,8,True,0.47,47,92,0.46938775510204084,46.93877551020408,DIAGONAL_GAUSSIAN,0.739,0.003448026810929548,0.734,0.743,0.009000000000000008,0.003448026810929548,1.9607597827911376,0.024016583404550925,0.2815342903137207,0.024016583404550935,0.9362142562866211,0.7690131284042392,0.7139283333333334,0.763745
deit_small,8,True,0.48,48,94,0.47959183673469385,47.95918367346938,DIAGONAL_GAUSSIAN,0.7371333333333332,0.004868264577855234,0.7306666666666667,0.7423333333333333,0.011666666666666603,0.004868264577855234,1.9464995384216308,0.02526281529764965,0.2957945346832275,0.025262815297649645,0.963131046295166,0.765236320863301,0.7115916666666666,0.763935
deit_small,8,True,0.49,49,96,0.4897959183673469,48.97959183673469,DIAGONAL_GAUSSIAN,0.7359333333333333,0.005837617474430621,0.729,0.7426666666666666,0.013666666666666605,0.005837617474430621,1.9413148164749146,0.033265889116091525,0.3009792566299438,0.033265889116091525,0.9997569084167482,0.7689267942814543,0.7117316666666667,0.763145
deit_small,8,True,0.5,50,98,0.5,50.0,DIAGONAL_GAUSSIAN,0.7323999999999999,0.006482454953350812,0.7236666666666666,0.739,0.015333333333333421,0.006482454953350812,1.9127140601476036,0.03312822997442941,0.32958001295725503,0.03312822997442941,1.0116103013356528,0.7545340229525954,0.7068583333333334,0.7569366666666667
deit_small,8,True,0.51,51,100,0.5102040816326531,51.02040816326531,DIAGONAL_GAUSSIAN,0.7328666666666667,0.0065302713913316665,0.7233333333333333,0.739,0.015666666666666718,0.0065302713913316665,1.9003853956858319,0.042676185808971964,0.3419086774190267,0.042676185808971964,1.044318358103434,0.7538158873204782,0.7070583333333333,0.7568766666666668
deit_small,8,True,0.52,52,102,0.5204081632653061,52.04081632653062,DIAGONAL_GAUSSIAN,0.7308,0.009287386906743803,0.718,0.7413333333333334,0.023333333333333428,0.009287386906743803,1.8824898560841876,0.043165881916819374,0.3598042170206706,0.043165881916819394,1.058888860543569,0.7468468470570957,0.7047983333333333,0.7552033333333334
deit_small,8,True,0.53,53,104,0.5306122448979592,53.06122448979592,DIAGONAL_GAUSSIAN,0.7313333333333334,0.009436925111261351,0.7200000000000001,0.743,0.02299999999999991,0.009436925111261351,1.8799477895100913,0.05059336212503415,0.36234628359476717,0.050593362125034166,1.0942902048428855,0.7518811729717968,0.7070633333333333,0.757535
deit_small,8,True,0.54,54,106,0.5408163265306123,54.08163265306123,DIAGONAL_GAUSSIAN,0.7270666666666666,0.009376092528932928,0.7153333333333333,0.7373333333333333,0.02200000000000002,0.009376092528932928,1.8641228357950848,0.048928138451387264,0.37817123730977376,0.048928138451387285,1.1171592156092327,0.7476457339836162,0.7003266666666665,0.7518166666666666
deit_small,8,True,0.55,55,108,0.5510204081632653,55.10204081632652,DIAGONAL_GAUSSIAN,0.7286666666666666,0.009614803401237321,0.7156666666666666,0.7383333333333333,0.022666666666666724,0.009614803401237321,1.8507369597752887,0.04189730799857069,0.39155711332956955,0.04189730799857073,1.141606553395589,0.745012980091823,0.7035233333333334,0.7523366666666667
deit_small,8,True,0.56,56,110,0.5612244897959183,56.12244897959183,DIAGONAL_GAUSSIAN,0.7261333333333333,0.008722894524691256,0.715,0.7356666666666666,0.02066666666666661,0.008722894524691256,1.8410380601882934,0.03882327539295061,0.40125601291656493,0.03882327539295058,1.162883162498474,0.7438123261719665,0.7004666666666667,0.7525333333333333
deit_small,8,True,0.57,57,112,0.5714285714285714,57.14285714285714,DIAGONAL_GAUSSIAN,0.7246666666666667,0.009958246164193052,0.7120000000000001,0.7346666666666666,0.022666666666666502,0.009958246164193052,1.8277122418085732,0.04030658931634804,0.41458183129628506,0.04030658931634804,1.1809901277224222,0.7405198732447602,0.6999283333333333,0.75134
deit_small,8,True,0.58,58,114,0.5816326530612245,58.16326530612245,DIAGONAL_GAUSSIAN,0.724,0.01137248140615466,0.7103333333333333,0.7343333333333333,0.02400000000000002,0.01137248140615466,1.8147895654042565,0.036752259990292226,0.42750450770060217,0.03675225999029223,1.2100767930348715,0.7392042729045544,0.6974666666666667,0.7504033333333333
deit_small,8,True,0.59,59,116,0.5918367346938775,59.183673469387756,DIAGONAL_GAUSSIAN,0.719,0.010319883720275175,0.7036666666666666,0.727,0.023333333333333428,0.010319883720275175,1.7862219015757244,0.03363589728669678,0.4560721715291341,0.03363589728669672,1.2174957315127055,0.7276606575836276,0.6919983333333333,0.7435366666666666
deit_small,8,True,0.6,60,118,0.6020408163265306,60.204081632653065,DIAGONAL_GAUSSIAN,0.717,0.00634209919681353,0.7079999999999999,0.722,0.014000000000000123,0.00634209919681353,1.7612383206685387,0.030536624148547575,0.48105575243631993,0.030536624148547593,1.2346824725468957,0.7197583321111487,0.6904633333333333,0.7417333333333334
deit_small,8,True,0.61,61,120,0.6122448979591837,61.224489795918366,DIAGONAL_GAUSSIAN,0.7146000000000001,0.007609935026733834,0.7040000000000001,0.7213333333333333,0.0173333333333332,0.007609935026733834,1.7502381722132365,0.02534030613943319,0.4920559008916219,0.025340306139433253,1.2599646131197613,0.719206246786412,0.6887949999999999,0.7392683333333333
deit_small,8,True,0.62,62,122,0.6224489795918368,62.244897959183675,DIAGONAL_GAUSSIAN,0.7118666666666665,0.006618996231386678,0.7023333333333333,0.7186666666666666,0.01633333333333331,0.006618996231386678,1.7179250399271648,0.02943959341569771,0.5243690331776937,0.02943959341569769,1.265288249651591,0.7070758882275163,0.685125,0.7392066666666668
deit_small,8,True,0.63,63,123,0.6275510204081632,62.755102040816325,DIAGONAL_GAUSSIAN,0.7121333333333333,0.00661059755241536,0.705,0.7193333333333333,0.014333333333333309,0.00661059755241536,1.715645933151245,0.032460955890280765,0.5266481399536133,0.03246095589028075,1.2832719445228578,0.7091272102764563,0.6864633333333333,0.7381366666666668
deit_small,8,True,0.64,64,125,0.6377551020408163,63.775510204081634,DIAGONAL_GAUSSIAN,0.7102666666666667,0.006941821726959657,0.7026666666666666,0.7176666666666667,0.015000000000000124,0.006941821726959657,1.689516830444336,0.03570034045072186,0.5527772426605224,0.03570034045072189,1.2939650177955628,0.7008025733821164,0.6863783333333333,0.737745
deit_small,8,True,0.65,65,127,0.6479591836734694,64.79591836734694,DIAGONAL_GAUSSIAN,0.704,0.008242842012585527,0.6943333333333332,0.7106666666666666,0.01633333333333331,0.008242842012585527,1.6545806248982746,0.04036739658065078,0.5877134482065837,0.04036739658065082,1.3039038320382437,0.6894723395515598,0.6773983333333333,0.7303400000000001
deit_small,8,True,0.66,66,129,0.6581632653061225,65.81632653061224,DIAGONAL_GAUSSIAN,0.7003999999999999,0.00536656314599955,0.6946666666666665,0.706,0.011333333333333417,0.00536656314599955,1.630178387959798,0.03627873212896138,0.6121156851450602,0.036278732128961336,1.317643024524053,0.6828970794868815,0.6751816666666667,0.7270083333333333
deit_small,8,True,0.67,67,131,0.6683673469387755,66.83673469387756,DIAGONAL_GAUSSIAN,0.7019333333333333,0.0055447673030023965,0.6973333333333332,0.711,0.013666666666666716,0.0055447673030023965,1.598515502611796,0.037350356852788535,0.6437785704930624,0.03735035685278856,1.3309726546208065,0.6741203367161067,0.67591,0.7269433333333334
deit_small,8,True,0.68,68,133,0.6785714285714286,67.85714285714286,DIAGONAL_GAUSSIAN,0.6946666666666665,0.0044721359549995815,0.6900000000000001,0.7016666666666667,0.011666666666666603,0.0044721359549995815,1.5682665665944417,0.03274547342640794,0.6740275065104167,0.032745473426407996,1.3326719601949057,0.6642209748390158,0.6671283333333333,0.7199416666666666
deit_small,8,True,0.69,69,135,0.6887755102040817,68.87755102040816,DIAGONAL_GAUSSIAN,0.6947333333333333,0.0035071355833499935,0.6900000000000001,0.6983333333333333,0.008333333333333193,0.0035071355833499935,1.542861262957255,0.04219354817069573,0.6994328101476033,0.042193548170695774,1.3378048757712047,0.6568501626593938,0.6682666666666667,0.7224666666666667
deit_small,8,True,0.7,70,137,0.6989795918367347,69.89795918367348,DIAGONAL_GAUSSIAN,0.6941333333333334,0.003934180699685525,0.6886666666666666,0.6996666666666668,0.01100000000000012,0.003934180699685525,1.527377144495646,0.04552085619392235,0.7149169286092122,0.04552085619392233,1.3506038347880045,0.6540505833068077,0.667265,0.7194033333333333
deit_small,8,True,0.71,71,139,0.7091836734693877,70.91836734693877,DIAGONAL_GAUSSIAN,0.6927333333333333,0.0035777087639996415,0.6880000000000001,0.6963333333333334,0.008333333333333304,0.0035777087639996415,1.4985600153605143,0.036774739473347716,0.7437340577443441,0.03677473947334776,1.3539176444212595,0.6455402960065039,0.6639333333333334,0.7180066666666668
deit_small,8,True,0.72,72,141,0.7193877551020408,71.93877551020408,DIAGONAL_GAUSSIAN,0.6870666666666667,0.003483293460696795,0.684,0.693,0.008999999999999897,0.003483293460696795,1.4659349600474039,0.030449303425020013,0.7763591130574544,0.03044930342501994,1.3564933518568674,0.636064036315338,0.66105,0.7130766666666666
deit_small,8,True,0.73,73,143,0.7295918367346939,72.95918367346938,DIAGONAL_GAUSSIAN,0.6825333333333333,0.004147288270665512,0.677,0.6869999999999999,0.009999999999999898,0.004147288270665512,1.42673393090566,0.023327429089497382,0.8155601421991984,0.02332742908949734,1.3523972769578296,0.6238191780145391,0.6545816666666667,0.7085366666666667
deit_small,8,True,0.74,74,145,0.7397959183673469,73.9795918367347,DIAGONAL_GAUSSIAN,0.6762666666666667,0.0028616234708446616,0.6736666666666666,0.6806666666666668,0.007000000000000117,0.0028616234708446616,1.3833678881327311,0.019398993377061288,0.8589261849721271,0.019398993377061323,1.3422191279629865,0.6097779507281343,0.6492,0.702605
deit_small,8,True,0.75,75,147,0.75,75.0,DIAGONAL_GAUSSIAN,0.6733333333333333,0.0025927248643506707,0.6693333333333333,0.6763333333333333,0.007000000000000006,0.0025927248643506707,1.355706485112508,0.018978910521060377,0.8865875879923502,0.018978910521060485,1.3444312080585707,0.6026160470920521,0.6465266666666666,0.6986083333333333
deit_small,8,True,0.76,76,149,0.7602040816326531,76.0204081632653,DIAGONAL_GAUSSIAN,0.6699333333333334,0.0031216092715848384,0.6656666666666667,0.674,0.008333333333333304,0.0031216092715848384,1.3100921948750814,0.03147557957691111,0.932201878229777,0.031475579576911175,1.3353506387056162,0.5889621214482126,0.6435299999999999,0.6966683333333333
deit_small,8,True,0.77,77,151,0.7704081632653061,77.04081632653062,DIAGONAL_GAUSSIAN,0.6651333333333334,0.002231093404090867,0.662,0.6676666666666667,0.005666666666666709,0.002231093404090867,1.2717043002446493,0.026063095440688938,0.9705897728602091,0.026063095440688938,1.3265691490688671,0.5775329520714838,0.6388616666666667,0.6896666666666667
deit_small,8,True,0.78,78,153,0.7806122448979592,78.06122448979592,DIAGONAL_GAUSSIAN,0.6608666666666668,0.006331578704311352,0.6526666666666667,0.6673333333333334,0.014666666666666717,0.006331578704311352,1.2248143752415976,0.04029462245694374,1.0174796978632608,0.040294622456943784,1.3135720239331325,0.5636462123695899,0.6339316666666667,0.6861999999999999
deit_small,8,True,0.79,79,155,0.7908163265306123,79.08163265306123,DIAGONAL_GAUSSIAN,0.6588666666666667,0.007041937864600127,0.6523333333333333,0.6693333333333333,0.017000000000000015,0.007041937864600127,1.1843775192896524,0.037876926176458055,1.057916553815206,0.037876926176458055,1.3060054461161295,0.5525728140357954,0.63285,0.6850733333333333
deit_small,8,True,0.8,80,157,0.8010204081632653,80.10204081632652,DIAGONAL_GAUSSIAN,0.6523333333333333,0.004006938426723776,0.648,0.658,0.010000000000000009,0.004006938426723776,1.139610012372335,0.0324625360008499,1.1026840607325235,0.0324625360008499,1.3000172649820647,0.5411411392075192,0.6267333333333334,0.6796033333333333
deit_small,8,True,0.81,81,159,0.8112244897959183,81.12244897959184,DIAGONAL_GAUSSIAN,0.6462000000000001,0.003023978248011148,0.6436666666666667,0.6513333333333334,0.0076666666666667105,0.003023978248011148,1.07049028078715,0.027812690667877404,1.1718037923177085,0.027812690667877404,1.2687583635250728,0.5199152249321217,0.6193299999999999,0.6714666666666667
deit_small,8,True,0.82,82,161,0.8214285714285714,82.14285714285714,DIAGONAL_GAUSSIAN,0.6336666666666667,0.004749268949591686,0.6293333333333333,0.6406666666666667,0.011333333333333417,0.004749268949591686,1.0102751890818278,0.03613858190483907,1.2320188840230306,0.03613858190483909,1.24646724263827,0.5029970641691819,0.6075233333333333,0.6608683333333333
deit_small,8,True,0.83,83,163,0.8316326530612245,83.16326530612244,DIAGONAL_GAUSSIAN,0.6310666666666667,0.00669328021227258,0.6216666666666667,0.6363333333333333,0.014666666666666606,0.00669328021227258,0.9676786661148071,0.033109741564984994,1.2746154069900513,0.03310974156498503,1.2359504133462906,0.4923656180943306,0.60486,0.6568016666666667
deit_small,8,True,0.84,84,165,0.8418367346938775,84.18367346938776,DIAGONAL_GAUSSIAN,0.6223333333333333,0.005925462944877037,0.6136666666666667,0.6303333333333333,0.016666666666666607,0.005925462944877037,0.9238759279251099,0.04206559068375981,1.3184181451797483,0.04206559068375985,1.2288215637207034,0.4825066935963244,0.5955216666666666,0.6466666666666667
deit_small,8,True,0.85,85,167,0.8520408163265306,85.20408163265306,DIAGONAL_GAUSSIAN,0.6119333333333332,0.005464023751371834,0.6053333333333333,0.6183333333333333,0.013000000000000012,0.005464023751371834,0.8284617304801941,0.05249588476023898,1.4138323426246644,0.05249588476023894,1.175785881280899,0.4541602153292696,0.5857916666666667,0.6378083333333332
deit_small,8,True,0.86,86,169,0.8622448979591837,86.22448979591837,DIAGONAL_GAUSSIAN,0.6012000000000001,0.006229856427808857,0.5923333333333333,0.609,0.01666666666666672,0.006229856427808857,0.7589999079704285,0.047583230154712546,1.48329416513443,0.04758323015471247,1.1475783824920653,0.43629958541281627,0.575665,0.6274050000000001
deit_small,8,True,0.87,87,171,0.8724489795918368,87.24489795918367,DIAGONAL_GAUSSIAN,0.5919333333333332,0.006277826941793732,0.5843333333333333,0.6,0.015666666666666718,0.006277826941793732,0.6714806119600931,0.07083529107881016,1.570813461144765,0.07083529107881022,1.0994043747584026,0.4119331512483496,0.5665250000000001,0.6180683333333334
deit_small,8,True,0.88,88,172,0.8775510204081632,87.75510204081633,DIAGONAL_GAUSSIAN,0.5834666666666666,0.009906787796477943,0.574,0.6003333333333333,0.02633333333333332,0.009906787796477943,0.6197212417920431,0.07541665526781992,1.6225728313128154,0.0754166552678199,1.0740511556466419,0.3985300726756914,0.5570616666666666,0.6096033333333334
deit_small,8,True,0.89,89,174,0.8877551020408163,88.77551020408163,DIAGONAL_GAUSSIAN,0.5722666666666666,0.01063119100676035,0.5596666666666666,0.5856666666666667,0.026000000000000023,0.01063119100676035,0.5527080138524373,0.07970832878129198,1.6895860592524212,0.07970832878129201,1.034983839591344,0.38012943330166454,0.5467833333333333,0.599
deit_small,8,True,0.9,90,176,0.8979591836734694,89.79591836734694,DIAGONAL_GAUSSIAN,0.5572666666666668,0.012392650151512296,0.541,0.5713333333333334,0.030333333333333323,0.012392650151512296,0.4381812512874603,0.07082424733326997,1.804112821817398,0.07082424733326997,0.9691093981266021,0.34964220204582275,0.5319066666666666,0.5831383333333333
deit_small,8,True,0.91,91,178,0.9081632653061225,90.81632653061224,DIAGONAL_GAUSSIAN,0.5362,0.01993963111215674,0.505,0.5603333333333333,0.055333333333333345,0.01993963111215674,0.3301149785518646,0.1250215715242311,1.9121790945529937,0.12502157152423116,0.9111714482307434,0.32320782231583567,0.5081316666666666,0.5630783333333332
deit_small,8,True,0.92,92,180,0.9183673469387755,91.83673469387756,DIAGONAL_GAUSSIAN,0.5178,0.022474182719042095,0.4916666666666667,0.5486666666666667,0.05700000000000005,0.022474182719042095,0.2140041465560595,0.11391315265085825,2.028289926548799,0.1139131526508583,0.8417038674155872,0.29364299484222184,0.4908666666666667,0.5447333333333334
deit_small,8,True,0.93,93,182,0.9285714285714286,92.85714285714286,DIAGONAL_GAUSSIAN,0.48946666666666666,0.02421959720740396,0.463,0.5186666666666667,0.0556666666666667,0.02421959720740396,0.07700834814459084,0.09818595764079527,2.1652857249602673,0.09818595764079519,0.7578769261017443,0.25949731691618283,0.46292500000000003,0.5152133333333333
deit_small,8,True,0.94,94,184,0.9387755102040817,93.87755102040816,DIAGONAL_GAUSSIAN,0.4665333333333333,0.026694360619593207,0.42766666666666664,0.494,0.06633333333333336,0.026694360619593207,-0.04600283987820149,0.11131024030390108,2.28829691298306,0.111310240303901,0.677604342624545,0.22874100193073663,0.44092499999999996,0.4917366666666667
deit_small,8,True,0.95,95,186,0.9489795918367347,94.89795918367348,DIAGONAL_GAUSSIAN,0.43999999999999995,0.027177400742365156,0.39966666666666667,0.4666666666666666,0.06699999999999995,0.027177400742365156,-0.16413038671016694,0.10963361279571748,2.4064244598150255,0.10963361279571744,0.6016290694475174,0.2002721318556065,0.41492833333333334,0.464
deit_small,8,True,0.96,96,188,0.9591836734693877,95.91836734693877,DIAGONAL_GAUSSIAN,0.40053333333333335,0.02290875621047793,0.3746666666666667,0.4223333333333333,0.04766666666666658,0.02290875621047793,-0.3170766294002533,0.08787594608049411,2.559370702505112,0.08787594608049411,0.4950906574726105,0.1622373532206375,0.37646499999999994,0.4242066666666666
deit_small,8,True,0.97,97,190,0.9693877551020408,96.93877551020408,DIAGONAL_GAUSSIAN,0.3684666666666666,0.02371544269505044,0.342,0.40199999999999997,0.05999999999999994,0.02371544269505044,-0.4584206899007162,0.08454251216141785,2.7007147630055743,0.08454251216141788,0.3821401039759318,0.12409497831183065,0.34238999999999997,0.3939516666666667
deit_small,8,True,0.98,98,192,0.9795918367346939,97.95918367346938,DIAGONAL_GAUSSIAN,0.3214,0.030114042497737747,0.277,0.35200000000000004,0.07500000000000001,0.030114042497737747,-0.6320412774880727,0.1183892796861641,2.874335350592931,0.1183892796861641,0.2509131054083506,0.08049013434603729,0.29825499999999994,0.3432
deit_small,8,True,0.99,99,194,0.9897959183673469,98.9795918367347,DIAGONAL_GAUSSIAN,0.27413333333333334,0.02807984646998231,0.23399999999999999,0.308,0.07400000000000001,0.02807984646998231,-0.8077041665712992,0.09992609984974063,3.0499982396761576,0.09992609984974073,0.11494848330815632,0.03644362208640037,0.2529266666666667,0.2960683333333333
deit_small,8,True,1.0,100,196,1.0,100.0,DIAGONAL_GAUSSIAN,0.17300000000000001,0.0,0.17300000000000001,0.17300000000000001,0.0,0.0,-1.1255436738332112,0.0,3.36783774693807,0.0,-0.15542896588643393,-0.048383931336270246,0.15466666666666667,0.19566666666666663
deit_small,8,True,0.0,0,0,0.0,0.0,ZERO,0.761,0.0,0.761,0.761,0.0,0.0,2.2422940731048584,0.0,0.0,0.0,0.0,,0.733,0.789
deit_small,8,True,0.01,1,2,0.01020408163265306,1.0204081632653061,ZERO,0.7628,0.0008366600265340763,0.762,0.764,0.0020000000000000018,0.0008366600265340763,2.226827049255371,0.0030168200936180325,0.015467023849487305,0.003016820093618032,0.0,,0.735195,0.7894000000000001
deit_small,8,True,0.02,2,4,0.02040816326530612,2.0408163265306123,ZERO,0.7614000000000001,0.0018165902124584966,0.759,0.764,0.0050000000000000044,0.0018165902124584966,2.2068076133728027,0.004525734835444897,0.035486459732055664,0.004525734835444897,0.0,,0.7355949999999999,0.7872049999999999
deit_small,8,True,0.03,3,6,0.030612244897959183,3.061224489795918,ZERO,0.7592000000000001,0.0017888543819998333,0.757,0.761,0.0040000000000000036,0.0017888543819998333,2.1910797119140626,0.005925013489357257,0.0512143611907959,0.005925013489357257,0.0,,0.73379,0.7834000000000001
deit_small,8,True,0.04,4,8,0.04081632653061224,4.081632653061225,ZERO,0.7576,0.003361547262794325,0.752,0.76,0.008000000000000007,0.003361547262794325,2.1758145332336425,0.006841215717427879,0.06647953987121583,0.006841215717427879,0.0,,0.732,0.783205
deit_small,8,True,0.05,5,10,0.05102040816326531,5.1020408163265305,ZERO,0.7568,0.003563705936241096,0.753,0.762,0.009000000000000008,0.003563705936241096,2.1583249092102053,0.009468965392568474,0.08396916389465332,0.009468965392568474,0.0,,0.732795,0.782015
deit_small,8,True,0.06,6,12,0.061224489795918366,6.122448979591836,ZERO,0.7556,0.003361547262794325,0.752,0.761,0.009000000000000008,0.003361547262794325,2.141142225265503,0.008960330953454283,0.10115184783935546,0.008960330953454283,0.0,0.0,0.7296,0.7820050000000001
deit_small,8,True,0.07,7,14,0.07142857142857142,7.142857142857142,ZERO,0.7537999999999999,0.004266145801540312,0.75,0.761,0.01100000000000001,0.004266145801540312,2.1254555702209474,0.006111250753145086,0.11683850288391114,0.006111250753145086,0.0,0.0,0.7274,0.77941
deit_small,8,True,0.08,8,16,0.08163265306122448,8.16326530612245,ZERO,0.7531999999999999,0.004764451699828642,0.749,0.761,0.01200000000000001,0.004764451699828642,2.1110424041748046,0.008371899550950057,0.13125166893005372,0.008371899550950057,0.0,0.0,0.726595,0.7796099999999999
deit_small,8,True,0.09,9,18,0.09183673469387756,9.183673469387756,ZERO,0.7517999999999999,0.003346640106136305,0.748,0.757,0.009000000000000008,0.003346640106136305,2.098230218887329,0.008699627880314998,0.1440638542175293,0.008699627880314998,0.0,0.0,0.7238000000000001,0.776615
deit_small,8,True,0.1,10,20,0.10204081632653061,10.204081632653061,ZERO,0.7504000000000001,0.0039749213828703615,0.745,0.756,0.01100000000000001,0.0039749213828703615,2.0819343090057374,0.00941375711104862,0.1603597640991211,0.00941375711104862,0.0,0.0,0.725,0.7776000000000001
deit_small,8,True,0.11,11,22,0.11224489795918367,11.224489795918368,ZERO,0.7494,0.005079370039680123,0.742,0.756,0.014000000000000012,0.005079370039680123,2.066416311264038,0.010152680132400336,0.17587776184082032,0.010152680132400336,0.0,0.0,0.7253799999999999,0.7752
deit_small,8,True,0.12,12,24,0.12244897959183673,12.244897959183673,ZERO,0.7482,0.003701351104664353,0.743,0.753,0.010000000000000009,0.003701351104664353,2.047660207748413,0.012003471187031782,0.1946338653564453,0.012003471187031782,0.0,0.0,0.7215949999999999,0.7727999999999999
deit_small,8,True,0.13,13,25,0.12755102040816327,12.755102040816327,ZERO,0.7488,0.004024922359499625,0.744,0.755,0.01100000000000001,0.004024922359499625,2.0416561126708985,0.010871963449208724,0.20063796043395996,0.010871963449208722,0.0,0.0,0.7213949999999999,0.777605
deit_small,8,True,0.14,14,27,0.1377551020408163,13.77551020408163,ZERO,0.7478,0.002489979919597749,0.746,0.751,0.0050000000000000044,0.002489979919597749,2.0209866046905516,0.009405234724799705,0.22130746841430665,0.009405234724799705,0.0,0.0,0.722,0.7746050000000001
deit_small,8,True,0.15,15,29,0.14795918367346939,14.795918367346939,ZERO,0.7474000000000001,0.0023021728866442696,0.744,0.75,0.006000000000000005,0.0023021728866442696,2.0034430742263796,0.008961014332131133,0.238850998878479,0.008961014332131133,0.0,0.0,0.7216,0.772805
deit_small,8,True,0.16,16,31,0.15816326530612246,15.816326530612246,ZERO,0.7488,0.0027748873851023243,0.746,0.752,0.006000000000000005,0.0027748873851023243,1.9822496891021728,0.004449120831631354,0.26004438400268554,0.004449120831631354,0.0,0.0,0.7229949999999999,0.7731999999999999
deit_small,8,True,0.17,17,33,0.1683673469387755,16.83673469387755,ZERO,0.747,0.0029154759474226528,0.744,0.751,0.007000000000000006,0.0029154759474226528,1.960623288154602,0.0022210551913112125,0.2816707849502563,0.0022210551913112125,0.0,0.0,0.7209949999999999,0.771005
deit_small,8,True,0.18,18,35,0.17857142857142858,17.857142857142858,ZERO,0.746,0.003316624790355403,0.741,0.75,0.009000000000000008,0.003316624790355403,1.9391345262527466,0.0051150314359147825,0.3031595468521118,0.0051150314359147825,0.0,0.0,0.7186,0.77302
deit_small,8,True,0.19,19,37,0.18877551020408162,18.877551020408163,ZERO,0.745,0.0031622776601683824,0.741,0.749,0.008000000000000007,0.0031622776601683824,1.9165645122528077,0.008099591485787743,0.3257295608520508,0.008099591485787743,0.0,0.0,0.7196,0.76921
deit_small,8,True,0.2,20,39,0.1989795918367347,19.897959183673468,ZERO,0.7442,0.003033150177620623,0.74,0.747,0.007000000000000006,0.003033150177620623,1.8884655952453613,0.00711249853155766,0.35382847785949706,0.00711249853155766,0.0,0.0,0.7182000000000001,0.767805
deit_small,8,True,0.21,21,41,0.20918367346938777,20.918367346938776,ZERO,0.744,0.0038729833462074204,0.74,0.749,0.009000000000000008,0.0038729833462074204,1.866958785057068,0.01184300046473717,0.37533528804779054,0.01184300046473717,0.0,0.0,0.7185999999999999,0.7704
deit_small,8,True,0.22,22,43,0.2193877551020408,21.93877551020408,ZERO,0.7436,0.004505552130427528,0.74,0.749,0.009000000000000008,0.004505552130427528,1.8447742700576781,0.010932069081356351,0.39751980304718015,0.010932069081356351,0.0,0.0,0.7159949999999999,0.7696050000000001
deit_small,8,True,0.23,23,45,0.22959183673469388,22.95918367346939,ZERO,0.7420000000000001,0.003162277660168382,0.737,0.745,0.008000000000000007,0.003162277660168382,1.820293092727661,0.012536840529700905,0.42200098037719724,0.012536840529700905,0.0,0.0,0.7149949999999999,0.7676050000000001
deit_small,8,True,0.24,24,47,0.23979591836734693,23.97959183673469,ZERO,0.7395999999999999,0.004827007354458872,0.734,0.745,0.01100000000000001,0.004827007354458872,1.7944666385650634,0.017117356756347454,0.4478274345397949,0.017117356756347454,0.0,0.0,0.7151900000000001,0.7646050000000001
deit_small,8,True,0.25,25,49,0.25,25.0,ZERO,0.7380000000000001,0.005147815070493505,0.733,0.744,0.01100000000000001,0.005147815070493505,1.7654008865356445,0.02249127250704158,0.47689318656921387,0.02249127250704158,0.0,0.0,0.713,0.7647999999999999
deit_small,8,True,0.26,26,51,0.2602040816326531,26.02040816326531,ZERO,0.7357999999999999,0.003271085446759228,0.732,0.739,0.007000000000000006,0.003271085446759228,1.7375422239303588,0.02159355567983017,0.5047518491744996,0.02159355567983017,0.0,0.0,0.7082,0.76221
deit_small,8,True,0.27,27,53,0.27040816326530615,27.040816326530614,ZERO,0.7350000000000001,0.004527692569068712,0.729,0.74,0.01100000000000001,0.004527692569068712,1.7109467267990113,0.019874877553712946,0.5313473463058471,0.019874877553712946,0.0,0.0,0.7099949999999999,0.759805
deit_small,8,True,0.28,28,55,0.28061224489795916,28.061224489795915,ZERO,0.733,0.003535533905932741,0.729,0.738,0.009000000000000008,0.003535533905932741,1.6786239385604858,0.02480725319665261,0.5636701345443725,0.024807253196652612,0.0,0.0,0.7076,0.759005
deit_small,8,True,0.29,29,57,0.29081632653061223,29.081632653061224,ZERO,0.7305999999999999,0.004669047011971505,0.724,0.736,0.01200000000000001,0.004669047011971505,1.6451732873916627,0.028905780760825877,0.5971207857131958,0.028905780760825877,0.0,0.0,0.7027900000000001,0.7556050000000001
deit_small,8,True,0.3,30,59,0.3010204081632653,30.102040816326532,ZERO,0.729,0.00489897948556636,0.723,0.735,0.01200000000000001,0.00489897948556636,1.6157235383987427,0.03139232867168361,0.6265705347061157,0.03139232867168361,0.0,0.0,0.7019599999999999,0.7574000000000001
deit_small,8,True,0.31,31,61,0.3112244897959184,31.122448979591837,ZERO,0.7273999999999999,0.005224940191045257,0.719,0.733,0.014000000000000012,0.005224940191045257,1.5818890810012818,0.02633262338870345,0.6604049921035766,0.02633262338870345,0.0,0.0,0.6994,0.7532000000000001
deit_small,8,True,0.32,32,63,0.32142857142857145,32.142857142857146,ZERO,0.7251999999999998,0.005932958789676535,0.718,0.732,0.014000000000000012,0.005932958789676535,1.5489557266235352,0.02469303724487005,0.6933383464813232,0.02469303724487005,0.0,0.0,0.700395,0.75141
deit_small,8,True,0.33,33,65,0.33163265306122447,33.16326530612245,ZERO,0.7246,0.0062289646009589805,0.716,0.73,0.014000000000000012,0.0062289646009589805,1.5159581422805786,0.023801815547855043,0.7263359308242798,0.023801815547855043,0.0,0.0,0.6963900000000002,0.7536050000000001
deit_small,8,True,0.34,34,67,0.34183673469387754,34.183673469387756,ZERO,0.7228,0.005357238094391554,0.717,0.73,0.013000000000000012,0.005357238094391554,1.479539728164673,0.022629435584828453,0.7627543449401856,0.022629435584828453,0.0,0.0,0.698,0.7486050000000001
deit_small,8,True,0.35,35,69,0.3520408163265306,35.204081632653065,ZERO,0.7188,0.004764451699828642,0.714,0.725,0.01100000000000001,0.004764451699828642,1.4401085376739502,0.02337192813719673,0.8021855354309082,0.02337192813719673,0.0,0.0,0.6909949999999999,0.7458099999999999
deit_small,8,True,0.36,36,71,0.3622448979591837,36.224489795918366,ZERO,0.7165999999999999,0.005683308895353134,0.71,0.725,0.015000000000000013,0.005683308895353134,1.4070048332214355,0.02774337843684731,0.8352892398834229,0.02774337843684731,0.0,0.0,0.6889949999999999,0.742415
deit_small,8,True,0.37,37,73,0.37244897959183676,37.244897959183675,ZERO,0.7152,0.005019960159204458,0.712,0.724,0.01200000000000001,0.005019960159204458,1.3720499515533446,0.02832430529498291,0.8702441215515136,0.02832430529498291,0.0,0.0,0.68859,0.7404
deit_small,8,True,0.38,38,74,0.37755102040816324,37.755102040816325,ZERO,0.7123999999999999,0.004037325847637273,0.708,0.719,0.01100000000000001,0.004037325847637273,1.3473719120025636,0.026032274874127886,0.8949221611022949,0.026032274874127886,0.0,0.0,0.688,0.7388049999999999
deit_small,8,True,0.39,39,76,0.3877551020408163,38.775510204081634,ZERO,0.7081999999999999,0.004711687595755903,0.704,0.716,0.01200000000000001,0.004711687595755903,1.3083438158035279,0.024672287111161876,0.9339502573013305,0.024672287111161876,0.0,0.0,0.6805899999999999,0.7342050000000001
deit_small,8,True,0.4,40,78,0.3979591836734694,39.795918367346935,ZERO,0.7043999999999999,0.004979959839195498,0.698,0.708,0.010000000000000009,0.004979959839195498,1.2732293128967285,0.026963778961268343,0.9690647602081299,0.026963778961268343,0.0,0.0,0.678,0.7296
deit_small,8,True,0.41,41,80,0.40816326530612246,40.816326530612244,ZERO,0.6992,0.006058052492344389,0.691,0.708,0.017000000000000015,0.006058052492344389,1.2327302694320679,0.02786854800112382,1.0095638036727905,0.02786854800112382,0.0,0.0,0.6724000000000001,0.7272050000000001
deit_small,8,True,0.42,42,82,0.41836734693877553,41.83673469387755,ZERO,0.6936,0.003911521443121593,0.689,0.698,0.009000000000000008,0.003911521443121593,1.1922868013381958,0.029017815115174983,1.0500072717666626,0.029017815115174983,0.0,0.0,0.665995,0.7208
deit_small,8,True,0.43,43,84,0.42857142857142855,42.857142857142854,ZERO,0.6910000000000001,0.0055226805085936,0.684,0.698,0.013999999999999901,0.0055226805085936,1.1617801904678344,0.028342674645611007,1.080513882637024,0.028342674645611007,0.0,0.0,0.6615949999999998,0.7160099999999999
deit_small,8,True,0.44,44,86,0.4387755102040816,43.87755102040816,ZERO,0.6864,0.0056833088953530736,0.681,0.693,0.0119999999999999,0.0056833088953530736,1.1291590690612794,0.027992931812781063,1.113135004043579,0.027992931812781063,0.0,0.0,0.658995,0.713815
deit_small,8,True,0.45,45,88,0.4489795918367347,44.89795918367347,ZERO,0.6832,0.005403702434442488,0.677,0.69,0.0129999999999999,0.005403702434442488,1.0943404912948609,0.02386972455604524,1.1479535818099975,0.02386972455604524,0.0,0.0,0.6545900000000001,0.7106149999999999
deit_small,8,True,0.46,46,90,0.45918367346938777,45.91836734693878,ZERO,0.6802000000000001,0.004764451699828597,0.676,0.688,0.0119999999999999,0.004764451699828597,1.0606559753417968,0.018263045760014075,1.1816380977630616,0.018263045760014075,0.0,0.0,0.652595,0.70802
deit_small,8,True,0.47,47,92,0.46938775510204084,46.93877551020408,ZERO,0.6758,0.004764451699828642,0.67,0.682,0.01200000000000001,0.004764451699828642,1.0245455265045167,0.021397199331440644,1.2177485466003417,0.021397199331440644,0.0,0.0,0.64658,0.70361
deit_small,8,True,0.48,48,94,0.47959183673469385,47.95918367346938,ZERO,0.6728,0.00544977063737549,0.666,0.681,0.015000000000000013,0.00544977063737549,0.9833684921264648,0.020146116378939004,1.2589255809783935,0.020146116378939004,0.0,0.0,0.645165,0.7008050000000001
deit_small,8,True,0.49,49,96,0.4897959183673469,48.97959183673469,ZERO,0.6698000000000001,0.004711687595755903,0.666,0.678,0.01200000000000001,0.004711687595755903,0.9415579080581665,0.025819523113109543,1.300736165046692,0.025819523113109543,0.0,0.0,0.6439900000000001,0.6954050000000002
deit_small,8,True,0.5,50,98,0.5,50.0,ZERO,0.663,0.006819090848492935,0.657,0.674,0.017000000000000015,0.006819090848492935,0.9011037588119507,0.02296655757404425,1.3411903142929078,0.02296655757404425,0.0,0.0,0.635,0.6902050000000001
deit_small,8,True,0.51,51,100,0.5102040816326531,51.02040816326531,ZERO,0.6552,0.008927485648266266,0.648,0.669,0.02100000000000002,0.008927485648266266,0.8560670375823974,0.03373036260261209,1.3862270355224608,0.03373036260261209,0.0,0.0,0.6295850000000001,0.683605
deit_small,8,True,0.52,52,102,0.5204081632653061,52.04081632653062,ZERO,0.6512,0.008843076387773666,0.641,0.665,0.02400000000000002,0.008843076387773666,0.8236009955406189,0.035105213900274546,1.4186930775642395,0.035105213900274546,0.0,0.0,0.624195,0.677805
deit_small,8,True,0.53,53,104,0.5306122448979592,53.06122448979592,ZERO,0.6464000000000001,0.006348228099241557,0.64,0.654,0.014000000000000012,0.006348228099241557,0.7856575846672058,0.04238396561706037,1.4566364884376526,0.04238396561706037,0.0,0.0,0.6203949999999999,0.67442
deit_small,8,True,0.54,54,106,0.5408163265306123,54.08163265306123,ZERO,0.6404,0.007402702209328705,0.632,0.649,0.017000000000000015,0.007402702209328705,0.746963620185852,0.04007032851911499,1.4953304529190063,0.04007032851911499,0.0,0.0,0.61519,0.669
deit_small,8,True,0.55,55,108,0.5510204081632653,55.10204081632652,ZERO,0.6378,0.005495452665613639,0.629,0.642,0.013000000000000012,0.005495452665613639,0.7091304063796997,0.037316891849001096,1.5331636667251587,0.037316891849001096,0.0,0.0,0.6103949999999999,0.6653999999999999
deit_small,8,True,0.56,56,110,0.5612244897959183,56.12244897959183,ZERO,0.6354,0.007861297602813426,0.622,0.642,0.020000000000000018,0.007861297602813426,0.6781548976898193,0.038471406392332104,1.564139175415039,0.038471406392332104,0.0,0.0,0.60839,0.6630050000000001
deit_small,8,True,0.57,57,112,0.5714285714285714,57.14285714285714,ZERO,0.6318,0.0069426219830839185,0.62,0.638,0.018000000000000016,0.0069426219830839185,0.6467221140861511,0.03937584771920186,1.5955719590187072,0.03937584771920186,0.0,0.0,0.603795,0.6594
deit_small,8,True,0.58,58,114,0.5816326530612245,58.16326530612245,ZERO,0.623,0.0073143694191639035,0.611,0.631,0.020000000000000018,0.0073143694191639035,0.6047127723693848,0.034466688774535494,1.6375813007354736,0.034466688774535494,0.0,0.0,0.5963849999999999,0.6508099999999999
deit_small,8,True,0.59,59,116,0.5918367346938775,59.183673469387756,ZERO,0.617,0.008062257748298557,0.604,0.625,0.02100000000000002,0.008062257748298557,0.5687261700630188,0.02776343594124471,1.6735679030418396,0.02776343594124471,0.0,0.0,0.5906,0.644205
deit_small,8,True,0.6,60,118,0.6020408163265306,60.204081632653065,ZERO,0.6108,0.009418067742376891,0.599,0.623,0.02400000000000002,0.009418067742376891,0.526555848121643,0.024076770785707982,1.7157382249832154,0.024076770785707982,0.0,0.0,0.5839949999999999,0.6372050000000001
deit_small,8,True,0.61,61,120,0.6122448979591837,61.224489795918366,ZERO,0.6024,0.006841052550594834,0.594,0.612,0.018000000000000016,0.006841052550594834,0.49027355909347536,0.021152162476954263,1.7520205140113831,0.02115216247695426,0.0,0.0,0.572395,0.6302
deit_small,8,True,0.62,62,122,0.6224489795918368,62.244897959183675,ZERO,0.595,0.009433981132056611,0.586,0.61,0.02400000000000002,0.009433981132056611,0.45263679027557374,0.02744501475700275,1.7896572828292847,0.02744501475700275,0.0,0.0,0.56859,0.6222050000000001
deit_small,8,True,0.63,63,123,0.6275510204081632,62.755102040816325,ZERO,0.593,0.012247448713915901,0.577,0.611,0.03400000000000003,0.012247448713915901,0.43237398862838744,0.03059424517579511,1.809920084476471,0.030594245175795107,0.0,0.0,0.5667949999999999,0.6204099999999999
deit_small,8,True,0.64,64,125,0.6377551020408163,63.775510204081634,ZERO,0.5846,0.011058933040759411,0.57,0.601,0.031000000000000028,0.011058933040759411,0.3955518126487732,0.034882104454717,1.8467422604560852,0.034882104454717,0.0,0.0,0.5554000000000001,0.6137999999999999
deit_small,8,True,0.65,65,127,0.6479591836734694,64.79591836734694,ZERO,0.5788,0.011649034294738781,0.564,0.596,0.03200000000000003,0.011649034294738781,0.3506767928600311,0.03610454210206941,1.8916172802448272,0.03610454210206941,0.0,0.0,0.5516,0.6062050000000001
deit_small,8,True,0.66,66,129,0.6581632653061225,65.81632653061224,ZERO,0.5688000000000001,0.009257429448826465,0.556,0.579,0.02299999999999991,0.009257429448826465,0.31253536343574523,0.030689402740563587,1.9297587096691131,0.030689402740563587,0.0,0.0,0.542395,0.597
deit_small,8,True,0.67,67,131,0.6683673469387755,66.83673469387756,ZERO,0.5576,0.0089610267268879,0.546,0.568,0.02199999999999991,0.0089610267268879,0.2675428479909897,0.03355672785792383,1.9747512251138688,0.03355672785792383,0.0,0.0,0.530195,0.58581
deit_small,8,True,0.68,68,133,0.6785714285714286,67.85714285714286,ZERO,0.547,0.009486832980505146,0.537,0.558,0.02100000000000002,0.009486832980505146,0.23559460639953614,0.035954349565486834,2.006699466705322,0.035954349565486834,0.0,0.0,0.52118,0.5778099999999999
deit_small,8,True,0.69,69,135,0.6887755102040817,68.87755102040816,ZERO,0.5382,0.014652644812456227,0.52,0.553,0.03300000000000003,0.014652644812456227,0.2050563871860504,0.04356643682307128,2.037237685918808,0.04356643682307128,0.0,0.0,0.5111900000000001,0.5666
deit_small,8,True,0.7,70,137,0.6989795918367347,69.89795918367348,ZERO,0.5288,0.011476062042355828,0.511,0.541,0.030000000000000027,0.011476062042355828,0.1767733097076416,0.03731302434633154,2.065520763397217,0.03731302434633154,0.0,0.0,0.499995,0.55462
deit_small,8,True,0.71,71,139,0.7091836734693877,70.91836734693877,ZERO,0.5204,0.010358571330062856,0.505,0.531,0.026000000000000023,0.010358571330062856,0.14464237093925475,0.034671790038572375,2.097651702165604,0.03467179003857237,0.0,0.0,0.4934000000000001,0.5484000000000001
deit_small,8,True,0.72,72,141,0.7193877551020408,71.93877551020408,ZERO,0.5114,0.009607288899580367,0.497,0.521,0.02400000000000002,0.009607288899580367,0.1094416081905365,0.03285443575549878,2.132852464914322,0.03285443575549878,0.0,0.0,0.48279,0.538405
deit_small,8,True,0.73,73,143,0.7295918367346939,72.95918367346938,ZERO,0.4981999999999999,0.007918333157931669,0.489,0.51,0.02100000000000002,0.007918333157931669,0.0743366539478302,0.02284377316762541,2.167957419157028,0.02284377316762541,0.0,0.0,0.47098999999999996,0.525205
deit_small,8,True,0.74,74,145,0.7397959183673469,73.9795918367347,ZERO,0.4866,0.008848728722251583,0.477,0.497,0.020000000000000018,0.008848728722251583,0.04114876016974449,0.021744026330441233,2.2011453129351137,0.021744026330441233,0.0,0.0,0.4616,0.5146
deit_small,8,True,0.75,75,147,0.75,75.0,ZERO,0.4772,0.009576011695899299,0.47,0.49,0.020000000000000018,0.009576011695899299,0.011275277053937317,0.02557898031483746,2.231018796050921,0.02557898031483746,0.0,0.0,0.44958499999999996,0.5028050000000001
deit_small,8,True,0.76,76,149,0.7602040816326531,76.0204081632653,ZERO,0.4652,0.013590437814875556,0.452,0.482,0.02999999999999997,0.013590437814875556,-0.025258443830534816,0.036288847945341235,2.2675525169353934,0.036288847945341235,0.0,0.0,0.438,0.49360000000000004
deit_small,8,True,0.77,77,151,0.7704081632653061,77.04081632653062,ZERO,0.4566,0.015820872289478843,0.442,0.477,0.034999999999999976,0.015820872289478843,-0.05486484882421792,0.037236016846352964,2.2971589219290762,0.037236016846352964,0.0,0.0,0.43,0.48479999999999995
deit_small,8,True,0.78,78,153,0.7806122448979592,78.06122448979592,ZERO,0.43920000000000003,0.019473058311420953,0.417,0.462,0.04500000000000004,0.019473058311420953,-0.08875764869153499,0.04453618132938668,2.3310517217963933,0.044536181329386686,0.0,0.0,0.412795,0.46781
deit_small,8,True,0.79,79,155,0.7908163265306123,79.08163265306123,ZERO,0.4258,0.017683325479106032,0.411,0.447,0.03600000000000003,0.017683325479106032,-0.12162792682647705,0.04100501837141845,2.3639219999313354,0.04100501837141845,0.0,0.0,0.397385,0.4538
deit_small,8,True,0.8,80,157,0.8010204081632653,80.10204081632652,ZERO,0.4088,0.022027255843613376,0.379,0.435,0.055999999999999994,0.022027255843613376,-0.16040725260972977,0.03778304435692972,2.402701325714588,0.03778304435692972,0.0,0.0,0.383,0.43540499999999993
deit_small,8,True,0.81,81,159,0.8112244897959183,81.12244897959184,ZERO,0.391,0.02003746490951387,0.366,0.414,0.04799999999999999,0.02003746490951387,-0.19826808273792268,0.033644265410727285,2.4405621558427812,0.03364426541072729,0.0,0.0,0.3658,0.4186
deit_small,8,True,0.82,82,161,0.8214285714285714,82.14285714285714,ZERO,0.3744,0.01633401359127635,0.361,0.399,0.038000000000000034,0.01633401359127635,-0.23619205355644227,0.0395292050463895,2.4784861266613007,0.0395292050463895,0.0,0.0,0.34919000000000006,0.4
deit_small,8,True,0.83,83,163,0.8316326530612245,83.16326530612244,ZERO,0.3562,0.012853015210447714,0.346,0.376,0.030000000000000027,0.012853015210447714,-0.26827174723148345,0.034828956661765116,2.5105658203363417,0.03482895666176512,0.0,0.0,0.32920000000000005,0.38241499999999995
deit_small,8,True,0.84,84,165,0.8418367346938775,84.18367346938776,ZERO,0.3366,0.018582249594707303,0.324,0.369,0.044999999999999984,0.018582249594707303,-0.30494563579559325,0.04136588079164273,2.5472397089004515,0.04136588079164273,0.0,0.0,0.310975,0.36219999999999997
deit_small,8,True,0.85,85,167,0.8520408163265306,85.20408163265306,ZERO,0.3156,0.021054690688775263,0.303,0.353,0.04999999999999999,0.021054690688775263,-0.34732415080070494,0.049200541861895826,2.589618223905563,0.049200541861895826,0.0,0.0,0.291395,0.34221500000000005
deit_small,8,True,0.86,86,169,0.8622448979591837,86.22448979591837,ZERO,0.2952,0.02120613118888026,0.273,0.33,0.056999999999999995,0.02120613118888026,-0.38857847452163696,0.046059845479363724,2.6308725476264954,0.046059845479363724,0.0,0.0,0.27219000000000004,0.3188100000000001
deit_small,8,True,0.87,87,171,0.8724489795918368,87.24489795918367,ZERO,0.2762,0.028217016142746208,0.241,0.32,0.07900000000000001,0.028217016142746208,-0.42792376279830935,0.05694721473830455,2.6702178359031676,0.05694721473830455,0.0,0.0,0.25239500000000004,0.29860000000000003
deit_small,8,True,0.88,88,172,0.8775510204081632,87.75510204081633,ZERO,0.26180000000000003,0.02730750812505601,0.233,0.305,0.07199999999999998,0.02730750812505601,-0.454329913854599,0.055770148149929866,2.6966239869594575,0.05577014814992986,0.0,0.0,0.2388,0.286605
deit_small,8,True,0.89,89,174,0.8877551020408163,88.77551020408163,ZERO,0.2486,0.028518415103227588,0.223,0.289,0.06599999999999998,0.028518415103227588,-0.48227582573890687,0.058777976722705384,2.7245698988437654,0.058777976722705384,0.0,0.0,0.225395,0.27
deit_small,8,True,0.9,90,176,0.8979591836734694,89.79591836734694,ZERO,0.227,0.029765752132274434,0.201,0.268,0.067,0.029765752132274434,-0.5309281468391418,0.05401435517466086,2.7732222199440004,0.054014355174660855,0.0,0.0,0.20460000000000003,0.24721
deit_small,8,True,0.91,91,178,0.9081632653061225,90.81632653061224,ZERO,0.2076,0.034136490739383275,0.17,0.257,0.087,0.034136490739383275,-0.5810564696788788,0.06659074926150738,2.823350542783737,0.06659074926150736,0.0,0.0,0.18680000000000002,0.2286
deit_small,8,True,0.92,92,180,0.9183673469387755,91.83673469387756,ZERO,0.18660000000000002,0.028094483444263574,0.165,0.231,0.066,0.028094483444263574,-0.6276997208595276,0.0563538154944385,2.869993793964386,0.0563538154944385,0.0,0.0,0.16599,0.20700999999999997
deit_small,8,True,0.93,93,182,0.9285714285714286,92.85714285714286,ZERO,0.16440000000000002,0.023415806627148258,0.143,0.196,0.05300000000000002,0.023415806627148258,-0.6808685779571533,0.04551596451413144,2.923162651062012,0.04551596451413144,0.0,0.0,0.1444,0.18480000000000002
deit_small,8,True,0.94,94,184,0.9387755102040817,93.87755102040816,ZERO,0.14640000000000003,0.021870070873227645,0.122,0.17,0.048000000000000015,0.021870070873227645,-0.7236071825027466,0.04370120017086482,2.965901255607605,0.04370120017086482,0.0,0.0,0.129795,0.166205
deit_small,8,True,0.95,95,186,0.9489795918367347,94.89795918367348,ZERO,0.131,0.020174241001832013,0.108,0.155,0.047,0.020174241001832013,-0.7657594561576844,0.04276407440920764,3.0080535292625425,0.04276407440920764,0.0,0.0,0.114,0.14921
deit_small,8,True,0.96,96,188,0.9591836734693877,95.91836734693877,ZERO,0.1126,0.013794926603646722,0.099,0.134,0.035,0.013794926603646722,-0.8121672868728638,0.03231528994604845,3.054461359977722,0.03231528994604845,0.0,0.0,0.09659499999999999,0.13040500000000002
deit_small,8,True,0.97,97,190,0.9693877551020408,96.93877551020408,ZERO,0.0996,0.010502380682492901,0.086,0.115,0.029000000000000012,0.010502380682492901,-0.840560793876648,0.02807696325083905,3.0828548669815063,0.02807696325083905,0.0,0.0,0.08420000000000001,0.116005
deit_small,8,True,0.98,98,192,0.9795918367346939,97.95918367346938,ZERO,0.0818,0.012755391017134675,0.068,0.096,0.027999999999999997,0.012755391017134675,-0.8829543828964234,0.027186031019243172,3.1252484560012816,0.027186031019243172,0.0,0.0,0.068,0.097205
deit_small,8,True,0.99,99,194,0.9897959183673469,98.9795918367347,ZERO,0.0638,0.006723094525588643,0.056,0.072,0.015999999999999993,0.006723094525588643,-0.9226526498794556,0.019221002994825903,3.164946722984314,0.019221002994825903,0.0,0.0,0.05039000000000001,0.07780499999999999
deit_small,8,True,1.0,100,196,1.0,100.0,ZERO,0.049,0.0,0.049,0.049,0.0,0.0,-0.9701147079467773,0.0,3.2124087810516357,0.0,0.0,0.0,0.036,0.063
deit_tiny,8,True,0.0,0,0,0.0,0.0,CENTROID,0.679,0.0,0.679,0.679,0.0,0.0,1.1680840253829956,0.0,0.0,0.0,0.0,,0.649,0.709
deit_tiny,8,True,0.01,1,2,0.01020408163265306,1.0204081632653061,CENTROID,0.6764000000000001,0.0030495901363953837,0.673,0.68,0.007000000000000006,0.0030495901363953837,1.1654710531234742,0.0023116733230992953,0.0026129722595214845,0.002311673323099295,0.008133888244628906,,0.6464,0.7036149999999999
deit_tiny,8,True,0.02,2,4,0.02040816326530612,2.0408163265306123,CENTROID,0.6772,0.0014832396974191339,0.675,0.679,0.0040000000000000036,0.0014832396974191339,1.16247501373291,0.004041377916700716,0.0056090116500854496,0.004041377916700716,0.01615743637084961,,0.647,0.7044150000000001
deit_tiny,8,True,0.03,3,6,0.030612244897959183,3.061224489795918,CENTROID,0.6769999999999999,0.0020000000000000018,0.675,0.679,0.0040000000000000036,0.0020000000000000018,1.1613377332687378,0.00357566258468097,0.0067462921142578125,0.00357566258468097,0.022471976280212403,,0.6494,0.7062050000000001
deit_tiny,8,True,0.04,4,8,0.04081632653061224,4.081632653061225,CENTROID,0.6768000000000001,0.003271085446759228,0.674,0.682,0.008000000000000007,0.003271085446759228,1.1577285289764405,0.005145893804948344,0.010355496406555175,0.005145893804948344,0.029171323776245116,,0.648195,0.705
deit_tiny,8,True,0.05,5,10,0.05102040816326531,5.1020408163265305,CENTROID,0.6754000000000001,0.00230217288664427,0.673,0.679,0.006000000000000005,0.00230217288664427,1.1537811279296875,0.006775017844908708,0.014302897453308105,0.006775017844908708,0.03768625259399414,,0.64519,0.702005
deit_tiny,8,True,0.06,6,12,0.061224489795918366,6.122448979591836,CENTROID,0.6730000000000002,0.0028284271247461922,0.671,0.678,0.007000000000000006,0.0028284271247461922,1.1516246318817138,0.006177860149908915,0.016459393501281738,0.006177860149908914,0.047623395919799805,,0.644,0.7004
deit_tiny,8,True,0.07,7,14,0.07142857142857142,7.142857142857142,CENTROID,0.6748000000000001,0.0023874672772626663,0.671,0.677,0.006000000000000005,0.0023874672772626663,1.1500518321990967,0.004010049098466025,0.018032193183898926,0.004010049098466025,0.05635550022125244,,0.6457999999999999,0.702605
deit_tiny,8,True,0.08,8,16,0.08163265306122448,8.16326530612245,CENTROID,0.673,0.003535533905932741,0.669,0.678,0.009000000000000008,0.003535533905932741,1.1470146656036377,0.0035070486174210726,0.02106935977935791,0.0035070486174210726,0.06612677574157715,,0.6457949999999999,0.7002050000000001
deit_tiny,8,True,0.09,9,18,0.09183673469387756,9.183673469387756,CENTROID,0.6738000000000001,0.0036331804249169933,0.67,0.679,0.009000000000000008,0.0036331804249169933,1.1468981981277466,0.004774236961345373,0.021185827255249024,0.004774236961345373,0.07381525039672851,0.7423550390628637,0.643595,0.700805
deit_tiny,8,True,0.1,10,20,0.10204081632653061,10.204081632653061,CENTROID,0.674,0.005049752469181043,0.668,0.682,0.014000000000000012,0.005049752469181043,1.1460873365402222,0.0069094907713816555,0.021996688842773438,0.006909490771381656,0.08126370906829834,0.7611524206577838,0.64579,0.7032050000000001
deit_tiny,8,True,0.11,11,22,0.11224489795918367,11.224489795918368,CENTROID,0.6732,0.003563705936241095,0.67,0.677,0.007000000000000006,0.003563705936241095,1.1429123163223267,0.005989817821700735,0.025171709060668946,0.005989817821700735,0.08745942115783692,0.7778720387131038,0.6447849999999999,0.701005
deit_tiny,8,True,0.12,12,24,0.12244897959183673,12.244897959183673,CENTROID,0.6726000000000001,0.0042190046219458014,0.668,0.679,0.01100000000000001,0.0042190046219458014,1.1393151998519897,0.007371281936267395,0.02876882553100586,0.007371281936267396,0.09455068111419677,0.7686250493594271,0.6452,0.7008
deit_tiny,8,True,0.13,13,25,0.12755102040816327,12.755102040816327,CENTROID,0.6728000000000001,0.003701351104664353,0.668,0.678,0.010000000000000009,0.003701351104664353,1.1400897026062011,0.006894449717187343,0.027994322776794433,0.006894449717187343,0.09756855964660645,0.7787929078567029,0.644385,0.70061
deit_tiny,8,True,0.14,14,27,0.1377551020408163,13.77551020408163,CENTROID,0.672,0.005244044240850763,0.664,0.677,0.013000000000000012,0.005244044240850763,1.1355321407318115,0.008719571738141736,0.03255188465118408,0.008719571738141736,0.10572531223297119,0.7666221878468816,0.6462,0.701005
deit_tiny,8,True,0.15,15,29,0.14795918367346939,14.795918367346939,CENTROID,0.6700000000000002,0.0035355339059327407,0.664,0.673,0.009000000000000008,0.0035355339059327407,1.1321417093276978,0.010566530325696854,0.03594231605529785,0.010566530325696854,0.11246042251586914,0.7606643777334667,0.6429900000000001,0.698805
deit_tiny,8,True,0.16,16,31,0.15816326530612246,15.816326530612246,CENTROID,0.6692,0.003962322551231794,0.665,0.675,0.010000000000000009,0.003962322551231794,1.1275246620178223,0.009069179909179288,0.04055936336517334,0.009069179909179288,0.11861258745193481,0.7466658648828014,0.64279,0.6965999999999999
deit_tiny,8,True,0.17,17,33,0.1683673469387755,16.83673469387755,CENTROID,0.669,0.005385164807134508,0.664,0.678,0.014000000000000012,0.005385164807134508,1.122238826751709,0.01099020461251619,0.045845198631286624,0.01099020461251619,0.12449921369552612,0.7329875692983295,0.640985,0.69641
deit_tiny,8,True,0.18,18,35,0.17857142857142858,17.857142857142858,CENTROID,0.6721999999999999,0.004868264577855238,0.667,0.68,0.013000000000000012,0.004868264577855238,1.1175122022628785,0.012273412919889868,0.05057182312011719,0.01227341291988987,0.1310160756111145,0.723458897472305,0.6446,0.699005
deit_tiny,8,True,0.19,19,37,0.18877551020408162,18.877551020408163,CENTROID,0.6728,0.006300793600809351,0.666,0.682,0.016000000000000014,0.006300793600809351,1.117345929145813,0.01191964800121543,0.05073809623718262,0.01191964800121543,0.13943110704421996,0.7350053955970999,0.646,0.6996
deit_tiny,8,True,0.2,20,39,0.1989795918367347,19.897959183673468,CENTROID,0.6722000000000001,0.004604345773288539,0.668,0.68,0.01200000000000001,0.004604345773288539,1.1095530986785889,0.010550588330940044,0.05853092670440674,0.010550588330940044,0.14436839818954467,0.7128070035439924,0.6427999999999999,0.7
deit_tiny,8,True,0.21,21,41,0.20918367346938777,20.918367346938776,CENTROID,0.6714,0.004722287581247042,0.665,0.678,0.013000000000000012,0.004722287581247042,1.1068189859390258,0.011250799181123407,0.06126503944396973,0.011250799181123407,0.15099170207977294,0.7126420839229501,0.6442,0.7006099999999998
deit_tiny,8,True,0.22,22,43,0.2193877551020408,21.93877551020408,CENTROID,0.669,0.0055226805085936345,0.66,0.675,0.015000000000000013,0.0055226805085936345,1.103882122039795,0.010077663892577055,0.06420190334320068,0.010077663892577053,0.15843544006347657,0.7124820472086315,0.64119,0.6962200000000001
deit_tiny,8,True,0.23,23,45,0.22959183673469388,22.95918367346939,CENTROID,0.6688000000000001,0.005848076606885384,0.661,0.676,0.015000000000000013,0.005848076606885384,1.1022522926330567,0.011152451660040195,0.06583173274993896,0.011152451660040195,0.1652272582054138,0.7159564812884815,0.6399900000000002,0.695005
deit_tiny,8,True,0.24,24,47,0.23979591836734693,23.97959183673469,CENTROID,0.6696,0.0027018512172212617,0.666,0.673,0.007000000000000006,0.0027018512172212617,1.0944849729537964,0.015221092005736759,0.07359905242919922,0.015221092005736759,0.16923532485961915,0.6987480894280653,0.6411949999999998,0.6972
deit_tiny,8,True,0.25,25,49,0.25,25.0,CENTROID,0.6702000000000001,0.003898717737923589,0.664,0.674,0.010000000000000009,0.003898717737923589,1.088457465171814,0.017702311950686358,0.07962656021118164,0.017702311950686358,0.17519040107727052,0.6895446760374724,0.641,0.69821
deit_tiny,8,True,0.26,26,51,0.2602040816326531,26.02040816326531,CENTROID,0.6684,0.004335896677735764,0.664,0.674,0.010000000000000009,0.004335896677735764,1.0821764707565307,0.017036653821734016,0.08590755462646485,0.017036653821734016,0.17882384061813356,0.6771806844416041,0.642,0.694005
deit_tiny,8,True,0.27,27,53,0.27040816326530615,27.040816326530614,CENTROID,0.6688,0.004381780460041332,0.663,0.673,0.010000000000000009,0.004381780460041332,1.0777261018753053,0.01901870990351982,0.09035792350769042,0.01901870990351982,0.1821063280105591,0.6704528932371752,0.6438,0.695005
deit_tiny,8,True,0.28,28,55,0.28061224489795916,28.061224489795915,CENTROID,0.6672,0.005974947698515867,0.657,0.672,0.015000000000000013,0.005974947698515867,1.0730107069015502,0.02110428991956014,0.09507331848144532,0.02110428991956014,0.18729466199874878,0.6658870730232815,0.63919,0.6954
deit_tiny,8,True,0.29,29,57,0.29081632653061223,29.081632653061224,CENTROID,0.6676,0.004335896677735763,0.66,0.67,0.010000000000000009,0.004335896677735763,1.0673176765441894,0.02440231663723699,0.10076634883880616,0.024402316637236993,0.19419277906417848,0.6619244018816428,0.6403949999999999,0.6948099999999999
deit_tiny,8,True,0.3,30,59,0.3010204081632653,30.102040816326532,CENTROID,0.6676,0.0037148351242013455,0.661,0.67,0.009000000000000008,0.0037148351242013455,1.06147141456604,0.026286100329840374,0.10661261081695557,0.026286100329840377,0.19985562562942505,0.6560742050025581,0.64039,0.6948
deit_tiny,8,True,0.31,31,61,0.3112244897959184,31.122448979591837,CENTROID,0.6692000000000001,0.0029495762407505278,0.666,0.672,0.006000000000000005,0.0029495762407505278,1.0533052682876587,0.021062715494247344,0.11477875709533691,0.021062715494247344,0.20516139268875122,0.6433652492167043,0.6403949999999999,0.6984
deit_tiny,8,True,0.32,32,63,0.32142857142857145,32.142857142857146,CENTROID,0.6696000000000001,0.0025099800796022287,0.666,0.672,0.006000000000000005,0.0025099800796022287,1.0497324466705322,0.019154613980954197,0.11835157871246338,0.019154613980954197,0.21183416843414307,0.6432347242454595,0.6406000000000001,0.6958099999999999
deit_tiny,8,True,0.33,33,65,0.33163265306122447,33.16326530612245,CENTROID,0.6696000000000001,0.0034351128074635367,0.665,0.673,0.008000000000000007,0.0034351128074635367,1.0451345205307008,0.01944113852204325,0.12294950485229492,0.01944113852204325,0.21760276556015015,0.6405839795384389,0.642595,0.695805
deit_tiny,8,True,0.34,34,67,0.34183673469387754,34.183673469387756,CENTROID,0.6706000000000001,0.0025099800796022287,0.668,0.673,0.0050000000000000044,0.0025099800796022287,1.0387494564056396,0.017639346449791343,0.12933456897735596,0.017639346449791343,0.221881902217865,0.6329257081937631,0.6426000000000001,0.6984
deit_tiny,8,True,0.35,35,69,0.3520408163265306,35.204081632653065,CENTROID,0.67,0.0029154759474226528,0.666,0.673,0.007000000000000006,0.0029154759474226528,1.0313435077667237,0.01851565971557118,0.13674051761627198,0.018515659715571176,0.22849385738372802,0.6267655986532072,0.641995,0.69941
deit_tiny,8,True,0.36,36,71,0.3622448979591837,36.224489795918366,CENTROID,0.6682,0.003898717737923589,0.663,0.673,0.010000000000000009,0.003898717737923589,1.0272531986236573,0.017778191568738055,0.1408308267593384,0.017778191568738055,0.23421142101287842,0.6254169233104474,0.638995,0.6952050000000001
deit_tiny,8,True,0.37,37,73,0.37244897959183676,37.244897959183675,CENTROID,0.6678,0.006833739825307961,0.657,0.674,0.017000000000000015,0.006833739825307961,1.0223947048187256,0.01954660640803714,0.14568932056427003,0.01954660640803714,0.23960400819778443,0.6230657975351531,0.6404000000000001,0.6948050000000001
deit_tiny,8,True,0.38,38,74,0.37755102040816324,37.755102040816325,CENTROID,0.6664000000000001,0.004615192303685734,0.66,0.67,0.010000000000000009,0.004615192303685734,1.0151509523391724,0.016372206436636217,0.15293307304382325,0.016372206436636217,0.24398616552352906,0.6153832232876364,0.6381900000000001,0.693
deit_tiny,8,True,0.39,39,76,0.3877551020408163,38.775510204081634,CENTROID,0.6658000000000001,0.00420713679359253,0.661,0.672,0.01100000000000001,0.00420713679359253,1.0066343188285827,0.01839835145972759,0.16144970655441285,0.01839835145972759,0.24865758419036865,0.6071614732303162,0.6369900000000001,0.6938
deit_tiny,8,True,0.4,40,78,0.3979591836734694,39.795918367346935,CENTROID,0.6666,0.0029664793948382677,0.662,0.67,0.008000000000000007,0.0029664793948382677,1.0022343635559081,0.02000188710186695,0.1658496618270874,0.02000188710186695,0.25309752225875853,0.6052063942975264,0.6401899999999999,0.6942050000000001
deit_tiny,8,True,0.41,41,80,0.40816326530612246,40.816326530612244,CENTROID,0.6646,0.004393176527297763,0.657,0.668,0.01100000000000001,0.004393176527297763,0.9955800175666809,0.023589557435912772,0.1725040078163147,0.023589557435912772,0.25895416736602783,0.6015557232639257,0.635995,0.6916100000000001
deit_tiny,8,True,0.42,42,82,0.41836734693877553,41.83673469387755,CENTROID,0.6636,0.0053197744313081595,0.655,0.668,0.013000000000000012,0.0053197744313081595,0.985240364074707,0.031261255958433896,0.18284366130828858,0.031261255958433896,0.26417224407196044,0.5930317606968738,0.6373900000000001,0.6894050000000002
deit_tiny,8,True,0.43,43,84,0.42857142857142855,42.857142857142854,CENTROID,0.6632,0.007694153624668545,0.653,0.67,0.017000000000000015,0.007694153624668545,0.983130669593811,0.0315347363731316,0.18495335578918456,0.0315347363731316,0.26784452199935915,0.5935859990546034,0.6363850000000001,0.692405
deit_tiny,8,True,0.44,44,86,0.4387755102040816,43.87755102040816,CENTROID,0.6626000000000001,0.006580273550544846,0.655,0.669,0.014000000000000012,0.006580273550544846,0.9784409046173096,0.030873955996771663,0.18964312076568604,0.030873955996771663,0.27380229234695436,0.5925893569326959,0.6342000000000001,0.6876199999999999
deit_tiny,8,True,0.45,45,88,0.4489795918367347,44.89795918367347,CENTROID,0.6646000000000001,0.006804410334481606,0.656,0.672,0.016000000000000014,0.006804410334481606,0.9720734477043151,0.025975475453108583,0.1960105776786804,0.025975475453108583,0.2768430471420288,0.586619864301184,0.6366,0.6914100000000001
deit_tiny,8,True,0.46,46,90,0.45918367346938777,45.91836734693878,CENTROID,0.6628000000000001,0.006572670690061999,0.653,0.668,0.015000000000000013,0.006572670690061999,0.968061101436615,0.024187782586396086,0.2000229239463806,0.024187782586396086,0.28321429491043093,0.586980676681044,0.63679,0.6892
deit_tiny,8,True,0.47,47,92,0.46938775510204084,46.93877551020408,CENTROID,0.663,0.006519202405202654,0.653,0.669,0.016000000000000014,0.006519202405202654,0.9639897823333741,0.02319972438664219,0.2040942430496216,0.02319972438664219,0.2876717448234558,0.5857526176895822,0.6374000000000001,0.6914
deit_tiny,8,True,0.48,48,94,0.47959183673469385,47.95918367346938,CENTROID,0.6608,0.007190271204899026,0.649,0.666,0.017000000000000015,0.007190271204899026,0.9541244149208069,0.025971903291143014,0.21395961046218873,0.025971903291143014,0.29225289821624756,0.5782267908202497,0.6333949999999999,0.689
deit_tiny,8,True,0.49,49,96,0.4897959183673469,48.97959183673469,CENTROID,0.6626000000000001,0.005941380311005186,0.652,0.666,0.014000000000000012,0.005941380311005186,0.9423153638839722,0.024110939228410868,0.22576866149902344,0.024110939228410868,0.29532363414764407,0.5673901263388342,0.63659,0.689805
deit_tiny,8,True,0.5,50,98,0.5,50.0,CENTROID,0.6586,0.004878524367060192,0.654,0.665,0.01100000000000001,0.004878524367060192,0.936155903339386,0.01852459582039134,0.23192812204360963,0.01852459582039134,0.3029489278793335,0.5666453970711799,0.6317949999999999,0.683605
deit_tiny,8,True,0.51,51,100,0.5102040816326531,51.02040816326531,CENTROID,0.6576000000000001,0.0072663608498339865,0.649,0.667,0.018000000000000016,0.0072663608498339865,0.9204582452774048,0.025394070882292882,0.24762578010559083,0.025394070882292882,0.30712668895721434,0.5542313323434962,0.6303850000000001,0.686805
deit_tiny,8,True,0.52,52,102,0.5204081632653061,52.04081632653062,CENTROID,0.6584,0.006268971207462997,0.65,0.666,0.016000000000000014,0.006268971207462997,0.9189919471740723,0.024189828434067646,0.24909207820892335,0.024189828434067643,0.31257431507110595,0.5570682087679137,0.6311950000000001,0.6872
deit_tiny,8,True,0.53,53,104,0.5306122448979592,53.06122448979592,CENTROID,0.6567999999999999,0.009230384607371469,0.646,0.669,0.02300000000000002,0.009230384607371469,0.909609568119049,0.02946635988304757,0.2584744572639465,0.02946635988304757,0.31795535087585447,0.5524708208475759,0.628995,0.6842149999999999
deit_tiny,8,True,0.54,54,106,0.5408163265306123,54.08163265306123,CENTROID,0.6574,0.008561541917201605,0.649,0.668,0.019000000000000017,0.008561541917201605,0.9015145897865295,0.03115271643248899,0.26656943559646606,0.03115271643248899,0.3225439667701721,0.5484894431909881,0.6308,0.685405
deit_tiny,8,True,0.55,55,108,0.5510204081632653,55.10204081632652,CENTROID,0.6548,0.006016643582596535,0.649,0.663,0.014000000000000012,0.006016643582596535,0.8927534103393555,0.02636779745144141,0.27533061504364015,0.02636779745144141,0.3248779296875,0.541964462344106,0.6281900000000001,0.6824
deit_tiny,8,True,0.56,56,110,0.5612244897959183,56.12244897959183,CENTROID,0.6542,0.004324349662087934,0.648,0.659,0.01100000000000001,0.004324349662087934,0.8832448720932007,0.021871921444827514,0.2848391532897949,0.021871921444827514,0.3289934635162354,0.5363670181978603,0.626985,0.6808050000000001
deit_tiny,8,True,0.57,57,112,0.5714285714285714,57.14285714285714,CENTROID,0.6544000000000001,0.005458937625582477,0.649,0.663,0.014000000000000012,0.005458937625582477,0.8774298787117004,0.025027718627154694,0.2906541466712952,0.025027718627154694,0.3333429217338562,0.5346990936855531,0.6287999999999999,0.681815
deit_tiny,8,True,0.58,58,114,0.5816326530612245,58.16326530612245,CENTROID,0.653,0.007382411530116707,0.645,0.665,0.020000000000000018,0.007382411530116707,0.8622916221618653,0.02360580174104083,0.3057924032211304,0.023605801741040832,0.3379631996154785,0.5253577612783473,0.6271900000000001,0.6794050000000001
deit_tiny,8,True,0.59,59,116,0.5918367346938775,59.183673469387756,CENTROID,0.6514,0.008324662155306972,0.641,0.664,0.02300000000000002,0.008324662155306972,0.8531828641891479,0.026653615473130797,0.31490116119384765,0.026653615473130794,0.34275694489479064,0.5215069436957045,0.6231900000000001,0.6770050000000001
deit_tiny,8,True,0.6,60,118,0.6020408163265306,60.204081632653065,CENTROID,0.6516,0.00669328021227261,0.643,0.661,0.018000000000000016,0.00669328021227261,0.8387052774429321,0.02458654671603415,0.3293787479400635,0.02458654671603415,0.35377301573753356,0.5181860134536643,0.6265850000000001,0.6784
deit_tiny,8,True,0.61,61,120,0.6122448979591837,61.224489795918366,CENTROID,0.652,0.007713624310270764,0.643,0.663,0.020000000000000018,0.007713624310270764,0.8290095806121827,0.015465917831774523,0.339074444770813,0.015465917831774523,0.3574953317642212,0.5132085469757101,0.6267949999999999,0.677
deit_tiny,8,True,0.62,62,122,0.6224489795918368,62.244897959183675,CENTROID,0.6517999999999999,0.004549725266430934,0.645,0.657,0.01200000000000001,0.004549725266430934,0.8137891530990601,0.0173756439628403,0.3542948722839355,0.0173756439628403,0.3628618359565735,0.5058782828610644,0.6264000000000001,0.6780050000000001
deit_tiny,8,True,0.63,63,123,0.6275510204081632,62.755102040816325,CENTROID,0.6476,0.004722287581247042,0.643,0.654,0.01100000000000001,0.004722287581247042,0.8058377981185914,0.01806691304816576,0.3622462272644043,0.01806691304816576,0.3637827277183533,0.5009648648476894,0.621395,0.6735999999999999
deit_tiny,8,True,0.64,64,125,0.6377551020408163,63.775510204081634,CENTROID,0.6466000000000001,0.004037325847637273,0.641,0.651,0.010000000000000009,0.004037325847637273,0.79432692527771,0.021664028174765877,0.3737571001052856,0.021664028174765877,0.36998831629753115,0.497287688211543,0.62079,0.672605
deit_tiny,8,True,0.65,65,127,0.6479591836734694,64.79591836734694,CENTROID,0.6426000000000001,0.005856620185738534,0.635,0.651,0.016000000000000014,0.005856620185738534,0.7706312775611878,0.02201466454609905,0.39745274782180784,0.02201466454609905,0.371463817358017,0.48291031338197205,0.616995,0.6686099999999999
deit_tiny,8,True,0.66,66,129,0.6581632653061225,65.81632653061224,CENTROID,0.6396,0.0066558245169175,0.63,0.648,0.018000000000000016,0.0066558245169175,0.7554892897605896,0.02522506411366482,0.412594735622406,0.02522506411366482,0.37569583058357237,0.4765008547409367,0.6137949999999999,0.6658
deit_tiny,8,True,0.67,67,131,0.6683673469387755,66.83673469387756,CENTROID,0.6378,0.0035637059362410954,0.634,0.641,0.007000000000000006,0.0035637059362410954,0.7368080854415894,0.018474791266524918,0.43127593994140623,0.018474791266524918,0.38301355838775636,0.4701143613715292,0.61,0.66541
deit_tiny,8,True,0.68,68,133,0.6785714285714286,67.85714285714286,CENTROID,0.6358,0.005118593556827896,0.628,0.642,0.014000000000000012,0.005118593556827896,0.7276463508605957,0.01716219211432954,0.4404376745223999,0.01716219211432954,0.3878828287124634,0.4679818906694522,0.606795,0.660805
deit_tiny,8,True,0.69,69,135,0.6887755102040817,68.87755102040816,CENTROID,0.6354,0.0061886993787063265,0.627,0.642,0.015000000000000013,0.0061886993787063265,0.715379512310028,0.023158062746188906,0.45270451307296755,0.023158062746188906,0.3982706844806671,0.46775062717335186,0.6107900000000002,0.66163
deit_tiny,8,True,0.7,70,137,0.6989795918367347,69.89795918367348,CENTROID,0.6328,0.006220932405998322,0.628,0.641,0.013000000000000012,0.006220932405998322,0.7074577927589416,0.02387543811459358,0.46062623262405394,0.02387543811459358,0.4032206803560257,0.4664459744337524,0.6067950000000001,0.6600050000000001
deit_tiny,8,True,0.71,71,139,0.7091836734693877,70.91836734693877,CENTROID,0.631,0.005244044240850763,0.625,0.639,0.014000000000000012,0.005244044240850763,0.6891754269599915,0.022563381476241897,0.47890859842300415,0.022563381476241897,0.40585617125034334,0.4583410500624231,0.603985,0.657805
deit_tiny,8,True,0.72,72,141,0.7193877551020408,71.93877551020408,CENTROID,0.6264000000000001,0.0037815340802378108,0.621,0.63,0.009000000000000008,0.0037815340802378108,0.669538962841034,0.018481836945694413,0.4985450625419617,0.018481836945694413,0.4112604707479477,0.4515289766882252,0.5993949999999999,0.6522
deit_tiny,8,True,0.73,73,143,0.7295918367346939,72.95918367346938,CENTROID,0.6252,0.006418722614352491,0.62,0.634,0.014000000000000012,0.006418722614352491,0.6490059852600097,0.022988555126029625,0.5190780401229859,0.022988555126029625,0.41507804691791533,0.4439025925429788,0.597795,0.65001
deit_tiny,8,True,0.74,74,145,0.7397959183673469,73.9795918367347,CENTROID,0.6245999999999999,0.004393176527297763,0.621,0.632,0.01100000000000001,0.004393176527297763,0.6261838674545288,0.020392221094912042,0.5419001579284668,0.020392221094912042,0.41879690885543824,0.43548609191865006,0.6002000000000001,0.65101
deit_tiny,8,True,0.75,75,147,0.75,75.0,CENTROID,0.6244,0.005770615218501409,0.619,0.634,0.015000000000000013,0.005770615218501409,0.6084641098976136,0.021424319059273268,0.559619915485382,0.021424319059273268,0.42538201808929443,0.4315021891762372,0.5971949999999999,0.6530050000000001
deit_tiny,8,True,0.76,76,149,0.7602040816326531,76.0204081632653,CENTROID,0.6207999999999999,0.004764451699828642,0.613,0.626,0.013000000000000012,0.004764451699828642,0.5837812304496766,0.022939954453326663,0.584302794933319,0.022939954453326663,0.430082368850708,0.423672180304871,0.594195,0.646205
deit_tiny,8,True,0.77,77,151,0.7704081632653061,77.04081632653062,CENTROID,0.6156,0.0032093613071762454,0.611,0.62,0.009000000000000008,0.0032093613071762454,0.5630058765411377,0.01994586536326589,0.605078148841858,0.01994586536326589,0.4320352002978325,0.41624483137349666,0.5899949999999999,0.6414
deit_tiny,8,True,0.78,78,153,0.7806122448979592,78.06122448979592,CENTROID,0.6122,0.005761944116355179,0.605,0.619,0.014000000000000012,0.005761944116355179,0.5333131670951843,0.02185444003567358,0.6347708582878113,0.02185444003567358,0.43434728384017945,0.40593824348407737,0.5843950000000001,0.63861
deit_tiny,8,True,0.79,79,155,0.7908163265306123,79.08163265306123,CENTROID,0.6104,0.005856620185738534,0.604,0.619,0.015000000000000013,0.005856620185738534,0.5147529244422913,0.03076139804107216,0.6533311009407043,0.03076139804107216,0.4416220078244805,0.40323995227619325,0.583595,0.63581
deit_tiny,8,True,0.8,80,157,0.8010204081632653,80.10204081632652,CENTROID,0.606,0.005244044240850763,0.601,0.613,0.01200000000000001,0.005244044240850763,0.47800472378730774,0.03429871378112099,0.6900793015956879,0.03429871378112099,0.44232294217217716,0.3905840159848104,0.581195,0.6304099999999999
deit_tiny,8,True,0.81,81,159,0.8112244897959183,81.12244897959184,CENTROID,0.6027999999999999,0.004919349550499542,0.595,0.607,0.01200000000000001,0.004919349550499542,0.4531676352024078,0.03328560249791681,0.7149163901805877,0.03328560249791681,0.4499086048454046,0.3860981229710326,0.577395,0.6287999999999999
deit_tiny,8,True,0.82,82,161,0.8214285714285714,82.14285714285714,CENTROID,0.5946,0.003911521443121593,0.588,0.597,0.009000000000000008,0.003911521443121593,0.4187142252922058,0.031853502415007236,0.7493698000907898,0.031853502415007236,0.4549796402920038,0.37764545762788115,0.571195,0.6205999999999999
deit_tiny,8,True,0.83,83,163,0.8316326530612245,83.16326530612244,CENTROID,0.592,0.004415880433163927,0.585,0.597,0.01200000000000001,0.004415880433163927,0.3915756642818451,0.03221516834418243,0.7765083611011505,0.03221516834418243,0.4561064224690199,0.369886412966105,0.5662,0.620015
deit_tiny,8,True,0.84,84,165,0.8418367346938775,84.18367346938776,CENTROID,0.5846,0.009914635646356359,0.569,0.596,0.027000000000000024,0.009914635646356359,0.34300835728645324,0.049440860622282,0.8250756680965423,0.049440860622282,0.45286223739385606,0.3544827172558132,0.5599850000000001,0.6118049999999999
deit_tiny,8,True,0.85,85,167,0.8520408163265306,85.20408163265306,CENTROID,0.5757999999999999,0.011777096416349797,0.557,0.586,0.028999999999999915,0.011777096416349797,0.2996827721595764,0.052225195622957285,0.8684012532234192,0.052225195622957285,0.465021924674511,0.3489926069356595,0.5499900000000001,0.603
deit_tiny,8,True,0.86,86,169,0.8622448979591837,86.22448979591837,CENTROID,0.568,0.0111130553854464,0.551,0.582,0.030999999999999917,0.0111130553854464,0.24971271753311158,0.048318338172796974,0.9183713078498841,0.048318338172796974,0.4683622747659683,0.33798595452327435,0.542,0.59241
deit_tiny,8,True,0.87,87,171,0.8724489795918368,87.24489795918367,CENTROID,0.5584,0.013867227552759017,0.543,0.574,0.030999999999999917,0.013867227552759017,0.20412830412387847,0.05941176976919421,0.9639557212591171,0.05941176976919421,0.47300452888011935,0.32954825951264216,0.532195,0.582805
deit_tiny,8,True,0.88,88,172,0.8775510204081632,87.75510204081633,CENTROID,0.5522,0.01194571052721433,0.541,0.57,0.028999999999999915,0.01194571052721433,0.17050674110651015,0.06333958560813972,0.9975772842764854,0.06333958560813974,0.4764301374554634,0.32365749493130663,0.52779,0.5768
deit_tiny,8,True,0.89,89,174,0.8877551020408163,88.77551020408163,CENTROID,0.5476000000000001,0.007334848328356906,0.537,0.557,0.020000000000000018,0.007334848328356906,0.11635926067829132,0.03266651245487939,1.0517247647047043,0.032666512454879386,0.4757364183664322,0.3113942414051318,0.522,0.571015
deit_tiny,8,True,0.9,90,176,0.8979591836734694,89.79591836734694,CENTROID,0.533,0.009823441352194259,0.525,0.548,0.02300000000000002,0.009823441352194259,0.04687155745923519,0.026219441888195853,1.1212124679237605,0.026219441888195853,0.48589004538953307,0.3021888573661874,0.508595,0.55721
deit_tiny,8,True,0.91,91,178,0.9081632653061225,90.81632653061224,CENTROID,0.5182,0.01868689380287694,0.488,0.532,0.04400000000000004,0.01868689380287694,-0.022427583864191546,0.0727880177158754,1.1905116092471872,0.07278801771587538,0.5036899972648825,0.29752463652251104,0.493795,0.54062
deit_tiny,8,True,0.92,92,180,0.9183673469387755,91.83673469387756,CENTROID,0.49739999999999995,0.012054044964243341,0.484,0.509,0.025000000000000022,0.012054044964243341,-0.1120415486395359,0.07664588018663693,1.2801255740225315,0.07664588018663693,0.5094273410737514,0.28505346789399166,0.473,0.522805
deit_tiny,8,True,0.93,93,182,0.9285714285714286,92.85714285714286,CENTROID,0.48260000000000003,0.0186359866924185,0.462,0.5,0.03799999999999998,0.0186359866924185,-0.19665369540452957,0.0734844412477753,1.364737720787525,0.0734844412477753,0.5213933750987053,0.2767681650498518,0.458,0.5078
deit_tiny,8,True,0.94,94,184,0.9387755102040817,93.87755102040816,CENTROID,0.45299999999999996,0.029941609843159724,0.405,0.487,0.08199999999999996,0.029941609843159724,-0.30455985069274905,0.1373384229486558,1.4726438760757445,0.1373384229486558,0.5192165970802307,0.2617664385662488,0.42979,0.47620500000000004
deit_tiny,8,True,0.95,95,186,0.9489795918367347,94.89795918367348,CENTROID,0.42379999999999995,0.026892378102354578,0.382,0.456,0.07400000000000001,0.026892378102354578,-0.4057024002075195,0.12590682053086574,1.5737864255905152,0.12590682053086572,0.5294495582580566,0.25249691983490263,0.400395,0.444805
deit_tiny,8,True,0.96,96,188,0.9591836734693877,95.91836734693877,CENTROID,0.379,0.024083189157584593,0.356,0.414,0.057999999999999996,0.024083189157584593,-0.5334046125411988,0.07107115397878486,1.7014886379241942,0.07107115397878486,0.5442450642585754,0.2425079412025924,0.35779500000000003,0.4014
deit_tiny,8,True,0.97,97,190,0.9693877551020408,96.93877551020408,CENTROID,0.33840000000000003,0.018132843130629007,0.324,0.362,0.03799999999999998,0.018132843130629007,-0.6270976662635803,0.07627328249923274,1.795181691646576,0.07627328249923274,0.579764187335968,0.2441884237053488,0.31760000000000005,0.35841
deit_tiny,8,True,0.98,98,192,0.9795918367346939,97.95918367346938,CENTROID,0.2692,0.046483330345404465,0.195,0.308,0.11299999999999999,0.046483330345404465,-0.7536157250404358,0.1318723839485717,1.9216997504234314,0.1318723839485717,0.6371802449226379,0.24963126071758296,0.25079500000000005,0.2878
deit_tiny,8,True,0.99,99,194,0.9897959183673469,98.9795918367347,CENTROID,0.16759999999999997,0.032677209183160055,0.115,0.197,0.082,0.032677209183160055,-0.9033090472221375,0.09833114742147181,2.071393072605133,0.09833114742147181,0.6988583445549011,0.2525091252821995,0.1526,0.18321500000000002
deit_tiny,8,True,1.0,100,196,1.0,100.0,CENTROID,0.003,0.0,0.003,0.003,0.0,0.0,-1.4067720174789429,0.0,2.5748560428619385,0.0,0.5487443208694458,0.1756768654662109,0.0,0.007
deit_tiny,8,True,0.0,0,0,0.0,0.0,CLEAN,0.679,0.0,0.679,0.679,0.0,0.0,1.1680840253829956,0.0,0.0,0.0,0.0,,0.679,0.679
deit_tiny,8,True,0.0,0,0,0.0,0.0,DIAGONAL_GAUSSIAN,0.6789999999999999,0.0,0.6789999999999999,0.6789999999999999,0.0,0.0,1.1680840253829956,0.0,0.0,0.0,0.0,,0.649,0.7070249999999999
deit_tiny,8,True,0.01,1,2,0.01020408163265306,1.0204081632653061,DIAGONAL_GAUSSIAN,0.6764000000000001,0.0029571006821622887,0.6733333333333333,0.6796666666666668,0.006333333333333413,0.0029571006821622887,1.1641327142715454,0.0023151114254453885,0.003951311111450195,0.0023151114254453733,0.006795549392700195,,0.6477316666666667,0.7055383333333334
deit_tiny,8,True,0.02,2,4,0.02040816326530612,2.0408163265306123,DIAGONAL_GAUSSIAN,0.6785333333333333,0.001937925580499802,0.6763333333333333,0.6816666666666666,0.005333333333333301,0.001937925580499802,1.161187752087911,0.003989229910097171,0.006896273295084634,0.003989229910097144,0.014870174725850421,,0.6509333333333334,0.7066783333333334
deit_tiny,8,True,0.03,3,6,0.030612244897959183,3.061224489795918,DIAGONAL_GAUSSIAN,0.6772000000000001,0.0017094508539944027,0.6750000000000002,0.6793333333333335,0.0043333333333333,0.0017094508539944027,1.15942440032959,0.003639961755984257,0.008659625053405761,0.0036399617559842727,0.020558643341064452,,0.6483983333333333,0.7054016666666666
deit_tiny,8,True,0.04,4,8,0.04081632653061224,4.081632653061225,DIAGONAL_GAUSSIAN,0.6759999999999999,0.0021730674684008904,0.6733333333333333,0.6786666666666666,0.005333333333333301,0.0021730674684008904,1.1557091156641641,0.0053169114800581405,0.01237490971883138,0.005316911480058159,0.02715191046396891,,0.6454633333333334,0.7022083333333333
deit_tiny,8,True,0.05,5,10,0.05102040816326531,5.1020408163265305,DIAGONAL_GAUSSIAN,0.6759333333333333,0.0032778719383838467,0.674,0.6816666666666666,0.0076666666666665995,0.0032778719383838467,1.1494556268056235,0.006791104312321938,0.018628398577372234,0.006791104312321948,0.03336075146993002,,0.6459333333333334,0.7050033333333333
deit_tiny,8,True,0.06,6,12,0.061224489795918366,6.122448979591836,DIAGONAL_GAUSSIAN,0.6734,0.0029571006821622462,0.6706666666666666,0.6783333333333333,0.0076666666666667105,0.0029571006821622462,1.146650703748067,0.00607968956758536,0.021433321634928386,0.0060796895675853824,0.04264946778615316,,0.6455966666666667,0.7018033333333333
deit_tiny,8,True,0.07,7,14,0.07142857142857142,7.142857142857142,DIAGONAL_GAUSSIAN,0.673,0.002426703296426904,0.6706666666666666,0.6756666666666667,0.0050000000000001155,0.002426703296426904,1.1443784077962238,0.004042427313873343,0.02370561758677165,0.004042427313873305,0.050682075818379725,,0.64246,0.700875
deit_tiny,8,True,0.08,8,16,0.08163265306122448,8.16326530612245,DIAGONAL_GAUSSIAN,0.6716666666666667,0.002768874620972674,0.668,0.6746666666666666,0.006666666666666599,0.002768874620972674,1.1436845699946085,0.0032786809489329842,0.024399455388387045,0.003278680948932938,0.06279668013254801,,0.6427799999999999,0.7002700000000001
deit_tiny,8,True,0.09,9,18,0.09183673469387756,9.183673469387756,DIAGONAL_GAUSSIAN,0.6713333333333333,0.0024720661623652516,0.669,0.6753333333333335,0.006333333333333413,0.0024720661623652516,1.140132490793864,0.0048041106394351284,0.02795153458913167,0.004804110639435052,0.06704954306284586,0.6802509831674287,0.6412616666666666,0.69875
deit_tiny,8,True,0.1,10,20,0.10204081632653061,10.204081632653061,DIAGONAL_GAUSSIAN,0.6718000000000001,0.0032110918876779577,0.6686666666666667,0.6766666666666667,0.008000000000000007,0.0032110918876779577,1.1367846091588336,0.006593359077858026,0.03129941622416178,0.006593359077858059,0.07196098168690998,0.6756025662087676,0.6442633333333333,0.699275
deit_tiny,8,True,0.11,11,22,0.11224489795918367,11.224489795918368,DIAGONAL_GAUSSIAN,0.6714,0.0011879019787470774,0.6703333333333333,0.6726666666666667,0.0023333333333334094,0.0011879019787470774,1.1314011494318643,0.005604095625583113,0.036682875951131184,0.005604095625583154,0.07594825426737467,0.6754183877245439,0.64246,0.6986666666666667
deit_tiny,8,True,0.12,12,24,0.12244897959183673,12.244897959183673,DIAGONAL_GAUSSIAN,0.6695333333333333,0.002456284456925407,0.6656666666666667,0.6723333333333334,0.00666666666666671,0.002456284456925407,1.127600375811259,0.007031863043269456,0.040483649571736655,0.007031863043269432,0.08283585707346598,0.6733347675838443,0.6384666666666667,0.6978783333333332
deit_tiny,8,True,0.13,13,25,0.12755102040816327,12.755102040816327,DIAGONAL_GAUSSIAN,0.6694666666666668,0.0013864422895390382,0.6676666666666667,0.6713333333333334,0.003666666666666707,0.0013864422895390382,1.1277409553527833,0.006735210210052678,0.040343070030212404,0.00673521021005272,0.08521981239318847,0.6802438775674597,0.6431983333333333,0.6968216666666667
deit_tiny,8,True,0.14,14,27,0.1377551020408163,13.77551020408163,DIAGONAL_GAUSSIAN,0.6704000000000001,0.003174551586882455,0.6676666666666667,0.6753333333333335,0.0076666666666667105,0.003174551586882455,1.121140400568644,0.008115376626027503,0.046943624814351395,0.008115376626027453,0.09133357206980387,0.6621475251676222,0.6420566666666667,0.6984683333333334
deit_tiny,8,True,0.15,15,29,0.14795918367346939,14.795918367346939,DIAGONAL_GAUSSIAN,0.6697333333333335,0.0024198255217175156,0.6670000000000001,0.6723333333333334,0.005333333333333301,0.0024198255217175156,1.1215427001317342,0.009668633472921788,0.04654132525126139,0.009668633472921762,0.10186141331990561,0.6886959660019764,0.6391233333333334,0.6976016666666667
deit_tiny,8,True,0.16,16,31,0.15816326530612246,15.816326530612246,DIAGONAL_GAUSSIAN,0.6674,0.0023499408976018943,0.665,0.6709999999999999,0.005999999999999894,0.0023499408976018943,1.1145238796869914,0.008349030881595937,0.05356014569600424,0.008349030881595939,0.10561180512110394,0.6647261897421386,0.6414650000000001,0.6960083333333332
deit_tiny,8,True,0.17,17,33,0.1683673469387755,16.83673469387755,DIAGONAL_GAUSSIAN,0.6689333333333333,0.004051062960645163,0.6626666666666666,0.6733333333333333,0.010666666666666713,0.004051062960645163,1.109785811106364,0.011152620782437906,0.05829821427663166,0.011152620782437873,0.11204619805018108,0.6598353191332583,0.6406816666666667,0.6976683333333334
deit_tiny,8,True,0.18,18,35,0.17857142857142858,17.857142857142858,DIAGONAL_GAUSSIAN,0.6678666666666667,0.003602468289628321,0.6636666666666667,0.6733333333333333,0.009666666666666601,0.003602468289628321,1.0996944983800252,0.010291236262751078,0.06838952700297038,0.010291236262751035,0.11319837172826133,0.6248000741237127,0.642195,0.6952716666666667
deit_tiny,8,True,0.19,19,37,0.18877551020408162,18.877551020408163,DIAGONAL_GAUSSIAN,0.6686666666666667,0.0054416092391048505,0.664,0.6776666666666668,0.013666666666666716,0.0054416092391048505,1.1026948849360145,0.01099223397884944,0.0653891404469808,0.010992233978849414,0.1247800628344218,0.6576931108116176,0.6409233333333334,0.694605
deit_tiny,8,True,0.2,20,39,0.1989795918367347,19.897959183673468,DIAGONAL_GAUSSIAN,0.6658000000000001,0.004622409184253023,0.6593333333333334,0.6723333333333334,0.013000000000000012,0.004622409184253023,1.0925785382588704,0.009395481113512976,0.07550548712412516,0.00939548111351299,0.12739383776982624,0.6288286813791444,0.6386649999999999,0.693535
deit_tiny,8,True,0.21,21,41,0.20918367346938777,20.918367346938776,DIAGONAL_GAUSSIAN,0.6670666666666667,0.003946869364164163,0.662,0.6703333333333333,0.008333333333333304,0.003946869364164163,1.0946811676025392,0.010997012314257863,0.07340285778045655,0.010997012314257839,0.1388538837432861,0.6553594720699571,0.6389283333333332,0.6932050000000001
deit_tiny,8,True,0.22,22,43,0.2193877551020408,21.93877551020408,DIAGONAL_GAUSSIAN,0.6669333333333334,0.0034512477614786125,0.662,0.6703333333333333,0.008333333333333304,0.0034512477614786125,1.0840896288553874,0.009185284109146857,0.08399439652760823,0.009185284109146886,0.13864294687906903,0.6234147850857249,0.6386533333333334,0.692335
deit_tiny,8,True,0.23,23,45,0.22959183673469388,22.95918367346939,DIAGONAL_GAUSSIAN,0.6652666666666666,0.004627214184702406,0.6583333333333333,0.6693333333333333,0.01100000000000001,0.004627214184702406,1.0842068751653033,0.011117853690895244,0.08387715021769207,0.011117853690895255,0.14718184073766075,0.6378689367124429,0.6363916666666666,0.6920716666666666
deit_tiny,8,True,0.24,24,47,0.23979591836734693,23.97959183673469,DIAGONAL_GAUSSIAN,0.6662000000000001,0.004072945971761577,0.6596666666666667,0.67,0.010333333333333306,0.004072945971761577,1.072261627515157,0.01474891767540076,0.09582239786783854,0.014748917675400798,0.14701197942097982,0.6069120779603889,0.6396533333333334,0.6936766666666667
deit_tiny,8,True,0.25,25,49,0.25,25.0,DIAGONAL_GAUSSIAN,0.6672,0.004200529067206218,0.6606666666666667,0.672,0.011333333333333306,0.004200529067206218,1.0700622002283733,0.0184067556055591,0.09802182515462239,0.018406755605559072,0.15679513613382973,0.6173537313313336,0.6394633333333334,0.6951999999999999
deit_tiny,8,True,0.26,26,51,0.2602040816326531,26.02040816326531,DIAGONAL_GAUSSIAN,0.6648000000000001,0.004450967435413464,0.659,0.6706666666666666,0.011666666666666603,0.004450967435413464,1.0576085726420084,0.01781672156378165,0.11047545274098716,0.017816721563781696,0.15425594250361124,0.5843548078340515,0.6361950000000001,0.6923449999999999
deit_tiny,8,True,0.27,27,53,0.27040816326530615,27.040816326530614,DIAGONAL_GAUSSIAN,0.6651333333333334,0.004958718472437102,0.657,0.67,0.013000000000000012,0.004958718472437102,1.0547718604405723,0.02027458050294251,0.11331216494242351,0.020274580502942532,0.159152086575826,0.5862670992707073,0.6367283333333333,0.6932766666666667
deit_tiny,8,True,0.28,28,55,0.28061224489795916,28.061224489795915,DIAGONAL_GAUSSIAN,0.6628000000000001,0.006225396015962026,0.6546666666666666,0.6683333333333333,0.013666666666666716,0.006225396015962026,1.045155143737793,0.02242739441444497,0.12292888164520263,0.02242739441444497,0.15943909883499144,0.5669118704719028,0.6361233333333334,0.6893333333333332
deit_tiny,8,True,0.29,29,57,0.29081632653061223,29.081632653061224,DIAGONAL_GAUSSIAN,0.6631333333333334,0.006171619632551001,0.6553333333333334,0.6713333333333334,0.016000000000000014,0.006171619632551001,1.0409046689669292,0.026097463177919073,0.12717935641606648,0.026097463177919108,0.1677797714869181,0.5720746951552617,0.63633,0.6900033333333333
deit_tiny,8,True,0.3,30,59,0.3010204081632653,30.102040816326532,DIAGONAL_GAUSSIAN,0.6630666666666667,0.006282250127674558,0.6533333333333333,0.6683333333333333,0.015000000000000013,0.006282250127674558,1.0324980934460957,0.028882580681693554,0.1355859319368998,0.028882580681693554,0.1708823045094808,0.5613952327033189,0.6358533333333333,0.69281
deit_tiny,8,True,0.31,31,61,0.3112244897959184,31.122448979591837,DIAGONAL_GAUSSIAN,0.6629333333333334,0.004710508347183861,0.657,0.6686666666666667,0.011666666666666714,0.004710508347183861,1.022357706228892,0.024165142774154467,0.14572631915410358,0.02416514277415448,0.17421383062998455,0.5467258931526646,0.635525,0.6886083333333333
deit_tiny,8,True,0.32,32,63,0.32142857142857145,32.142857142857146,DIAGONAL_GAUSSIAN,0.6652666666666668,0.00400971043565219,0.6583333333333333,0.668,0.009666666666666712,0.00400971043565219,1.0252498586972554,0.023736816077194103,0.14283416668574014,0.023736816077194127,0.1873515804608663,0.5695687767863984,0.6395933333333333,0.6920066666666667
deit_tiny,8,True,0.33,33,65,0.33163265306122447,33.16326530612245,DIAGONAL_GAUSSIAN,0.6612666666666667,0.004145948490862961,0.656,0.6653333333333333,0.009333333333333305,0.004145948490862961,1.0158192992210389,0.022026317983583288,0.1522647261619568,0.022026317983583288,0.18828754425048827,0.5545588938550308,0.6323916666666666,0.69027
deit_tiny,8,True,0.34,34,67,0.34183673469387754,34.183673469387756,DIAGONAL_GAUSSIAN,0.6601333333333333,0.004407065034943628,0.6546666666666666,0.6646666666666667,0.01000000000000012,0.004407065034943628,0.9959598382314045,0.019473441129582648,0.17212418715159097,0.019473441129582655,0.17909228404362998,0.5108345847580028,0.6328583333333333,0.68707
deit_tiny,8,True,0.35,35,69,0.3520408163265306,35.204081632653065,DIAGONAL_GAUSSIAN,0.6586000000000001,0.005554777723325732,0.6526666666666667,0.6656666666666667,0.013000000000000012,0.005554777723325732,0.9951263308525086,0.020695101232733593,0.17295769453048707,0.020695101232733586,0.19227668046951293,0.5275056911733541,0.6307949999999999,0.6865333333333333
deit_tiny,8,True,0.36,36,71,0.3622448979591837,36.224489795918366,DIAGONAL_GAUSSIAN,0.6580666666666666,0.004185955353586788,0.6536666666666667,0.6626666666666666,0.008999999999999897,0.004185955353586788,0.9878584623336794,0.021594795869718984,0.18022556304931642,0.021594795869718984,0.1948166847229004,0.5204547987780276,0.62693,0.6846016666666667
deit_tiny,8,True,0.37,37,73,0.37244897959183676,37.244897959183675,DIAGONAL_GAUSSIAN,0.6577333333333333,0.005040943474302291,0.652,0.6626666666666666,0.010666666666666602,0.005040943474302291,0.9849870681762696,0.023495685142091917,0.18309695720672609,0.023495685142091924,0.20219637155532838,0.526067393353053,0.6312616666666666,0.6859400000000001
deit_tiny,8,True,0.38,38,74,0.37755102040816324,37.755102040816325,DIAGONAL_GAUSSIAN,0.6555333333333333,0.003934180699685513,0.651,0.6606666666666667,0.009666666666666712,0.003934180699685513,0.9706380685170493,0.021799152262254005,0.19744595686594643,0.021799152262254002,0.19947328170140585,0.5035223793809894,0.6255933333333332,0.6836116666666665
deit_tiny,8,True,0.39,39,76,0.3877551020408163,38.775510204081634,DIAGONAL_GAUSSIAN,0.6552666666666667,0.004627214184702397,0.651,0.6616666666666667,0.010666666666666713,0.004627214184702397,0.9599520405133566,0.022594064094040765,0.20813198486963908,0.022594064094040755,0.20197530587514242,0.49338860416955344,0.6256649999999999,0.6846666666666668
deit_tiny,8,True,0.4,40,78,0.3979591836734694,39.795918367346935,DIAGONAL_GAUSSIAN,0.6582666666666668,0.0032437975001873907,0.6553333333333334,0.6626666666666666,0.007333333333333192,0.0032437975001873907,0.9593926509221395,0.022594758802681424,0.20869137446085612,0.02259475880268141,0.21025580962498985,0.5028811664080473,0.6321283333333334,0.6849400000000001
deit_tiny,8,True,0.41,41,80,0.40816326530612246,40.816326530612244,DIAGONAL_GAUSSIAN,0.6561333333333333,0.004356349134054524,0.652,0.6623333333333333,0.010333333333333306,0.004356349134054524,0.9461095809936524,0.025029114902474718,0.22197444438934327,0.025029114902474718,0.20948373079299926,0.48668019107646787,0.6302583333333333,0.6837416666666666
deit_tiny,8,True,0.42,42,82,0.41836734693877553,41.83673469387755,DIAGONAL_GAUSSIAN,0.6544000000000001,0.003353273690655854,0.6503333333333333,0.6593333333333334,0.009000000000000119,0.003353273690655854,0.9368889570236206,0.03182298109661448,0.231195068359375,0.03182298109661448,0.215820837020874,0.48456778269314266,0.6275983333333334,0.6806816666666667
deit_tiny,8,True,0.43,43,84,0.42857142857142855,42.857142857142854,DIAGONAL_GAUSSIAN,0.6530666666666667,0.0032863353450310055,0.649,0.657,0.008000000000000007,0.0032863353450310055,0.9347372174263,0.03325770852774202,0.23334680795669555,0.03325770852774201,0.21945106983184814,0.4865571415115487,0.6274500000000001,0.681335
deit_tiny,8,True,0.44,44,86,0.4387755102040816,43.87755102040816,DIAGONAL_GAUSSIAN,0.6562666666666667,0.005818552702825264,0.6473333333333334,0.6623333333333333,0.014999999999999902,0.005818552702825264,0.9262229204177856,0.03264103909629691,0.24186110496520996,0.03264103909629691,0.2215843081474304,0.4798322651255315,0.6291916666666667,0.6844666666666666
deit_tiny,8,True,0.45,45,88,0.4489795918367347,44.89795918367347,DIAGONAL_GAUSSIAN,0.6533333333333334,0.0049944413545905215,0.6473333333333334,0.6586666666666666,0.011333333333333195,0.0049944413545905215,0.9182210644086203,0.030385414025376607,0.24986296097437538,0.030385414025376624,0.22299066384633384,0.4729182057312916,0.6265133333333333,0.681605
deit_tiny,8,True,0.46,46,90,0.45918367346938777,45.91836734693878,DIAGONAL_GAUSSIAN,0.6508666666666667,0.004147288270665523,0.6446666666666667,0.6546666666666666,0.009999999999999898,0.004147288270665523,0.9102218230565388,0.026233853059019905,0.25786220232645674,0.026233853059019898,0.2253750165303548,0.4672535829836339,0.6241216666666667,0.6779333333333333
deit_tiny,8,True,0.47,47,92,0.46938775510204084,46.93877551020408,DIAGONAL_GAUSSIAN,0.6495333333333334,0.003436729711675218,0.645,0.6523333333333333,0.007333333333333303,0.003436729711675218,0.8964503089586893,0.026130852249675655,0.2716337164243062,0.02613085224967568,0.22013227144877115,0.448439705052348,0.6211316666666666,0.6766666666666666
deit_tiny,8,True,0.48,48,94,0.47959183673469385,47.95918367346938,DIAGONAL_GAUSSIAN,0.6480666666666667,0.005722276159400628,0.6413333333333333,0.653,0.011666666666666714,0.005722276159400628,0.8837553977966308,0.024720453991470673,0.28432862758636473,0.02472045399147072,0.22188388109207152,0.4389868847427746,0.62052,0.6747416666666666
deit_tiny,8,True,0.49,49,96,0.4897959183673469,48.97959183673469,DIAGONAL_GAUSSIAN,0.6477999999999999,0.0034769079494414257,0.6423333333333333,0.6503333333333333,0.008000000000000007,0.0034769079494414257,0.87494877576828,0.023729892007118492,0.2931352496147156,0.02372989200711853,0.2279570460319519,0.438006963710963,0.6225866666666667,0.6758016666666667
deit_tiny,8,True,0.5,50,98,0.5,50.0,DIAGONAL_GAUSSIAN,0.6470666666666667,0.004437216344611652,0.6406666666666667,0.6513333333333334,0.010666666666666713,0.004437216344611652,0.8687484979629516,0.01921387578247021,0.2993355274200439,0.01921387578247022,0.23554152250289917,0.4407043513320147,0.6208433333333333,0.6770783333333332
deit_tiny,8,True,0.51,51,100,0.5102040816326531,51.02040816326531,DIAGONAL_GAUSSIAN,0.6467333333333334,0.007966596931354474,0.6336666666666667,0.6543333333333333,0.02066666666666661,0.007966596931354474,0.8550169706344605,0.02683957777211177,0.31306705474853513,0.026839577772111742,0.24168541431427001,0.4363762671343778,0.6192633333333334,0.6742733333333334
deit_tiny,8,True,0.52,52,102,0.5204081632653061,52.04081632653062,DIAGONAL_GAUSSIAN,0.6465333333333334,0.006862134426611656,0.637,0.653,0.016000000000000014,0.006862134426611656,0.838386567433675,0.028300248294506742,0.3296974579493205,0.0283002482945068,0.23196893533070878,0.4137573405416986,0.61898,0.67388
deit_tiny,8,True,0.53,53,104,0.5306122448979592,53.06122448979592,DIAGONAL_GAUSSIAN,0.6437999999999999,0.007135980817114218,0.6356666666666667,0.652,0.01633333333333331,0.007135980817114218,0.8296521027882895,0.031964007711789776,0.3384319225947062,0.03196400771178975,0.23799788554509482,0.4138105388562286,0.6150650000000001,0.6720016666666667
deit_tiny,8,True,0.54,54,106,0.5408163265306123,54.08163265306123,DIAGONAL_GAUSSIAN,0.6458666666666667,0.009453394452082604,0.6313333333333334,0.6536666666666667,0.022333333333333316,0.009453394452082604,0.8192546248435975,0.03128721403261167,0.3488294005393982,0.03128721403261169,0.24028400182724,0.40875821218915964,0.6199966666666666,0.672535
deit_tiny,8,True,0.55,55,108,0.5510204081632653,55.10204081632652,DIAGONAL_GAUSSIAN,0.6411333333333333,0.007236481649715338,0.6316666666666667,0.6513333333333334,0.01966666666666672,0.007236481649715338,0.8116555889447531,0.028657801084879184,0.35642843643824257,0.02865780108487919,0.24378010829289756,0.40680261188438555,0.6150583333333334,0.6684083333333333
deit_tiny,8,True,0.56,56,110,0.5612244897959183,56.12244897959183,DIAGONAL_GAUSSIAN,0.6411333333333334,0.006568443076136428,0.631,0.6476666666666667,0.01666666666666672,0.006568443076136428,0.7920285860697428,0.026170253691513243,0.37605543931325275,0.026170253691513216,0.2377771774927775,0.3879246445478096,0.61313,0.6687400000000001
deit_tiny,8,True,0.57,57,112,0.5714285714285714,57.14285714285714,DIAGONAL_GAUSSIAN,0.6389333333333334,0.0061526868566144045,0.629,0.6446666666666667,0.015666666666666718,0.0061526868566144045,0.7904681881268819,0.02779155057741053,0.3776158372561137,0.02779155057741054,0.2463812311490377,0.39543159403681943,0.6120566666666667,0.6658016666666666
deit_tiny,8,True,0.58,58,114,0.5816326530612245,58.16326530612245,DIAGONAL_GAUSSIAN,0.6372,0.0055757411066950265,0.6276666666666667,0.6423333333333333,0.014666666666666606,0.0055757411066950265,0.7671344399452209,0.024715546716084707,0.40094958543777465,0.024715546716084683,0.24280601739883423,0.37756400408816004,0.6106633333333332,0.664135
deit_tiny,8,True,0.59,59,116,0.5918367346938775,59.183673469387756,DIAGONAL_GAUSSIAN,0.6351333333333333,0.0077695988742448215,0.6216666666666667,0.6403333333333333,0.01866666666666661,0.0077695988742448215,0.7478122274080913,0.026331230910216046,0.42027179797490444,0.02633123091021602,0.23738630811373396,0.36140586790328194,0.605995,0.6617416666666667
deit_tiny,8,True,0.6,60,118,0.6020408163265306,60.204081632653065,DIAGONAL_GAUSSIAN,0.6290666666666667,0.005376905347047769,0.6216666666666667,0.6363333333333333,0.014666666666666606,0.005376905347047769,0.7387550473213197,0.022499211695294733,0.429328978061676,0.022499211695294737,0.25382278561592103,0.371841879370149,0.6033983333333333,0.655875
deit_tiny,8,True,0.61,61,120,0.6122448979591837,61.224489795918366,DIAGONAL_GAUSSIAN,0.6289333333333333,0.004918220093579504,0.6213333333333333,0.633,0.011666666666666714,0.004918220093579504,0.7203468362490336,0.011589894443290802,0.44773718913396204,0.011589894443290782,0.24883258740107217,0.35727798845731606,0.6027316666666667,0.6562016666666667
deit_tiny,8,True,0.62,62,122,0.6224489795918368,62.244897959183675,DIAGONAL_GAUSSIAN,0.627,0.004539946157292105,0.6213333333333333,0.6316666666666667,0.010333333333333417,0.004539946157292105,0.69548020362854,0.019858941227648218,0.4726038217544556,0.019858941227648228,0.24455288648605347,0.34114976939905095,0.6014633333333333,0.6531433333333332
deit_tiny,8,True,0.63,63,123,0.6275510204081632,62.755102040816325,DIAGONAL_GAUSSIAN,0.6245999999999999,0.0052196211016168744,0.6156666666666667,0.6293333333333333,0.013666666666666605,0.0052196211016168744,0.6917123397191365,0.02100657646134765,0.47637168566385907,0.021006576461347685,0.24965726931889853,0.34404298107527836,0.597395,0.6514700000000001
deit_tiny,8,True,0.64,64,125,0.6377551020408163,63.775510204081634,DIAGONAL_GAUSSIAN,0.6234666666666666,0.005025490578595827,0.6166666666666667,0.6303333333333333,0.013666666666666605,0.005025490578595827,0.6746372421582539,0.02246802498508876,0.49344678322474156,0.022468024985088774,0.25029863317807516,0.33665271250538936,0.5956650000000001,0.6504766666666667
deit_tiny,8,True,0.65,65,127,0.6479591836734694,64.79591836734694,DIAGONAL_GAUSSIAN,0.6173333333333334,0.00879077799616043,0.6066666666666666,0.627,0.020333333333333425,0.00879077799616043,0.6438568035761515,0.026082508600708567,0.5242272218068441,0.02608250860070858,0.2446893433729808,0.3183941177770141,0.5895949999999999,0.6418066666666667
deit_tiny,8,True,0.66,66,129,0.6581632653061225,65.81632653061224,DIAGONAL_GAUSSIAN,0.6142666666666667,0.005789837840753569,0.6073333333333334,0.6216666666666667,0.014333333333333309,0.005789837840753569,0.6336818138758342,0.02360018273003543,0.5344022115071614,0.02360018273003543,0.25388835469881693,0.32222818422104604,0.5883299999999999,0.6406016666666667
deit_tiny,8,True,0.67,67,131,0.6683673469387755,66.83673469387756,DIAGONAL_GAUSSIAN,0.6109333333333333,0.00741395081361263,0.6026666666666666,0.6206666666666667,0.018000000000000127,0.00741395081361263,0.6018414656321208,0.02901869467207248,0.5662425597508748,0.02901869467207248,0.24804693857828775,0.3047184466933031,0.5855933333333333,0.63727
deit_tiny,8,True,0.68,68,133,0.6785714285714286,67.85714285714286,DIAGONAL_GAUSSIAN,0.6067333333333333,0.010494442973942631,0.5956666666666667,0.6216666666666667,0.026000000000000023,0.010494442973942631,0.5847105185190836,0.028313246972583878,0.583373506863912,0.028313246972583878,0.24494699637095133,0.2958141569975271,0.5785983333333333,0.6358016666666667
deit_tiny,8,True,0.69,69,135,0.6887755102040817,68.87755102040816,DIAGONAL_GAUSSIAN,0.6033333333333333,0.008439325934114776,0.597,0.614,0.017000000000000015,0.008439325934114776,0.5597134888172149,0.04042105672869896,0.6083705365657807,0.04042105672869898,0.242604660987854,0.285375855993928,0.5745983333333333,0.6313333333333333
deit_tiny,8,True,0.7,70,137,0.6989795918367347,69.89795918367348,DIAGONAL_GAUSSIAN,0.6035333333333334,0.00878951395445481,0.593,0.6126666666666667,0.01966666666666672,0.00878951395445481,0.5570501565933228,0.04508763826006046,0.6110338687896728,0.04508763826006044,0.25281304419040673,0.2930700283251294,0.5757216666666667,0.6305999999999999
deit_tiny,8,True,0.71,71,139,0.7091836734693877,70.91836734693877,DIAGONAL_GAUSSIAN,0.5995999999999999,0.008606844821290675,0.5863333333333333,0.609,0.022666666666666724,0.008606844821290675,0.5234086215496064,0.04118083074060163,0.6446754038333892,0.04118083074060163,0.24008936583995819,0.2716379306950445,0.5717266666666666,0.6266216666666667
deit_tiny,8,True,0.72,72,141,0.7193877551020408,71.93877551020408,DIAGONAL_GAUSSIAN,0.5950666666666666,0.005804213029247724,0.5853333333333333,0.6,0.014666666666666717,0.005804213029247724,0.5022775808970134,0.03085538518175001,0.6658064444859823,0.030855385181750006,0.2439990888039271,0.26824626892768233,0.5682566666666667,0.6220700000000001
deit_tiny,8,True,0.73,73,143,0.7295918367346939,72.95918367346938,DIAGONAL_GAUSSIAN,0.5900666666666666,0.004078398378448749,0.585,0.595,0.010000000000000009,0.004078398378448749,0.4766929368178049,0.024284872765475158,0.6913910885651906,0.024284872765475165,0.24276499847571054,0.25982207734042484,0.5653283333333333,0.615735
deit_tiny,8,True,0.74,74,145,0.7397959183673469,73.9795918367347,DIAGONAL_GAUSSIAN,0.5846,0.005251454824882142,0.5776666666666667,0.5913333333333334,0.013666666666666716,0.005251454824882142,0.4487469335397085,0.027906709310399354,0.7193370918432872,0.027906709310399326,0.2413599749406179,0.2511513550663376,0.5576633333333334,0.6115433333333332
deit_tiny,8,True,0.75,75,147,0.75,75.0,DIAGONAL_GAUSSIAN,0.5815333333333332,0.007081274210510726,0.5726666666666667,0.5903333333333333,0.01766666666666661,0.007081274210510726,0.43345919251441956,0.0244698237487035,0.7346248328685759,0.0244698237487035,0.2503771007061005,0.2541393497075227,0.5551933333333333,0.6108066666666667
deit_tiny,8,True,0.76,76,149,0.7602040816326531,76.0204081632653,DIAGONAL_GAUSSIAN,0.5724,0.007584340592445833,0.5630000000000001,0.58,0.016999999999999904,0.007584340592445833,0.3821572403113047,0.031751712012086215,0.7859267850716909,0.031751712012086215,0.22845837871233626,0.22519222292539243,0.5463266666666666,0.5960683333333333
deit_tiny,8,True,0.77,77,151,0.7704081632653061,77.04081632653062,DIAGONAL_GAUSSIAN,0.5676666666666667,0.00744237118725533,0.5593333333333333,0.577,0.01766666666666661,0.00744237118725533,0.35885853568712867,0.03018137043564675,0.8092254896958669,0.03018137043564676,0.22788785944382348,0.21970933698708456,0.5415316666666666,0.5912666666666666
deit_tiny,8,True,0.78,78,153,0.7806122448979592,78.06122448979592,DIAGONAL_GAUSSIAN,0.5572666666666667,0.010050981157191627,0.5446666666666667,0.568,0.023333333333333206,0.010050981157191627,0.3172800819079081,0.0336238891354022,0.8508039434750874,0.03362388913540222,0.21831419865290327,0.20405385567388268,0.5308666666666667,0.5835333333333333
deit_tiny,8,True,0.79,79,155,0.7908163265306123,79.08163265306123,DIAGONAL_GAUSSIAN,0.5600666666666667,0.007847150933796085,0.5506666666666667,0.5683333333333332,0.017666666666666497,0.007847150933796085,0.30842042664686836,0.03707051196174176,0.8596635987361271,0.037070511961741784,0.23528951002905768,0.2148620935054149,0.533995,0.58627
deit_tiny,8,True,0.8,80,157,0.8010204081632653,80.10204081632652,DIAGONAL_GAUSSIAN,0.5524666666666667,0.007939353458143396,0.542,0.5640000000000001,0.02200000000000002,0.007939353458143396,0.25093110005060837,0.03764028829460378,0.9171529253323873,0.03764028829460379,0.2152493184354777,0.19010236252734708,0.52433,0.579135
deit_tiny,8,True,0.81,81,159,0.8112244897959183,81.12244897959184,DIAGONAL_GAUSSIAN,0.5439333333333333,0.008911291214583367,0.536,0.5576666666666666,0.021666666666666612,0.008911291214583367,0.21426477233568825,0.03839060678701906,0.9538192530473074,0.03839060678701907,0.21100574197868505,0.18117880476868944,0.5182583333333334,0.5720016666666666
deit_tiny,8,True,0.82,82,161,0.8214285714285714,82.14285714285714,DIAGONAL_GAUSSIAN,0.5359333333333334,0.007725858456436353,0.5256666666666666,0.5443333333333333,0.01866666666666672,0.007725858456436353,0.17324630071719488,0.04118682276211992,0.9948377246658007,0.04118682276211989,0.20951171571699279,0.17390915709611832,0.508195,0.56174
deit_tiny,8,True,0.83,83,163,0.8316326530612245,83.16326530612244,DIAGONAL_GAUSSIAN,0.5334,0.00814248119432892,0.5236666666666667,0.541,0.01733333333333331,0.00814248119432892,0.1381838490565618,0.036128208065466995,1.029900176326434,0.036128208065467016,0.2027146072437366,0.16445349255400532,0.5075283333333332,0.5587416666666666
deit_tiny,8,True,0.84,84,165,0.8418367346938775,84.18367346938776,DIAGONAL_GAUSSIAN,0.5200666666666668,0.008635842621179356,0.5103333333333334,0.5303333333333334,0.020000000000000018,0.008635842621179356,0.0867263505856196,0.040331940402153564,1.081357674797376,0.04033194040215359,0.1965802306930224,0.1538557292860154,0.4932,0.5467333333333333
deit_tiny,8,True,0.85,85,167,0.8520408163265306,85.20408163265306,DIAGONAL_GAUSSIAN,0.5107333333333334,0.008257656379923374,0.49899999999999994,0.5213333333333333,0.02233333333333337,0.008257656379923374,0.025377346823612847,0.04533848392930846,1.1427066785593827,0.0453384839293084,0.19071649933854737,0.14317576062076554,0.483995,0.5349349999999999
deit_tiny,8,True,0.86,86,169,0.8622448979591837,86.22448979591837,DIAGONAL_GAUSSIAN,0.49506666666666665,0.011336764186584403,0.48166666666666663,0.5086666666666667,0.02700000000000008,0.011336764186584403,-0.0383688097295817,0.045429694414965714,1.2064528351125774,0.04542969441496571,0.18028074750327508,0.13012531080719192,0.47213,0.5214066666666667
deit_tiny,8,True,0.87,87,171,0.8724489795918368,87.24489795918367,DIAGONAL_GAUSSIAN,0.4828666666666666,0.019788605026350096,0.45,0.501,0.05099999999999999,0.019788605026350096,-0.10214855149388313,0.06691159436351916,1.2702325768768787,0.06691159436351919,0.16672767326235774,0.11635893272887325,0.4583966666666666,0.5072033333333335
deit_tiny,8,True,0.88,88,172,0.8775510204081632,87.75510204081633,DIAGONAL_GAUSSIAN,0.47393333333333326,0.015508778875921258,0.449,0.48866666666666664,0.03966666666666663,0.015508778875921258,-0.13385965476433437,0.05998846543144271,1.3019436801473299,0.05998846543144268,0.17206374158461887,0.11697177704744341,0.44739999999999996,0.5019466666666665
deit_tiny,8,True,0.89,89,174,0.8877551020408163,88.77551020408163,DIAGONAL_GAUSSIAN,0.4604666666666667,0.0151540240347059,0.4406666666666667,0.48333333333333334,0.04266666666666663,0.0151540240347059,-0.18827977379163105,0.037936769474189044,1.3563637991746267,0.0379367694741891,0.1710973838965098,0.11202121852116162,0.4360466666666667,0.4846066666666667
deit_tiny,8,True,0.9,90,176,0.8979591836734694,89.79591836734694,DIAGONAL_GAUSSIAN,0.4384,0.012477535369170036,0.42,0.452,0.03200000000000003,0.012477535369170036,-0.2800439536571503,0.025148768880214924,1.4481279790401458,0.02514876888021497,0.1589745342731476,0.09889572150545206,0.41366333333333327,0.4640016666666667
deit_tiny,8,True,0.91,91,178,0.9081632653061225,90.81632653061224,DIAGONAL_GAUSSIAN,0.4176,0.019491308604378282,0.38633333333333336,0.43933333333333335,0.05299999999999999,0.019491308604378282,-0.35550718903541567,0.07546054387742994,1.5235912144184112,0.07546054387742994,0.17061039209365844,0.10091995207529278,0.3923316666666667,0.441135
deit_tiny,8,True,0.92,92,180,0.9183673469387755,91.83673469387756,DIAGONAL_GAUSSIAN,0.3902,0.022270558542115133,0.3626666666666667,0.4166666666666667,0.05399999999999999,0.022270558542115133,-0.4542456189791362,0.06561247595869128,1.6223296443621318,0.0656124759586913,0.16722327073415122,0.09361411475043646,0.36493166666666665,0.4146066666666667
deit_tiny,8,True,0.93,93,182,0.9285714285714286,92.85714285714286,DIAGONAL_GAUSSIAN,0.36406666666666665,0.024871223889824524,0.3303333333333333,0.38966666666666666,0.05933333333333335,0.024871223889824524,-0.5507245560487112,0.0696676049073007,1.7188085814317067,0.06966760490730069,0.1673225144545237,0.08890371709578972,0.342395,0.38627
deit_tiny,8,True,0.94,94,184,0.9387755102040817,93.87755102040816,DIAGONAL_GAUSSIAN,0.3350666666666667,0.030967186934990846,0.2846666666666666,0.365,0.08033333333333337,0.030967186934990846,-0.6462521394093832,0.10762967782901203,1.8143361647923786,0.10762967782901199,0.1775243083635966,0.08965347594152737,0.3130583333333333,0.356135
deit_tiny,8,True,0.95,95,186,0.9489795918367347,94.89795918367348,DIAGONAL_GAUSSIAN,0.30206666666666665,0.033441823448423905,0.248,0.3313333333333333,0.08333333333333331,0.033441823448423905,-0.7750206510225931,0.10404713826189166,1.9431046764055888,0.10404713826189162,0.160131307442983,0.07646708774518676,0.28193166666666664,0.32386833333333337
deit_tiny,8,True,0.96,96,188,0.9591836734693877,95.91836734693877,DIAGONAL_GAUSSIAN,0.26006666666666667,0.02886212435393873,0.2233333333333333,0.2916666666666667,0.06833333333333338,0.02886212435393873,-0.9160297393798829,0.08328538313891404,2.0841137647628782,0.08328538313891405,0.16161993741989136,0.07216008622573675,0.23946333333333333,0.279735
deit_tiny,8,True,0.97,97,190,0.9693877551020408,96.93877551020408,DIAGONAL_GAUSSIAN,0.2215333333333333,0.02783742484897305,0.19633333333333333,0.263,0.06666666666666668,0.02783742484897305,-1.036848775545756,0.09345093155259322,2.204932800928751,0.09345093155259315,0.17001307805379234,0.07179493086988308,0.2026666666666667,0.2414
deit_tiny,8,True,0.98,98,192,0.9795918367346939,97.95918367346938,DIAGONAL_GAUSSIAN,0.16593333333333332,0.035727673681149,0.11466666666666665,0.20566666666666666,0.09100000000000001,0.035727673681149,-1.2181882063547769,0.12290088926475311,2.386272231737773,0.12290088926475298,0.17260776360829672,0.0678061343733538,0.14959666666666666,0.18181666666666668
deit_tiny,8,True,0.99,99,194,0.9897959183673469,98.9795918367347,DIAGONAL_GAUSSIAN,0.11026666666666667,0.02703844998844752,0.06933333333333334,0.14200000000000002,0.07266666666666667,0.02703844998844752,-1.436015510559082,0.11530643084575216,2.6040995359420775,0.11530643084575212,0.16615188121795654,0.060246784833531165,0.09619666666666668,0.12340333333333334
deit_tiny,8,True,1.0,100,196,1.0,100.0,DIAGONAL_GAUSSIAN,0.024666666666666667,0.0,0.024666666666666667,0.024666666666666667,0.0,0.0,-1.842687726020813,0.0,3.0107717514038086,0.0,0.11282861232757568,0.0361213340981921,0.017333333333333333,0.033
deit_tiny,8,True,0.0,0,0,0.0,0.0,ZERO,0.679,0.0,0.679,0.679,0.0,0.0,1.1680840253829956,0.0,0.0,0.0,0.0,,0.649975,0.707
deit_tiny,8,True,0.01,1,2,0.01020408163265306,1.0204081632653061,ZERO,0.6764000000000001,0.0015165750888103116,0.675,0.679,0.0040000000000000036,0.0015165750888103116,1.1573371648788453,0.002250375780358909,0.01074686050415039,0.002250375780358909,0.0,,0.6467949999999999,0.7036049999999999
deit_tiny,8,True,0.02,2,4,0.02040816326530612,2.0408163265306123,ZERO,0.6708,0.003271085446759228,0.666,0.675,0.009000000000000008,0.003271085446759228,1.1463175773620606,0.00401556547802489,0.02176644802093506,0.00401556547802489,0.0,,0.644995,0.697805
deit_tiny,8,True,0.03,3,6,0.030612244897959183,3.061224489795918,ZERO,0.6696000000000001,0.0027928480087537908,0.665,0.672,0.007000000000000006,0.0027928480087537908,1.1388657569885254,0.003954280588927123,0.029218268394470216,0.003954280588927123,0.0,,0.6414000000000001,0.6980099999999999
deit_tiny,8,True,0.04,4,8,0.04081632653061224,4.081632653061225,ZERO,0.6704000000000001,0.0015165750888103116,0.668,0.672,0.0040000000000000036,0.0015165750888103116,1.1285572052001953,0.005817704754681497,0.03952682018280029,0.005817704754681497,0.0,,0.64239,0.6992
deit_tiny,8,True,0.05,5,10,0.05102040816326531,5.1020408163265305,ZERO,0.6719999999999999,0.0018708286933869723,0.669,0.674,0.0050000000000000044,0.0018708286933869723,1.1160948753356934,0.006989180909606158,0.05198915004730224,0.006989180909606158,0.0,,0.6442,0.701005
deit_tiny,8,True,0.06,6,12,0.061224489795918366,6.122448979591836,ZERO,0.6704000000000001,0.002509980079602229,0.667,0.674,0.007000000000000006,0.002509980079602229,1.104001235961914,0.006489260179561182,0.06408278942108155,0.006489260179561182,0.0,,0.6375900000000001,0.6986200000000001
deit_tiny,8,True,0.07,7,14,0.07142857142857142,7.142857142857142,ZERO,0.6706000000000001,0.0025099800796022287,0.667,0.673,0.006000000000000005,0.0025099800796022287,1.0936963319778443,0.005113699404351225,0.07438769340515136,0.005113699404351224,0.0,,0.6396000000000001,0.696005
deit_tiny,8,True,0.08,8,16,0.08163265306122448,8.16326530612245,ZERO,0.67,0.0022360679774997916,0.667,0.673,0.006000000000000005,0.0022360679774997916,1.0808878898620606,0.0054552364284427965,0.08719613552093505,0.0054552364284427965,0.0,,0.6415949999999999,0.6962
deit_tiny,8,True,0.09,9,18,0.09183673469387756,9.183673469387756,ZERO,0.6676000000000001,0.0034351128074635363,0.663,0.671,0.008000000000000007,0.0034351128074635363,1.073082947731018,0.0065688254718527725,0.09500107765197754,0.006568825471852773,0.0,0.0,0.64216,0.6952
deit_tiny,8,True,0.1,10,20,0.10204081632653061,10.204081632653061,ZERO,0.6652,0.003898717737923589,0.659,0.669,0.010000000000000009,0.003898717737923589,1.0648236274719238,0.007588636159229405,0.10326039791107178,0.007588636159229405,0.0,0.0,0.6362000000000001,0.694005
deit_tiny,8,True,0.11,11,22,0.11224489795918367,11.224489795918368,ZERO,0.6634,0.003847076812334272,0.659,0.668,0.009000000000000008,0.003847076812334272,1.0554528951644897,0.0050674585015372635,0.11263113021850586,0.0050674585015372635,0.0,0.0,0.6347749999999999,0.690005
deit_tiny,8,True,0.12,12,24,0.12244897959183673,12.244897959183673,ZERO,0.6607999999999999,0.002863564212655273,0.657,0.664,0.007000000000000006,0.002863564212655273,1.044764518737793,0.0070297412180692015,0.12331950664520264,0.0070297412180692015,0.0,0.0,0.6333999999999999,0.69021
deit_tiny,8,True,0.13,13,25,0.12755102040816327,12.755102040816327,ZERO,0.6622,0.003701351104664353,0.659,0.668,0.009000000000000008,0.003701351104664353,1.0425211429595946,0.007037821108270137,0.12556288242340088,0.007037821108270137,0.0,0.0,0.6347949999999999,0.6905999999999999
deit_tiny,8,True,0.14,14,27,0.1377551020408163,13.77551020408163,ZERO,0.6602,0.0017888543819998333,0.659,0.663,0.0040000000000000036,0.0017888543819998333,1.0298068284988404,0.007139588706832173,0.13827719688415527,0.007139588706832174,0.0,0.0,0.631595,0.6882
deit_tiny,8,True,0.15,15,29,0.14795918367346939,14.795918367346939,ZERO,0.6592,0.003193743884534265,0.655,0.663,0.008000000000000007,0.003193743884534265,1.0196812868118286,0.009992921501286629,0.14840273857116698,0.009992921501286629,0.0,0.0,0.6312000000000001,0.6882050000000001
deit_tiny,8,True,0.16,16,31,0.15816326530612246,15.816326530612246,ZERO,0.6556000000000001,0.0027018512172212617,0.653,0.66,0.007000000000000006,0.0027018512172212617,1.0089120745658875,0.008204234961638803,0.15917195081710817,0.008204234961638805,0.0,0.0,0.6261950000000001,0.6854
deit_tiny,8,True,0.17,17,33,0.1683673469387755,16.83673469387755,ZERO,0.6554,0.004615192303685734,0.65,0.661,0.01100000000000001,0.004615192303685734,0.9977396130561829,0.010237529099790227,0.17034441232681274,0.010237529099790227,0.0,0.0,0.6267949999999999,0.683
deit_tiny,8,True,0.18,18,35,0.17857142857142858,17.857142857142858,ZERO,0.6548,0.0017888543819998333,0.652,0.656,0.0040000000000000036,0.0017888543819998333,0.9864961266517639,0.008876218682726008,0.18158789873123168,0.00887621868272601,0.0,0.0,0.6257949999999999,0.68301
deit_tiny,8,True,0.19,19,37,0.18877551020408162,18.877551020408163,ZERO,0.6552,0.002863564212655273,0.653,0.66,0.007000000000000006,0.002863564212655273,0.977914822101593,0.010511939221843044,0.19016920328140258,0.010511939221843044,0.0,0.0,0.6277949999999999,0.68222
deit_tiny,8,True,0.2,20,39,0.1989795918367347,19.897959183673468,ZERO,0.6556,0.0032093613071762454,0.651,0.659,0.008000000000000007,0.0032093613071762454,0.9651847004890441,0.01020644526929982,0.2028993248939514,0.010206445269299818,0.0,0.0,0.628395,0.6844050000000002
deit_tiny,8,True,0.21,21,41,0.20918367346938777,20.918367346938776,ZERO,0.655,0.0028284271247461927,0.652,0.658,0.006000000000000005,0.0028284271247461927,0.955827283859253,0.00976165958884863,0.2122567415237427,0.00976165958884863,0.0,0.0,0.6257949999999999,0.68341
deit_tiny,8,True,0.22,22,43,0.2193877551020408,21.93877551020408,ZERO,0.6534000000000001,0.004827007354458872,0.646,0.657,0.01100000000000001,0.004827007354458872,0.9454466819763183,0.008993580357018235,0.22263734340667723,0.008993580357018235,0.0,0.0,0.62338,0.681
deit_tiny,8,True,0.23,23,45,0.22959183673469388,22.95918367346939,ZERO,0.6529999999999999,0.004743416490252573,0.646,0.659,0.013000000000000012,0.004743416490252573,0.9370250344276428,0.011703776418443904,0.2310589909553528,0.011703776418443904,0.0,0.0,0.623395,0.68001
deit_tiny,8,True,0.24,24,47,0.23979591836734693,23.97959183673469,ZERO,0.6518,0.005932958789676536,0.643,0.659,0.016000000000000014,0.005932958789676536,0.9252496480941772,0.016738345296473396,0.24283437728881835,0.016738345296473396,0.0,0.0,0.623585,0.679805
deit_tiny,8,True,0.25,25,49,0.25,25.0,ZERO,0.6514,0.007056911505750946,0.641,0.658,0.017000000000000015,0.007056911505750946,0.9132670640945435,0.019428277805694557,0.25481696128845216,0.019428277805694553,0.0,0.0,0.624195,0.68201
deit_tiny,8,True,0.26,26,51,0.2602040816326531,26.02040816326531,ZERO,0.6502000000000001,0.006685805860178717,0.64,0.657,0.017000000000000015,0.006685805860178717,0.9033526301383972,0.019770328083369277,0.2647313952445984,0.019770328083369277,0.0,0.0,0.6217949999999999,0.6784000000000001
deit_tiny,8,True,0.27,27,53,0.27040816326530615,27.040816326530614,ZERO,0.65,0.006442049363362568,0.64,0.656,0.016000000000000014,0.006442049363362568,0.8956197738647461,0.022970973389611602,0.2724642515182495,0.022970973389611602,0.0,0.0,0.622995,0.6800150000000001
deit_tiny,8,True,0.28,28,55,0.28061224489795916,28.061224489795915,ZERO,0.6472,0.007463243262818123,0.636,0.657,0.02100000000000002,0.007463243262818123,0.8857160449028015,0.03022387938388905,0.28236798048019407,0.03022387938388905,0.0,0.0,0.6191850000000001,0.6750050000000001
deit_tiny,8,True,0.29,29,57,0.29081632653061223,29.081632653061224,ZERO,0.6472,0.005890670590009262,0.64,0.656,0.016000000000000014,0.005890670590009262,0.873124897480011,0.03268303069557641,0.2949591279029846,0.03268303069557641,0.0,0.0,0.61839,0.6742
deit_tiny,8,True,0.3,30,59,0.3010204081632653,30.102040816326532,ZERO,0.6462000000000001,0.006220932405998322,0.639,0.655,0.016000000000000014,0.006220932405998322,0.861615788936615,0.03501861573497181,0.3064682364463806,0.03501861573497181,0.0,0.0,0.616795,0.6744050000000001
deit_tiny,8,True,0.31,31,61,0.3112244897959184,31.122448979591837,ZERO,0.6438,0.005118593556827896,0.638,0.65,0.01200000000000001,0.005118593556827896,0.8481438755989075,0.029479327229321887,0.31994014978408813,0.029479327229321887,0.0,0.0,0.6175900000000001,0.671015
deit_tiny,8,True,0.32,32,63,0.32142857142857145,32.142857142857146,ZERO,0.6432,0.004324349662087935,0.636,0.647,0.01100000000000001,0.004324349662087935,0.8378982782363892,0.028465502952274905,0.3301857471466064,0.028465502952274905,0.0,0.0,0.61479,0.67121
deit_tiny,8,True,0.33,33,65,0.33163265306122447,33.16326530612245,ZERO,0.6414000000000001,0.004037325847637273,0.637,0.645,0.008000000000000007,0.004037325847637273,0.8275317549705505,0.0286067518112726,0.34055227041244507,0.0286067518112726,0.0,0.0,0.6144,0.670215
deit_tiny,8,True,0.34,34,67,0.34183673469387754,34.183673469387756,ZERO,0.6396000000000001,0.004615192303685734,0.635,0.645,0.010000000000000009,0.004615192303685734,0.8168675541877747,0.028107869100458416,0.3512164711952209,0.028107869100458416,0.0,0.0,0.6112000000000001,0.66921
deit_tiny,8,True,0.35,35,69,0.3520408163265306,35.204081632653065,ZERO,0.6394,0.005128352561983239,0.634,0.646,0.01200000000000001,0.005128352561983239,0.8028496503829956,0.030129394068475885,0.365234375,0.030129394068475885,0.0,0.0,0.609995,0.6660050000000001
deit_tiny,8,True,0.36,36,71,0.3622448979591837,36.224489795918366,ZERO,0.6392,0.003420526275297417,0.635,0.644,0.009000000000000008,0.003420526275297417,0.7930417776107788,0.03224866878533763,0.3750422477722168,0.03224866878533763,0.0,0.0,0.6106,0.666805
deit_tiny,8,True,0.37,37,73,0.37244897959183676,37.244897959183675,ZERO,0.6370000000000001,0.0036742346141747702,0.632,0.641,0.009000000000000008,0.0036742346141747702,0.7827906966209411,0.03321726222613741,0.38529332876205447,0.03321726222613741,0.0,0.0,0.61039,0.663215
deit_tiny,8,True,0.38,38,74,0.37755102040816324,37.755102040816325,ZERO,0.6355999999999999,0.0027018512172212617,0.633,0.64,0.007000000000000006,0.0027018512172212617,0.7711647868156433,0.030001063407424797,0.3969192385673523,0.0300010634074248,0.0,0.0,0.607395,0.6644350000000001
deit_tiny,8,True,0.39,39,76,0.3877551020408163,38.775510204081634,ZERO,0.634,0.0014142135623730963,0.633,0.636,0.0030000000000000027,0.0014142135623730963,0.7579767346382141,0.030926695086923032,0.41010729074478147,0.030926695086923032,0.0,0.0,0.605795,0.6648099999999999
deit_tiny,8,True,0.4,40,78,0.3979591836734694,39.795918367346935,ZERO,0.6326,0.0028809720581775894,0.629,0.636,0.007000000000000006,0.0028809720581775894,0.7491368412971496,0.02844816835378393,0.41894718408584597,0.02844816835378393,0.0,0.0,0.6056,0.6620050000000001
deit_tiny,8,True,0.41,41,80,0.40816326530612246,40.816326530612244,ZERO,0.6334,0.004335896677735764,0.627,0.639,0.01200000000000001,0.004335896677735764,0.7366258502006531,0.02894957477990066,0.43145817518234253,0.02894957477990066,0.0,0.0,0.605,0.6607999999999999
deit_tiny,8,True,0.42,42,82,0.41836734693877553,41.83673469387755,ZERO,0.6302,0.003834057902536166,0.626,0.633,0.007000000000000006,0.003834057902536166,0.7210681200027466,0.03298876130861116,0.44701590538024905,0.03298876130861116,0.0,0.0,0.6008000000000001,0.6584050000000001
deit_tiny,8,True,0.43,43,84,0.42857142857142855,42.857142857142854,ZERO,0.6306,0.0035071355833500395,0.626,0.635,0.009000000000000008,0.0035071355833500395,0.7152861475944519,0.03228793849621502,0.4527978777885437,0.03228793849621502,0.0,0.0,0.6028000000000001,0.658
deit_tiny,8,True,0.44,44,86,0.4387755102040816,43.87755102040816,ZERO,0.6300000000000001,0.004636809247747856,0.626,0.636,0.010000000000000009,0.004636809247747856,0.7046386122703552,0.03281064678072048,0.46344541311264037,0.03281064678072048,0.0,0.0,0.6013850000000001,0.657205
deit_tiny,8,True,0.45,45,88,0.4489795918367347,44.89795918367347,ZERO,0.628,0.0037416573867739447,0.623,0.633,0.010000000000000009,0.0037416573867739447,0.6952304005622864,0.0318747967492858,0.47285362482070925,0.0318747967492858,0.0,0.0,0.599995,0.6558099999999999
deit_tiny,8,True,0.46,46,90,0.45918367346938777,45.91836734693878,ZERO,0.6272,0.0028635642126552735,0.625,0.632,0.007000000000000006,0.0028635642126552735,0.6848468065261841,0.029162008381170782,0.48323721885681153,0.029162008381170782,0.0,0.0,0.59858,0.654
deit_tiny,8,True,0.47,47,92,0.46938775510204084,46.93877551020408,ZERO,0.625,0.002549509756796395,0.622,0.628,0.006000000000000005,0.002549509756796395,0.6763180375099183,0.029299402980079478,0.4917659878730774,0.029299402980079475,0.0,0.0,0.5967950000000001,0.65242
deit_tiny,8,True,0.48,48,94,0.47959183673469385,47.95918367346938,ZERO,0.6252,0.0019235384061671362,0.623,0.628,0.0050000000000000044,0.0019235384061671362,0.6618715167045593,0.028240170068514182,0.5062125086784363,0.028240170068514182,0.0,0.0,0.5974,0.6542099999999998
deit_tiny,8,True,0.49,49,96,0.4897959183673469,48.97959183673469,ZERO,0.6218,0.0067230945255886505,0.611,0.628,0.017000000000000015,0.0067230945255886505,0.6469917297363281,0.027769814319562876,0.5210922956466675,0.027769814319562876,0.0,0.0,0.5941949999999999,0.6498099999999999
deit_tiny,8,True,0.5,50,98,0.5,50.0,ZERO,0.6197999999999999,0.004147288270665548,0.614,0.625,0.01100000000000001,0.004147288270665548,0.6332069754600524,0.018087413092756133,0.5348770499229432,0.018087413092756133,0.0,0.0,0.5919949999999999,0.647405
deit_tiny,8,True,0.51,51,100,0.5102040816326531,51.02040816326531,ZERO,0.6148,0.008927485648266264,0.601,0.623,0.02200000000000002,0.008927485648266264,0.6133315563201904,0.019862391953108148,0.5547524690628052,0.019862391953108148,0.0,0.0,0.5873950000000001,0.6427999999999999
deit_tiny,8,True,0.52,52,102,0.5204081632653061,52.04081632653062,ZERO,0.6148,0.005069516742254635,0.606,0.618,0.01200000000000001,0.005069516742254635,0.6064176321029663,0.02117397222011522,0.5616663932800293,0.02117397222011522,0.0,0.0,0.5866,0.6416099999999999
deit_tiny,8,True,0.53,53,104,0.5306122448979592,53.06122448979592,ZERO,0.6144000000000001,0.010430723848324247,0.603,0.623,0.020000000000000018,0.010430723848324247,0.5916542172431946,0.02800405107279824,0.576429808139801,0.02800405107279824,0.0,0.0,0.5873999999999999,0.6417999999999999
deit_tiny,8,True,0.54,54,106,0.5408163265306123,54.08163265306123,ZERO,0.6122,0.010353743284435836,0.6,0.622,0.02200000000000002,0.010353743284435836,0.5789706230163574,0.028951499196294552,0.5891134023666382,0.028951499196294552,0.0,0.0,0.58357,0.6404050000000001
deit_tiny,8,True,0.55,55,108,0.5510204081632653,55.10204081632652,ZERO,0.6123999999999999,0.008264381404557762,0.6,0.621,0.02100000000000002,0.008264381404557762,0.5678754806518554,0.02756743642464962,0.6002085447311402,0.02756743642464962,0.0,0.0,0.586395,0.639005
deit_tiny,8,True,0.56,56,110,0.5612244897959183,56.12244897959183,ZERO,0.6083999999999999,0.008473488065725952,0.595,0.617,0.02200000000000002,0.008473488065725952,0.5542514085769653,0.021726305177549022,0.6138326168060303,0.021726305177549022,0.0,0.0,0.5814000000000001,0.6346099999999999
deit_tiny,8,True,0.57,57,112,0.5714285714285714,57.14285714285714,ZERO,0.6049999999999999,0.009591663046625447,0.589,0.611,0.02200000000000002,0.009591663046625447,0.5440869569778443,0.024484489730593965,0.6239970684051513,0.024484489730593965,0.0,0.0,0.5771900000000001,0.6338099999999999
deit_tiny,8,True,0.58,58,114,0.5816326530612245,58.16326530612245,ZERO,0.5998,0.0101094015648801,0.583,0.608,0.025000000000000022,0.0101094015648801,0.5243284225463867,0.021588747163101555,0.6437556028366089,0.021588747163101555,0.0,0.0,0.572595,0.6266050000000001
deit_tiny,8,True,0.59,59,116,0.5918367346938775,59.183673469387756,ZERO,0.5998,0.01003493896344169,0.584,0.609,0.025000000000000022,0.01003493896344169,0.5104259192943573,0.01719422851614387,0.6576581060886383,0.01719422851614387,0.0,0.0,0.572385,0.6252050000000001
deit_tiny,8,True,0.6,60,118,0.6020408163265306,60.204081632653065,ZERO,0.596,0.011726039399558585,0.581,0.606,0.025000000000000022,0.011726039399558585,0.48493226170539855,0.01286554827608218,0.683151763677597,0.012865548276082182,0.0,0.0,0.5681900000000001,0.6236050000000001
deit_tiny,8,True,0.61,61,120,0.6122448979591837,61.224489795918366,ZERO,0.5930000000000001,0.008366600265340763,0.582,0.6,0.018000000000000016,0.008366600265340763,0.47151424884796145,0.0072537963904609395,0.6965697765350342,0.0072537963904609395,0.0,0.0,0.5664,0.6232
deit_tiny,8,True,0.62,62,122,0.6224489795918368,62.244897959183675,ZERO,0.5908,0.011233877335986905,0.577,0.601,0.02400000000000002,0.011233877335986905,0.4509273171424866,0.01627983669602022,0.717156708240509,0.01627983669602022,0.0,0.0,0.56299,0.61761
deit_tiny,8,True,0.63,63,123,0.6275510204081632,62.755102040816325,ZERO,0.5885999999999999,0.01184483009586884,0.573,0.6,0.027000000000000024,0.01184483009586884,0.44205507040023806,0.019671242520516552,0.7260289549827575,0.019671242520516552,0.0,0.0,0.5594,0.616405
deit_tiny,8,True,0.64,64,125,0.6377551020408163,63.775510204081634,ZERO,0.5864,0.009099450532861868,0.575,0.597,0.02200000000000002,0.009099450532861868,0.42433860898017883,0.022238237052228577,0.7437454164028168,0.022238237052228577,0.0,0.0,0.5575899999999999,0.613005
deit_tiny,8,True,0.65,65,127,0.6479591836734694,64.79591836734694,ZERO,0.5809999999999998,0.009695359714832668,0.568,0.591,0.02300000000000002,0.009695359714832668,0.3991674602031708,0.023721114330403307,0.7689165651798249,0.023721114330403307,0.0,0.0,0.5558,0.606805
deit_tiny,8,True,0.66,66,129,0.6581632653061225,65.81632653061224,ZERO,0.5798,0.008408329203831172,0.571,0.591,0.020000000000000018,0.008408329203831172,0.37979345917701723,0.016208164403645975,0.7882905662059784,0.016208164403645975,0.0,0.0,0.5538000000000001,0.6082000000000001
deit_tiny,8,True,0.67,67,131,0.6683673469387755,66.83673469387756,ZERO,0.5754,0.005079370039680122,0.572,0.584,0.01200000000000001,0.005079370039680122,0.353794527053833,0.027841966143706376,0.8142894983291626,0.027841966143706376,0.0,0.0,0.5508,0.6062050000000001
deit_tiny,8,True,0.68,68,133,0.6785714285714286,67.85714285714286,ZERO,0.571,0.004358898943540678,0.566,0.578,0.01200000000000001,0.004358898943540678,0.3397635221481323,0.02762467661890634,0.8283205032348633,0.02762467661890634,0.0,0.0,0.5434000000000001,0.598805
deit_tiny,8,True,0.69,69,135,0.6887755102040817,68.87755102040816,ZERO,0.5684,0.005549774770204616,0.562,0.576,0.013999999999999901,0.005549774770204616,0.31710882782936095,0.04358615072297265,0.8509751975536346,0.043586150722972644,0.0,0.0,0.5402,0.595005
deit_tiny,8,True,0.7,70,137,0.6989795918367347,69.89795918367348,ZERO,0.5654,0.010573551910309006,0.548,0.575,0.026999999999999913,0.010573551910309006,0.30423711240291595,0.04566280552597149,0.8638469129800797,0.04566280552597149,0.0,0.0,0.5404000000000001,0.5922050000000001
deit_tiny,8,True,0.71,71,139,0.7091836734693877,70.91836734693877,ZERO,0.5630000000000001,0.010793516572461408,0.547,0.575,0.027999999999999914,0.010793516572461408,0.2833192557096481,0.040726043822779834,0.8847647696733475,0.040726043822779834,0.0,0.0,0.535395,0.5928
deit_tiny,8,True,0.72,72,141,0.7193877551020408,71.93877551020408,ZERO,0.5578000000000001,0.00822800097228964,0.549,0.568,0.018999999999999906,0.00822800097228964,0.25827849209308623,0.03281164778744078,0.9098055332899093,0.03281164778744078,0.0,0.0,0.53059,0.5812
deit_tiny,8,True,0.73,73,143,0.7295918367346939,72.95918367346938,ZERO,0.5514000000000001,0.004505552130427528,0.547,0.558,0.01100000000000001,0.004505552130427528,0.2339279383420944,0.021877677421780373,0.9341560870409011,0.021877677421780373,0.0,0.0,0.522595,0.578005
deit_tiny,8,True,0.74,74,145,0.7397959183673469,73.9795918367347,ZERO,0.5478000000000001,0.009679876032264058,0.538,0.559,0.02100000000000002,0.009679876032264058,0.20738695859909057,0.02425166923296758,0.960697066783905,0.024251669232967583,0.0,0.0,0.5194000000000001,0.572005
deit_tiny,8,True,0.75,75,147,0.75,75.0,ZERO,0.5428,0.008700574693662491,0.532,0.554,0.02200000000000002,0.008700574693662491,0.18308209180831908,0.02269323102438692,0.9850019335746765,0.022693231024386917,0.0,0.0,0.517195,0.5674250000000001
deit_tiny,8,True,0.76,76,149,0.7602040816326531,76.0204081632653,ZERO,0.5388,0.012377398757412651,0.528,0.555,0.027000000000000024,0.012377398757412651,0.1536988615989685,0.035139660737442645,1.014385163784027,0.035139660737442645,0.0,0.0,0.5121799999999999,0.56462
deit_tiny,8,True,0.77,77,151,0.7704081632653061,77.04081632653062,ZERO,0.5358,0.013255187663703608,0.522,0.552,0.030000000000000027,0.013255187663703608,0.13097067624330522,0.034032675064188805,1.0371133491396904,0.034032675064188805,0.0,0.0,0.506795,0.5616049999999999
deit_tiny,8,True,0.78,78,153,0.7806122448979592,78.06122448979592,ZERO,0.5276000000000002,0.017184295155751966,0.51,0.551,0.041000000000000036,0.017184295155751966,0.09896588325500488,0.044689790831137735,1.0691181421279907,0.044689790831137735,0.0,0.0,0.502395,0.555405
deit_tiny,8,True,0.79,79,155,0.7908163265306123,79.08163265306123,ZERO,0.5202,0.01281405478371309,0.506,0.536,0.030000000000000027,0.01281405478371309,0.07313091661781072,0.0453449277071315,1.094953108765185,0.0453449277071315,0.0,0.0,0.49318500000000004,0.5456049999999999
deit_tiny,8,True,0.8,80,157,0.8010204081632653,80.10204081632652,ZERO,0.508,0.01313392553656371,0.491,0.52,0.029000000000000026,0.01313392553656371,0.0356817816151306,0.04234184473925693,1.132402243767865,0.04234184473925693,0.0,0.0,0.47938,0.5336050000000001
deit_tiny,8,True,0.81,81,159,0.8112244897959183,81.12244897959184,ZERO,0.49640000000000006,0.01415273825095343,0.48,0.509,0.029000000000000026,0.01415273825095343,0.003259030357003212,0.04253204046256945,1.1648249950259923,0.04253204046256945,0.0,0.0,0.47119500000000003,0.523205
deit_tiny,8,True,0.82,82,161,0.8214285714285714,82.14285714285714,ZERO,0.48660000000000003,0.016652327164693826,0.467,0.501,0.033999999999999975,0.016652327164693826,-0.03626541499979794,0.04865523716691734,1.2043494403827935,0.04865523716691734,0.0,0.0,0.45999,0.5118050000000001
deit_tiny,8,True,0.83,83,163,0.8316326530612245,83.16326530612244,ZERO,0.47800000000000004,0.012103718436910186,0.462,0.488,0.025999999999999968,0.012103718436910186,-0.0645307581871748,0.039928974157506715,1.2326147835701704,0.039928974157506715,0.0,0.0,0.45380000000000004,0.503005
deit_tiny,8,True,0.84,84,165,0.8418367346938775,84.18367346938776,ZERO,0.469,0.014106735979665868,0.45,0.482,0.03199999999999997,0.014106735979665868,-0.1098538801074028,0.043594640173914206,1.2779379054903983,0.043594640173914206,0.0,0.0,0.44380000000000003,0.49401
deit_tiny,8,True,0.85,85,167,0.8520408163265306,85.20408163265306,ZERO,0.4554,0.015646085772486357,0.431,0.47,0.03899999999999998,0.015646085772486357,-0.16533915251493453,0.03790753362290467,1.3334231778979302,0.03790753362290468,0.0,0.0,0.43018999999999996,0.4812100000000001
deit_tiny,8,True,0.86,86,169,0.8622448979591837,86.22448979591837,ZERO,0.437,0.010559356040971447,0.423,0.448,0.025000000000000022,0.010559356040971447,-0.21864955723285676,0.04130557432135856,1.3867335826158524,0.04130557432135856,0.0,0.0,0.4126,0.46081
deit_tiny,8,True,0.87,87,171,0.8724489795918368,87.24489795918367,ZERO,0.4204,0.016318700928689145,0.399,0.44,0.04099999999999998,0.016318700928689145,-0.26887622475624084,0.056337510275150285,1.4369602501392365,0.056337510275150285,0.0,0.0,0.3936,0.44361500000000004
deit_tiny,8,True,0.88,88,172,0.8775510204081632,87.75510204081633,ZERO,0.40499999999999997,0.007778174593052003,0.394,0.413,0.01899999999999996,0.007778174593052003,-0.30592339634895327,0.050608187178279855,1.4740074217319488,0.050608187178279855,0.0,0.0,0.3788,0.43080499999999994
deit_tiny,8,True,0.89,89,174,0.8877551020408163,88.77551020408163,ZERO,0.3926,0.00847348806572595,0.382,0.402,0.020000000000000018,0.00847348806572595,-0.3593771576881409,0.03918344773534979,1.5274611830711364,0.03918344773534979,0.0,0.0,0.3673950000000001,0.41822
deit_tiny,8,True,0.9,90,176,0.8979591836734694,89.79591836734694,ZERO,0.3658,0.011627553482998917,0.352,0.382,0.030000000000000027,0.011627553482998917,-0.43901848793029785,0.027696423422655526,1.6071025133132935,0.027696423422655526,0.0,0.0,0.34359500000000004,0.389005
deit_tiny,8,True,0.91,91,178,0.9081632653061225,90.81632653061224,ZERO,0.3368,0.020632498636859276,0.305,0.359,0.05399999999999999,0.020632498636859276,-0.5261175811290741,0.06848367451224781,1.6942016065120697,0.06848367451224781,0.0,0.0,0.314185,0.35961000000000004
deit_tiny,8,True,0.92,92,180,0.9183673469387755,91.83673469387756,ZERO,0.3,0.020445048300260872,0.274,0.32,0.045999999999999985,0.020445048300260872,-0.6214688897132874,0.05937148331369012,1.789552915096283,0.05937148331369012,0.0,0.0,0.2774,0.32180000000000003
deit_tiny,8,True,0.93,93,182,0.9285714285714286,92.85714285714286,ZERO,0.2662,0.028647862049374646,0.235,0.299,0.064,0.028647862049374646,-0.7180470705032349,0.058899364325821886,1.8861310958862305,0.058899364325821886,0.0,0.0,0.244795,0.28721
deit_tiny,8,True,0.94,94,184,0.9387755102040817,93.87755102040816,ZERO,0.23879999999999998,0.02813716403619953,0.193,0.267,0.07400000000000001,0.02813716403619953,-0.8237764477729798,0.08081160461929188,1.9918604731559753,0.08081160461929189,0.0,0.0,0.218995,0.25880000000000003
deit_tiny,8,True,0.95,95,186,0.9489795918367347,94.89795918367348,ZERO,0.2044,0.03289072817679779,0.151,0.231,0.08000000000000002,0.03289072817679779,-0.9351519584655762,0.09016314555039345,2.1032359838485717,0.09016314555039345,0.0,0.0,0.186,0.2228
deit_tiny,8,True,0.96,96,188,0.9591836734693877,95.91836734693877,ZERO,0.166,0.026962937525425525,0.135,0.195,0.06,0.026962937525425525,-1.077649676799774,0.07043255999144449,2.2457337021827697,0.07043255999144449,0.0,0.0,0.149,0.18420499999999998
deit_tiny,8,True,0.97,97,190,0.9693877551020408,96.93877551020408,ZERO,0.1302,0.025033976911389852,0.108,0.169,0.06100000000000001,0.025033976911389852,-1.2068618535995483,0.08125435127335967,2.374945878982544,0.08125435127335967,0.0,0.0,0.115395,0.14560500000000004
deit_tiny,8,True,0.98,98,192,0.9795918367346939,97.95918367346938,ZERO,0.089,0.023377339455121916,0.056,0.119,0.063,0.023377339455121916,-1.3907959699630736,0.10045417097082478,2.5588799953460692,0.10045417097082478,0.0,0.0,0.077595,0.1018
deit_tiny,8,True,0.99,99,194,0.9897959183673469,98.9795918367347,ZERO,0.0548,0.01957549488518745,0.028,0.081,0.053000000000000005,0.01957549488518745,-1.6021673917770385,0.09230814035397286,2.770251417160034,0.09230814035397286,0.0,0.0,0.0458,0.065005
deit_tiny,8,True,1.0,100,196,1.0,100.0,ZERO,0.009,0.0,0.009,0.009,0.0,0.0,-1.9555163383483887,0.0,3.1236003637313843,0.0,0.0,0.0,0.003975000000000001,0.015
dinov2,8,False,0.0,0,0,0.0,0.0,CENTROID,0.788,0.0,0.788,0.788,0.0,0.0,2.760499954223633,0.0,0.0,0.0,0.0,,0.762,0.815
dinov2,8,False,0.01,1,3,0.01171875,1.171875,CENTROID,0.7871999999999999,0.00311448230047949,0.784,0.791,0.007000000000000006,0.00311448230047949,2.753105306625366,0.004626304659391652,0.007394647598266602,0.004626304659391653,0.013850879669189454,,0.7611899999999999,0.8108
dinov2,8,False,0.02,2,5,0.01953125,1.953125,CENTROID,0.7862000000000001,0.0029495762407505278,0.784,0.791,0.007000000000000006,0.0029495762407505278,2.7460082530975343,0.006256505998942692,0.014491701126098632,0.006256505998942693,0.05373015403747559,,0.7623949999999999,0.810215
dinov2,8,False,0.03,3,8,0.03125,3.125,CENTROID,0.7846000000000001,0.005224940191045257,0.779,0.793,0.014000000000000012,0.005224940191045257,2.7337498664855957,0.006213953915801338,0.02675008773803711,0.006213953915801338,0.20084328651428224,0.8825722848179876,0.7615900000000001,0.81
dinov2,8,False,0.04,4,10,0.0390625,3.90625,CENTROID,0.783,0.002549509756796395,0.781,0.787,0.006000000000000005,0.002549509756796395,2.723190975189209,0.006273499637133158,0.03730897903442383,0.006273499637133159,0.4174353122711182,0.9179712026870515,0.758,0.808025
dinov2,8,False,0.05,5,13,0.05078125,5.078125,CENTROID,0.7828,0.0014832396974191339,0.781,0.785,0.0040000000000000036,0.0014832396974191339,2.7059527397155763,0.008455383634751597,0.05454721450805664,0.008455383634751597,0.8011261701583863,0.9362646899826952,0.7564,0.8076
dinov2,8,False,0.06,6,15,0.05859375,5.859375,CENTROID,0.7817999999999999,0.0023874672772626663,0.778,0.784,0.006000000000000005,0.0023874672772626663,2.6910854816436767,0.011482148167390934,0.06941447257995606,0.011482148167390934,1.058428907394409,0.9385089555140048,0.7571950000000001,0.8064050000000001
dinov2,8,False,0.07,7,18,0.0703125,7.03125,CENTROID,0.782,0.0038729833462074204,0.778,0.787,0.009000000000000008,0.0038729833462074204,2.672062540054321,0.011899468612154686,0.08843741416931153,0.011899468612154686,1.409985399246216,0.9410365887873786,0.755995,0.80825
dinov2,8,False,0.08,8,20,0.078125,7.8125,CENTROID,0.7812,0.0017888543819998333,0.778,0.782,0.0040000000000000036,0.0017888543819998333,2.6534348487854005,0.01132196673402263,0.10706510543823242,0.01132196673402263,1.6103068113327026,0.9377300672358343,0.7567949999999999,0.804
dinov2,8,False,0.09,9,23,0.08984375,8.984375,CENTROID,0.7777999999999999,0.001095445115010333,0.776,0.779,0.0030000000000000027,0.001095445115010333,2.6276228427886963,0.012968597189274851,0.13287711143493652,0.012968597189274851,1.8544301986694336,0.9331907721658921,0.7527999999999999,0.8018
dinov2,8,False,0.1,10,26,0.1015625,10.15625,CENTROID,0.7781999999999999,0.002588435821108959,0.775,0.781,0.006000000000000005,0.002588435821108959,2.6005144119262695,0.015029779115741458,0.15998554229736328,0.015029779115741458,2.0462862133979796,0.9275447151245645,0.7526,0.8042
dinov2,8,False,0.11,11,28,0.109375,10.9375,CENTROID,0.7772,0.003420526275297417,0.774,0.783,0.009000000000000008,0.003420526275297417,2.5830467700958253,0.012765910414192325,0.1774531841278076,0.012765910414192325,2.1581345915794374,0.9240670076725275,0.7536,0.8016099999999999
dinov2,8,False,0.12,12,31,0.12109375,12.109375,CENTROID,0.7756000000000001,0.004277849927241491,0.772,0.783,0.01100000000000001,0.004277849927241491,2.5548352718353273,0.0102173876355458,0.20566468238830565,0.0102173876355458,2.296342658996582,0.9178275548698714,0.7511900000000001,0.8004050000000001
dinov2,8,False,0.13,13,33,0.12890625,12.890625,CENTROID,0.774,0.0031622776601683824,0.771,0.779,0.008000000000000007,0.0031622776601683824,2.5361059665679933,0.01128530829670103,0.22439398765563964,0.011285308296701031,2.3762243777513503,0.9137385116261519,0.746995,0.7978
dinov2,8,False,0.14,14,36,0.140625,14.0625,CENTROID,0.7724,0.0039749213828703615,0.767,0.778,0.01100000000000001,0.0039749213828703615,2.503415060043335,0.01577422314921609,0.25708489418029784,0.01577422314921609,2.487240865919739,0.9063502299032983,0.7482000000000001,0.7962
dinov2,8,False,0.15,15,38,0.1484375,14.84375,CENTROID,0.7706000000000002,0.004393176527297763,0.765,0.777,0.01200000000000001,0.004393176527297763,2.4834797382354736,0.016749450661135715,0.2770202159881592,0.016749450661135715,2.5514504715800284,0.9020859364926845,0.746995,0.794815
dinov2,8,False,0.16,16,41,0.16015625,16.015625,CENTROID,0.769,0.005522680508593635,0.761,0.776,0.015000000000000013,0.005522680508593635,2.4481168746948243,0.014451096024960369,0.3123830795288086,0.014451096024960367,2.6376911014318467,0.8941302614459579,0.74399,0.79361
dinov2,8,False,0.17,17,44,0.171875,17.1875,CENTROID,0.7688,0.006220932405998322,0.763,0.778,0.015000000000000013,0.006220932405998322,2.414422559738159,0.015512688054218082,0.34607739448547364,0.01551268805421808,2.7164637207984925,0.8870150246973356,0.744595,0.793415
dinov2,8,False,0.18,18,46,0.1796875,17.96875,CENTROID,0.765,0.004847679857416334,0.761,0.773,0.01200000000000001,0.004847679857416334,2.3914396286010744,0.01855000773185454,0.3690603256225586,0.01855000773185454,2.768610119819641,0.8824095383132807,0.7397849999999999,0.78801
dinov2,8,False,0.19,19,49,0.19140625,19.140625,CENTROID,0.7618,0.003962322551231794,0.758,0.767,0.009000000000000008,0.003962322551231794,2.350429630279541,0.01780422238718437,0.4100703239440918,0.01780422238718437,2.8437760710716247,0.8739931191110155,0.735395,0.787205
dinov2,8,False,0.2,20,51,0.19921875,19.921875,CENTROID,0.7608,0.0031144823004794903,0.757,0.764,0.007000000000000006,0.0031144823004794903,2.3261784076690675,0.01782599748526489,0.43432154655456545,0.017825997485264887,2.8908642053604128,0.8694011149609363,0.7353999999999999,0.7854
dinov2,8,False,0.21,21,54,0.2109375,21.09375,CENTROID,0.758,0.0018708286933869723,0.756,0.761,0.0050000000000000044,0.0018708286933869723,2.2847389698028566,0.018194445532976146,0.47576098442077636,0.018194445532976146,2.9678412437438966,0.8618585519945245,0.731995,0.782
dinov2,8,False,0.22,22,56,0.21875,21.875,CENTROID,0.753,0.002345207879911717,0.75,0.755,0.0050000000000000044,0.002345207879911717,2.2538219928741454,0.01626287036860176,0.5066779613494873,0.01626287036860176,3.0178744912147524,0.8562533876253291,0.727,0.7807999999999999
dinov2,8,False,0.23,23,59,0.23046875,23.046875,CENTROID,0.7506,0.0026076809620810618,0.748,0.754,0.006000000000000005,0.0026076809620810618,2.2101195812225343,0.019143651439183604,0.5503803730010987,0.0191436514391836,3.0944191217422485,0.8490124427617708,0.7226,0.777405
dinov2,8,False,0.24,24,61,0.23828125,23.828125,CENTROID,0.7468,0.003033150177620623,0.742,0.75,0.008000000000000007,0.003033150177620623,2.17299427986145,0.023242959447035794,0.5875056743621826,0.023242959447035794,3.148128020763397,0.8427483016267331,0.7213949999999999,0.771405
dinov2,8,False,0.25,25,64,0.25,25.0,CENTROID,0.7417999999999999,0.0054037024344425226,0.734,0.748,0.014000000000000012,0.0054037024344425226,2.127963352203369,0.023274053730378132,0.6325366020202636,0.023274053730378132,3.2252944469451905,0.8360480500458571,0.7179949999999999,0.76621
dinov2,8,False,0.26,26,67,0.26171875,26.171875,CENTROID,0.7356,0.003714835124201345,0.731,0.741,0.010000000000000009,0.003714835124201345,2.0783547878265383,0.021753310934721718,0.6821451663970948,0.021753310934721718,3.3022385358810427,0.8287978775454967,0.7067900000000001,0.760605
dinov2,8,False,0.27,27,69,0.26953125,26.953125,CENTROID,0.732,0.004301162633521317,0.726,0.737,0.01100000000000001,0.004301162633521317,2.041797161102295,0.023817355844986485,0.7187027931213379,0.023817355844986485,3.355619215965271,0.8236099138640688,0.705395,0.758805
dinov2,8,False,0.28,28,72,0.28125,28.125,CENTROID,0.7243999999999999,0.0019493588689617944,0.722,0.727,0.0050000000000000044,0.0019493588689617944,1.9833114862442016,0.021375412953477134,0.7771884679794312,0.021375412953477134,3.4384636163711546,0.8156467079747172,0.6977949999999999,0.7496099999999999
dinov2,8,False,0.29,29,74,0.2890625,28.90625,CENTROID,0.7215999999999999,0.0035071355833500395,0.716,0.725,0.009000000000000008,0.0035071355833500395,1.9371111154556275,0.024613227958955708,0.8233888387680054,0.024613227958955704,3.492898368835449,0.8092518290311526,0.694585,0.7474
dinov2,8,False,0.3,30,77,0.30078125,30.078125,CENTROID,0.7182000000000001,0.0029495762407505278,0.714,0.721,0.007000000000000006,0.0029495762407505278,1.8828412294387817,0.022270187199379687,0.8776587247848511,0.022270187199379687,3.5717462062835694,0.8027523786352251,0.6926,0.743
dinov2,8,False,0.31,31,79,0.30859375,30.859375,CENTROID,0.714,0.004795831523312723,0.707,0.718,0.01100000000000001,0.004795831523312723,1.8378167867660522,0.01856321843932227,0.9226831674575806,0.01856321843932227,3.6196027994155884,0.7968673320960452,0.686585,0.738605
dinov2,8,False,0.32,32,82,0.3203125,32.03125,CENTROID,0.7078,0.00465832587954085,0.702,0.713,0.01100000000000001,0.00465832587954085,1.7714563369750977,0.029727470815818027,0.9890436172485352,0.029727470815818023,3.7052485942840576,0.7893246643849906,0.6794000000000001,0.7323999999999998
dinov2,8,False,0.33,33,84,0.328125,32.8125,CENTROID,0.7026,0.0066181568431097244,0.697,0.714,0.017000000000000015,0.0066181568431097244,1.7283174991607666,0.028636124112097337,1.0321824550628662,0.028636124112097337,3.761547064781189,0.784695667201777,0.677195,0.727605
dinov2,8,False,0.34,34,87,0.33984375,33.984375,CENTROID,0.6921999999999999,0.004658325879540814,0.686,0.697,0.010999999999999899,0.004658325879540814,1.6510111331939696,0.039610407828674435,1.1094888210296632,0.039610407828674435,3.831817865371704,0.7755045843516544,0.665995,0.7182050000000001
dinov2,8,False,0.35,35,90,0.3515625,35.15625,CENTROID,0.6839999999999999,0.004358898943540653,0.677,0.688,0.010999999999999899,0.004358898943540653,1.5705904960632324,0.04743742572099033,1.1899094581604004,0.04743742572099033,3.906676483154297,0.7665875251879795,0.6566000000000001,0.7128099999999999
dinov2,8,False,0.36,36,92,0.359375,35.9375,CENTROID,0.6792,0.004969909455915676,0.672,0.686,0.014000000000000012,0.004969909455915676,1.5197022676467895,0.04660006179069972,1.2407976865768433,0.04660006179069972,3.9565364122390747,0.7613155712641706,0.6524,0.7056099999999998
dinov2,8,False,0.37,37,95,0.37109375,37.109375,CENTROID,0.6708000000000001,0.002167948338867882,0.668,0.674,0.006000000000000005,0.002167948338867882,1.4405181407928467,0.05874098677823549,1.3199818134307861,0.05874098677823549,4.037284708023071,0.7536811338970677,0.6429900000000001,0.6970149999999999
dinov2,8,False,0.38,38,97,0.37890625,37.890625,CENTROID,0.6662,0.0048166378315169225,0.66,0.67,0.010000000000000009,0.0048166378315169225,1.3870463371276855,0.05344357394350943,1.3734536170959473,0.05344357394350943,4.082661485671997,0.7483358028709765,0.6362000000000001,0.692005
dinov2,8,False,0.39,39,100,0.390625,39.0625,CENTROID,0.6588,0.008814760348415614,0.648,0.668,0.020000000000000018,0.008814760348415614,1.3041973829269409,0.05418460602747599,1.456302571296692,0.05418460602747599,4.1577274084091185,0.740658665709556,0.6317949999999999,0.6852050000000001
dinov2,8,False,0.4,40,102,0.3984375,39.84375,CENTROID,0.6504000000000001,0.00859069263796582,0.641,0.657,0.016000000000000014,0.00859069263796582,1.2467469930648805,0.05164881311754093,1.5137529611587524,0.05164881311754093,4.1994552373886105,0.7350966657635187,0.624195,0.6768
dinov2,8,False,0.41,41,105,0.41015625,41.015625,CENTROID,0.644,0.008717797887081356,0.63,0.651,0.02100000000000002,0.008717797887081356,1.156898832321167,0.04842584599589767,1.6036011219024657,0.04842584599589767,4.264139223098755,0.7267526312557661,0.61798,0.669815
dinov2,8,False,0.42,42,108,0.421875,42.1875,CENTROID,0.6325999999999999,0.010807404868885045,0.614,0.642,0.028000000000000025,0.010807404868885045,1.060189461708069,0.05495701983097677,1.7003104925155639,0.05495701983097677,4.31880133152008,0.7175660397963398,0.6065999999999999,0.65921
dinov2,8,False,0.43,43,110,0.4296875,42.96875,CENTROID,0.6244000000000001,0.007797435475847178,0.611,0.629,0.018000000000000016,0.007797435475847178,0.9967715024948121,0.05731281417078608,1.7637284517288208,0.05731281417078608,4.351566195487976,0.7116366019966159,0.5975949999999999,0.653205
dinov2,8,False,0.44,44,113,0.44140625,44.140625,CENTROID,0.6135999999999999,0.008905054744357281,0.598,0.62,0.02200000000000002,0.008905054744357281,0.9001898527145386,0.05576858063474462,1.8603101015090941,0.05576858063474462,4.400130343437195,0.7028874065945054,0.586795,0.6414150000000001
dinov2,8,False,0.45,45,115,0.44921875,44.921875,CENTROID,0.6036,0.006465291950097851,0.593,0.61,0.017000000000000015,0.006465291950097851,0.8290241599082947,0.052069898425222305,1.9314757943153382,0.05206989842522231,4.425997865200043,0.6962199563974825,0.5751900000000001,0.63101
dinov2,8,False,0.46,46,118,0.4609375,46.09375,CENTROID,0.588,0.004062019202317984,0.582,0.593,0.01100000000000001,0.004062019202317984,0.7141034364700317,0.05709123355208874,2.046396517753601,0.05709123355208874,4.464890646934509,0.6857568881979272,0.56,0.6132200000000001
dinov2,8,False,0.47,47,120,0.46875,46.875,CENTROID,0.578,0.008276472678623432,0.567,0.586,0.019000000000000017,0.008276472678623432,0.6394475817680358,0.07233089116601378,2.1210523724555967,0.0723308911660138,4.484100472927094,0.6789447387718971,0.550195,0.6052000000000001
dinov2,8,False,0.48,48,123,0.48046875,48.046875,CENTROID,0.5684,0.01145862120850494,0.558,0.587,0.028999999999999915,0.01145862120850494,0.5227171659469605,0.08099881452710082,2.2377827882766725,0.08099881452710082,4.500971436500549,0.6679993456675647,0.5422,0.5954050000000001
dinov2,8,False,0.49,49,125,0.48828125,48.828125,CENTROID,0.5566000000000001,0.00996493853468244,0.548,0.571,0.02299999999999991,0.00996493853468244,0.4435324311256409,0.09021756271859671,2.316967523097992,0.09021756271859671,4.517241489887238,0.6610622919220192,0.528,0.586215
dinov2,8,False,0.5,50,128,0.5,50.0,CENTROID,0.5432,0.008555699854482983,0.537,0.554,0.017000000000000015,0.008555699854482983,0.3250801980495453,0.08643310037371939,2.4354197561740873,0.08643310037371939,4.537646669149399,0.6508035612612542,0.515,0.5718
dinov2,8,False,0.51,51,131,0.51171875,51.171875,CENTROID,0.53,0.0097211110476118,0.522,0.542,0.020000000000000018,0.0097211110476118,0.2106658011674881,0.07805636576669424,2.549834153056145,0.07805636576669424,4.551770022511482,0.6410025454144308,0.5013949999999999,0.559415
dinov2,8,False,0.52,52,133,0.51953125,51.953125,CENTROID,0.5212,0.007529940238806687,0.514,0.532,0.018000000000000016,0.007529940238806687,0.1304990403354168,0.07453956923288108,2.630000913888216,0.07453956923288108,4.552846395224333,0.6338912773689356,0.493395,0.5486049999999999
dinov2,8,False,0.53,53,136,0.53125,53.125,CENTROID,0.5096,0.008876936408468867,0.502,0.522,0.020000000000000018,0.008876936408468867,0.011796136014163494,0.07534772774200973,2.7487038182094694,0.07534772774200973,4.552404255978763,0.623559398716389,0.4822000000000001,0.538805
dinov2,8,False,0.54,54,138,0.5390625,53.90625,CENTROID,0.5018,0.006379655163094638,0.493,0.51,0.017000000000000015,0.006379655163094638,-0.07462702710181475,0.06410196670992799,2.8351269813254474,0.06410196670992799,4.5531309036538,0.6162936544437418,0.47517000000000004,0.5310050000000001
dinov2,8,False,0.55,55,141,0.55078125,55.078125,CENTROID,0.49000000000000005,0.006964194138592067,0.479,0.496,0.017000000000000015,0.006964194138592067,-0.19403556883335113,0.06824381321921738,2.954535523056984,0.06824381321921738,4.546748694777489,0.6061543597512369,0.460395,0.518005
dinov2,8,False,0.56,56,143,0.55859375,55.859375,CENTROID,0.481,0.008972179222463189,0.473,0.493,0.020000000000000018,0.008972179222463189,-0.28333552479743956,0.07663499918909557,3.043835479021072,0.07663499918909557,4.532352608442307,0.5982654973583574,0.4526,0.50481
dinov2,8,False,0.57,57,146,0.5703125,57.03125,CENTROID,0.4630000000000001,0.008573214099741103,0.454,0.473,0.01899999999999996,0.008573214099741103,-0.4351497650146484,0.07762473647664124,3.1956497192382813,0.07762473647664124,4.513714027404785,0.585511472549513,0.435395,0.48982
dinov2,8,False,0.58,58,148,0.578125,57.8125,CENTROID,0.454,0.008000000000000007,0.443,0.463,0.020000000000000018,0.008000000000000007,-0.5328380703926087,0.08777226186034681,3.2933380246162414,0.0877722618603468,4.491536891460418,0.5769841327985166,0.42658999999999997,0.482605
dinov2,8,False,0.59,59,151,0.58984375,58.984375,CENTROID,0.43479999999999996,0.011670475568716138,0.419,0.446,0.027000000000000024,0.011670475568716138,-0.6861217975616455,0.1108195258096706,3.4466217517852784,0.1108195258096706,4.456345891952514,0.5639260040294558,0.4067950000000001,0.46141499999999996
dinov2,8,False,0.6,60,154,0.6015625,60.15625,CENTROID,0.4218,0.01177709641634984,0.407,0.433,0.026000000000000023,0.01177709641634984,-0.8177906036376953,0.11542645586076952,3.578290557861328,0.11542645586076952,4.42385196685791,0.5528759340345649,0.39380000000000004,0.45001
dinov2,8,False,0.61,61,156,0.609375,60.9375,CENTROID,0.4102,0.016991174179555677,0.393,0.429,0.035999999999999976,0.016991174179555677,-0.9129971265792847,0.12962755979084808,3.6734970808029175,0.12962755979084808,4.4018888711929325,0.5451546956086285,0.384,0.43739999999999996
dinov2,8,False,0.62,62,159,0.62109375,62.109375,CENTROID,0.3942,0.009782637681116467,0.385,0.409,0.023999999999999966,0.009782637681116467,-1.0740715265274048,0.12199525363847459,3.8345714807510376,0.12199525363847459,4.350572180747986,0.5315539836055226,0.367795,0.42240500000000003
dinov2,8,False,0.63,63,161,0.62890625,62.890625,CENTROID,0.3834000000000001,0.010212737145349437,0.375,0.396,0.02100000000000002,0.010212737145349437,-1.1769628286361695,0.13305808813681003,3.9374627828598023,0.13305808813681003,4.314589333534241,0.5228945392890467,0.35678999999999994,0.411205
dinov2,8,False,0.64,64,164,0.640625,64.0625,CENTROID,0.36879999999999996,0.014481022063376616,0.356,0.386,0.030000000000000027,0.014481022063376616,-1.345304274559021,0.15119071569035963,4.105804228782654,0.15119071569035963,4.25275309085846,0.508851054962352,0.34258500000000003,0.39661
dinov2,8,False,0.65,65,166,0.6484375,64.84375,CENTROID,0.3542,0.014481022063376588,0.338,0.371,0.032999999999999974,0.014481022063376588,-1.434180998802185,0.14419882409835952,4.194680953025818,0.14419882409835952,4.227063012123108,0.501975115013984,0.328595,0.379025
dinov2,8,False,0.66,66,169,0.66015625,66.015625,CENTROID,0.336,0.013964240043768927,0.319,0.351,0.03199999999999997,0.013964240043768927,-1.617980670928955,0.14214698439710916,4.378480625152588,0.14214698439710916,4.159468936920166,0.4872198769666761,0.309765,0.362
dinov2,8,False,0.67,67,172,0.671875,67.1875,CENTROID,0.31479999999999997,0.009654014708917745,0.304,0.325,0.02100000000000002,0.009654014708917745,-1.7837553024291992,0.11949729035783833,4.544255256652832,0.11949729035783833,4.096218872070312,0.47409106919745997,0.291985,0.34081999999999996
dinov2,8,False,0.68,68,174,0.6796875,67.96875,CENTROID,0.29999999999999993,0.00877496438739213,0.287,0.307,0.020000000000000018,0.00877496438739213,-1.9076598167419434,0.10811751588422457,4.668159770965576,0.10811751588422457,4.04832181930542,0.464457759555261,0.2756,0.325005
dinov2,8,False,0.69,69,177,0.69140625,69.140625,CENTROID,0.2752,0.008408329203831158,0.262,0.283,0.020999999999999963,0.008408329203831158,-2.103358268737793,0.10329097095305502,4.863858222961426,0.10329097095305502,3.959050178527832,0.44873136604914177,0.25339,0.30000499999999997
dinov2,8,False,0.7,70,179,0.69921875,69.921875,CENTROID,0.264,0.011423659658795871,0.245,0.275,0.030000000000000027,0.011423659658795871,-2.2155150890350344,0.10915388049143644,4.976015043258667,0.10915388049143644,3.9098911762237547,0.440021586940847,0.239995,0.286605
dinov2,8,False,0.71,71,182,0.7109375,71.09375,CENTROID,0.2476,0.012218837915284742,0.228,0.259,0.031,0.012218837915284742,-2.3736862182617187,0.11022972812920986,5.134186172485352,0.11022972812920986,3.848445510864258,0.42843910007562985,0.22439,0.272015
dinov2,8,False,0.72,72,184,0.71875,71.875,CENTROID,0.23420000000000002,0.009782637681116474,0.224,0.247,0.022999999999999993,0.009782637681116474,-2.5117559909820555,0.12025093888282244,5.272255945205688,0.12025093888282244,3.781741666793823,0.4176974178837719,0.2146,0.255815
dinov2,8,False,0.73,73,187,0.73046875,73.046875,CENTROID,0.2098,0.008700574693662477,0.201,0.221,0.01999999999999999,0.008700574693662477,-2.734980249404907,0.10620998995195516,5.49548020362854,0.10620998995195516,3.6742693424224853,0.4006932280928318,0.189995,0.23120000000000002
dinov2,8,False,0.74,74,189,0.73828125,73.828125,CENTROID,0.1956,0.014449913494550753,0.181,0.213,0.032,0.014449913494550753,-2.863533926010132,0.12741498802171075,5.624033880233765,0.12741498802171075,3.61373553276062,0.3911948310594468,0.176195,0.21682
dinov2,8,False,0.75,75,192,0.75,75.0,CENTROID,0.1738,0.010663020210053055,0.163,0.186,0.022999999999999993,0.010663020210053055,-3.096915340423584,0.13357476501031704,5.857415294647216,0.13357476501031704,3.493855285644531,0.3736303277739019,0.15379,0.193405
dinov2,8,False,0.76,76,195,0.76171875,76.171875,CENTROID,0.15300000000000002,0.012186057606953944,0.14,0.167,0.026999999999999996,0.012186057606953944,-3.3403898239135743,0.1309907350729317,6.100889778137207,0.1309907350729317,3.36508846282959,0.3555006149511614,0.1354,0.17240999999999998
dinov2,8,False,0.77,77,197,0.76953125,76.953125,CENTROID,0.14340000000000003,0.010737783756436893,0.133,0.161,0.027999999999999997,0.010737783756436893,-3.4782541275024412,0.13794050615282774,6.238754081726074,0.13794050615282774,3.3014602661132812,0.34607056646600265,0.1272,0.16040000000000001
dinov2,8,False,0.78,78,200,0.78125,78.125,CENTROID,0.1254,0.00782943165242536,0.12,0.139,0.019000000000000017,0.00782943165242536,-3.7176949977874756,0.14537029326334008,6.478194952011108,0.14537029326334008,3.1729968547821046,0.3287886718177718,0.1082,0.14141499999999999
dinov2,8,False,0.79,79,202,0.7890625,78.90625,CENTROID,0.11339999999999999,0.004615192303685729,0.109,0.12,0.010999999999999996,0.004615192303685729,-3.8661797523498533,0.13993072720265545,6.626679706573486,0.13993072720265545,3.1023072242736816,0.318894431681931,0.097595,0.130605
dinov2,8,False,0.8,80,205,0.80078125,80.078125,CENTROID,0.0968,0.008584870412533904,0.089,0.111,0.022000000000000006,0.008584870412533904,-4.149464321136475,0.14758273988084333,6.909964275360108,0.14758273988084333,2.943469524383545,0.29875048870117704,0.08159499999999999,0.11220000000000001
dinov2,8,False,0.81,81,207,0.80859375,80.859375,CENTROID,0.08940000000000001,0.010064790112068903,0.083,0.107,0.023999999999999994,0.010064790112068903,-4.288855361938476,0.15797910277408614,7.049355316162109,0.15797910277408614,2.8758207321166993,0.28977644019928456,0.0756,0.10461
dinov2,8,False,0.82,82,210,0.8203125,82.03125,CENTROID,0.0776,0.007893034904268445,0.068,0.089,0.02099999999999999,0.007893034904268445,-4.531024074554443,0.15516169088135864,7.291524028778076,0.15516169088135864,2.752834415435791,0.2740917574434757,0.06479000000000001,0.09119999999999999
dinov2,8,False,0.83,83,212,0.828125,82.8125,CENTROID,0.0674,0.005639148871948673,0.061,0.076,0.015,0.005639148871948673,-4.718852519989014,0.14428648010449277,7.4793524742126465,0.14428648010449277,2.645943260192871,0.26134232346591574,0.055,0.08
dinov2,8,False,0.84,84,215,0.83984375,83.984375,CENTROID,0.054200000000000005,0.009984988733093293,0.039,0.066,0.027000000000000003,0.009984988733093293,-4.978331565856934,0.15782768050807172,7.738831520080566,0.15782768050807172,2.4956007957458497,0.24386842981716716,0.043995,0.06559999999999999
dinov2,8,False,0.85,85,218,0.8515625,85.15625,CENTROID,0.045399999999999996,0.007334848328356901,0.036,0.056,0.020000000000000004,0.007334848328356901,-5.250615501403809,0.14606338200117816,8.011115455627442,0.14606338200117816,2.33263521194458,0.22553028146374973,0.035395,0.055804999999999993
dinov2,8,False,0.86,86,220,0.859375,85.9375,CENTROID,0.040799999999999996,0.007259476565152612,0.034,0.052,0.017999999999999995,0.007259476565152612,-5.437155723571777,0.12679398736075023,8.19765567779541,0.12679398736075023,2.2185336112976075,0.21299499378261041,0.031194999999999997,0.0514
dinov2,8,False,0.87,87,223,0.87109375,87.109375,CENTROID,0.0316,0.006542170893518448,0.027,0.043,0.015999999999999997,0.006542170893518448,-5.706830978393555,0.15448867603109942,8.467330932617188,0.15448867603109942,2.0547554016113283,0.19529463857157406,0.023800000000000005,0.040005
dinov2,8,False,0.88,88,225,0.87890625,87.890625,CENTROID,0.027000000000000003,0.00714142842854285,0.018,0.036,0.018,0.00714142842854285,-5.912062168121338,0.13904308547460367,8.67256212234497,0.13904308547460367,1.927271270751953,0.18182450483458262,0.02,0.0346
dinov2,8,False,0.89,89,228,0.890625,89.0625,CENTROID,0.020200000000000003,0.005974947698515863,0.015,0.028,0.013000000000000001,0.005974947698515863,-6.166073322296143,0.13843508362536427,8.926573276519775,0.13843508362536427,1.7828546524047852,0.16648080388721015,0.014,0.026804999999999995
dinov2,8,False,0.9,90,230,0.8984375,89.84375,CENTROID,0.0152,0.003768288736283355,0.012,0.021,0.009000000000000001,0.003768288736283355,-6.34543628692627,0.14451634708982974,9.105936241149902,0.14451634708982974,1.6673486709594727,0.15477611669751357,0.010199999999999999,0.020799999999999996
dinov2,8,False,0.91,91,233,0.91015625,91.015625,CENTROID,0.0112,0.004086563348340511,0.006,0.017,0.011000000000000001,0.004086563348340511,-6.628464984893799,0.11897992265196289,9.388964939117432,0.11897992265196289,1.4832270622253418,0.13643875186606533,0.0072,0.016004999999999995
dinov2,8,False,0.92,92,236,0.921875,92.1875,CENTROID,0.0073999999999999995,0.002966479394838265,0.004,0.012,0.008,0.002966479394838265,-6.919709968566894,0.09905070284947212,9.680209922790528,0.09905070284947212,1.2883161544799804,0.11747076410601731,0.004,0.011
dinov2,8,False,0.93,93,238,0.9296875,92.96875,CENTROID,0.005399999999999999,0.0025099800796022265,0.003,0.009,0.005999999999999999,0.0025099800796022265,-7.142964649200439,0.08072903701372333,9.903464603424073,0.08072903701372332,1.1265347480773926,0.1021433824809466,0.0028,0.0088
dinov2,8,False,0.94,94,241,0.94140625,94.140625,CENTROID,0.0032,0.0017888543819998318,0.002,0.006,0.004,0.0017888543819998318,-7.440316390991211,0.07629737267291103,10.200816345214843,0.07629737267291103,0.9159732818603515,0.08240518160310978,0.001,0.006
dinov2,8,False,0.95,95,243,0.94921875,94.921875,CENTROID,0.0028000000000000004,0.0008366600265340756,0.002,0.004,0.002,0.0008366600265340756,-7.634370136260986,0.04762132056227939,10.39487009048462,0.04762132056227939,0.7757376670837403,0.06944650364340507,0.0008,0.0058
dinov2,8,False,0.96,96,246,0.9609375,96.09375,CENTROID,0.0014,0.001140175425099138,0.0,0.003,0.003,0.001140175425099138,-7.956033039093017,0.06116219660197072,10.716532993316651,0.06116219660197072,0.5369378089904785,0.04771295555076532,0.0,0.0031999999999999997
dinov2,8,False,0.97,97,248,0.96875,96.875,CENTROID,0.0012000000000000001,0.0008366600265340755,0.0,0.002,0.002,0.0008366600265340755,-8.144619178771972,0.04802717668920236,10.905119132995605,0.04802717668920236,0.39206638336181643,0.03470399496758424,0.0,0.0028000000000000004
dinov2,8,False,0.98,98,251,0.98046875,98.046875,CENTROID,0.0002,0.000447213595499958,0.0,0.001,0.001,0.000447213595499958,-8.449712944030761,0.058836653596891504,11.210212898254394,0.058836653596891504,0.15888042449951173,0.013976487782662158,0.0,0.0006000000000000001
dinov2,8,False,0.99,99,253,0.98828125,98.828125,CENTROID,0.0002,0.000447213595499958,0.0,0.001,0.001,0.000447213595499958,-8.610146141052246,0.055394665534542566,11.370646095275879,0.055394665534542566,0.03129768371582031,0.0027476441009139825,0.0,0.0006000000000000001
dinov2,8,False,1.0,100,256,1.0,100.0,CENTROID,0.0,0.0,0.0,0.0,0.0,0.0,-8.932862281799316,0.0,11.69336223602295,0.0,-0.2217092514038086,-0.019326704852480277,0.0,0.0
dinov2,8,False,0.0,0,0,0.0,0.0,CLEAN,0.788,0.0,0.788,0.788,0.0,0.0,2.760499954223633,0.0,0.0,0.0,0.0,,0.788,0.788
dinov2,8,False,0.0,0,0,0.0,0.0,DIAGONAL_GAUSSIAN,0.7879999999999999,0.0,0.7879999999999999,0.7879999999999999,0.0,0.0,2.760499954223633,0.0,0.0,0.0,0.0,,0.763,0.812
dinov2,8,False,0.01,1,3,0.01171875,1.171875,DIAGONAL_GAUSSIAN,0.7868,0.0011925695879999117,0.785,0.7883333333333334,0.0033333333333334103,0.0011925695879999117,2.7528435866038006,0.004614897525894406,0.007656367619832356,0.004614897525894383,0.013589159647623698,,0.7624666666666667,0.8106016666666666
dinov2,8,False,0.02,2,5,0.01953125,1.953125,DIAGONAL_GAUSSIAN,0.7864666666666668,0.0029870089089626068,0.7846666666666667,0.7916666666666666,0.006999999999999895,0.0029870089089626068,2.750302728017171,0.005986604665143609,0.01019722620646159,0.00598660466514371,0.058024628957112634,,0.7621283333333332,0.8101383333333333
dinov2,8,False,0.03,3,8,0.03125,3.125,DIAGONAL_GAUSSIAN,0.7849333333333334,0.0018012341448141798,0.782,0.7866666666666667,0.004666666666666708,0.0018012341448141798,2.7319273312886554,0.006540145790563065,0.028572622934977216,0.0065401457905630124,0.19902075131734212,0.8747031857686238,0.7574000000000001,0.8092683333333334
dinov2,8,False,0.04,4,10,0.0390625,3.90625,DIAGONAL_GAUSSIAN,0.7809999999999999,0.003374742788552779,0.777,0.786,0.009000000000000008,0.003374742788552779,2.725053103764852,0.006557979098722234,0.035446850458780925,0.0065579790987222485,0.419297440846761,0.9220864914314711,0.7578383333333334,0.8058033333333334
dinov2,8,False,0.05,5,13,0.05078125,5.078125,DIAGONAL_GAUSSIAN,0.7800666666666667,0.0022779132751026233,0.7776666666666667,0.7826666666666666,0.004999999999999893,0.0022779132751026233,2.718070570627848,0.0077736258860926334,0.042429383595784506,0.00777362588609259,0.8132440010706583,0.9504414542116404,0.7556599999999999,0.8036016666666667
dinov2,8,False,0.06,6,15,0.05859375,5.859375,DIAGONAL_GAUSSIAN,0.7774666666666668,0.0033216461782275145,0.7733333333333334,0.7806666666666667,0.007333333333333303,0.0033216461782275145,2.7012446244557697,0.009759624675665067,0.05925532976786295,0.009759624675665036,1.0685880502065024,0.9475179183422491,0.7537933333333332,0.8036716666666668
dinov2,8,False,0.07,7,18,0.0703125,7.03125,DIAGONAL_GAUSSIAN,0.78,0.004618802153517017,0.775,0.7843333333333334,0.009333333333333416,0.004618802153517017,2.694735924402873,0.010868057199612268,0.06576402982076009,0.010868057199612244,1.4326587835947673,0.956180652209914,0.7547266666666667,0.8030050000000002
dinov2,8,False,0.08,8,20,0.078125,7.8125,DIAGONAL_GAUSSIAN,0.7797333333333334,0.003875851160999634,0.774,0.783,0.009000000000000008,0.003875851160999634,2.679332971572876,0.01115642828524377,0.08116698265075684,0.011156428285243856,1.6362049341201783,0.952817527059399,0.7531966666666667,0.8052016666666667
dinov2,8,False,0.09,9,23,0.08984375,8.984375,DIAGONAL_GAUSSIAN,0.7778666666666667,0.0027948365088339535,0.7743333333333333,0.782,0.0076666666666667105,0.0027948365088339535,2.6572535355885827,0.010201746538126218,0.10324641863505046,0.010201746538126335,1.8840608914693195,0.9480903611861177,0.7537916666666666,0.803335
dinov2,8,False,0.1,10,26,0.1015625,10.15625,DIAGONAL_GAUSSIAN,0.776,0.0018708286933869377,0.7733333333333334,0.7783333333333333,0.004999999999999893,0.0018708286933869377,2.635495138168335,0.012253604466876554,0.12500481605529784,0.01225360446687663,2.081266939640045,0.9433945753735481,0.7511249999999999,0.8011383333333334
dinov2,8,False,0.11,11,28,0.109375,10.9375,DIAGONAL_GAUSSIAN,0.7750666666666667,0.002396757068299711,0.7719999999999999,0.7783333333333333,0.006333333333333413,0.002396757068299711,2.627277199427287,0.00920743516030459,0.13322275479634602,0.009207435160304606,2.202365020910899,0.9429932461207062,0.7502566666666667,0.7991366666666667
dinov2,8,False,0.12,12,31,0.12109375,12.109375,DIAGONAL_GAUSSIAN,0.7726,0.001816590212458506,0.77,0.775,0.0050000000000000044,0.001816590212458506,2.6022764364878337,0.008904078903447311,0.15822351773579915,0.008904078903447205,2.3437838236490887,0.9367879925980993,0.7483983333333334,0.7977383333333333
dinov2,8,False,0.13,13,33,0.12890625,12.890625,DIAGONAL_GAUSSIAN,0.7730666666666667,0.004125799585804271,0.7666666666666666,0.7766666666666667,0.01000000000000012,0.004125799585804271,2.5979214191436766,0.00927264539891566,0.16257853507995607,0.009272645398915584,2.438039830327034,0.9375090879509974,0.7497983333333332,0.7983483333333333
dinov2,8,False,0.14,14,36,0.140625,14.0625,DIAGONAL_GAUSSIAN,0.7720666666666667,0.0034431897356311625,0.7673333333333333,0.7763333333333334,0.009000000000000119,0.0034431897356311625,2.5794590950012206,0.013727403225894472,0.18104085922241211,0.013727403225894521,2.563284900877625,0.9340565044281016,0.7487966666666667,0.7951333333333332
dinov2,8,False,0.15,15,38,0.1484375,14.84375,DIAGONAL_GAUSSIAN,0.7725333333333334,0.002794836508833887,0.7680000000000001,0.7756666666666666,0.0076666666666664884,0.002794836508833887,2.5807684739430745,0.012568315793167322,0.17973148028055827,0.012568315793167356,2.6487392072876292,0.9364790417118529,0.747065,0.7991400000000002
dinov2,8,False,0.16,16,41,0.16015625,16.015625,DIAGONAL_GAUSSIAN,0.7667333333333334,0.004125799585804258,0.7596666666666666,0.77,0.010333333333333417,0.004125799585804258,2.5412021954854334,0.011431897197296793,0.21929775873819984,0.011431897197296722,2.7307764222224558,0.9256812781930777,0.7404,0.7900683333333334
dinov2,8,False,0.17,17,44,0.171875,17.1875,DIAGONAL_GAUSSIAN,0.7684,0.004172662352876268,0.7626666666666667,0.7723333333333334,0.009666666666666712,0.004172662352876268,2.5244201183319093,0.014924106221558394,0.23607983589172363,0.014924106221558472,2.8264612793922423,0.9229333169165124,0.744125,0.793935
dinov2,8,False,0.18,18,46,0.1796875,17.96875,DIAGONAL_GAUSSIAN,0.7660000000000001,0.00400693842672372,0.7600000000000001,0.77,0.009999999999999898,0.00400693842672372,2.501081927617391,0.01810644524555241,0.25941802660624186,0.018106445245552428,2.8782524188359577,0.91735586100259,0.7418633333333332,0.7912033333333334
dinov2,8,False,0.19,19,49,0.19140625,19.140625,DIAGONAL_GAUSSIAN,0.7618,0.0026520432374555016,0.7586666666666666,0.766,0.007333333333333414,0.0026520432374555016,2.4718342781066895,0.018617866392208367,0.2886656761169434,0.018617866392208273,2.965180718898773,0.9113102866638286,0.7371816666666667,0.78801
dinov2,8,False,0.2,20,51,0.19921875,19.921875,DIAGONAL_GAUSSIAN,0.7637333333333334,0.0034753097383942483,0.7586666666666666,0.7676666666666666,0.009000000000000008,0.0034753097383942483,2.4648622512817377,0.016157156912341993,0.2956377029418945,0.01615715691234194,3.029548048973083,0.9111091731094094,0.739465,0.7890699999999999
dinov2,8,False,0.21,21,54,0.2109375,21.09375,DIAGONAL_GAUSSIAN,0.7608666666666667,0.002631011634756111,0.7566666666666667,0.7636666666666666,0.006999999999999895,0.002631011634756111,2.4371102333068846,0.016030675249864294,0.32338972091674806,0.016030675249864318,3.120212507247925,0.9061094594170948,0.7361333333333334,0.7854666666666666
dinov2,8,False,0.22,22,56,0.21875,21.875,DIAGONAL_GAUSSIAN,0.7618666666666667,0.0016766368453279173,0.7593333333333333,0.7633333333333333,0.0040000000000000036,0.0016766368453279173,2.414644893010457,0.011462631439551623,0.34585506121317544,0.011462631439551558,3.178697391351064,0.9018827542015433,0.7389966666666666,0.7871416666666666
dinov2,8,False,0.23,23,59,0.23046875,23.046875,DIAGONAL_GAUSSIAN,0.7599333333333333,0.0023261795096490624,0.757,0.763,0.006000000000000005,0.0023261795096490624,2.391487677892049,0.01754433774516777,0.3690122763315836,0.017544337745167657,3.2757872184117636,0.8987724197633133,0.7339966666666666,0.7860683333333333
dinov2,8,False,0.24,24,61,0.23828125,23.828125,DIAGONAL_GAUSSIAN,0.7622000000000001,0.003731249418388227,0.7576666666666667,0.7656666666666667,0.008000000000000007,0.003731249418388227,2.3669688383738197,0.01932186526585207,0.3935311158498128,0.019321865265852126,3.3421025792757666,0.8946708727575411,0.7359983333333333,0.78727
dinov2,8,False,0.25,25,64,0.25,25.0,DIAGONAL_GAUSSIAN,0.7551333333333334,0.002902106514623803,0.7520000000000001,0.758,0.005999999999999894,0.002902106514623803,2.338445472717285,0.017998081776846458,0.42205448150634767,0.017998081776846454,3.4357765674591065,0.8906104720833362,0.7302633333333333,0.7794016666666667
dinov2,8,False,0.26,26,67,0.26171875,26.171875,DIAGONAL_GAUSSIAN,0.756,0.0026770630673681813,0.7533333333333333,0.759,0.005666666666666709,0.0026770630673681813,2.3078898429870605,0.01895044380351477,0.45261011123657224,0.018950443803514773,3.531773591041565,0.8864127246841675,0.73246,0.7807350000000001
dinov2,8,False,0.27,27,69,0.26953125,26.953125,DIAGONAL_GAUSSIAN,0.7562666666666666,0.0022900752049756657,0.7523333333333334,0.758,0.005666666666666598,0.0022900752049756657,2.273215119043986,0.02421575331433315,0.4872848351796469,0.024215753314333097,3.5870371739069626,0.880417581144801,0.7338633333333332,0.7808066666666668
dinov2,8,False,0.28,28,72,0.28125,28.125,DIAGONAL_GAUSSIAN,0.7501333333333334,0.0020357908646136684,0.7466666666666667,0.7520000000000001,0.005333333333333412,0.0020357908646136684,2.248583984375,0.019635585305154815,0.5119159698486329,0.019635585305154784,3.703736114501953,0.8785776274364056,0.725195,0.7770050000000001
dinov2,8,False,0.29,29,74,0.2890625,28.90625,DIAGONAL_GAUSSIAN,0.7506,0.002871314062314402,0.7476666666666666,0.754,0.006333333333333413,0.002871314062314402,2.2073049386342367,0.025968045428591473,0.5531950155893962,0.0259680454285915,3.763092192014058,0.8718597035259144,0.72566,0.7752783333333333
dinov2,8,False,0.3,30,77,0.30078125,30.078125,DIAGONAL_GAUSSIAN,0.7496,0.0038972925074837084,0.7440000000000001,0.7546666666666667,0.010666666666666602,0.0038972925074837084,2.1734606424967446,0.024655501117447624,0.5870393117268881,0.02465550111744769,3.8623656193415323,0.8680821215783519,0.7249316666666668,0.7730699999999999
dinov2,8,False,0.31,31,79,0.30859375,30.859375,DIAGONAL_GAUSSIAN,0.7467999999999999,0.0027547938015192344,0.742,0.749,0.007000000000000006,0.0027547938015192344,2.1554632504781086,0.024197386125338203,0.6050367037455241,0.02419738612533813,3.937249263127645,0.8668121909321413,0.7209966666666666,0.7714016666666668
dinov2,8,False,0.32,32,82,0.3203125,32.03125,DIAGONAL_GAUSSIAN,0.7387333333333332,0.0033199732261303175,0.7336666666666667,0.743,0.009333333333333305,0.0033199732261303175,2.087904103597005,0.03496080329541701,0.6725958506266276,0.03496080329541693,4.021696360905965,0.8567578556866937,0.7149283333333334,0.7623366666666668
dinov2,8,False,0.33,33,84,0.328125,32.8125,DIAGONAL_GAUSSIAN,0.7408,0.0036712093072689364,0.737,0.7446666666666667,0.0076666666666667105,0.0036712093072689364,2.0643683274586997,0.031177465669144363,0.6961316267649332,0.03117746566914435,4.097597893079121,0.8548174918051931,0.7153900000000001,0.7654083333333334
dinov2,8,False,0.34,34,87,0.33984375,33.984375,DIAGONAL_GAUSSIAN,0.7363333333333334,0.006398784606817471,0.7253333333333334,0.741,0.015666666666666607,0.006398784606817471,2.0198679765065513,0.04135657011827326,0.7406319777170817,0.04135657011827331,4.200674708684285,0.8501689946174211,0.711595,0.7613366666666667
dinov2,8,False,0.35,35,90,0.3515625,35.15625,DIAGONAL_GAUSSIAN,0.7292666666666666,0.006251222102739447,0.7183333333333333,0.734,0.015666666666666718,0.006251222102739447,1.9603453715642292,0.0500764588328483,0.8001545826594034,0.05007645883284832,4.296431358655293,0.8430796554497112,0.7045799999999999,0.7549333333333333
dinov2,8,False,0.36,36,92,0.359375,35.9375,DIAGONAL_GAUSSIAN,0.7278666666666667,0.010112148908889514,0.71,0.7343333333333333,0.024333333333333318,0.010112148908889514,1.942008821169535,0.05136528661482948,0.8184911330540974,0.051365286614829475,4.37884296576182,0.8425909937597919,0.7025316666666667,0.7516083333333333
dinov2,8,False,0.37,37,95,0.37109375,37.109375,DIAGONAL_GAUSSIAN,0.7249999999999999,0.00696818165345561,0.7133333333333333,0.7319999999999999,0.01866666666666661,0.00696818165345561,1.901255440711975,0.05788069908077475,0.8592445135116578,0.057880699080774686,4.4980220079421995,0.8396937291622052,0.7013900000000001,0.7484783333333334
dinov2,8,False,0.38,38,97,0.37890625,37.890625,DIAGONAL_GAUSSIAN,0.72,0.008024268744807201,0.7079999999999999,0.7296666666666667,0.021666666666666834,0.008024268744807201,1.8502969423929847,0.0535521319051957,0.9102030118306477,0.053552131905195616,4.545912090937296,0.8332490646250307,0.6967316666666666,0.7442016666666668
dinov2,8,False,0.39,39,100,0.390625,39.0625,DIAGONAL_GAUSSIAN,0.7182666666666666,0.004418395887901238,0.7106666666666666,0.7216666666666667,0.01100000000000012,0.004418395887901238,1.802764097849528,0.047863122549279796,0.9577358563741047,0.047863122549279796,4.656294123331707,0.829459755987467,0.6921333333333334,0.7422683333333333
dinov2,8,False,0.4,40,102,0.3984375,39.84375,DIAGONAL_GAUSSIAN,0.7121333333333333,0.00643600980594514,0.7006666666666667,0.7159999999999999,0.015333333333333199,0.00643600980594514,1.7630866765975952,0.0426073612069046,0.9974132776260376,0.042607361206904594,4.715794920921326,0.8254626094456627,0.6880633333333332,0.7373416666666667
dinov2,8,False,0.41,41,105,0.41015625,41.015625,DIAGONAL_GAUSSIAN,0.7136666666666667,0.007063206700139053,0.7026666666666666,0.7213333333333333,0.01866666666666672,0.007063206700139053,1.7256417433420819,0.03731263643519671,1.0348582108815512,0.03731263643519674,4.83288213411967,0.8236699741467562,0.6866650000000001,0.73707
dinov2,8,False,0.42,42,108,0.421875,42.1875,DIAGONAL_GAUSSIAN,0.7035333333333333,0.007665217254295829,0.6916666666666668,0.7103333333333333,0.018666666666666498,0.007665217254295829,1.6390724341074627,0.04328064813331997,1.12142752011617,0.04328064813331997,4.897684303919474,0.8137290477038572,0.678125,0.7276083333333332
dinov2,8,False,0.43,43,110,0.4296875,42.96875,DIAGONAL_GAUSSIAN,0.7021999999999999,0.00795333612740936,0.6883333333333334,0.7073333333333333,0.018999999999999906,0.00795333612740936,1.6368351777394614,0.04281035989788551,1.1236647764841714,0.04281035989788551,4.991629870732626,0.8162902256799868,0.6779966666666667,0.7296700000000002
dinov2,8,False,0.44,44,113,0.44140625,44.140625,DIAGONAL_GAUSSIAN,0.6921333333333333,0.0065726706900619625,0.6836666666666668,0.7016666666666667,0.017999999999999905,0.0065726706900619625,1.5492932081222535,0.043116698578369445,1.2112067461013794,0.043116698578369445,5.04923369884491,0.8065676020725394,0.6653266666666665,0.7166033333333334
dinov2,8,False,0.45,45,115,0.44921875,44.921875,DIAGONAL_GAUSSIAN,0.6902,0.008639701640939,0.678,0.7013333333333334,0.023333333333333317,0.008639701640939,1.4948826471964518,0.04694487680619744,1.265617307027181,0.04694487680619744,5.0918563524881995,0.8009620613141605,0.6655983333333333,0.7160666666666666
dinov2,8,False,0.46,46,118,0.4609375,46.09375,DIAGONAL_GAUSSIAN,0.6778666666666667,0.008132923486941517,0.6693333333333333,0.6880000000000001,0.01866666666666672,0.008132923486941517,1.40194939772288,0.05294134765638977,1.3585505565007527,0.05294134765638977,5.152736608187358,0.7914012360726816,0.6539216666666666,0.7018683333333333
dinov2,8,False,0.47,47,120,0.46875,46.875,DIAGONAL_GAUSSIAN,0.6795333333333333,0.009596295581571518,0.6693333333333333,0.6920000000000001,0.022666666666666724,0.009596295581571518,1.3538543383280437,0.06481757711331247,1.4066456158955891,0.06481757711331247,5.1985072294871015,0.7871046964735219,0.6555866666666668,0.7069366666666668
dinov2,8,False,0.48,48,123,0.48046875,48.046875,DIAGONAL_GAUSSIAN,0.6684666666666668,0.009397399167381968,0.6576666666666667,0.6793333333333335,0.021666666666666723,0.009397399167381968,1.2774439652760825,0.077475036633463,1.4830559889475503,0.077475036633463,5.255698235829671,0.7800074453425649,0.6439283333333333,0.693335
dinov2,8,False,0.49,49,125,0.48828125,48.828125,DIAGONAL_GAUSSIAN,0.6600666666666668,0.005330207417269187,0.655,0.6673333333333334,0.012333333333333418,0.005330207417269187,1.2139987389246625,0.08209928431982871,1.5465012152989703,0.08209928431982871,5.287707797686259,0.7738062913177373,0.6352633333333333,0.6846016666666667
dinov2,8,False,0.5,50,128,0.5,50.0,DIAGONAL_GAUSSIAN,0.6492666666666667,0.007606283951809581,0.64,0.6596666666666667,0.01966666666666672,0.007606283951809581,1.1408873160680133,0.08066297300177015,1.6196126381556195,0.08066297300177015,5.353453787167867,0.7678070567333062,0.6240466666666666,0.6741350000000002
dinov2,8,False,0.51,51,131,0.51171875,51.171875,DIAGONAL_GAUSSIAN,0.6432,0.009349985145561589,0.631,0.655,0.02400000000000002,0.009349985145561589,1.0535967667897541,0.07551150154605481,1.7069031874338787,0.07551150154605483,5.3947009881337475,0.7597113023172233,0.617065,0.6677416666666667
dinov2,8,False,0.52,52,133,0.51953125,51.953125,DIAGONAL_GAUSSIAN,0.639,0.00689202437604513,0.6303333333333333,0.648,0.01766666666666672,0.00689202437604513,0.9910577456156412,0.0732755183231925,1.7694422086079915,0.07327551832319255,5.413405100504557,0.7537127364612888,0.6115316666666666,0.6657366666666668
dinov2,8,False,0.53,53,136,0.53125,53.125,DIAGONAL_GAUSSIAN,0.6264000000000001,0.006941821726959639,0.6176666666666667,0.6366666666666667,0.019000000000000017,0.006941821726959639,0.9212922255198162,0.07991015464405948,1.8392077287038169,0.07991015464405951,5.461900345484415,0.7481474162881842,0.5997983333333333,0.653805
dinov2,8,False,0.54,54,138,0.5390625,53.90625,DIAGONAL_GAUSSIAN,0.6207333333333334,0.006512381370214039,0.6096666666666667,0.6263333333333333,0.016666666666666607,0.006512381370214039,0.851636266708374,0.0710667542997505,1.9088636875152587,0.0710667542997505,5.479394197463989,0.7416798320650554,0.595925,0.6478033333333333
dinov2,8,False,0.55,55,141,0.55078125,55.078125,DIAGONAL_GAUSSIAN,0.6096666666666667,0.005710613899670605,0.6033333333333334,0.6176666666666667,0.014333333333333309,0.005710613899670605,0.7485951542854309,0.07146513771251935,2.011904799938202,0.07146513771251933,5.489379417896271,0.7318327388403572,0.5833216666666667,0.635935
dinov2,8,False,0.56,56,143,0.55859375,55.859375,DIAGONAL_GAUSSIAN,0.5991333333333333,0.010383212947402739,0.5866666666666666,0.612,0.02533333333333343,0.010383212947402739,0.6869936029116313,0.07673785522365359,2.0735063513120013,0.07673785522365355,5.502681736151376,0.726354409319168,0.574265,0.6248066666666666
dinov2,8,False,0.57,57,146,0.5703125,57.03125,DIAGONAL_GAUSSIAN,0.5881333333333333,0.004729341039369719,0.5833333333333334,0.5956666666666667,0.012333333333333307,0.004729341039369719,0.5785099307696024,0.07209163446789267,2.18199002345403,0.07209163446789259,5.527373723189036,0.7170009719006167,0.562265,0.6138016666666666
dinov2,8,False,0.58,58,148,0.578125,57.8125,DIAGONAL_GAUSSIAN,0.5828666666666666,0.00618510756216543,0.5773333333333333,0.5916666666666667,0.01433333333333342,0.00618510756216543,0.48614452282587683,0.07690213910660106,2.2743554313977556,0.07690213910660108,5.510519484678904,0.7078778715922732,0.5563250000000001,0.6097333333333333
dinov2,8,False,0.59,59,151,0.58984375,58.984375,DIAGONAL_GAUSSIAN,0.5599333333333334,0.011008582510427405,0.544,0.572,0.027999999999999914,0.011008582510427405,0.3557001709938049,0.10315615005155797,2.404799783229828,0.10315615005155801,5.498167860507965,0.6957576136975512,0.5329316666666667,0.5868716666666667
dinov2,8,False,0.6,60,154,0.6015625,60.15625,DIAGONAL_GAUSSIAN,0.5409333333333333,0.009886579006129733,0.5313333333333333,0.554,0.022666666666666724,0.009886579006129733,0.23508638441562651,0.09834443858955548,2.5254135698080065,0.09834443858955552,5.476728954911232,0.6844500323891596,0.5137316666666667,0.5674683333333334
dinov2,8,False,0.61,61,156,0.609375,60.9375,DIAGONAL_GAUSSIAN,0.5286666666666667,0.01261612724518374,0.516,0.5436666666666667,0.027666666666666728,0.01261612724518374,0.13943897044907014,0.11201113779924629,2.6210609837745626,0.11201113779924621,5.454324968221287,0.6754798294150632,0.5025966666666667,0.5568116666666666
dinov2,8,False,0.62,62,159,0.62109375,62.109375,DIAGONAL_GAUSSIAN,0.5126000000000001,0.01392320205827512,0.49833333333333335,0.5286666666666667,0.03033333333333338,0.01392320205827512,-0.001131708423296604,0.09961765023880514,2.7616316626469297,0.09961765023880514,5.423511998852094,0.6626379882671656,0.4859266666666667,0.5393399999999999
dinov2,8,False,0.63,63,161,0.62890625,62.890625,DIAGONAL_GAUSSIAN,0.5023333333333333,0.01191870611918744,0.48933333333333334,0.5156666666666667,0.026333333333333375,0.01191870611918744,-0.09182351989050706,0.11419412821692544,2.8523234741141397,0.11419412821692546,5.399728642279903,0.6543918635923267,0.4770616666666666,0.5275449999999999
dinov2,8,False,0.64,64,164,0.640625,64.0625,DIAGONAL_GAUSSIAN,0.48119999999999996,0.013388635313412493,0.4673333333333334,0.49700000000000005,0.029666666666666675,0.013388635313412493,-0.25728747198979063,0.12758096045720166,3.017787426213423,0.12758096045720163,5.340769893427689,0.6390131086063235,0.45432333333333336,0.5078050000000001
dinov2,8,False,0.65,65,166,0.6484375,64.84375,DIAGONAL_GAUSSIAN,0.4739333333333334,0.013931180056900356,0.45566666666666666,0.4916666666666667,0.03600000000000003,0.013931180056900356,-0.3305534382661184,0.11980007767738828,3.091053392489751,0.11980007767738825,5.330690572659174,0.63301648293512,0.4488466666666666,0.49788166666666667
dinov2,8,False,0.66,66,169,0.66015625,66.015625,DIAGONAL_GAUSSIAN,0.4474,0.009022810599315003,0.434,0.45566666666666666,0.021666666666666667,0.009022810599315003,-0.5139372050762177,0.11621437915782046,3.2744371592998505,0.1162143791578205,5.263512402772903,0.6165266774160616,0.42072666666666664,0.47167
dinov2,8,False,0.67,67,172,0.671875,67.1875,DIAGONAL_GAUSSIAN,0.42633333333333334,0.007763876465901414,0.419,0.43766666666666665,0.018666666666666665,0.007763876465901414,-0.6918030897776286,0.09566216778263636,3.452303044001262,0.09566216778263628,5.188171084721883,0.6004700028974941,0.3995916666666667,0.45253499999999997
dinov2,8,False,0.68,68,174,0.6796875,67.96875,DIAGONAL_GAUSSIAN,0.41159999999999997,0.0062200392996257575,0.4036666666666667,0.41933333333333334,0.015666666666666662,0.0062200392996257575,-0.8221295634905499,0.08937647792482166,3.582629517714183,0.08937647792482169,5.133852072556814,0.5889995246530502,0.3866616666666667,0.4360016666666667
dinov2,8,False,0.69,69,177,0.69140625,69.140625,DIAGONAL_GAUSSIAN,0.38253333333333334,0.009762740963024217,0.36833333333333335,0.39266666666666666,0.024333333333333318,0.009762740963024217,-1.047728657722473,0.09346044672541863,3.808228611946106,0.09346044672541855,5.014679789543153,0.5683801136626587,0.3598616666666667,0.40794499999999995
dinov2,8,False,0.7,70,179,0.69921875,69.921875,DIAGONAL_GAUSSIAN,0.3605333333333333,0.010218719206545525,0.3476666666666666,0.371,0.023333333333333373,0.010218719206545525,-1.1605669260025024,0.10136350604510795,3.9210668802261353,0.10136350604510808,4.964839339256287,0.5587458273249712,0.33599833333333334,0.38414
dinov2,8,False,0.71,71,182,0.7109375,71.09375,DIAGONAL_GAUSSIAN,0.3471333333333333,0.00731285018154877,0.33499999999999996,0.353,0.018000000000000016,0.00731285018154877,-1.3380312045415244,0.09230402875037606,4.098531158765157,0.09230402875037602,4.884100524584452,0.5437343682351983,0.32393000000000005,0.37133333333333335
dinov2,8,False,0.72,72,184,0.71875,71.875,DIAGONAL_GAUSSIAN,0.32700000000000007,0.007996527023930127,0.318,0.33966666666666673,0.021666666666666723,0.007996527023930127,-1.4682183106740314,0.0997797772920891,4.228718264897664,0.09977977729208913,4.825279347101848,0.532953481250771,0.30573,0.351935
dinov2,8,False,0.73,73,187,0.73046875,73.046875,DIAGONAL_GAUSSIAN,0.2975333333333333,0.00578119557031433,0.292,0.3053333333333333,0.013333333333333308,0.00578119557031433,-1.725856796900431,0.08151657099729735,4.486356751124064,0.08151657099729728,4.683392794926961,0.5107422053305346,0.27579666666666663,0.321
dinov2,8,False,0.74,74,189,0.73828125,73.828125,DIAGONAL_GAUSSIAN,0.2738666666666667,0.006702404212088551,0.26266666666666666,0.2796666666666667,0.017000000000000015,0.006702404212088551,-1.9085516134897866,0.10245646883026376,4.669051567713419,0.10245646883026378,4.568717845280966,0.49457090602744713,0.25186000000000003,0.29527000000000003
dinov2,8,False,0.75,75,192,0.75,75.0,DIAGONAL_GAUSSIAN,0.25006666666666666,0.009875334030918774,0.238,0.263,0.025000000000000022,0.009875334030918774,-2.1797949075698853,0.11157543698411977,4.940294861793518,0.11157543698412004,4.41097571849823,0.4717014326545096,0.22919499999999998,0.2714
dinov2,8,False,0.76,76,195,0.76171875,76.171875,DIAGONAL_GAUSSIAN,0.2190666666666667,0.011166417907676966,0.20366666666666666,0.235,0.031333333333333324,0.011166417907676966,-2.4283786455790204,0.1037810612684326,5.188878599802653,0.10378106126843263,4.277099641164144,0.4518424874239616,0.199665,0.24007166666666663
dinov2,8,False,0.77,77,197,0.76953125,76.953125,DIAGONAL_GAUSSIAN,0.20113333333333333,0.015019616802331853,0.18566666666666665,0.22533333333333336,0.03966666666666671,0.015019616802331853,-2.614660708109538,0.10902672201953076,5.375160662333171,0.10902672201953088,4.1650536855061855,0.43658462015817545,0.1823233333333333,0.22000166666666668
dinov2,8,False,0.78,78,200,0.78125,78.125,DIAGONAL_GAUSSIAN,0.1684,0.012495332461896864,0.154,0.18466666666666667,0.030666666666666675,0.012495332461896864,-2.9775428930918375,0.11263176170056223,5.738042847315471,0.11263176170056259,3.9131489594777427,0.40546571909790663,0.15112666666666666,0.18726833333333334
dinov2,8,False,0.79,79,202,0.7890625,78.90625,DIAGONAL_GAUSSIAN,0.14833333333333332,0.008276472678623423,0.13866666666666666,0.15666666666666668,0.018000000000000016,0.008276472678623423,-3.183013423283895,0.07881728823000834,5.943513377507528,0.07881728823000862,3.785473553339641,0.3890975803257529,0.13040000000000002,0.1646
dinov2,8,False,0.8,80,205,0.80078125,80.078125,DIAGONAL_GAUSSIAN,0.12626666666666667,0.009016651263079883,0.11933333333333333,0.14033333333333334,0.021000000000000005,0.009016651263079883,-3.5262127081553145,0.1011397968509323,6.286712662378947,0.10113979685093245,3.5667211373647048,0.36198403408973806,0.111525,0.141745
dinov2,8,False,0.81,81,207,0.80859375,80.859375,DIAGONAL_GAUSSIAN,0.11086666666666667,0.005336457418342037,0.10233333333333333,0.11699999999999999,0.014666666666666661,0.005336457418342037,-3.6857728481292726,0.12166873548687576,6.4462728023529055,0.12166873548687583,3.4789032459259035,0.35051831988442794,0.09672833333333332,0.12633666666666665
dinov2,8,False,0.82,82,210,0.8203125,82.03125,DIAGONAL_GAUSSIAN,0.094,0.007713624310270754,0.08666666666666667,0.10366666666666667,0.017,0.007713624310270754,-3.9644457340240487,0.12101693193401135,6.724945688247681,0.12101693193401158,3.3194127559661863,0.3304823483700676,0.07946666666666667,0.10753333333333333
dinov2,8,False,0.83,83,212,0.828125,82.8125,DIAGONAL_GAUSSIAN,0.07826666666666666,0.004815484283941635,0.07066666666666667,0.083,0.012333333333333335,0.004815484283941635,-4.205838839213054,0.11499229832241328,6.9663387934366865,0.11499229832241328,3.1589569409688316,0.3119935517061054,0.06653333333333333,0.09073666666666666
dinov2,8,False,0.84,84,215,0.83984375,83.984375,DIAGONAL_GAUSSIAN,0.06313333333333333,0.006153589738247639,0.05333333333333334,0.06966666666666667,0.01633333333333333,0.006153589738247639,-4.547845586140951,0.13426739749926653,7.308345540364584,0.13426739749926653,2.9260867754618327,0.2859224598617856,0.05313166666666667,0.07460333333333333
dinov2,8,False,0.85,85,218,0.8515625,85.15625,DIAGONAL_GAUSSIAN,0.04766666666666667,0.006032320356951285,0.041666666666666664,0.057666666666666665,0.016,0.006032320356951285,-4.880390135447184,0.10890859243249491,7.640890089670817,0.10890859243249491,2.7028605779012045,0.26130650674569644,0.03906333333333334,0.057403333333333334
dinov2,8,False,0.86,86,220,0.859375,85.9375,DIAGONAL_GAUSSIAN,0.03926666666666667,0.006747015801242963,0.034,0.050333333333333334,0.01633333333333333,0.006747015801242963,-5.096021556854248,0.1320636008851875,7.856521511077881,0.1320636008851875,2.559667778015137,0.24573814026313032,0.031133333333333336,0.048001666666666665
dinov2,8,False,0.87,87,223,0.87109375,87.109375,DIAGONAL_GAUSSIAN,0.0308,0.005074993158178202,0.026333333333333334,0.039,0.012666666666666666,0.005074993158178202,-5.429479916890462,0.13903453138353036,8.189979871114096,0.13903453138353064,2.33210646311442,0.22164299149562722,0.024198333333333332,0.03853499999999999
dinov2,8,False,0.88,88,225,0.87890625,87.890625,DIAGONAL_GAUSSIAN,0.024466666666666668,0.004947502175621329,0.020666666666666667,0.033,0.012333333333333335,0.004947502175621329,-5.652721627553303,0.131744903096596,8.413221581776938,0.131744903096596,2.186611811319987,0.20627921882131597,0.018200000000000004,0.031266666666666665
dinov2,8,False,0.89,89,228,0.890625,89.0625,DIAGONAL_GAUSSIAN,0.01966666666666667,0.0043588989435406735,0.016666666666666666,0.027333333333333334,0.010666666666666668,0.0043588989435406735,-5.907840283711751,0.1310296872166814,8.668340237935384,0.1310296872166819,2.0410876909891766,0.190579960368941,0.014198333333333332,0.02593333333333333
dinov2,8,False,0.9,90,230,0.8984375,89.84375,DIAGONAL_GAUSSIAN,0.01633333333333333,0.004203173404306164,0.012333333333333335,0.02266666666666667,0.010333333333333333,0.004203173404306164,-6.108918031056723,0.13276511282162543,8.869417985280354,0.13276511282162567,1.90386692682902,0.17670757766782388,0.011598333333333332,0.021799999999999996
dinov2,8,False,0.91,91,233,0.91015625,91.015625,DIAGONAL_GAUSSIAN,0.013600000000000001,0.0027628487713469473,0.011333333333333334,0.018000000000000002,0.006666666666666668,0.0027628487713469473,-6.40318546295166,0.10420442185288029,9.16368541717529,0.10420442185288002,1.7085065841674805,0.15713508504042778,0.009198333333333333,0.018666666666666665
dinov2,8,False,0.92,92,236,0.921875,92.1875,DIAGONAL_GAUSSIAN,0.009333333333333334,0.001247219128924647,0.008,0.010666666666666666,0.002666666666666666,0.001247219128924647,-6.654850133260091,0.09616712239768037,9.415350087483725,0.09616712239768037,1.553175989786784,0.14160244284172493,0.0058000000000000005,0.013668333333333333
dinov2,8,False,0.93,93,238,0.9296875,92.96875,DIAGONAL_GAUSSIAN,0.008400000000000001,0.0014981470036162826,0.007333333333333334,0.011000000000000001,0.003666666666666667,0.0014981470036162826,-6.825172074635825,0.05715253143893927,9.585672028859454,0.057152531438939544,1.4443273226420081,0.13094257978515275,0.0049316666666666675,0.012201666666666664
dinov2,8,False,0.94,94,241,0.94140625,94.140625,DIAGONAL_GAUSSIAN,0.0054666666666666665,0.0005577733510227173,0.005,0.006333333333333334,0.001333333333333334,0.0005577733510227173,-7.072024504343669,0.07231478687736922,9.832524458567303,0.07231478687736953,1.2842651685078939,0.11552715731792225,0.0027333333333333333,0.008801666666666666
dinov2,8,False,0.95,95,243,0.94921875,94.921875,DIAGONAL_GAUSSIAN,0.0042,0.0004472135954999579,0.0036666666666666666,0.004666666666666667,0.0010000000000000005,0.0004472135954999579,-7.204955641428628,0.056988975858170934,9.965455595652262,0.056988975858170726,1.205152161916097,0.10788831276769724,0.0018666666666666666,0.007333333333333334
dinov2,8,False,0.96,96,246,0.9609375,96.09375,DIAGONAL_GAUSSIAN,0.004666666666666666,0.0005270462766947298,0.004,0.005333333333333333,0.001333333333333333,0.0005270462766947298,-7.3725143114725755,0.038922589846365985,10.133014265696207,0.03892258984636633,1.1204565366109214,0.09956428982330884,0.0022,0.007868333333333333
dinov2,8,False,0.97,97,248,0.96875,96.875,DIAGONAL_GAUSSIAN,0.0035333333333333336,0.0012156388352540313,0.0023333333333333335,0.005,0.0026666666666666666,0.0012156388352540313,-7.5158591588338215,0.034213815273902305,10.276359113057456,0.03421381527390207,1.0208264032999677,0.09036161981939728,0.0014000000000000002,0.006134999999999999
dinov2,8,False,0.98,98,251,0.98046875,98.046875,DIAGONAL_GAUSSIAN,0.0017333333333333333,0.00043461349368017663,0.0013333333333333333,0.0023333333333333335,0.0010000000000000002,0.00043461349368017663,-7.7016510327657075,0.014058595859937783,10.46215098698934,0.014058595859937323,0.9069423357645672,0.07977210376649746,0.0005333333333333334,0.003333333333333333
dinov2,8,False,0.99,99,253,0.98828125,98.828125,DIAGONAL_GAUSSIAN,0.002,0.0004082482904638631,0.0013333333333333333,0.0023333333333333335,0.0010000000000000002,0.0004082482904638631,-7.782731914520264,0.01943019269722724,10.543231868743897,0.019430192697227646,0.8587119102478027,0.07531076165143169,0.00046666666666666666,0.003933333333333334
dinov2,8,False,1.0,100,256,1.0,100.0,DIAGONAL_GAUSSIAN,0.001,0.0,0.001,0.001,0.0,0.0,-7.955288569132487,0.0,10.71578852335612,0.0,0.7558644612630209,0.0658897599392574,0.0,0.002333333333333333
dinov2,8,False,0.0,0,0,0.0,0.0,ZERO,0.788,0.0,0.788,0.788,0.0,0.0,2.760499954223633,0.0,0.0,0.0,0.0,,0.763,0.815
dinov2,8,False,0.01,1,3,0.01171875,1.171875,ZERO,0.7856,0.001140175425099139,0.784,0.787,0.0030000000000000027,0.001140175425099139,2.739254426956177,0.004406170998730071,0.021245527267456054,0.004406170998730071,0.0,,0.761985,0.81041
dinov2,8,False,0.02,2,5,0.01953125,1.953125,ZERO,0.7798,0.002167948338867882,0.778,0.783,0.0050000000000000044,0.002167948338867882,2.6922780990600588,0.00485024288508652,0.06822185516357422,0.00485024288508652,0.0,,0.75499,0.8040050000000001
dinov2,8,False,0.03,3,8,0.03125,3.125,ZERO,0.763,0.005787918451395118,0.756,0.771,0.015000000000000013,0.005787918451395118,2.5329065799713133,0.005507292185763298,0.22759337425231935,0.005507292185763298,0.0,0.0,0.736585,0.7886
dinov2,8,False,0.04,4,10,0.0390625,3.90625,ZERO,0.737,0.004847679857416334,0.729,0.742,0.013000000000000012,0.004847679857416334,2.3057556629180906,0.0077291542247937385,0.454744291305542,0.0077291542247937385,0.0,0.0,0.7125949999999999,0.763015
dinov2,8,False,0.05,5,13,0.05078125,5.078125,ZERO,0.7074,0.0008944271909999167,0.706,0.708,0.0020000000000000018,0.0008944271909999167,1.90482656955719,0.009202779560494164,0.8556733846664428,0.009202779560494164,0.0,0.0,0.679,0.735005
dinov2,8,False,0.06,6,15,0.05859375,5.859375,ZERO,0.6810000000000002,0.003391164991562637,0.677,0.685,0.008000000000000007,0.003391164991562637,1.6326565742492676,0.016707155594964898,1.1278433799743652,0.016707155594964898,0.0,0.0,0.6539900000000001,0.7088300000000001
dinov2,8,False,0.07,7,18,0.0703125,7.03125,ZERO,0.6472,0.002588435821108959,0.644,0.651,0.007000000000000006,0.002588435821108959,1.2620771408081055,0.027091278573710725,1.4984228134155273,0.027091278573710725,0.0,0.0,0.6177799999999999,0.6750050000000001
dinov2,8,False,0.08,8,20,0.078125,7.8125,ZERO,0.6266,0.00820365772079748,0.617,0.636,0.019000000000000017,0.00820365772079748,1.0431280374526977,0.03242125544318629,1.7173719167709351,0.03242125544318629,0.0,0.0,0.5972000000000001,0.6554050000000001
dinov2,8,False,0.09,9,23,0.08984375,8.984375,ZERO,0.5984,0.004827007354458872,0.593,0.604,0.01100000000000001,0.004827007354458872,0.7731926441192627,0.02838988184768637,1.9873073101043701,0.02838988184768637,0.0,0.0,0.5692,0.62781
dinov2,8,False,0.1,10,26,0.1015625,10.15625,ZERO,0.5814,0.007092249290598864,0.571,0.589,0.018000000000000016,0.007092249290598864,0.5542281985282898,0.03437082500256262,2.206271755695343,0.03437082500256262,0.0,0.0,0.551185,0.609005
dinov2,8,False,0.11,11,28,0.109375,10.9375,ZERO,0.5692,0.0063403469936589175,0.562,0.579,0.016999999999999904,0.0063403469936589175,0.42491217851638796,0.03597248272327322,2.335587775707245,0.03597248272327321,0.0,0.0,0.5402,0.5998
dinov2,8,False,0.12,12,31,0.12109375,12.109375,ZERO,0.5549999999999999,0.006480740698407823,0.547,0.565,0.017999999999999905,0.006480740698407823,0.25849261283874514,0.03420961149039427,2.502007341384888,0.03420961149039427,0.0,0.0,0.5257949999999999,0.5858
dinov2,8,False,0.13,13,33,0.12890625,12.890625,ZERO,0.541,0.006244997998398404,0.534,0.549,0.015000000000000013,0.006244997998398404,0.15988158881664277,0.03134196844675138,2.60061836540699,0.03134196844675138,0.0,0.0,0.5089949999999999,0.5702050000000001
dinov2,8,False,0.14,14,36,0.140625,14.0625,ZERO,0.5246000000000001,0.007765307463326878,0.512,0.532,0.020000000000000018,0.007765307463326878,0.016174194123595952,0.026685253159657873,2.744325760100037,0.026685253159657873,0.0,0.0,0.495185,0.5546
dinov2,8,False,0.15,15,38,0.1484375,14.84375,ZERO,0.5168000000000001,0.004604345773288539,0.511,0.523,0.01200000000000001,0.004604345773288539,-0.0679707333445549,0.021996022603601603,2.8284706875681875,0.021996022603601603,0.0,0.0,0.484,0.5462
dinov2,8,False,0.16,16,41,0.16015625,16.015625,ZERO,0.5014000000000001,0.0023021728866442696,0.498,0.504,0.006000000000000005,0.0023021728866442696,-0.1895742267370224,0.019749353211446375,2.950074180960655,0.019749353211446375,0.0,0.0,0.47219500000000003,0.5316099999999999
dinov2,8,False,0.17,17,44,0.171875,17.1875,ZERO,0.4878,0.0055856960175075816,0.48,0.493,0.013000000000000012,0.0055856960175075816,-0.30204116106033324,0.017426845609910247,3.062541115283966,0.017426845609910244,0.0,0.0,0.45920000000000005,0.5168099999999999
dinov2,8,False,0.18,18,46,0.1796875,17.96875,ZERO,0.47919999999999996,0.0048166378315169225,0.473,0.483,0.010000000000000009,0.0048166378315169225,-0.3771704912185669,0.02808363157557005,3.1376704454421995,0.02808363157557005,0.0,0.0,0.44920000000000004,0.5078
dinov2,8,False,0.19,19,49,0.19140625,19.140625,ZERO,0.46299999999999997,0.006782329983125248,0.456,0.47,0.013999999999999957,0.006782329983125248,-0.49334644079208373,0.02530106215174034,3.2538463950157164,0.02530106215174034,0.0,0.0,0.4332,0.491605
dinov2,8,False,0.2,20,51,0.19921875,19.921875,ZERO,0.4548,0.004147288270665548,0.451,0.461,0.010000000000000009,0.004147288270665548,-0.5646857976913452,0.022584790368935,3.325185751914978,0.022584790368935004,0.0,0.0,0.424,0.48141
dinov2,8,False,0.21,21,54,0.2109375,21.09375,ZERO,0.44279999999999997,0.006140032573203506,0.435,0.449,0.014000000000000012,0.006140032573203506,-0.6831022739410401,0.02414714231576444,3.4436022281646728,0.02414714231576444,0.0,0.0,0.41458,0.47221500000000005
dinov2,8,False,0.22,22,56,0.21875,21.875,ZERO,0.433,0.00509901951359279,0.427,0.44,0.013000000000000012,0.00509901951359279,-0.7640524983406067,0.020661170984098035,3.5245524525642393,0.020661170984098032,0.0,0.0,0.4034,0.46321000000000007
dinov2,8,False,0.23,23,59,0.23046875,23.046875,ZERO,0.41999999999999993,0.005567764362830027,0.412,0.427,0.015000000000000013,0.005567764362830027,-0.8842995405197144,0.019642890400761472,3.644799494743347,0.019642890400761472,0.0,0.0,0.39199,0.451005
dinov2,8,False,0.24,24,61,0.23828125,23.828125,ZERO,0.4104,0.0015165750888103116,0.408,0.412,0.0040000000000000036,0.0015165750888103116,-0.975133740901947,0.01823460064133496,3.7356336951255797,0.01823460064133496,0.0,0.0,0.381175,0.43920499999999996
dinov2,8,False,0.25,25,64,0.25,25.0,ZERO,0.399,0.004743416490252573,0.393,0.404,0.01100000000000001,0.004743416490252573,-1.0973310947418213,0.019393794280946505,3.857831048965454,0.019393794280946505,0.0,0.0,0.37060000000000004,0.43019999999999997
dinov2,8,False,0.26,26,67,0.26171875,26.171875,ZERO,0.38260000000000005,0.0062289646009589805,0.375,0.392,0.017000000000000015,0.0062289646009589805,-1.2238837480545044,0.020221632153560144,3.984383702278137,0.020221632153560144,0.0,0.0,0.35339,0.413615
dinov2,8,False,0.27,27,69,0.26953125,26.953125,ZERO,0.37140000000000006,0.004393176527297763,0.365,0.376,0.01100000000000001,0.004393176527297763,-1.313822054862976,0.025863776198160767,4.074322009086609,0.025863776198160774,0.0,0.0,0.34339,0.400205
dinov2,8,False,0.28,28,72,0.28125,28.125,ZERO,0.35459999999999997,0.005029910535983721,0.348,0.361,0.013000000000000012,0.005029910535983721,-1.4551521301269532,0.01901635275534126,4.215652084350586,0.019016352755341262,0.0,0.0,0.325385,0.38161000000000006
dinov2,8,False,0.29,29,74,0.2890625,28.90625,ZERO,0.34019999999999995,0.008408329203831144,0.329,0.35,0.020999999999999963,0.008408329203831144,-1.5557872533798218,0.03206899204463954,4.316287207603454,0.03206899204463955,0.0,0.0,0.313985,0.36781499999999995
dinov2,8,False,0.3,30,77,0.30078125,30.078125,ZERO,0.32420000000000004,0.0044944410108488505,0.318,0.329,0.01100000000000001,0.0044944410108488505,-1.6889049768447877,0.029442333355337896,4.44940493106842,0.029442333355337896,0.0,0.0,0.29660000000000003,0.352
dinov2,8,False,0.31,31,79,0.30859375,30.859375,ZERO,0.315,0.005147815070493505,0.308,0.319,0.01100000000000001,0.005147815070493505,-1.7817860126495362,0.03775641930280435,4.542285966873169,0.03775641930280435,0.0,0.0,0.288,0.34159999999999996
dinov2,8,False,0.32,32,82,0.3203125,32.03125,ZERO,0.296,0.0076811457478686155,0.283,0.303,0.020000000000000018,0.0076811457478686155,-1.9337922573089599,0.05362828008165545,4.694292211532593,0.05362828008165545,0.0,0.0,0.26999,0.32259999999999994
dinov2,8,False,0.33,33,84,0.328125,32.8125,ZERO,0.28180000000000005,0.008700574693662462,0.271,0.293,0.021999999999999964,0.008700574693662462,-2.0332295656204225,0.05518135499154599,4.793729519844055,0.05518135499154599,0.0,0.0,0.25559499999999996,0.30779999999999996
dinov2,8,False,0.34,34,87,0.33984375,33.984375,ZERO,0.26280000000000003,0.0095760116958993,0.25,0.272,0.02200000000000002,0.0095760116958993,-2.1808067321777345,0.06097259979537789,4.941306686401367,0.06097259979537789,0.0,0.0,0.2374,0.28879999999999995
dinov2,8,False,0.35,35,90,0.3515625,35.15625,ZERO,0.2412,0.008197560612767676,0.229,0.249,0.01999999999999999,0.008197560612767676,-2.3360859870910646,0.06977052591739058,5.096585941314697,0.06977052591739058,0.0,0.0,0.2186,0.2678049999999999
dinov2,8,False,0.36,36,92,0.359375,35.9375,ZERO,0.229,0.006819090848492926,0.219,0.237,0.017999999999999988,0.006819090848492926,-2.436834144592285,0.06780772557660938,5.197334098815918,0.06780772557660938,0.0,0.0,0.20599499999999998,0.25261
dinov2,8,False,0.37,37,95,0.37109375,37.109375,ZERO,0.2116,0.007893034904268443,0.2,0.222,0.021999999999999992,0.007893034904268443,-2.5967665672302247,0.06991220458394766,5.357266521453857,0.06991220458394766,0.0,0.0,0.188995,0.235005
dinov2,8,False,0.38,38,97,0.37890625,37.890625,ZERO,0.1988,0.007823042886243177,0.187,0.208,0.02099999999999999,0.007823042886243177,-2.6956151485443116,0.07296815026799074,5.456115102767944,0.07296815026799074,0.0,0.0,0.1748,0.22080999999999998
dinov2,8,False,0.39,39,100,0.390625,39.0625,ZERO,0.18119999999999997,0.007949842765740723,0.173,0.191,0.018000000000000016,0.007949842765740723,-2.853530025482178,0.07509153035744487,5.61402997970581,0.07509153035744487,0.0,0.0,0.16019499999999998,0.202605
dinov2,8,False,0.4,40,102,0.3984375,39.84375,ZERO,0.17200000000000001,0.006782329983125259,0.166,0.182,0.015999999999999986,0.006782329983125259,-2.9527082443237305,0.07229226121305232,5.713208198547363,0.07229226121305232,0.0,0.0,0.151795,0.19319999999999998
dinov2,8,False,0.41,41,105,0.41015625,41.015625,ZERO,0.157,0.007035623639735151,0.151,0.169,0.018000000000000016,0.007035623639735151,-3.107240390777588,0.0742839642131786,5.867740345001221,0.0742839642131786,0.0,0.0,0.1374,0.178205
dinov2,8,False,0.42,42,108,0.421875,42.1875,ZERO,0.14240000000000003,0.005683308895353124,0.137,0.152,0.014999999999999986,0.005683308895353124,-3.258611869812012,0.08130876790206586,6.019111824035645,0.08130876790206586,0.0,0.0,0.12399,0.1626
dinov2,8,False,0.43,43,110,0.4296875,42.96875,ZERO,0.13440000000000002,0.005176871642217909,0.128,0.142,0.013999999999999985,0.005176871642217909,-3.3547946929931642,0.07508336028935321,6.115294647216797,0.07508336028935321,0.0,0.0,0.11559499999999999,0.156605
dinov2,8,False,0.44,44,113,0.44140625,44.140625,ZERO,0.1232,0.0027748873851023243,0.12,0.127,0.007000000000000006,0.0027748873851023243,-3.4999404907226563,0.0774535520536652,6.260440444946289,0.0774535520536652,0.0,0.0,0.10399499999999999,0.142205
dinov2,8,False,0.45,45,115,0.44921875,44.921875,ZERO,0.11739999999999999,0.004335896677735758,0.113,0.124,0.010999999999999996,0.004335896677735758,-3.596973705291748,0.07652224164651834,6.357473659515381,0.07652224164651834,0.0,0.0,0.0994,0.1346
dinov2,8,False,0.46,46,118,0.4609375,46.09375,ZERO,0.10740000000000001,0.005272570530585632,0.104,0.116,0.01200000000000001,0.005272570530585632,-3.7507872104644777,0.08200303958658085,6.5112871646881105,0.08200303958658085,0.0,0.0,0.091595,0.126
dinov2,8,False,0.47,47,120,0.46875,46.875,ZERO,0.1002,0.007395944834840238,0.092,0.111,0.019000000000000003,0.007395944834840238,-3.8446528911590576,0.08608084571984434,6.60515284538269,0.08608084571984434,0.0,0.0,0.0844,0.11682999999999999
dinov2,8,False,0.48,48,123,0.48046875,48.046875,ZERO,0.09119999999999999,0.00701427116670007,0.085,0.103,0.017999999999999988,0.00701427116670007,-3.978254270553589,0.09209100452947512,6.738754224777222,0.09209100452947512,0.0,0.0,0.076195,0.1086
dinov2,8,False,0.49,49,125,0.48828125,48.828125,ZERO,0.08579999999999999,0.007120393247567159,0.079,0.096,0.017,0.007120393247567159,-4.0737090587615965,0.09609067204324315,6.834209012985229,0.09609067204324315,0.0,0.0,0.07079500000000001,0.1012
dinov2,8,False,0.5,50,128,0.5,50.0,ZERO,0.0794,0.007503332592921629,0.071,0.091,0.020000000000000004,0.007503332592921629,-4.212566471099853,0.0854455665898611,6.973066425323486,0.0854455665898611,0.0,0.0,0.06479499999999999,0.0952
dinov2,8,False,0.51,51,131,0.51171875,51.171875,ZERO,0.07200000000000001,0.005787918451395112,0.066,0.081,0.015,0.005787918451395112,-4.341104221343994,0.08333440318057532,7.101604175567627,0.08333440318057532,0.0,0.0,0.0572,0.08680000000000002
dinov2,8,False,0.52,52,133,0.51953125,51.953125,ZERO,0.068,0.0030822070014844866,0.064,0.072,0.007999999999999993,0.0030822070014844866,-4.422347354888916,0.077647222485057,7.182847309112549,0.077647222485057,0.0,0.0,0.054995,0.08161
dinov2,8,False,0.53,53,136,0.53125,53.125,ZERO,0.0608,0.00396232255123179,0.057,0.067,0.010000000000000002,0.00396232255123179,-4.5406081199646,0.07571752508752558,7.301108074188233,0.07571752508752558,0.0,0.0,0.0482,0.074
dinov2,8,False,0.54,54,138,0.5390625,53.90625,ZERO,0.0576,0.0037815340802378073,0.054,0.063,0.009000000000000001,0.0037815340802378073,-4.627757930755616,0.07531785071792317,7.388257884979248,0.07531785071792317,0.0,0.0,0.045995,0.0716
dinov2,8,False,0.55,55,141,0.55078125,55.078125,ZERO,0.0516,0.0016733200530681491,0.05,0.054,0.003999999999999997,0.0016733200530681491,-4.7407842636108395,0.06887817953192879,7.501284217834472,0.06887817953192879,0.0,0.0,0.04,0.0634
dinov2,8,False,0.56,56,143,0.55859375,55.859375,ZERO,0.0484,0.003361547262794322,0.044,0.052,0.008,0.003361547262794322,-4.815688133239746,0.062023009132082405,7.576188087463379,0.062023009132082405,0.0,0.0,0.037595,0.06000499999999999
dinov2,8,False,0.57,57,146,0.5703125,57.03125,ZERO,0.043199999999999995,0.003563705936241092,0.038,0.046,0.008,0.003563705936241092,-4.948863792419433,0.05710130567050173,7.709363746643066,0.05710130567050173,0.0,0.0,0.0324,0.054799999999999995
dinov2,8,False,0.58,58,148,0.578125,57.8125,ZERO,0.04079999999999999,0.00363318042491699,0.037,0.046,0.009000000000000001,0.00363318042491699,-5.024374961853027,0.05653831611948722,7.78487491607666,0.05653831611948722,0.0,0.0,0.0308,0.051405000000000006
dinov2,8,False,0.59,59,151,0.58984375,58.984375,ZERO,0.037000000000000005,0.003674234614174767,0.033,0.042,0.009000000000000001,0.003674234614174767,-5.14246768951416,0.06411743345681481,7.902967643737793,0.06411743345681481,0.0,0.0,0.027195,0.047205000000000004
dinov2,8,False,0.6,60,154,0.6015625,60.15625,ZERO,0.033600000000000005,0.003507135583350035,0.028,0.037,0.008999999999999998,0.003507135583350035,-5.241642570495605,0.058863483831969834,8.002142524719238,0.058863483831969834,0.0,0.0,0.024195,0.043805000000000004
dinov2,8,False,0.61,61,156,0.609375,60.9375,ZERO,0.0322,0.003271085446759227,0.027,0.035,0.008000000000000004,0.003271085446759227,-5.314885997772217,0.05966015684456754,8.07538595199585,0.05966015684456754,0.0,0.0,0.022995,0.042005
dinov2,8,False,0.62,62,159,0.62109375,62.109375,ZERO,0.028399999999999998,0.0031304951684997056,0.023,0.031,0.008,0.0031304951684997056,-5.424643707275391,0.051224163029185,8.185143661499023,0.051224163029185,0.0,0.0,0.0192,0.039200000000000006
dinov2,8,False,0.63,63,161,0.62890625,62.890625,ZERO,0.027000000000000003,0.003741657386773941,0.021,0.031,0.009999999999999998,0.003741657386773941,-5.49155216217041,0.055086234900419966,8.252052116394044,0.05508623490041996,0.0,0.0,0.017595000000000003,0.0366
dinov2,8,False,0.64,64,164,0.640625,64.0625,ZERO,0.0248,0.0031144823004794872,0.02,0.028,0.008,0.0031144823004794872,-5.59805736541748,0.053264049150351676,8.358557319641113,0.053264049150351676,0.0,0.0,0.0166,0.0344
dinov2,8,False,0.65,65,166,0.6484375,64.84375,ZERO,0.022600000000000002,0.0020736441353327723,0.02,0.025,0.005000000000000001,0.0020736441353327723,-5.661244010925293,0.05233230225695904,8.421743965148925,0.05233230225695904,0.0,0.0,0.013800000000000002,0.031204999999999993
dinov2,8,False,0.66,66,169,0.66015625,66.015625,ZERO,0.0198,0.0021679483388678806,0.018,0.023,0.005000000000000001,0.0021679483388678806,-5.777449607849121,0.04925374960676059,8.537949562072754,0.04925374960676059,0.0,0.0,0.0128,0.027800000000000002
dinov2,8,False,0.67,67,172,0.671875,67.1875,ZERO,0.019,0.0024494897427831783,0.016,0.022,0.005999999999999998,0.0024494897427831783,-5.8799741744995115,0.03740012413405137,8.640474128723145,0.03740012413405137,0.0,0.0,0.011800000000000001,0.027
dinov2,8,False,0.68,68,174,0.6796875,67.96875,ZERO,0.0176,0.0020736441353327723,0.016,0.021,0.005000000000000001,0.0020736441353327723,-5.955981636047364,0.03611244523601509,8.716481590270996,0.03611244523601509,0.0,0.0,0.0104,0.025204999999999998
dinov2,8,False,0.69,69,177,0.69140625,69.140625,ZERO,0.015,0.00273861278752583,0.012,0.019,0.006999999999999999,0.00273861278752583,-6.062408447265625,0.027092102565426948,8.822908401489258,0.027092102565426948,0.0,0.0,0.0088,0.021804999999999995
dinov2,8,False,0.7,70,179,0.69921875,69.921875,ZERO,0.0142,0.0029495762407505247,0.01,0.018,0.007999999999999998,0.0029495762407505247,-6.125406265258789,0.029794029854062775,8.885906219482422,0.029794029854062775,0.0,0.0,0.008199999999999999,0.0206
dinov2,8,False,0.71,71,182,0.7109375,71.09375,ZERO,0.0124,0.0035071355833500364,0.008,0.017,0.009000000000000001,0.0035071355833500364,-6.222131729125977,0.02065753306902601,8.98263168334961,0.02065753306902601,0.0,0.0,0.0066,0.019
dinov2,8,False,0.72,72,184,0.71875,71.875,ZERO,0.0114,0.0031304951684997056,0.008,0.016,0.008,0.0031304951684997056,-6.2934976577758786,0.015969433593631566,9.053997611999511,0.015969433593631566,0.0,0.0,0.0064,0.0176
dinov2,8,False,0.73,73,187,0.73046875,73.046875,ZERO,0.0094,0.003049590136395381,0.007,0.014,0.007,0.003049590136395381,-6.409249591827392,0.007548831586109556,9.169749546051026,0.007548831586109556,0.0,0.0,0.005,0.014399999999999998
dinov2,8,False,0.74,74,189,0.73828125,73.828125,ZERO,0.0084,0.003049590136395381,0.005,0.012,0.007,0.003049590136395381,-6.477269458770752,0.00841136704892547,9.237769412994385,0.00841136704892547,0.0,0.0,0.004,0.0134
dinov2,8,False,0.75,75,192,0.75,75.0,ZERO,0.007000000000000001,0.00273861278752583,0.004,0.011,0.006999999999999999,0.00273861278752583,-6.590770626068116,0.00886864473077892,9.351270580291748,0.00886864473077892,0.0,0.0,0.0032,0.011399999999999999
dinov2,8,False,0.76,76,195,0.76171875,76.171875,ZERO,0.0062,0.002588435821108957,0.003,0.01,0.007,0.002588435821108957,-6.705478286743164,0.015724242342207095,9.465978240966797,0.015724242342207095,0.0,0.0,0.002995,0.0104
dinov2,8,False,0.77,77,197,0.76953125,76.953125,ZERO,0.005800000000000001,0.0021679483388678798,0.003,0.009,0.005999999999999999,0.0021679483388678798,-6.7797143936157225,0.023085372655312898,9.540214347839356,0.023085372655312898,0.0,0.0,0.0024000000000000002,0.009800000000000001
dinov2,8,False,0.78,78,200,0.78125,78.125,ZERO,0.004,0.0018708286933869708,0.002,0.007,0.005,0.0018708286933869708,-6.89069185256958,0.03089207604869058,9.651191806793213,0.03089207604869058,0.0,0.0,0.0012000000000000001,0.0076
dinov2,8,False,0.79,79,202,0.7890625,78.90625,ZERO,0.0036000000000000003,0.0020736441353327723,0.002,0.007,0.005,0.0020736441353327723,-6.968486976623535,0.030091471042892864,9.728986930847167,0.030091471042892864,0.0,0.0,0.001,0.007
dinov2,8,False,0.8,80,205,0.80078125,80.078125,ZERO,0.003,0.001224744871391589,0.002,0.005,0.003,0.001224744871391589,-7.09293384552002,0.03047046252961257,9.853433799743652,0.030470462529612566,0.0,0.0,0.0007950000000000004,0.006
dinov2,8,False,0.81,81,207,0.80859375,80.859375,ZERO,0.0027999999999999995,0.0008366600265340754,0.002,0.004,0.002,0.0008366600265340754,-7.164676094055176,0.03474553002904678,9.925176048278809,0.03474553002904678,0.0,0.0,0.0004,0.0058000000000000005
dinov2,8,False,0.82,82,210,0.8203125,82.03125,ZERO,0.0021999999999999997,0.00044721359549995795,0.002,0.003,0.001,0.00044721359549995795,-7.2838584899902346,0.03599417195487102,10.044358444213866,0.03599417195487102,0.0,0.0,0.0002,0.005
dinov2,8,False,0.83,83,212,0.828125,82.8125,ZERO,0.0016,0.0005477225575051661,0.001,0.002,0.001,0.0005477225575051661,-7.364795780181884,0.0409570413950239,10.125295734405517,0.0409570413950239,0.0,0.0,0.0002,0.004
dinov2,8,False,0.84,84,215,0.83984375,83.984375,ZERO,0.0012000000000000001,0.00044721359549995795,0.001,0.002,0.001,0.00044721359549995795,-7.473932361602783,0.03373820112482411,10.234432315826416,0.03373820112482411,0.0,0.0,0.0,0.0034000000000000002
dinov2,8,False,0.85,85,218,0.8515625,85.15625,ZERO,0.001,0.0,0.001,0.001,0.0,0.0,-7.583250713348389,0.03631717486714614,10.34375066757202,0.03631717486714614,0.0,0.0,0.0,0.003
dinov2,8,False,0.86,86,220,0.859375,85.9375,ZERO,0.001,0.0,0.001,0.001,0.0,0.0,-7.655689334869384,0.02957661297557685,10.416189289093017,0.02957661297557685,0.0,0.0,0.0,0.003
dinov2,8,False,0.87,87,223,0.87109375,87.109375,ZERO,0.001,0.0,0.001,0.001,0.0,0.0,-7.761586380004883,0.03619992246922733,10.522086334228515,0.03619992246922733,0.0,0.0,0.0,0.004
dinov2,8,False,0.88,88,225,0.87890625,87.890625,ZERO,0.001,0.0,0.001,0.001,0.0,0.0,-7.839333438873291,0.03074188965956539,10.599833393096924,0.03074188965956539,0.0,0.0,0.0,0.003
dinov2,8,False,0.89,89,228,0.890625,89.0625,ZERO,0.001,0.0,0.001,0.001,0.0,0.0,-7.948927974700927,0.028271912343999783,10.70942792892456,0.028271912343999783,0.0,0.0,0.0,0.003
dinov2,8,False,0.9,90,230,0.8984375,89.84375,ZERO,0.001,0.0,0.001,0.001,0.0,0.0,-8.012784957885742,0.03411550453982731,10.773284912109375,0.03411550453982731,0.0,0.0,0.0,0.003
dinov2,8,False,0.91,91,233,0.91015625,91.015625,ZERO,0.001,0.0,0.001,0.001,0.0,0.0,-8.11169204711914,0.04078021483812748,10.872192001342773,0.04078021483812748,0.0,0.0,0.0,0.003
dinov2,8,False,0.92,92,236,0.921875,92.1875,ZERO,0.001,0.0,0.001,0.001,0.0,0.0,-8.208026123046874,0.040176853412662625,10.968526077270507,0.040176853412662625,0.0,0.0,0.0,0.003
dinov2,8,False,0.93,93,238,0.9296875,92.96875,ZERO,0.001,0.0,0.001,0.001,0.0,0.0,-8.269499397277832,0.0347623253642613,11.029999351501464,0.0347623253642613,0.0,0.0,0.0,0.003
dinov2,8,False,0.94,94,241,0.94140625,94.140625,ZERO,0.001,0.0,0.001,0.001,0.0,0.0,-8.356289672851563,0.03726251230373756,11.116789627075196,0.03726251230373756,0.0,0.0,0.0,0.003
dinov2,8,False,0.95,95,243,0.94921875,94.921875,ZERO,0.001,0.0,0.001,0.001,0.0,0.0,-8.410107803344726,0.030758311571936536,11.170607757568359,0.030758311571936536,0.0,0.0,0.0,0.003
dinov2,8,False,0.96,96,246,0.9609375,96.09375,ZERO,0.001,0.0,0.001,0.001,0.0,0.0,-8.492970848083496,0.03189004314644257,11.25347080230713,0.03189004314644257,0.0,0.0,0.0,0.003
dinov2,8,False,0.97,97,248,0.96875,96.875,ZERO,0.001,0.0,0.001,0.001,0.0,0.0,-8.536685562133789,0.0290577931887109,11.297185516357422,0.0290577931887109,0.0,0.0,0.0,0.003
dinov2,8,False,0.98,98,251,0.98046875,98.046875,ZERO,0.001,0.0,0.001,0.001,0.0,0.0,-8.608593368530274,0.013906876915156303,11.369093322753907,0.013906876915156303,0.0,0.0,0.0,0.004
dinov2,8,False,0.99,99,253,0.98828125,98.828125,ZERO,0.001,0.0,0.001,0.001,0.0,0.0,-8.641443824768066,0.01260134169578724,11.401943778991699,0.01260134169578724,0.0,0.0,0.0,0.003
dinov2,8,False,1.0,100,256,1.0,100.0,ZERO,0.001,0.0,0.001,0.001,0.0,0.0,-8.711153030395508,0.0,11.47165298461914,0.0,0.0,0.0,0.0,0.003
dinov2,9,True,0.0,0,0,0.0,0.0,CENTROID,0.788,0.0,0.788,0.788,0.0,0.0,2.760499954223633,0.0,0.0,0.0,0.0,,0.764,0.813
dinov2,9,True,0.01,1,3,0.01171875,1.171875,CENTROID,0.7869999999999999,0.0007071067811865482,0.786,0.788,0.0020000000000000018,0.0007071067811865482,2.7554062366485597,0.005459687356504721,0.005093717575073242,0.005459687356504721,0.06456365585327148,,0.76099,0.81221
dinov2,9,True,0.02,2,5,0.01953125,1.953125,CENTROID,0.7864000000000001,0.0018165902124584966,0.784,0.789,0.0050000000000000044,0.0018165902124584966,2.7518115997314454,0.007518476096575167,0.0086883544921875,0.007518476096575167,0.1993736743927002,0.9594250537130294,0.760595,0.8100050000000001
dinov2,9,True,0.03,3,8,0.03125,3.125,CENTROID,0.7858,0.0031937438845342655,0.782,0.79,0.008000000000000007,0.0031937438845342655,2.7454708576202393,0.006831772297382527,0.015029096603393554,0.006831772297382527,0.49758734703063967,0.9708439095367186,0.760995,0.8098099999999999
dinov2,9,True,0.04,4,10,0.0390625,3.90625,CENTROID,0.7849999999999999,0.003937003937005909,0.782,0.791,0.009000000000000008,0.003937003937005909,2.7401062488555907,0.007922587379763391,0.02039370536804199,0.007922587379763391,0.7782056331634521,0.9745513228128818,0.759995,0.808805
dinov2,9,True,0.05,5,13,0.05078125,5.078125,CENTROID,0.7834000000000001,0.0032093613071762454,0.779,0.786,0.007000000000000006,0.0032093613071762454,2.7332977771759035,0.008691750125686513,0.02720217704772949,0.008691750125686513,1.3011346817016602,0.9795568638387081,0.75739,0.809
dinov2,9,True,0.06,6,15,0.05859375,5.859375,CENTROID,0.7814,0.0040987803063838426,0.776,0.785,0.009000000000000008,0.0040987803063838426,2.7255430698394774,0.011136811182619753,0.03495688438415527,0.011136811182619753,1.6895330190658568,0.9797700861786973,0.75519,0.8060050000000001
dinov2,9,True,0.07,7,18,0.0703125,7.03125,CENTROID,0.781,0.004690415759823434,0.775,0.785,0.010000000000000009,0.004690415759823434,2.717693567276001,0.010965306362960553,0.042806386947631836,0.010965306362960553,2.3174978494644165,0.9818759557607711,0.7565799999999999,0.806
dinov2,9,True,0.08,8,20,0.078125,7.8125,CENTROID,0.7804,0.004560701700396556,0.776,0.786,0.010000000000000009,0.004560701700396556,2.707756996154785,0.008979755399069839,0.052742958068847656,0.008979755399069839,2.740408028289676,0.981138870036462,0.75459,0.8052
dinov2,9,True,0.09,9,23,0.08984375,8.984375,CENTROID,0.7783999999999999,0.0032093613071762454,0.775,0.782,0.007000000000000006,0.0032093613071762454,2.6950070381164553,0.009508200885416068,0.06549291610717774,0.009508200885416066,3.3794163703918456,0.9810044434797174,0.7514000000000001,0.8020100000000001
dinov2,9,True,0.1,10,26,0.1015625,10.15625,CENTROID,0.7792,0.002280350850198278,0.776,0.782,0.006000000000000005,0.002280350850198278,2.677887535095215,0.011018235631931075,0.08261241912841796,0.011018235631931075,3.9968248844146728,0.9797671998877231,0.7537799999999999,0.8051999999999999
dinov2,9,True,0.11,11,28,0.109375,10.9375,CENTROID,0.7802,0.0025884358211089595,0.777,0.783,0.006000000000000005,0.0025884358211089595,2.6668105125427246,0.007973698530404976,0.0936894416809082,0.007973698530404976,4.3827070713043215,0.9790835344914516,0.754195,0.8048099999999999
dinov2,9,True,0.12,12,31,0.12109375,12.109375,CENTROID,0.7798,0.0019235384061671362,0.778,0.783,0.0050000000000000044,0.0019235384061671362,2.6481348514556884,0.005371509348790733,0.11236510276794434,0.005371509348790734,4.910101890563965,0.977633969869947,0.7557949999999999,0.80601
dinov2,9,True,0.13,13,33,0.12890625,12.890625,CENTROID,0.7796,0.0011401754250991388,0.778,0.781,0.0030000000000000027,0.0011401754250991388,2.6343388080596926,0.006263501696041393,0.12616114616394042,0.006263501696041393,5.233203792572022,0.9764662388271604,0.756385,0.8044
dinov2,9,True,0.14,14,36,0.140625,14.0625,CENTROID,0.7782,0.0014832396974191339,0.776,0.78,0.0040000000000000036,0.0014832396974191339,2.6084546566009523,0.01037029914653847,0.15204529762268065,0.01037029914653847,5.697120666503906,0.9740134810152006,0.7523949999999999,0.8030050000000001
dinov2,9,True,0.15,15,38,0.1484375,14.84375,CENTROID,0.7784000000000001,0.0026076809620810618,0.775,0.781,0.006000000000000005,0.0026076809620810618,2.593045473098755,0.010625916643726072,0.16745448112487793,0.010625916643726072,5.974762058258056,0.9727462994900853,0.7536,0.8034000000000001
dinov2,9,True,0.16,16,41,0.16015625,16.015625,CENTROID,0.778,0.0036742346141747707,0.773,0.782,0.009000000000000008,0.0036742346141747707,2.562840700149536,0.00872299290899325,0.19765925407409668,0.00872299290899325,6.363273239135742,0.9698790827764722,0.7515949999999999,0.8038
dinov2,9,True,0.17,17,44,0.171875,17.1875,CENTROID,0.776,0.006164414002968982,0.766,0.78,0.014000000000000012,0.006164414002968982,2.5313900470733643,0.0103086737354156,0.22910990715026855,0.0103086737354156,6.705194330215454,0.9669649068879653,0.7512000000000001,0.8005999999999999
dinov2,9,True,0.18,18,46,0.1796875,17.96875,CENTROID,0.7722,0.004764451699828642,0.765,0.778,0.013000000000000012,0.004764451699828642,2.506859302520752,0.016210128083052243,0.25364065170288086,0.016210128083052243,6.918435764312744,0.9646459422005138,0.7465849999999999,0.795805
dinov2,9,True,0.19,19,49,0.19140625,19.140625,CENTROID,0.771,0.006782329983125274,0.76,0.777,0.017000000000000015,0.006782329983125274,2.4628492832183837,0.01916519531020734,0.297650671005249,0.019165195310207342,7.193105554580688,0.9602750800066937,0.7454,0.7964050000000001
dinov2,9,True,0.2,20,51,0.19921875,19.921875,CENTROID,0.7684,0.005941380311005184,0.758,0.773,0.015000000000000013,0.005941380311005184,2.4363447189331056,0.01778864362246127,0.32415523529052737,0.01778864362246127,7.352181720733642,0.9577812116006437,0.742995,0.7922
dinov2,9,True,0.21,21,54,0.2109375,21.09375,CENTROID,0.7642,0.004764451699828642,0.757,0.77,0.013000000000000012,0.004764451699828642,2.38968768119812,0.017931215515570635,0.3708122730255127,0.01793121551557063,7.564383935928345,0.95327869240019,0.7391900000000001,0.7894100000000001
dinov2,9,True,0.22,22,56,0.21875,21.875,CENTROID,0.7612,0.00420713679359253,0.754,0.764,0.010000000000000009,0.00420713679359253,2.354764461517334,0.014673603731941808,0.40573549270629883,0.014673603731941808,7.688750076293945,0.949879388918412,0.7348,0.785
dinov2,9,True,0.23,23,59,0.23046875,23.046875,CENTROID,0.7542,0.004438468204234433,0.748,0.759,0.01100000000000001,0.004438468204234433,2.3012912273406982,0.016801279577536014,0.45920872688293457,0.016801279577536014,7.846450281143189,0.9447174305842326,0.728,0.77921
dinov2,9,True,0.24,24,61,0.23828125,23.828125,CENTROID,0.7496,0.0027018512172212613,0.747,0.753,0.006000000000000005,0.0027018512172212613,2.258738470077515,0.019223336073915416,0.5017614841461182,0.019223336073915416,7.9343788623809814,0.9405287645750974,0.7237850000000001,0.7758050000000001
dinov2,9,True,0.25,25,64,0.25,25.0,CENTROID,0.7414,0.0025099800796022287,0.739,0.745,0.006000000000000005,0.0025099800796022287,2.1986545085906983,0.019889284403328888,0.5618454456329346,0.019889284403328888,8.044973230361938,0.934724833787911,0.7133900000000002,0.767005
dinov2,9,True,0.26,26,67,0.26171875,26.171875,CENTROID,0.737,0.0031622776601683824,0.733,0.741,0.008000000000000007,0.0031622776601683824,2.1341977596282957,0.02026581088620897,0.6263021945953369,0.02026581088620897,8.121884107589722,0.9284122648255118,0.711595,0.763005
dinov2,9,True,0.27,27,69,0.26953125,26.953125,CENTROID,0.7302,0.0052153619241621235,0.725,0.738,0.013000000000000012,0.0052153619241621235,2.0895442962646484,0.02626129210979612,0.6709556579589844,0.02626129210979612,8.17126169204712,0.9241276257381379,0.7038,0.754
dinov2,9,True,0.28,28,72,0.28125,28.125,CENTROID,0.7226,0.0037815340802378108,0.718,0.726,0.008000000000000007,0.0037815340802378108,2.0180393934249876,0.024870023000242925,0.742460560798645,0.024870023000242925,8.230404353141784,0.9172619790227925,0.697395,0.7472
dinov2,9,True,0.29,29,74,0.2890625,28.90625,CENTROID,0.7148,0.005357238094391554,0.708,0.722,0.014000000000000012,0.005357238094391554,1.9645541667938233,0.02855077946534926,0.7959457874298096,0.02855077946534926,8.258823919296265,0.9121058279384707,0.6875949999999998,0.74081
dinov2,9,True,0.3,30,77,0.30078125,30.078125,CENTROID,0.704,0.005612486080160917,0.698,0.712,0.014000000000000012,0.005612486080160917,1.8972269296646118,0.02900550632325212,0.863273024559021,0.02900550632325212,8.28138201236725,0.9056058100741666,0.6775949999999998,0.733225
dinov2,9,True,0.31,31,79,0.30859375,30.859375,CENTROID,0.7001999999999999,0.0029495762407505278,0.697,0.703,0.006000000000000005,0.0029495762407505278,1.8448714733123779,0.024905560103709652,0.9156284809112549,0.024905560103709652,8.29039454460144,0.9005451374813006,0.6744000000000001,0.7270099999999999
dinov2,9,True,0.32,32,82,0.3203125,32.03125,CENTROID,0.692,0.0050990195135927575,0.686,0.698,0.0119999999999999,0.0050990195135927575,1.7691405534744262,0.033257394718579116,0.9913594007492066,0.033257394718579116,8.292604088783264,0.8932264892745245,0.665195,0.717805
dinov2,9,True,0.33,33,84,0.328125,32.8125,CENTROID,0.6868000000000001,0.006180614856144927,0.678,0.693,0.014999999999999902,0.006180614856144927,1.7180094957351684,0.03482423103419369,1.0424904584884644,0.03482423103419369,8.286654114723206,0.8882649310686206,0.65759,0.7123999999999999
dinov2,9,True,0.34,34,87,0.33984375,33.984375,CENTROID,0.6778000000000001,0.0048166378315169225,0.671,0.684,0.013000000000000012,0.0048166378315169225,1.6275510311126709,0.04295730221844203,1.132948923110962,0.04295730221844203,8.262396192550659,0.8794261117136093,0.65,0.7046049999999999
dinov2,9,True,0.35,35,90,0.3515625,35.15625,CENTROID,0.6666,0.005770615218501409,0.659,0.675,0.016000000000000014,0.005770615218501409,1.541516089439392,0.04969359219287236,1.2189838647842408,0.04969359219287236,8.237139105796814,0.8711045283823495,0.6415850000000001,0.693805
dinov2,9,True,0.36,36,92,0.359375,35.9375,CENTROID,0.6636,0.006387487769068531,0.655,0.672,0.017000000000000015,0.006387487769068531,1.4878183364868165,0.04706258800338743,1.2726816177368163,0.04706258800338743,8.21464262008667,0.8658650617654379,0.636995,0.6912050000000001
dinov2,9,True,0.37,37,95,0.37109375,37.109375,CENTROID,0.6524000000000001,0.010644247272588147,0.643,0.669,0.026000000000000023,0.010644247272588147,1.4000270128250123,0.04928948952360706,1.3604729413986205,0.04928948952360706,8.175229573249817,0.8573372673491008,0.6261900000000001,0.6794050000000001
dinov2,9,True,0.38,38,97,0.37890625,37.890625,CENTROID,0.6484000000000001,0.010358571330062856,0.637,0.663,0.026000000000000023,0.010358571330062856,1.3416457891464233,0.04449754684897021,1.4188541650772095,0.04449754684897021,8.146718668937684,0.8516784740689157,0.62097,0.676605
dinov2,9,True,0.39,39,100,0.390625,39.0625,CENTROID,0.6402,0.011541230437002817,0.624,0.654,0.030000000000000027,0.011541230437002817,1.2483438730239869,0.040731133463142465,1.512156081199646,0.040731133463142465,8.097714638710022,0.8426525453968543,0.61219,0.6654100000000001
dinov2,9,True,0.4,40,102,0.3984375,39.84375,CENTROID,0.6326,0.012177848742696727,0.615,0.649,0.03400000000000003,0.012177848742696727,1.1861363887786864,0.04156547181854321,1.5743635654449464,0.04156547181854321,8.065172624588012,0.8366832815597256,0.60439,0.6587999999999999
dinov2,9,True,0.41,41,105,0.41015625,41.015625,CENTROID,0.6202,0.011432410069622251,0.603,0.634,0.031000000000000028,0.011432410069622251,1.08709774017334,0.03754754922318321,1.6734022140502929,0.03754754922318321,8.01184024810791,0.8272270758230068,0.59199,0.6462
dinov2,9,True,0.42,42,108,0.421875,42.1875,CENTROID,0.6123999999999999,0.011781341180018523,0.597,0.629,0.03200000000000003,0.011781341180018523,0.986247432231903,0.03949794818158979,1.7742525219917298,0.03949794818158979,7.955184924602508,0.817646408201304,0.5838,0.642005
dinov2,9,True,0.43,43,110,0.4296875,42.96875,CENTROID,0.605,0.008573214099741131,0.597,0.618,0.02100000000000002,0.008573214099741131,0.9180026888847351,0.04187316703076191,1.8424972653388978,0.0418731670307619,7.914509284496307,0.8111674764739016,0.5748,0.633805
dinov2,9,True,0.44,44,113,0.44140625,44.140625,CENTROID,0.597,0.007106335201775954,0.59,0.605,0.015000000000000013,0.007106335201775954,0.8211012482643127,0.04446168355755877,1.93939870595932,0.04446168355755877,7.859286272525788,0.8020803528741297,0.56799,0.6258099999999999
dinov2,9,True,0.45,45,115,0.44921875,44.921875,CENTROID,0.5871999999999999,0.00858487041253391,0.58,0.6,0.020000000000000018,0.00858487041253391,0.7483382821083069,0.05456533593042255,2.012161672115326,0.05456533593042255,7.814647543430328,0.7952420142636042,0.5575899999999999,0.616805
dinov2,9,True,0.46,46,118,0.4609375,46.09375,CENTROID,0.5771999999999999,0.010592450141492299,0.569,0.594,0.025000000000000022,0.010592450141492299,0.6359433770179749,0.06555823048929299,2.124556577205658,0.06555823048929299,7.750723421573639,0.7848666808532678,0.5476,0.60621
dinov2,9,True,0.47,47,120,0.46875,46.875,CENTROID,0.5690000000000001,0.013397761006974223,0.553,0.588,0.03499999999999992,0.013397761006974223,0.5604782819747924,0.07710623672858308,2.20002167224884,0.07710623672858308,7.707247424125671,0.7779465857067253,0.5405949999999999,0.5974050000000001
dinov2,9,True,0.48,48,123,0.48046875,48.046875,CENTROID,0.5591999999999999,0.01648332490731159,0.541,0.583,0.041999999999999926,0.01648332490731159,0.4457076609134674,0.08362011744424562,2.3147922933101652,0.08362011744424562,7.643038994073867,0.7675476464653295,0.528595,0.58661
dinov2,9,True,0.49,49,125,0.48828125,48.828125,CENTROID,0.55,0.01632482771731448,0.531,0.574,0.04299999999999993,0.01632482771731448,0.3713452875614166,0.08705504426492024,2.389154666662216,0.08705504426492024,7.604910522699356,0.7609497748217606,0.5211749999999999,0.579005
dinov2,9,True,0.5,50,128,0.5,50.0,CENTROID,0.5408000000000002,0.014652644812456227,0.52,0.558,0.038000000000000034,0.014652644812456227,0.25699334144592284,0.08334073728463078,2.50350661277771,0.08334073728463078,7.547066259384155,0.7509149948943603,0.510585,0.567805
dinov2,9,True,0.51,51,131,0.51171875,51.171875,CENTROID,0.5294,0.011717508267545633,0.513,0.542,0.029000000000000026,0.011717508267545633,0.14997635036706924,0.0779948980227212,2.6105236038565636,0.0779948980227212,7.50220623165369,0.7418606887192379,0.500995,0.5588
dinov2,9,True,0.52,52,133,0.51953125,51.953125,CENTROID,0.5210000000000001,0.007211102550927985,0.514,0.531,0.017000000000000015,0.007211102550927985,0.0729646235704422,0.07768784366581,2.6875353306531906,0.07768784366581,7.471666768193245,0.7354614705691117,0.492795,0.55241
dinov2,9,True,0.53,53,136,0.53125,53.125,CENTROID,0.5088000000000001,0.012357184145265468,0.495,0.527,0.03200000000000003,0.012357184145265468,-0.038435242138803005,0.08133182684890589,2.798935196362436,0.08133182684890589,7.434860827960074,0.7265046698754372,0.478795,0.5384050000000001
dinov2,9,True,0.54,54,138,0.5390625,53.90625,CENTROID,0.5006,0.011326958991715305,0.491,0.52,0.029000000000000026,0.011326958991715305,-0.11733969412744046,0.07109309620476625,2.877839648351073,0.07109309620476625,7.410816395655274,0.7202895907233557,0.474995,0.5294000000000001
dinov2,9,True,0.55,55,141,0.55078125,55.078125,CENTROID,0.488,0.008514693182963207,0.482,0.503,0.02100000000000002,0.008514693182963207,-0.23022618293762206,0.07313020105956901,2.990726137161255,0.07313020105956901,7.383482027053833,0.7117145664248711,0.46179500000000007,0.5172
dinov2,9,True,0.56,56,143,0.55859375,55.859375,CENTROID,0.48019999999999996,0.00858487041253391,0.471,0.493,0.02200000000000002,0.00858487041253391,-0.3079767137765884,0.07610304703601693,3.0684766680002213,0.07610304703601693,7.366166219115257,0.7059330277929997,0.45299500000000004,0.5104050000000001
dinov2,9,True,0.57,57,146,0.5703125,57.03125,CENTROID,0.4664,0.010667708282475655,0.457,0.484,0.02699999999999997,0.010667708282475655,-0.4413305163383484,0.07064511561171354,3.201830470561981,0.07064511561171354,7.331544315814972,0.6960285170654961,0.439965,0.49281
dinov2,9,True,0.58,58,148,0.578125,57.8125,CENTROID,0.4606,0.008848728722251566,0.448,0.472,0.023999999999999966,0.008848728722251566,-0.5303409278392792,0.07415858715467981,3.290840882062912,0.07415858715467981,7.317593508958817,0.6897882596613921,0.43359500000000006,0.4886
dinov2,9,True,0.59,59,151,0.58984375,58.984375,CENTROID,0.44820000000000004,0.010232301793829196,0.434,0.461,0.027000000000000024,0.010232301793829196,-0.6677596092224121,0.09071904983511964,3.428259563446045,0.09071904983511965,7.289665222167969,0.6801352661965974,0.42059,0.4764
dinov2,9,True,0.6,60,154,0.6015625,60.15625,CENTROID,0.43479999999999996,0.01094074951728629,0.418,0.445,0.027000000000000024,0.01094074951728629,-0.7910149574279786,0.09116518574762617,3.551514911651611,0.09116518574762617,7.282095813751221,0.6721715481089261,0.4061950000000001,0.46419999999999995
dinov2,9,True,0.61,61,156,0.609375,60.9375,CENTROID,0.4274,0.011844830095868841,0.41,0.439,0.029000000000000026,0.011844830095868841,-0.8764129519462586,0.09017086051544701,3.6369129061698913,0.090170860515447,7.274503147602081,0.6666839799053431,0.39979499999999996,0.45440499999999995
dinov2,9,True,0.62,62,159,0.62109375,62.109375,CENTROID,0.413,0.010124228365658287,0.401,0.424,0.022999999999999965,0.010124228365658287,-1.019211757183075,0.07991936862047432,3.7797117114067076,0.07991936862047432,7.251784145832062,0.6573650815811334,0.385395,0.44081999999999993
dinov2,9,True,0.63,63,161,0.62890625,62.890625,CENTROID,0.4056,0.011480418110852915,0.392,0.421,0.02899999999999997,0.011480418110852915,-1.109819269180298,0.0856719316666113,3.8703192234039308,0.0856719316666113,7.242932271957398,0.6517336003752795,0.37779,0.43240999999999996
dinov2,9,True,0.64,64,164,0.640625,64.0625,CENTROID,0.3894,0.010163660757817538,0.376,0.401,0.025000000000000022,0.010163660757817538,-1.2485590696334838,0.10014677604534111,4.009059023857117,0.10014677604534111,7.227059483528137,0.6431931876674926,0.36359500000000006,0.41801
dinov2,9,True,0.65,65,166,0.6484375,64.84375,CENTROID,0.382,0.013674794331177355,0.367,0.398,0.031000000000000028,0.013674794331177355,-1.3252294540405274,0.0923235695731246,4.08572940826416,0.09232356957312458,7.232143402099609,0.638995446640096,0.35579500000000003,0.41141
dinov2,9,True,0.66,66,169,0.66015625,66.015625,CENTROID,0.36639999999999995,0.010310189135025613,0.354,0.38,0.026000000000000023,0.010310189135025613,-1.4806181907653808,0.08453768405089439,4.241118144989014,0.08453768405089439,7.202717876434326,0.6293900200267102,0.34038999999999997,0.39239999999999997
dinov2,9,True,0.67,67,172,0.671875,67.1875,CENTROID,0.35540000000000005,0.006804410334481606,0.348,0.364,0.016000000000000014,0.006804410334481606,-1.6288897514343261,0.07289561152294005,4.389389705657959,0.07289561152294005,7.182298946380615,0.6206755361536821,0.32898,0.38180499999999995
dinov2,9,True,0.68,68,174,0.6796875,67.96875,CENTROID,0.34319999999999995,0.004438468204234403,0.339,0.348,0.008999999999999952,0.004438468204234403,-1.7350468397140504,0.071222050982331,4.495546793937683,0.071222050982331,7.16252281665802,0.6143826057053416,0.31560000000000005,0.3716
dinov2,9,True,0.69,69,177,0.69140625,69.140625,CENTROID,0.3298,0.007259476565152621,0.323,0.341,0.018000000000000016,0.007259476565152621,-1.8978827476501465,0.06886660862908311,4.658382701873779,0.06886660862908311,7.125004291534424,0.6046625777129708,0.30159500000000006,0.3564
dinov2,9,True,0.7,70,179,0.69921875,69.921875,CENTROID,0.3214,0.007231873892705824,0.312,0.332,0.020000000000000018,0.007231873892705824,-1.991981315612793,0.06759035176927465,4.752481269836426,0.06759035176927465,7.1086530685424805,0.5993213399182352,0.294995,0.347605
dinov2,9,True,0.71,71,182,0.7109375,71.09375,CENTROID,0.3074,0.005029910535983721,0.301,0.312,0.01100000000000001,0.005029910535983721,-2.132455348968506,0.06319269973278309,4.892955303192139,0.06319269973278309,7.083091831207275,0.5914368408021577,0.28098,0.33501000000000003
dinov2,9,True,0.72,72,184,0.71875,71.875,CENTROID,0.2964,0.0053665631459995,0.292,0.304,0.01200000000000001,0.0053665631459995,-2.2525129318237305,0.0758047482899929,5.013012886047363,0.0758047482899929,7.04234619140625,0.5841664655094039,0.270385,0.32181000000000004
dinov2,9,True,0.73,73,187,0.73046875,73.046875,CENTROID,0.279,0.006519202405202638,0.269,0.287,0.01799999999999996,0.006519202405202638,-2.435903215408325,0.07261429340244875,5.196403169631958,0.07261429340244875,6.975882863998413,0.5730955563096168,0.25579,0.30340500000000004
dinov2,9,True,0.74,74,189,0.73828125,73.828125,CENTROID,0.26980000000000004,0.008757853618324535,0.258,0.281,0.02300000000000002,0.008757853618324535,-2.5419690132141115,0.07876752474041789,5.302468967437744,0.07876752474041789,6.943497180938721,0.5670012797071484,0.24398999999999998,0.29220000000000007
dinov2,9,True,0.75,75,192,0.75,75.0,CENTROID,0.2548,0.005630275304103705,0.249,0.262,0.013000000000000012,0.005630275304103705,-2.7331684112548826,0.09615558523563988,5.4936683654785154,0.09615558523563988,6.86292610168457,0.5554020307435571,0.23159000000000002,0.2782
dinov2,9,True,0.76,76,195,0.76171875,76.171875,CENTROID,0.2378,0.00903880523078133,0.229,0.252,0.022999999999999993,0.00903880523078133,-2.927191638946533,0.08735981638452914,5.687691593170166,0.08735981638452914,6.774098110198975,0.5435846292469083,0.214395,0.2612
dinov2,9,True,0.77,77,197,0.76953125,76.953125,CENTROID,0.22680000000000003,0.00785493475466219,0.217,0.238,0.02099999999999999,0.00785493475466219,-3.0361624717712403,0.08011636160175681,5.796662425994873,0.08011636160175681,6.73178129196167,0.5373149843748446,0.20499499999999998,0.2508
dinov2,9,True,0.78,78,200,0.78125,78.125,CENTROID,0.2112,0.007190271204899026,0.205,0.222,0.017000000000000015,0.007190271204899026,-3.2336568355560305,0.08542240137696706,5.994156789779663,0.08542240137696706,6.6317400455474855,0.5252423285141458,0.189595,0.2334
dinov2,9,True,0.79,79,202,0.7890625,78.90625,CENTROID,0.1988,0.008043631020876074,0.19,0.205,0.014999999999999986,0.008043631020876074,-3.3578858852386473,0.07693531985473581,6.11838583946228,0.07693531985473581,6.573785066604614,0.5179378867609576,0.17760000000000004,0.22000999999999998
dinov2,9,True,0.8,80,205,0.80078125,80.078125,CENTROID,0.1814,0.007300684899377598,0.172,0.19,0.018000000000000016,0.007300684899377598,-3.575126791000366,0.07635127537713324,6.335626745223999,0.07635127537713324,6.4501513004302975,0.5044773072031182,0.16158500000000003,0.202
dinov2,9,True,0.81,81,207,0.80859375,80.859375,CENTROID,0.1738,0.008167006795638162,0.165,0.185,0.01999999999999999,0.008167006795638162,-3.6949519157409667,0.08610165205954722,6.4554518699646,0.08610165205954722,6.386844539642334,0.49732704849277914,0.155,0.19440500000000002
dinov2,9,True,0.82,82,210,0.8203125,82.03125,CENTROID,0.1572,0.010034938963441679,0.148,0.173,0.024999999999999994,0.010034938963441679,-3.8909270763397217,0.09204245661569727,6.6514270305633545,0.09204245661569727,6.273043870925903,0.48535989209824193,0.1378,0.17760000000000004
dinov2,9,True,0.83,83,212,0.828125,82.8125,CENTROID,0.14520000000000002,0.00973139250056229,0.13,0.155,0.024999999999999994,0.00973139250056229,-4.0396582126617435,0.08013847200940101,6.800158166885376,0.08013847200940101,6.178238439559936,0.4760393570625464,0.12680000000000002,0.16540499999999997
dinov2,9,True,0.84,84,215,0.83984375,83.984375,CENTROID,0.12840000000000001,0.007569676347110231,0.118,0.139,0.02100000000000002,0.007569676347110231,-4.247863388061523,0.08361707640621067,7.008363342285156,0.08361707640621067,6.049110412597656,0.4632681987143357,0.1114,0.146
dinov2,9,True,0.85,85,218,0.8515625,85.15625,CENTROID,0.1146,0.006949820141557622,0.107,0.126,0.019000000000000003,0.006949820141557622,-4.481556224822998,0.09929639347663352,7.242056179046631,0.09929639347663352,5.8840916633605955,0.4482736495941433,0.09759499999999999,0.131005
dinov2,9,True,0.86,86,220,0.859375,85.9375,CENTROID,0.1028,0.006610597552415365,0.097,0.114,0.017,0.006610597552415365,-4.6386534690856935,0.10131710124834745,7.399153423309326,0.10131710124834745,5.769566249847412,0.4381261633022363,0.08759,0.119405
dinov2,9,True,0.87,87,223,0.87109375,87.109375,CENTROID,0.092,0.008031189202104503,0.083,0.105,0.021999999999999992,0.008031189202104503,-4.864818668365478,0.12866478677645768,7.625318622589111,0.12866478677645768,5.605931758880615,0.42368917437213893,0.07879,0.106405
dinov2,9,True,0.88,88,225,0.87890625,87.890625,CENTROID,0.0824,0.009736529155710471,0.074,0.099,0.02500000000000001,0.009736529155710471,-5.03343095779419,0.10243707245499083,7.793930912017823,0.10243707245499083,5.475745296478271,0.41265048433641666,0.06939000000000001,0.097
dinov2,9,True,0.89,89,228,0.890625,89.0625,CENTROID,0.06860000000000001,0.005770615218501402,0.06,0.075,0.015,0.005770615218501402,-5.255378341674804,0.10025277329131647,8.015878295898437,0.10025277329131647,5.3078350067138675,0.39837493571570237,0.056,0.08159999999999999
dinov2,9,True,0.9,90,230,0.8984375,89.84375,CENTROID,0.061,0.007516648189186453,0.053,0.071,0.017999999999999995,0.007516648189186453,-5.438138771057129,0.10984657475442777,8.198638725280762,0.10984657475442777,5.154085540771485,0.38599500496113637,0.0506,0.0726
dinov2,9,True,0.91,91,233,0.91015625,91.015625,CENTROID,0.0494,0.007127411872482185,0.04,0.057,0.017,0.007127411872482185,-5.737384605407715,0.0982377153572707,8.497884559631348,0.0982377153572707,4.899354934692383,0.36570123752994316,0.0394,0.0608
dinov2,9,True,0.92,92,236,0.921875,92.1875,CENTROID,0.0388,0.005974947698515862,0.032,0.047,0.015,0.005974947698515862,-6.021200466156006,0.11649792130249595,8.78170042037964,0.11649792130249595,4.6561816215515135,0.34649939852545153,0.029995,0.049205
dinov2,9,True,0.93,93,238,0.9296875,92.96875,CENTROID,0.0306,0.005029910535983717,0.023,0.036,0.012999999999999998,0.005029910535983717,-6.234698677062989,0.11062834052889169,8.995198631286621,0.11062834052889169,4.468377304077149,0.33188917819645647,0.0228,0.0386
dinov2,9,True,0.94,94,241,0.94140625,94.140625,CENTROID,0.0196,0.006107372593840988,0.012,0.028,0.016,0.006107372593840988,-6.5560181617736815,0.10130182301406666,9.316518115997315,0.10130182301406666,4.177357006072998,0.3095777953450626,0.013200000000000002,0.026400000000000003
dinov2,9,True,0.95,95,243,0.94921875,94.921875,CENTROID,0.014599999999999998,0.004219004621945798,0.01,0.02,0.01,0.004219004621945798,-6.756994533538818,0.09006307909852028,9.517494487762452,0.0900630790985203,3.9943346977233887,0.2956180495935784,0.0094,0.020404999999999996
dinov2,9,True,0.96,96,246,0.9609375,96.09375,CENTROID,0.0086,0.002607680962081059,0.007,0.013,0.005999999999999999,0.002607680962081059,-7.1089966773986815,0.050785645865642166,9.869496631622315,0.050785645865642166,3.6692627906799316,0.2710195522337572,0.0052,0.013399999999999999
dinov2,9,True,0.97,97,248,0.96875,96.875,CENTROID,0.0064,0.00151657508881031,0.004,0.008,0.004,0.00151657508881031,-7.34787015914917,0.038581185455000507,10.108370113372803,0.038581185455000507,3.443910503387451,0.25412126078220487,0.0031999999999999997,0.01
dinov2,9,True,0.98,98,251,0.98046875,98.046875,CENTROID,0.0027999999999999995,0.0008366600265340754,0.002,0.004,0.002,0.0008366600265340754,-7.724746417999268,0.02691117018250759,10.4852463722229,0.02691117018250759,3.0841097831726074,0.2272850347432235,0.0004,0.0058000000000000005
dinov2,9,True,0.99,99,253,0.98828125,98.828125,CENTROID,0.0022,0.00044721359549995795,0.002,0.003,0.001,0.00044721359549995795,-7.966163444519043,0.041620434877008686,10.726663398742676,0.04162043487700868,2.8491117477416994,0.20986720188344235,0.0,0.0052
dinov2,9,True,1.0,100,256,1.0,100.0,CENTROID,0.002,0.0,0.002,0.002,0.0,0.0,-8.35844612121582,0.0,11.118946075439453,0.0,2.471116065979004,0.18183258032704494,0.0,0.005
dinov2,9,True,0.0,0,0,0.0,0.0,CLEAN,0.788,0.0,0.788,0.788,0.0,0.0,2.760499954223633,0.0,0.0,0.0,0.0,,0.788,0.788
dinov2,9,True,0.0,0,0,0.0,0.0,DIAGONAL_GAUSSIAN,0.7879999999999999,0.0,0.7879999999999999,0.7879999999999999,0.0,0.0,2.760499954223633,0.0,0.0,0.0,0.0,,0.762,0.813
dinov2,9,True,0.01,1,3,0.01171875,1.171875,DIAGONAL_GAUSSIAN,0.7876,0.0010381607668265116,0.7863333333333333,0.7886666666666667,0.0023333333333334094,0.0010381607668265116,2.749259042739868,0.005113444097097686,0.011240911483764649,0.005113444097097758,0.05841646194458008,,0.7620633333333332,0.8109350000000001
dinov2,9,True,0.02,2,5,0.01953125,1.953125,DIAGONAL_GAUSSIAN,0.7873333333333334,0.00174801474695024,0.786,0.7903333333333333,0.0043333333333333,0.00174801474695024,2.7435266812642416,0.00726041158323341,0.01697327295939128,0.007260411583233302,0.19108875592549643,0.9195101520019033,0.763265,0.8126716666666668
dinov2,9,True,0.03,3,8,0.03125,3.125,DIAGONAL_GAUSSIAN,0.7862666666666667,0.0015881505666094818,0.7846666666666667,0.7879999999999999,0.0033333333333331883,0.0015881505666094818,2.725774351755778,0.006891609084554952,0.03472560246785482,0.006891609084555048,0.4778908411661784,0.93241368696319,0.762,0.8095333333333333
dinov2,9,True,0.04,4,10,0.0390625,3.90625,DIAGONAL_GAUSSIAN,0.7827333333333335,0.002126551721031537,0.7806666666666667,0.785,0.0043333333333333,0.002126551721031537,2.7209228515625,0.007544641298410431,0.03957710266113281,0.007544641298410395,0.7590222358703613,0.9505211875478251,0.7579316666666667,0.8064833333333333
dinov2,9,True,0.05,5,13,0.05078125,5.078125,DIAGONAL_GAUSSIAN,0.7838,0.002116076033080522,0.781,0.7863333333333333,0.005333333333333301,0.002116076033080522,2.705362208684286,0.007983483683851354,0.05513774553934734,0.007983483683851374,1.2731991132100422,0.9585231884000613,0.7593966666666666,0.8092016666666667
dinov2,9,True,0.06,6,15,0.05859375,5.859375,DIAGONAL_GAUSSIAN,0.7824000000000001,0.002792848008753807,0.7783333333333333,0.7853333333333333,0.007000000000000006,0.002792848008753807,2.688752873738607,0.010764128250826507,0.07174708048502604,0.010764128250826463,1.652742822964986,0.9584346395930581,0.758,0.8074733333333334
dinov2,9,True,0.07,7,18,0.0703125,7.03125,DIAGONAL_GAUSSIAN,0.7806666666666667,0.0034318767136623275,0.7763333333333334,0.7840000000000001,0.0076666666666667105,0.0034318767136623275,2.6769682566324873,0.010784589779027132,0.08353169759114584,0.01078458977902724,2.276772538820903,0.9646214771922927,0.7563200000000001,0.80407
dinov2,9,True,0.08,8,20,0.078125,7.8125,DIAGONAL_GAUSSIAN,0.78,0.0024608038433721995,0.7760000000000001,0.782,0.005999999999999894,0.0024608038433721995,2.6707414150238042,0.009689375481915355,0.08975853919982911,0.009689375481915383,2.7033924471586945,0.9678893561716636,0.7567766666666665,0.8056666666666666
dinov2,9,True,0.09,9,23,0.08984375,8.984375,DIAGONAL_GAUSSIAN,0.7793333333333334,0.0021473497877875125,0.7766666666666667,0.782,0.005333333333333301,0.0021473497877875125,2.6461187839508056,0.009530399199519675,0.11438117027282715,0.00953039919951954,3.3305281162261964,0.9668135668146414,0.7537316666666667,0.8033383333333334
dinov2,9,True,0.1,10,26,0.1015625,10.15625,DIAGONAL_GAUSSIAN,0.7768,0.0008692269873603851,0.7756666666666666,0.7776666666666667,0.002000000000000113,0.0008692269873603851,2.628100935618083,0.010622753785214274,0.13239901860555012,0.010622753785214198,3.9470382849375403,0.9675623590365966,0.7522633333333333,0.8000666666666666
dinov2,9,True,0.11,11,28,0.109375,10.9375,DIAGONAL_GAUSSIAN,0.776,0.0024608038433722107,0.7726666666666667,0.7793333333333333,0.006666666666666599,0.0024608038433722107,2.620065180460612,0.006718221598534105,0.14043477376302083,0.006718221598534154,4.335961739222208,0.9686374813677135,0.7501283333333333,0.8000683333333333
dinov2,9,True,0.12,12,31,0.12109375,12.109375,DIAGONAL_GAUSSIAN,0.7753333333333333,0.0018708286933869429,0.7733333333333334,0.7773333333333333,0.0039999999999998925,0.0018708286933869429,2.5951122124989827,0.0070949188713453,0.16538774172465007,0.00709491887134532,4.857079251607259,0.9670785919688217,0.751065,0.7998733333333335
dinov2,9,True,0.13,13,33,0.12890625,12.890625,DIAGONAL_GAUSSIAN,0.7738,0.0028538473057338346,0.7696666666666667,0.777,0.007333333333333303,0.0028538473057338346,2.5957783222198483,0.006788868086399885,0.1647216320037842,0.006788868086399849,5.1946433067321784,0.969271168716592,0.749265,0.7998016666666666
dinov2,9,True,0.14,14,36,0.140625,14.0625,DIAGONAL_GAUSSIAN,0.7767333333333333,0.0029287843515318343,0.7726666666666667,0.7793333333333333,0.006666666666666599,0.0029287843515318343,2.580434815088908,0.010966089871884866,0.18006513913472494,0.010966089871884844,5.669100824991862,0.9692242098174116,0.7515933333333332,0.8004016666666667
dinov2,9,True,0.15,15,38,0.1484375,14.84375,DIAGONAL_GAUSSIAN,0.7749333333333334,0.00225339250415414,0.7719999999999999,0.7766666666666667,0.004666666666666819,0.00225339250415414,2.5813793818155926,0.00822897212999944,0.17912057240804036,0.008228972129999514,5.963095966974894,0.9708454381726985,0.7507999999999999,0.79867
dinov2,9,True,0.16,16,41,0.16015625,16.015625,DIAGONAL_GAUSSIAN,0.7712666666666668,0.00432948547109752,0.7643333333333334,0.7760000000000001,0.011666666666666714,0.00432948547109752,2.5424116134643553,0.0061981893931275485,0.21808834075927735,0.006198189393127411,6.342844152450562,0.9667635176490446,0.747,0.795605
dinov2,9,True,0.17,17,44,0.171875,17.1875,DIAGONAL_GAUSSIAN,0.7700666666666667,0.0034992062592028336,0.765,0.7746666666666666,0.009666666666666601,0.0034992062592028336,2.516790453592936,0.011802446093395966,0.24370950063069663,0.011802446093395988,6.690594736735027,0.9648595673403937,0.7467949999999999,0.7946033333333332
dinov2,9,True,0.18,18,46,0.1796875,17.96875,DIAGONAL_GAUSSIAN,0.7706666666666666,0.0035118845842842757,0.7663333333333333,0.7743333333333333,0.008000000000000007,0.0035118845842842757,2.501413742701213,0.014244335636124882,0.2590862115224203,0.014244335636124959,6.9129902044932034,0.9638859162771016,0.7447916666666667,0.7958683333333334
dinov2,9,True,0.19,19,49,0.19140625,19.140625,DIAGONAL_GAUSSIAN,0.7644666666666666,0.0037163303285782964,0.7603333333333334,0.7703333333333333,0.009999999999999898,0.0037163303285782964,2.466073497136434,0.015672927921992853,0.2944264570871989,0.015672927921992794,7.19632976849874,0.9607038694392411,0.741265,0.78847
dinov2,9,True,0.2,20,51,0.19921875,19.921875,DIAGONAL_GAUSSIAN,0.7689333333333334,0.0034592870170985146,0.765,0.7719999999999999,0.006999999999999895,0.0034592870170985146,2.4621540864308673,0.011637123184279364,0.2983458677927653,0.011637123184279475,7.377991088231406,0.9611396795858912,0.744725,0.7944000000000001
dinov2,9,True,0.21,21,54,0.2109375,21.09375,DIAGONAL_GAUSSIAN,0.7639333333333334,0.0025647178748895664,0.7613333333333333,0.7680000000000001,0.006666666666666821,0.0025647178748895664,2.442181126276652,0.010903383660286349,0.3183188279469808,0.010903383660286425,7.6168773810068755,0.9598897771659771,0.7385283333333332,0.7886683333333333
dinov2,9,True,0.22,22,56,0.21875,21.875,DIAGONAL_GAUSSIAN,0.7612666666666666,0.002670830083201331,0.7566666666666667,0.7633333333333333,0.006666666666666599,0.002670830083201331,2.41380132039388,0.007791887576059339,0.3466986338297526,0.007791887576059322,7.747786935170491,0.957170438389371,0.7373949999999999,0.7862683333333333
dinov2,9,True,0.23,23,59,0.23046875,23.046875,DIAGONAL_GAUSSIAN,0.7616,0.003130495168499688,0.7576666666666667,0.765,0.007333333333333303,0.003130495168499688,2.38264357248942,0.011351064517255762,0.3778563817342122,0.011351064517255753,7.9278026262919115,0.9545095318989061,0.7386666666666667,0.7856683333333333
dinov2,9,True,0.24,24,61,0.23828125,23.828125,DIAGONAL_GAUSSIAN,0.7578,0.0023404652908722815,0.7559999999999999,0.7616666666666667,0.00566666666666682,0.0023404652908722815,2.366894737879435,0.012956664679435332,0.39360521634419754,0.01295666467943539,8.042535130182902,0.9533446255077582,0.7339966666666666,0.7847400000000001
dinov2,9,True,0.25,25,64,0.25,25.0,DIAGONAL_GAUSSIAN,0.7551333333333334,0.0013038404810405508,0.7536666666666667,0.7566666666666667,0.0030000000000000027,0.0013038404810405508,2.330351940790812,0.009777491347265103,0.4301480134328206,0.009777491347265155,8.176670662562053,0.950022384817439,0.73013,0.7804016666666667
dinov2,9,True,0.26,26,67,0.26171875,26.171875,DIAGONAL_GAUSSIAN,0.7573333333333332,0.004096068575814819,0.7536666666666667,0.7636666666666666,0.009999999999999898,0.004096068575814819,2.3096864382425943,0.01222096120016494,0.45081351598103847,0.012220961200164937,8.29737278620402,0.9484690484974616,0.7310666666666666,0.7815383333333333
dinov2,9,True,0.27,27,69,0.26953125,26.953125,DIAGONAL_GAUSSIAN,0.7574666666666666,0.001788854381999852,0.7556666666666666,0.7596666666666666,0.0040000000000000036,0.001788854381999852,2.2786601861317957,0.017295895445384225,0.4818397680918376,0.017295895445384117,8.360377581914268,0.9455110160725726,0.7336633333333333,0.7815333333333333
dinov2,9,True,0.28,28,72,0.28125,28.125,DIAGONAL_GAUSSIAN,0.7533333333333333,0.001545603082582609,0.7513333333333333,0.7553333333333333,0.0040000000000000036,0.001545603082582609,2.257963196436564,0.012421904604852402,0.5025367577870686,0.012421904604852492,8.47032815615336,0.9439965782647894,0.7284533333333334,0.7784066666666667
dinov2,9,True,0.29,29,74,0.2890625,28.90625,DIAGONAL_GAUSSIAN,0.7489333333333333,0.0025970068241042976,0.7446666666666667,0.7516666666666666,0.006999999999999895,0.0025970068241042976,2.1978108247121173,0.015346764076267252,0.5626891295115153,0.01534676407626719,8.492080577214558,0.9378617101108212,0.7237333333333333,0.7757383333333334
dinov2,9,True,0.3,30,77,0.30078125,30.078125,DIAGONAL_GAUSSIAN,0.7461333333333334,0.004438468204234407,0.7413333333333334,0.7503333333333333,0.008999999999999897,0.004438468204234407,2.1881312211354573,0.01480332844424672,0.5723687330881755,0.014803328444246812,8.572286303838094,0.9374128719833023,0.7218649999999999,0.7701483333333333
dinov2,9,True,0.31,31,79,0.30859375,30.859375,DIAGONAL_GAUSSIAN,0.7457333333333334,0.0036086316273931216,0.7423333333333333,0.7516666666666666,0.009333333333333305,0.0036086316273931216,2.1715257644653323,0.012313211091719099,0.5889741897583007,0.012313211091719073,8.617048835754396,0.9360256094344489,0.7216633333333334,0.7685433333333332
dinov2,9,True,0.32,32,82,0.3203125,32.03125,DIAGONAL_GAUSSIAN,0.7388666666666667,0.002672909359563943,0.7343333333333333,0.741,0.00666666666666671,0.002672909359563943,2.1056330521901443,0.023703472002896204,0.6548669020334881,0.023703472002896207,8.629096587498982,0.9294684518336872,0.7141216666666668,0.7644766666666667
dinov2,9,True,0.33,33,84,0.328125,32.8125,DIAGONAL_GAUSSIAN,0.7372666666666668,0.0031481917208313437,0.7333333333333334,0.7406666666666667,0.007333333333333303,0.0031481917208313437,2.088542397816976,0.02427052373522242,0.6719575564066569,0.024270523735222354,8.657187016805015,0.927979098147657,0.7123333333333333,0.76387
dinov2,9,True,0.34,34,87,0.33984375,33.984375,DIAGONAL_GAUSSIAN,0.7409333333333333,0.004792355023020155,0.7326666666666667,0.7446666666666667,0.01200000000000001,0.004792355023020155,2.068850127855937,0.035662305987277945,0.6916498263676961,0.035662305987278,8.703695289293925,0.9263937984186189,0.7151283333333334,0.7672666666666667
dinov2,9,True,0.35,35,90,0.3515625,35.15625,DIAGONAL_GAUSSIAN,0.7355333333333334,0.005659799760886765,0.7263333333333333,0.7413333333333334,0.015000000000000124,0.005659799760886765,2.0061490138371783,0.042390115839952267,0.7543509403864543,0.042390115839952246,8.7017720301946,0.9202378884930669,0.7093983333333334,0.7604033333333333
dinov2,9,True,0.36,36,92,0.359375,35.9375,DIAGONAL_GAUSSIAN,0.7332666666666667,0.005277836256985923,0.7243333333333334,0.7373333333333333,0.0129999999999999,0.005277836256985923,1.9826394875844322,0.048306281291808376,0.7778604666392008,0.048306281291808396,8.709463771184286,0.9180212992210575,0.7072,0.7568033333333333
dinov2,9,True,0.37,37,95,0.37109375,37.109375,DIAGONAL_GAUSSIAN,0.7296,0.006945822085573768,0.7173333333333334,0.7336666666666667,0.01633333333333331,0.006945822085573768,1.9183530966440834,0.050084697160568285,0.842146857579549,0.050084697160568334,8.693555657068888,0.9116941240487657,0.7067916666666666,0.7552083333333334
dinov2,9,True,0.38,38,97,0.37890625,37.890625,DIAGONAL_GAUSSIAN,0.7251333333333333,0.004902380374199182,0.718,0.7303333333333333,0.012333333333333307,0.004902380374199182,1.869081505139669,0.04237050550221986,0.8914184490839642,0.04237050550221982,8.674154384930928,0.9068162020840574,0.6987949999999999,0.7488683333333332
dinov2,9,True,0.39,39,100,0.390625,39.0625,DIAGONAL_GAUSSIAN,0.724,0.005934831271588293,0.7136666666666667,0.7280000000000001,0.01433333333333342,0.005934831271588293,1.8436604658762614,0.04418819458367469,0.9168394883473715,0.044188194583674685,8.693031231562298,0.9046016965326835,0.7002,0.7470066666666667
dinov2,9,True,0.4,40,102,0.3984375,39.84375,DIAGONAL_GAUSSIAN,0.7258,0.006130977808546487,0.7159999999999999,0.731,0.015000000000000124,0.006130977808546487,1.8167571306228638,0.03653712660063483,0.943742823600769,0.03653712660063488,8.695793366432191,0.9021033029230034,0.7012666666666667,0.7503383333333333
dinov2,9,True,0.41,41,105,0.41015625,41.015625,DIAGONAL_GAUSSIAN,0.7142666666666666,0.005139174166255796,0.706,0.7196666666666666,0.013666666666666605,0.005139174166255796,1.7549503962198894,0.034017313522453574,1.0055495580037435,0.03401731352245362,8.67969290415446,0.8961832082421637,0.6893266666666666,0.7376666666666666
dinov2,9,True,0.42,42,108,0.421875,42.1875,DIAGONAL_GAUSSIAN,0.7109333333333334,0.0032778719383838527,0.7066666666666667,0.715,0.008333333333333304,0.0032778719383838527,1.6921434640884399,0.036757185316568214,1.068356490135193,0.036757185316568214,8.661080956459045,0.8901992160134929,0.6849216666666667,0.7359416666666666
dinov2,9,True,0.43,43,110,0.4296875,42.96875,DIAGONAL_GAUSSIAN,0.7135333333333332,0.003176301133219123,0.7103333333333333,0.7176666666666667,0.007333333333333414,0.003176301133219123,1.6940819422403972,0.03349621101464433,1.0664180119832358,0.03349621101464433,8.69058853785197,0.890707389679983,0.6886633333333333,0.7384683333333334
dinov2,9,True,0.44,44,113,0.44140625,44.140625,DIAGONAL_GAUSSIAN,0.6996,0.004548504027577544,0.693,0.7043333333333334,0.011333333333333417,0.004548504027577544,1.6188210248947144,0.03848272822280821,1.1416789293289182,0.0384827282228082,8.657006049156188,0.8834906313935231,0.6755266666666666,0.7243433333333332
dinov2,9,True,0.45,45,115,0.44921875,44.921875,DIAGONAL_GAUSSIAN,0.7007999999999999,0.0030422944557611884,0.6960000000000001,0.7036666666666666,0.0076666666666664884,0.0030422944557611884,1.5828436295191446,0.041757359364588374,1.1776563247044882,0.041757359364588374,8.649152890841167,0.8801613061609064,0.675195,0.7244666666666667
dinov2,9,True,0.46,46,118,0.4609375,46.09375,DIAGONAL_GAUSSIAN,0.6983999999999999,0.004284338403482575,0.693,0.703,0.010000000000000009,0.004284338403482575,1.5026795466740928,0.04367865252134299,1.25782040754954,0.04367865252134299,8.617459591229757,0.8726326703279865,0.6721283333333333,0.722215
dinov2,9,True,0.47,47,120,0.46875,46.875,DIAGONAL_GAUSSIAN,0.694,0.005482294734466225,0.6876666666666665,0.7013333333333334,0.013666666666666827,0.005482294734466225,1.4448916991551717,0.05684150670330769,1.3156082550684611,0.05684150670330769,8.591660841306052,0.8672131538864765,0.6691166666666667,0.7185366666666668
dinov2,9,True,0.48,48,123,0.48046875,48.046875,DIAGONAL_GAUSSIAN,0.6870666666666667,0.0067593556563394835,0.6773333333333333,0.6943333333333332,0.016999999999999904,0.0067593556563394835,1.3888756910959879,0.06405025818862024,1.371624263127645,0.06405025818862024,8.586207024256389,0.8622615755132484,0.6624,0.7128099999999999
dinov2,9,True,0.49,49,125,0.48828125,48.828125,DIAGONAL_GAUSSIAN,0.6845333333333332,0.0068702256149270535,0.6789999999999999,0.6953333333333332,0.01633333333333331,0.0068702256149270535,1.331229790051778,0.06726050923400789,1.4292701641718548,0.06726050923400789,8.564795025189719,0.8569924633723245,0.658055,0.708535
dinov2,9,True,0.5,50,128,0.5,50.0,DIAGONAL_GAUSSIAN,0.6706000000000001,0.007768883803710522,0.6576666666666667,0.6766666666666667,0.019000000000000017,0.007768883803710522,1.2584434032440186,0.07153921796145155,1.5020565509796142,0.07153921796145155,8.548516321182252,0.8505537247686792,0.644795,0.6954683333333334
dinov2,9,True,0.51,51,131,0.51171875,51.171875,DIAGONAL_GAUSSIAN,0.667,0.0068718427093627885,0.6563333333333333,0.674,0.01766666666666672,0.0068718427093627885,1.1917737404505413,0.06708760945268598,1.5687262137730915,0.06708760945268598,8.544003621737161,0.8448765570777482,0.6403283333333333,0.6914666666666667
dinov2,9,True,0.52,52,133,0.51953125,51.953125,DIAGONAL_GAUSSIAN,0.6595333333333333,0.008385172097882762,0.6466666666666666,0.6693333333333333,0.022666666666666724,0.008385172097882762,1.1321658849716187,0.06809001383630059,1.628334069252014,0.06809001383630059,8.530868029594421,0.8397187750178088,0.6332666666666666,0.6845383333333335
dinov2,9,True,0.53,53,136,0.53125,53.125,DIAGONAL_GAUSSIAN,0.6570666666666666,0.0072510535632953075,0.6476666666666667,0.6663333333333333,0.01866666666666661,0.0072510535632953075,1.0916033267974854,0.07084836471417855,1.6688966274261474,0.07084836471417855,8.564899396896362,0.8369253402290976,0.6286616666666667,0.6835999999999999
dinov2,9,True,0.54,54,138,0.5390625,53.90625,DIAGONAL_GAUSSIAN,0.6476666666666666,0.006377042156569634,0.6376666666666667,0.6546666666666666,0.016999999999999904,0.006377042156569634,1.0217379013697305,0.061956134039782305,1.738762052853902,0.06195613403978226,8.549893991152446,0.8310003077448617,0.6220616666666666,0.6726033333333332
dinov2,9,True,0.55,55,141,0.55078125,55.078125,DIAGONAL_GAUSSIAN,0.6373333333333334,0.007564537145273486,0.627,0.645,0.018000000000000016,0.007564537145273486,0.9528620759646099,0.06010568616130851,1.8076378782590232,0.06010568616130855,8.566570285956065,0.8257555764526561,0.6127966666666665,0.6614716666666667
dinov2,9,True,0.56,56,143,0.55859375,55.859375,DIAGONAL_GAUSSIAN,0.6270666666666667,0.008424171571535478,0.616,0.6386666666666666,0.022666666666666613,0.008424171571535478,0.8859561840693155,0.06388393530962466,1.874543770154317,0.06388393530962469,8.56009911696116,0.820353011142857,0.6023283333333332,0.6538683333333334
dinov2,9,True,0.57,57,146,0.5703125,57.03125,DIAGONAL_GAUSSIAN,0.6176666666666667,0.009829095131857831,0.602,0.6276666666666667,0.025666666666666726,0.009829095131857831,0.7903587857882182,0.06557707149052236,1.9701411684354144,0.0655770714905224,8.563233617941538,0.8129602203533167,0.5903266666666666,0.6429383333333334
dinov2,9,True,0.58,58,148,0.578125,57.8125,DIAGONAL_GAUSSIAN,0.6116666666666666,0.009276613366717174,0.6016666666666667,0.621,0.019333333333333313,0.009276613366717174,0.737786312898,0.06623217341299922,2.022713641325633,0.06623217341299921,8.585720749696096,0.8093257589098528,0.5855250000000001,0.6371366666666667
dinov2,9,True,0.59,59,151,0.58984375,58.984375,DIAGONAL_GAUSSIAN,0.6036666666666667,0.01074709263010232,0.591,0.6146666666666666,0.023666666666666614,0.01074709263010232,0.6470937887827556,0.0775191032202044,2.1134061654408773,0.07751910322020437,8.604518620173137,0.8028121405663018,0.5770649999999999,0.6311350000000001
dinov2,9,True,0.6,60,154,0.6015625,60.15625,DIAGONAL_GAUSSIAN,0.5838,0.01173693126654303,0.5693333333333334,0.5953333333333334,0.026000000000000023,0.01173693126654303,0.5228636582692464,0.07712317093698884,2.237636295954386,0.07712317093698881,8.595974429448447,0.7934497691596596,0.5567966666666666,0.6086016666666667
dinov2,9,True,0.61,61,156,0.609375,60.9375,DIAGONAL_GAUSSIAN,0.5768666666666666,0.012019890922041563,0.5653333333333334,0.5943333333333333,0.028999999999999915,0.012019890922041563,0.4525325576464335,0.08765161595778004,2.307967396577199,0.08765161595778008,8.603448657194773,0.7884781278379698,0.55046,0.60121
dinov2,9,True,0.62,62,159,0.62109375,62.109375,DIAGONAL_GAUSSIAN,0.5606666666666668,0.010916348595875132,0.5523333333333333,0.5786666666666666,0.02633333333333321,0.010916348595875132,0.3364067008097967,0.0782290096487019,2.4240932534138357,0.07822900964870191,8.607402603824934,0.7802531671309402,0.5335966666666667,0.585535
dinov2,9,True,0.63,63,161,0.62890625,62.890625,DIAGONAL_GAUSSIAN,0.5487333333333334,0.01563009916795151,0.5343333333333334,0.5693333333333332,0.03499999999999981,0.01563009916795151,0.27156922121842697,0.08546215376938336,2.4889307330052057,0.08546215376938351,8.624320762356124,0.7760375543746889,0.5225916666666667,0.5730783333333332
dinov2,9,True,0.64,64,164,0.640625,64.0625,DIAGONAL_GAUSSIAN,0.5346,0.012481987021303965,0.52,0.5526666666666668,0.03266666666666673,0.012481987021303965,0.16578759290277956,0.10284978878769971,2.594712361320853,0.10284978878769963,8.641406146064401,0.7690701772732513,0.5099766666666665,0.5610200000000001
dinov2,9,True,0.65,65,166,0.6484375,64.84375,DIAGONAL_GAUSSIAN,0.5274666666666666,0.013479614237803719,0.508,0.5446666666666667,0.036666666666666736,0.013479614237803719,0.10789993366536994,0.09421302834004415,2.652600020558263,0.09421302834004416,8.665272789805506,0.7656234704389248,0.5019816666666667,0.554535
dinov2,9,True,0.66,66,169,0.66015625,66.015625,DIAGONAL_GAUSSIAN,0.5080666666666667,0.012787580780672414,0.49366666666666664,0.5233333333333333,0.029666666666666675,0.012787580780672414,-0.024087885829309617,0.09566098749088424,2.7845878400529425,0.09566098749088427,8.659248181370398,0.7566689024826432,0.4811183333333333,0.533285
dinov2,9,True,0.67,67,172,0.671875,67.1875,DIAGONAL_GAUSSIAN,0.4810666666666667,0.007952637577838182,0.46900000000000003,0.49099999999999994,0.02199999999999991,0.007952637577838182,-0.15939881540834905,0.07406769548527505,2.919898769631982,0.0740676954852749,8.651789882406593,0.7476663445629479,0.45486333333333334,0.506535
dinov2,9,True,0.68,68,174,0.6796875,67.96875,DIAGONAL_GAUSSIAN,0.4666666666666666,0.00923158828275078,0.45766666666666667,0.47766666666666663,0.019999999999999962,0.00923158828275078,-0.24012161592642464,0.06880662883329747,3.0006215701500576,0.06880662883329747,8.657448040445646,0.7426131835863481,0.44132333333333335,0.4924683333333333
dinov2,9,True,0.69,69,177,0.69140625,69.140625,DIAGONAL_GAUSSIAN,0.44686666666666663,0.006882344561751228,0.4383333333333333,0.45366666666666666,0.015333333333333365,0.006882344561751228,-0.3868444681167602,0.06845227478385253,3.1473444223403932,0.06845227478385255,8.636042571067808,0.7328965009759594,0.42233,0.4718033333333333
dinov2,9,True,0.7,70,179,0.69921875,69.921875,DIAGONAL_GAUSSIAN,0.4312,0.009979423274362544,0.4166666666666667,0.442,0.02533333333333332,0.009979423274362544,-0.4660429259141286,0.07482988834888894,3.2265428801377616,0.0748298883488889,8.634591458241145,0.7279709443297218,0.4046,0.45563
dinov2,9,True,0.71,71,182,0.7109375,71.09375,DIAGONAL_GAUSSIAN,0.42300000000000004,0.009831920802501776,0.4076666666666666,0.432,0.024333333333333373,0.009831920802501776,-0.579043968518575,0.06347435988998344,3.3395439227422075,0.06347435988998346,8.636503211657207,0.7211458580852117,0.39933166666666664,0.4466
dinov2,9,True,0.72,72,184,0.71875,71.875,DIAGONAL_GAUSSIAN,0.40393333333333337,0.006563366344931343,0.39433333333333337,0.4116666666666666,0.017333333333333256,0.006563366344931343,-0.6824702898661296,0.06806040503859603,3.442970244089763,0.06806040503859596,8.61238883336385,0.7144010023787428,0.3805966666666667,0.42748
dinov2,9,True,0.73,73,187,0.73046875,73.046875,DIAGONAL_GAUSSIAN,0.37633333333333335,0.00900308589071302,0.36133333333333334,0.38400000000000006,0.022666666666666724,0.00900308589071302,-0.8523786783218383,0.06139141537374568,3.6128786325454714,0.06139141537374568,8.5594074010849,0.7031855417350898,0.35386333333333325,0.401075
dinov2,9,True,0.74,74,189,0.73828125,73.828125,DIAGONAL_GAUSSIAN,0.3612666666666667,0.008240819808193297,0.34933333333333333,0.36999999999999994,0.02066666666666661,0.008240819808193297,-0.9627981185913086,0.07593601438926045,3.7232980728149414,0.0759360143892605,8.522668075561523,0.695953526025404,0.3364566666666667,0.38434333333333337
dinov2,9,True,0.75,75,192,0.75,75.0,DIAGONAL_GAUSSIAN,0.3302,0.00982231020573971,0.3193333333333333,0.34366666666666673,0.02433333333333343,0.00982231020573971,-1.14555770556132,0.08283044958063787,3.9060576597849535,0.0828304495806378,8.450536807378132,0.6838839371230369,0.30705,0.3512033333333334
dinov2,9,True,0.76,76,195,0.76171875,76.171875,DIAGONAL_GAUSSIAN,0.3011333333333333,0.01175112287778871,0.29033333333333333,0.32,0.029666666666666675,0.01175112287778871,-1.3132101456324259,0.0930545995556373,4.073710099856059,0.0930545995556373,8.38807960351308,0.6730974288060594,0.28079,0.3252733333333333
dinov2,9,True,0.77,77,197,0.76953125,76.953125,DIAGONAL_GAUSSIAN,0.283,0.016048537489614288,0.26866666666666666,0.31066666666666665,0.04199999999999998,0.016048537489614288,-1.444659145673116,0.09586896693926834,4.205159099896749,0.0958689669392683,8.323284618059793,0.6643464838711057,0.2606666666666667,0.3037366666666667
dinov2,9,True,0.78,78,200,0.78125,78.125,DIAGONAL_GAUSSIAN,0.2508666666666667,0.019382982226685358,0.2363333333333333,0.2846666666666667,0.04833333333333337,0.019382982226685358,-1.6458020369211834,0.10740157059747024,4.406301991144817,0.10740157059747019,8.219594844182334,0.6510043214050505,0.23065833333333333,0.27328166666666664
dinov2,9,True,0.79,79,202,0.7890625,78.90625,DIAGONAL_GAUSSIAN,0.2300666666666667,0.012334234201333023,0.223,0.252,0.028999999999999998,0.012334234201333023,-1.7762774864832562,0.09340476160008154,4.536777440706889,0.09340476160008154,8.155393465360005,0.6425508758210354,0.21086000000000002,0.2508016666666667
dinov2,9,True,0.8,80,205,0.80078125,80.078125,DIAGONAL_GAUSSIAN,0.1988666666666667,0.018332727262709392,0.18733333333333335,0.2313333333333333,0.043999999999999956,0.018332727262709392,-2.048331705729167,0.10492096445235014,4.8088316599528,0.10492096445235007,7.976946385701497,0.62389125755101,0.17926499999999998,0.21780666666666668
dinov2,9,True,0.81,81,207,0.80859375,80.859375,DIAGONAL_GAUSSIAN,0.19106666666666666,0.017900031036596313,0.17833333333333332,0.22266666666666668,0.04433333333333336,0.017900031036596313,-2.151245665550232,0.11737820096061372,4.911745619773865,0.11737820096061374,7.9305507898330685,0.6175320741851411,0.17319833333333332,0.20913333333333334
dinov2,9,True,0.82,82,210,0.8203125,82.03125,DIAGONAL_GAUSSIAN,0.16886666666666666,0.011339704091769275,0.16033333333333333,0.18833333333333332,0.027999999999999997,0.011339704091769275,-2.3582399845123296,0.11863632565127771,5.118739938735962,0.11863632565127778,7.805730962753296,0.6039477690742319,0.15126333333333333,0.18740500000000002
dinov2,9,True,0.83,83,212,0.828125,82.8125,DIAGONAL_GAUSSIAN,0.14919999999999997,0.00664830805543786,0.143,0.15966666666666665,0.016666666666666663,0.00664830805543786,-2.5152978897094727,0.10327713440238574,5.2757978439331055,0.10327713440238603,7.702598762512207,0.593493441266862,0.13338666666666668,0.16613833333333333
dinov2,9,True,0.84,84,215,0.83984375,83.984375,DIAGONAL_GAUSSIAN,0.1268,0.01086687116371999,0.118,0.13933333333333334,0.021333333333333343,0.01086687116371999,-2.7821803410847976,0.11294378071662321,5.542680295308432,0.11294378071662328,7.51479345957438,0.5755169340079703,0.111265,0.14347
dinov2,9,True,0.85,85,218,0.8515625,85.15625,DIAGONAL_GAUSSIAN,0.10133333333333334,0.007575545451575664,0.09600000000000002,0.11466666666666665,0.018666666666666637,0.007575545451575664,-3.0355751514434814,0.1004634240963071,5.796075105667114,0.10046342409630732,7.330072736740112,0.5584333711306105,0.08799666666666667,0.11647166666666665
dinov2,9,True,0.86,86,220,0.859375,85.9375,DIAGONAL_GAUSSIAN,0.0888,0.008713335883702761,0.083,0.104,0.02099999999999999,0.008713335883702761,-3.2087732950846357,0.10988079253270809,5.969273249308268,0.10988079253270819,7.199446423848471,0.5467069770682376,0.07632666666666665,0.10141
dinov2,9,True,0.87,87,223,0.87109375,87.109375,DIAGONAL_GAUSSIAN,0.07026666666666667,0.008457081188106345,0.06366666666666666,0.08466666666666667,0.021000000000000005,0.008457081188106345,-3.447957785924275,0.120446659853135,6.208457740147908,0.12044665985313494,7.022792641321817,0.5307732710237585,0.059395,0.081005
dinov2,9,True,0.88,88,225,0.87890625,87.890625,DIAGONAL_GAUSSIAN,0.05773333333333334,0.004861412689057921,0.053,0.06533333333333334,0.012333333333333342,0.004861412689057921,-3.6477237542470298,0.1065648679806597,6.408223708470662,0.10656486798065992,6.861452500025432,0.5170770043424643,0.04812833333333333,0.06773666666666665
dinov2,9,True,0.89,89,228,0.890625,89.0625,DIAGONAL_GAUSSIAN,0.05026666666666667,0.0036009258068817065,0.04533333333333334,0.05466666666666667,0.009333333333333332,0.0036009258068817065,-3.8836771647135415,0.10183265799709257,6.644177118937175,0.10183265799709265,6.67953618367513,0.501326055163813,0.04079666666666666,0.05986999999999999
dinov2,9,True,0.9,90,230,0.8984375,89.84375,DIAGONAL_GAUSSIAN,0.03693333333333333,0.002752776376275008,0.03366666666666667,0.03966666666666666,0.0059999999999999915,0.002752776376275008,-4.064327557881674,0.09778806028105444,6.824827512105306,0.09778806028105468,6.527896753946941,0.488880256169218,0.029198333333333337,0.04547
dinov2,9,True,0.91,91,233,0.91015625,91.015625,DIAGONAL_GAUSSIAN,0.030133333333333335,0.0026624967396954493,0.026333333333333334,0.03366666666666667,0.0073333333333333375,0.0026624967396954493,-4.322136052449546,0.07665440758060327,7.082636006673178,0.07665440758060327,6.314603487650553,0.4713358874297359,0.023129999999999998,0.03793333333333333
dinov2,9,True,0.92,92,236,0.921875,92.1875,DIAGONAL_GAUSSIAN,0.02086666666666667,0.002231093404090868,0.018333333333333333,0.023666666666666666,0.005333333333333332,0.002231093404090868,-4.60754140218099,0.07532234212063635,7.368041356404623,0.07532234212063635,6.06984068552653,0.45169637773222826,0.015133333333333334,0.027669999999999997
dinov2,9,True,0.93,93,238,0.9296875,92.96875,DIAGONAL_GAUSSIAN,0.016733333333333333,0.0018469193569593425,0.015,0.019666666666666666,0.004666666666666666,0.0018469193569593425,-4.789911556243896,0.05494921959992406,7.550411510467529,0.05494921959992406,5.91316442489624,0.4391979702425375,0.011533333333333335,0.022600000000000002
dinov2,9,True,0.94,94,241,0.94140625,94.140625,DIAGONAL_GAUSSIAN,0.012199999999999999,0.0022803508501982755,0.009666666666666665,0.015666666666666666,0.006,0.0022803508501982755,-5.044815476735433,0.05799050420146026,7.805315430959065,0.05799050420146026,5.688559691111246,0.4215676913731377,0.008131666666666666,0.017003333333333332
dinov2,9,True,0.95,95,243,0.94921875,94.921875,DIAGONAL_GAUSSIAN,0.011533333333333335,0.0010697871023920807,0.01,0.012666666666666666,0.002666666666666666,0.0010697871023920807,-5.186767896016439,0.041750797022794134,7.947267850240072,0.041750797022794134,5.564561335245768,0.4118294718644989,0.0076,0.016066666666666663
dinov2,9,True,0.96,96,246,0.9609375,96.09375,DIAGONAL_GAUSSIAN,0.007933333333333334,0.0007226494462892932,0.007333333333333333,0.009,0.0016666666666666661,0.0007226494462892932,-5.437053235371907,0.028049662127719296,8.19755318959554,0.028049662127719456,5.341206232706705,0.39451245963541476,0.0044666666666666665,0.012199999999999999
dinov2,9,True,0.97,97,248,0.96875,96.875,DIAGONAL_GAUSSIAN,0.0078,0.0008027729719194861,0.006666666666666667,0.008666666666666666,0.001999999999999999,0.0008027729719194861,-5.593206183115641,0.02728860174719248,8.353706137339275,0.027288601747192644,5.19857447942098,0.3835947618592538,0.004533333333333333,0.011666666666666665
dinov2,9,True,0.98,98,251,0.98046875,98.046875,DIAGONAL_GAUSSIAN,0.0036666666666666666,0.0006236095644623236,0.0030000000000000005,0.004333333333333334,0.0013333333333333335,0.0006236095644623236,-5.8118173917134595,0.008441553563242658,8.572317345937094,0.00844155356324224,4.997038809458415,0.3682589377676202,0.0013333333333333335,0.006668333333333332
dinov2,9,True,0.99,99,253,0.98828125,98.828125,DIAGONAL_GAUSSIAN,0.004266666666666667,0.0004944132324730443,0.0036666666666666666,0.005,0.0013333333333333335,0.0004944132324730443,-5.962281545003255,0.018997897032424837,8.722781499226889,0.01899789703242425,4.852993647257487,0.3574741210042057,0.0014666666666666667,0.007668333333333332
dinov2,9,True,1.0,100,256,1.0,100.0,DIAGONAL_GAUSSIAN,0.0023333333333333335,0.0,0.0023333333333333335,0.0023333333333333335,0.0,0.0,-6.19233496983846,0.0,8.952834924062094,0.0,4.637227217356364,0.3412219288698819,0.0006583333333333338,0.004666666666666666
dinov2,9,True,0.0,0,0,0.0,0.0,ZERO,0.788,0.0,0.788,0.788,0.0,0.0,2.760499954223633,0.0,0.0,0.0,0.0,,0.761975,0.815
dinov2,9,True,0.01,1,3,0.01171875,1.171875,ZERO,0.7854,0.001140175425099139,0.784,0.787,0.0030000000000000027,0.001140175425099139,2.6908425807952883,0.005683973379595568,0.06965737342834473,0.005683973379595567,0.0,,0.75779,0.810025
dinov2,9,True,0.02,2,5,0.01953125,1.953125,ZERO,0.7776000000000001,0.003286335345030999,0.775,0.783,0.008000000000000007,0.003286335345030999,2.552437925338745,0.009232704763330404,0.2080620288848877,0.009232704763330404,0.0,0.0,0.7513949999999999,0.8022050000000001
dinov2,9,True,0.03,3,8,0.03125,3.125,ZERO,0.7565999999999999,0.00230217288664427,0.754,0.759,0.0050000000000000044,0.00230217288664427,2.2478835105896,0.008493463345599877,0.5126164436340332,0.008493463345599877,0.0,0.0,0.7293900000000001,0.7822
dinov2,9,True,0.04,4,10,0.0390625,3.90625,ZERO,0.7283999999999999,0.0024083189157584613,0.725,0.731,0.006000000000000005,0.0024083189157584613,1.9619006156921386,0.009590337604322,0.7985993385314941,0.009590337604322,0.0,0.0,0.700195,0.75521
dinov2,9,True,0.05,5,13,0.05078125,5.078125,ZERO,0.6708000000000001,0.0068702256149270734,0.667,0.683,0.016000000000000014,0.0068702256149270734,1.4321630954742433,0.010995569491130843,1.3283368587493896,0.010995569491130843,0.0,0.0,0.643195,0.701
dinov2,9,True,0.06,6,15,0.05859375,5.859375,ZERO,0.6284,0.003646916505762097,0.624,0.633,0.009000000000000008,0.003646916505762097,1.0360100507736205,0.01630830011726008,1.7244899034500123,0.01630830011726008,0.0,0.0,0.598,0.6568099999999999
dinov2,9,True,0.07,7,18,0.0703125,7.03125,ZERO,0.564,0.0073484692283494885,0.553,0.571,0.017999999999999905,0.0073484692283494885,0.4001957178115845,0.02477452412493848,2.3603042364120483,0.02477452412493848,0.0,0.0,0.534995,0.595805
dinov2,9,True,0.08,8,20,0.078125,7.8125,ZERO,0.5194,0.006542170893518456,0.512,0.528,0.016000000000000014,0.006542170893518456,-0.032651032134890554,0.03582682308500575,2.7931509863585235,0.03582682308500576,0.0,0.0,0.4896,0.5491999999999999
dinov2,9,True,0.09,9,23,0.08984375,8.984375,ZERO,0.4518,0.003033150177620623,0.45,0.457,0.007000000000000006,0.003033150177620623,-0.6844093322753906,0.03658714299009757,3.4449092864990236,0.03658714299009757,0.0,0.0,0.424395,0.48101499999999997
dinov2,9,True,0.1,10,26,0.1015625,10.15625,ZERO,0.3972,0.005974947698515867,0.389,0.404,0.015000000000000013,0.005974947698515867,-1.318937349319458,0.04841166646251981,4.079437303543091,0.04841166646251981,0.0,0.0,0.368195,0.42581
dinov2,9,True,0.11,11,28,0.109375,10.9375,ZERO,0.3604,0.008111719916269305,0.347,0.369,0.02200000000000002,0.008111719916269305,-1.7158965587615966,0.05584166753669588,4.47639651298523,0.05584166753669588,0.0,0.0,0.33119,0.388605
dinov2,9,True,0.12,12,31,0.12109375,12.109375,ZERO,0.306,0.004527692569068712,0.301,0.312,0.01100000000000001,0.004527692569068712,-2.2619670391082765,0.054143492691238575,5.022466993331909,0.054143492691238575,0.0,0.0,0.278795,0.33480499999999996
dinov2,9,True,0.13,13,33,0.12890625,12.890625,ZERO,0.2716,0.008561541917201605,0.26,0.28,0.020000000000000018,0.008561541917201605,-2.5988649845123293,0.05714962298980223,5.359364938735962,0.05714962298980223,0.0,0.0,0.24759499999999998,0.29900499999999997
dinov2,9,True,0.14,14,36,0.140625,14.0625,ZERO,0.22959999999999997,0.005941380311005176,0.222,0.237,0.014999999999999986,0.005941380311005176,-3.088666009902954,0.052926265033123164,5.849165964126587,0.052926265033123164,0.0,0.0,0.20538999999999996,0.25639999999999996
dinov2,9,True,0.15,15,38,0.1484375,14.84375,ZERO,0.20939999999999998,0.005224940191045258,0.205,0.216,0.01100000000000001,0.005224940191045258,-3.381716585159302,0.05943456360028803,6.142216539382934,0.05943456360028803,0.0,0.0,0.18419999999999997,0.23439999999999997
dinov2,9,True,0.16,16,41,0.16015625,16.015625,ZERO,0.1758,0.0038987177379235785,0.17,0.18,0.009999999999999981,0.0038987177379235785,-3.800432538986206,0.057195169760439826,6.5609324932098385,0.057195169760439826,0.0,0.0,0.15499,0.198
dinov2,9,True,0.17,17,44,0.171875,17.1875,ZERO,0.1476,0.0027018512172212617,0.145,0.152,0.007000000000000006,0.0027018512172212617,-4.17380428314209,0.04533592630300349,6.934304237365723,0.04533592630300349,0.0,0.0,0.1246,0.1686
dinov2,9,True,0.18,18,46,0.1796875,17.96875,ZERO,0.1316,0.0049295030175465,0.125,0.138,0.013000000000000012,0.0049295030175465,-4.411576461791992,0.05490544779217172,7.172076416015625,0.05490544779217172,0.0,0.0,0.111975,0.15061999999999998
dinov2,9,True,0.19,19,49,0.19140625,19.140625,ZERO,0.10940000000000001,0.007368853370776217,0.099,0.117,0.018000000000000002,0.007368853370776217,-4.730256271362305,0.05563603291733614,7.490756225585938,0.05563603291733614,0.0,0.0,0.091995,0.128015
dinov2,9,True,0.2,20,51,0.19921875,19.921875,ZERO,0.0962,0.006379655163094633,0.088,0.105,0.017,0.006379655163094633,-4.915837001800537,0.05529678552154894,7.67633695602417,0.05529678552154894,0.0,0.0,0.08,0.112805
dinov2,9,True,0.21,21,54,0.2109375,21.09375,ZERO,0.08080000000000001,0.002167948338867882,0.078,0.083,0.0050000000000000044,0.002167948338867882,-5.174696254730224,0.05157114019440349,7.935196208953857,0.05157114019440349,0.0,0.0,0.066395,0.097
dinov2,9,True,0.22,22,56,0.21875,21.875,ZERO,0.07160000000000001,0.0023021728866442636,0.069,0.075,0.0059999999999999915,0.0023021728866442636,-5.333985614776611,0.038403481720309725,8.094485569000245,0.03840348172030972,0.0,0.0,0.0568,0.086805
dinov2,9,True,0.23,23,59,0.23046875,23.046875,ZERO,0.0618,0.0023874672772626663,0.059,0.065,0.006000000000000005,0.0023874672772626663,-5.54515905380249,0.045899910934675145,8.305659008026122,0.045899910934675145,0.0,0.0,0.048400000000000006,0.076
dinov2,9,True,0.24,24,61,0.23828125,23.828125,ZERO,0.054400000000000004,0.005029910535983716,0.048,0.062,0.013999999999999999,0.005029910535983716,-5.675640392303467,0.04239657128083811,8.4361403465271,0.04239657128083811,0.0,0.0,0.041194999999999996,0.06740499999999999
dinov2,9,True,0.25,25,64,0.25,25.0,ZERO,0.044399999999999995,0.0016733200530681502,0.042,0.046,0.003999999999999997,0.0016733200530681502,-5.84631872177124,0.03646775147561091,8.606818675994873,0.03646775147561091,0.0,0.0,0.033400000000000006,0.056005
dinov2,9,True,0.26,26,67,0.26171875,26.171875,ZERO,0.037000000000000005,0.0027386127875258306,0.033,0.04,0.006999999999999999,0.0027386127875258306,-5.987686347961426,0.03631909014123037,8.748186302185058,0.03631909014123037,0.0,0.0,0.026995,0.048
dinov2,9,True,0.27,27,69,0.26953125,26.953125,ZERO,0.0308,0.00363318042491699,0.026,0.036,0.009999999999999998,0.00363318042491699,-6.081717395782471,0.04618104859105794,8.842217350006104,0.04618104859105794,0.0,0.0,0.0212,0.0412
dinov2,9,True,0.28,28,72,0.28125,28.125,ZERO,0.0246,0.0032863353450309956,0.021,0.03,0.008999999999999998,0.0032863353450309956,-6.212364959716797,0.039170271974220815,8.97286491394043,0.03917027197422081,0.0,0.0,0.016399999999999998,0.0338
dinov2,9,True,0.29,29,74,0.2890625,28.90625,ZERO,0.022,0.0022360679774997903,0.019,0.025,0.006000000000000002,0.0022360679774997903,-6.294269752502442,0.043074483093952495,9.054769706726074,0.04307448309395249,0.0,0.0,0.014,0.030404999999999995
dinov2,9,True,0.3,30,77,0.30078125,30.078125,ZERO,0.019200000000000002,0.0013038404810405309,0.018,0.021,0.0030000000000000027,0.0013038404810405309,-6.3841550827026365,0.03671634760380802,9.14465503692627,0.03671634760380803,0.0,0.0,0.011795000000000002,0.027399999999999997
dinov2,9,True,0.31,31,79,0.30859375,30.859375,ZERO,0.0164,0.0018165902124584947,0.014,0.019,0.004999999999999999,0.0018165902124584947,-6.445523071289062,0.035486190253051685,9.206023025512696,0.035486190253051685,0.0,0.0,0.01,0.023800000000000005
dinov2,9,True,0.32,32,82,0.3203125,32.03125,ZERO,0.014599999999999998,0.0013416407864998742,0.013,0.016,0.003000000000000001,0.0013416407864998742,-6.523463535308838,0.037212786769032155,9.283963489532471,0.037212786769032155,0.0,0.0,0.008400000000000001,0.0222
dinov2,9,True,0.33,33,84,0.328125,32.8125,ZERO,0.013800000000000002,0.0017888543819998323,0.011,0.016,0.005000000000000001,0.0017888543819998323,-6.568644618988037,0.04064520569213059,9.32914457321167,0.04064520569213059,0.0,0.0,0.0076,0.021
dinov2,9,True,0.34,34,87,0.33984375,33.984375,ZERO,0.012199999999999999,0.00130384048104053,0.011,0.014,0.003000000000000001,0.00130384048104053,-6.634845161437989,0.042850839371059976,9.395345115661621,0.042850839371059976,0.0,0.0,0.006194999999999999,0.018404999999999998
dinov2,9,True,0.35,35,90,0.3515625,35.15625,ZERO,0.0102,0.0017888543819998314,0.008,0.013,0.004999999999999999,0.0017888543819998314,-6.6956230163574215,0.04056570013065349,9.456122970581054,0.04056570013065349,0.0,0.0,0.0054,0.016004999999999995
dinov2,9,True,0.36,36,92,0.359375,35.9375,ZERO,0.0092,0.0017888543819998318,0.007,0.012,0.005,0.0017888543819998318,-6.7268242835998535,0.03443958949117468,9.487324237823486,0.03443958949117468,0.0,0.0,0.0046,0.0144
dinov2,9,True,0.37,37,95,0.37109375,37.109375,ZERO,0.0073999999999999995,0.0011401754250991377,0.006,0.009,0.002999999999999999,0.0011401754250991377,-6.7752025604248045,0.02879576171571865,9.535702514648438,0.02879576171571865,0.0,0.0,0.003,0.012199999999999999
dinov2,9,True,0.38,38,97,0.37890625,37.890625,ZERO,0.006999999999999999,0.0014142135623730948,0.006,0.009,0.002999999999999999,0.0014142135623730948,-6.805072879791259,0.028690246883879833,9.565572834014892,0.028690246883879833,0.0,0.0,0.0028000000000000004,0.011604999999999997
dinov2,9,True,0.39,39,100,0.390625,39.0625,ZERO,0.0064,0.00151657508881031,0.005,0.008,0.003,0.00151657508881031,-6.849370765686035,0.024766190294147748,9.609870719909669,0.024766190294147745,0.0,0.0,0.0024,0.0116
dinov2,9,True,0.4,40,102,0.3984375,39.84375,ZERO,0.0062,0.0013038404810405298,0.005,0.008,0.003,0.0013038404810405298,-6.879036235809326,0.02432884239421625,9.63953619003296,0.024328842394216246,0.0,0.0,0.0024000000000000002,0.011
dinov2,9,True,0.41,41,105,0.41015625,41.015625,ZERO,0.0048000000000000004,0.0008366600265340756,0.004,0.006,0.002,0.0008366600265340756,-6.92474250793457,0.02384181733509426,9.685242462158204,0.02384181733509426,0.0,0.0,0.0015999999999999999,0.008400000000000001
dinov2,9,True,0.42,42,108,0.421875,42.1875,ZERO,0.004200000000000001,0.0013038404810405298,0.003,0.006,0.003,0.0013038404810405298,-6.968937492370605,0.021288550144876774,9.729437446594238,0.021288550144876774,0.0,0.0,0.0014,0.007600000000000001
dinov2,9,True,0.43,43,110,0.4296875,42.96875,ZERO,0.0038,0.00216794833886788,0.002,0.007,0.005,0.00216794833886788,-6.996506595611573,0.02120471660632268,9.757006549835205,0.02120471660632268,0.0,0.0,0.0012000000000000001,0.0070049999999999965
dinov2,9,True,0.44,44,113,0.44140625,44.140625,ZERO,0.0038000000000000004,0.0013038404810405296,0.003,0.006,0.003,0.0013038404810405296,-7.038185024261475,0.017947233128608776,9.798684978485108,0.017947233128608776,0.0,0.0,0.001,0.007404999999999996
dinov2,9,True,0.45,45,115,0.44921875,44.921875,ZERO,0.004,0.001414213562373095,0.002,0.005,0.003,0.001414213562373095,-7.066309261322021,0.013838151984988518,9.826809215545655,0.013838151984988516,0.0,0.0,0.0008,0.008
dinov2,9,True,0.46,46,118,0.4609375,46.09375,ZERO,0.0036000000000000003,0.0011401754250991382,0.002,0.005,0.003,0.0011401754250991382,-7.114780044555664,0.01473134642399756,9.875279998779297,0.01473134642399756,0.0,0.0,0.0006,0.007604999999999996
dinov2,9,True,0.47,47,120,0.46875,46.875,ZERO,0.0038,0.0008366600265340756,0.003,0.005,0.002,0.0008366600265340756,-7.1467691421508786,0.01746395169350864,9.907269096374511,0.01746395169350864,0.0,0.0,0.0008,0.0078
dinov2,9,True,0.48,48,123,0.48046875,48.046875,ZERO,0.0036,0.0008944271909999159,0.003,0.005,0.002,0.0008944271909999159,-7.197331333160401,0.017298759256820936,9.957831287384034,0.017298759256820936,0.0,0.0,0.0004,0.0076
dinov2,9,True,0.49,49,125,0.48828125,48.828125,ZERO,0.0034000000000000002,0.0011401754250991382,0.002,0.005,0.003,0.0011401754250991382,-7.23356523513794,0.017766540708007945,9.994065189361573,0.017766540708007945,0.0,0.0,0.0006000000000000001,0.0068000000000000005
dinov2,9,True,0.5,50,128,0.5,50.0,ZERO,0.0032,0.0008366600265340755,0.002,0.004,0.002,0.0008366600265340755,-7.290072917938232,0.014867739967171308,10.050572872161865,0.014867739967171308,0.0,0.0,0.0004,0.007199999999999999
dinov2,9,True,0.51,51,131,0.51171875,51.171875,ZERO,0.0032,0.0008366600265340755,0.002,0.004,0.002,0.0008366600265340755,-7.352229881286621,0.014155992351299274,10.112729835510255,0.014155992351299274,0.0,0.0,0.0008,0.007
dinov2,9,True,0.52,52,133,0.51953125,51.953125,ZERO,0.003,0.0007071067811865475,0.002,0.004,0.002,0.0007071067811865475,-7.398702144622803,0.015934451198492676,10.159202098846436,0.015934451198492676,0.0,0.0,0.0002,0.0066
dinov2,9,True,0.53,53,136,0.53125,53.125,ZERO,0.0027999999999999995,0.000447213595499958,0.002,0.003,0.001,0.000447213595499958,-7.473296070098877,0.018047728609890415,10.23379602432251,0.018047728609890415,0.0,0.0,0.0,0.0066
dinov2,9,True,0.54,54,138,0.5390625,53.90625,ZERO,0.0027999999999999995,0.000447213595499958,0.002,0.003,0.001,0.000447213595499958,-7.528156089782715,0.017670343981298325,10.288656044006348,0.01767034398129833,0.0,0.0,0.0,0.0066
dinov2,9,True,0.55,55,141,0.55078125,55.078125,ZERO,0.0027999999999999995,0.000447213595499958,0.002,0.003,0.001,0.000447213595499958,-7.613708209991455,0.017859543069227837,10.374208164215087,0.017859543069227837,0.0,0.0,0.0,0.0062
dinov2,9,True,0.56,56,143,0.55859375,55.859375,ZERO,0.0026000000000000003,0.0005477225575051661,0.002,0.003,0.001,0.0005477225575051661,-7.674142932891845,0.019252295743274455,10.434642887115478,0.019252295743274455,0.0,0.0,0.0,0.006199999999999999
dinov2,9,True,0.57,57,146,0.5703125,57.03125,ZERO,0.0026000000000000003,0.0005477225575051661,0.002,0.003,0.001,0.0005477225575051661,-7.77287483215332,0.016905533601158824,10.533374786376953,0.016905533601158824,0.0,0.0,0.0,0.006199999999999999
dinov2,9,True,0.58,58,148,0.578125,57.8125,ZERO,0.0026000000000000003,0.0005477225575051661,0.002,0.003,0.001,0.0005477225575051661,-7.847934436798096,0.019196335369226193,10.608434391021728,0.019196335369226193,0.0,0.0,0.0,0.006004999999999996
dinov2,9,True,0.59,59,151,0.58984375,58.984375,ZERO,0.0026000000000000003,0.0005477225575051661,0.002,0.003,0.001,0.0005477225575051661,-7.957424831390381,0.017082434918517107,10.717924785614013,0.017082434918517107,0.0,0.0,0.0,0.0062
dinov2,9,True,0.6,60,154,0.6015625,60.15625,ZERO,0.0022,0.00044721359549995795,0.002,0.003,0.001,0.00044721359549995795,-8.073110771179199,0.016535218453468233,10.833610725402831,0.016535218453468233,0.0,0.0,0.0,0.0050049999999999956
dinov2,9,True,0.61,61,156,0.609375,60.9375,ZERO,0.0016,0.0005477225575051661,0.001,0.002,0.001,0.0005477225575051661,-8.15091609954834,0.016834604704178007,10.911416053771973,0.016834604704178007,0.0,0.0,0.0,0.004200000000000001
dinov2,9,True,0.62,62,159,0.62109375,62.109375,ZERO,0.0014,0.0005477225575051661,0.001,0.002,0.001,0.0005477225575051661,-8.270995903015137,0.018928146493000293,11.03149585723877,0.018928146493000293,0.0,0.0,0.0,0.0038
dinov2,9,True,0.63,63,161,0.62890625,62.890625,ZERO,0.0014,0.0005477225575051661,0.001,0.002,0.001,0.0005477225575051661,-8.352751541137696,0.02108651891937472,11.113251495361329,0.02108651891937472,0.0,0.0,0.0,0.0034
dinov2,9,True,0.64,64,164,0.640625,64.0625,ZERO,0.0012000000000000001,0.00044721359549995795,0.001,0.002,0.001,0.00044721359549995795,-8.47561855316162,0.019870166502917095,11.236118507385253,0.019870166502917095,0.0,0.0,0.0,0.0034
dinov2,9,True,0.65,65,166,0.6484375,64.84375,ZERO,0.001,0.0,0.001,0.001,0.0,0.0,-8.557372856140137,0.019348580343000514,11.31787281036377,0.019348580343000514,0.0,0.0,0.0,0.003
dinov2,9,True,0.66,66,169,0.66015625,66.015625,ZERO,0.001,0.0,0.001,0.001,0.0,0.0,-8.683336067199708,0.019878893328148177,11.44383602142334,0.019878893328148177,0.0,0.0,0.0,0.004
dinov2,9,True,0.67,67,172,0.671875,67.1875,ZERO,0.001,0.0,0.001,0.001,0.0,0.0,-8.811188697814941,0.016249149776244767,11.571688652038574,0.016249149776244767,0.0,0.0,0.0,0.003
dinov2,9,True,0.68,68,174,0.6796875,67.96875,ZERO,0.001,0.0,0.001,0.001,0.0,0.0,-8.89756965637207,0.016339583798874412,11.658069610595703,0.016339583798874412,0.0,0.0,0.0,0.004
dinov2,9,True,0.69,69,177,0.69140625,69.140625,ZERO,0.001,0.0,0.001,0.001,0.0,0.0,-9.022887039184571,0.015032423835612789,11.783386993408204,0.015032423835612789,0.0,0.0,0.0,0.003
dinov2,9,True,0.7,70,179,0.69921875,69.921875,ZERO,0.001,0.0,0.001,0.001,0.0,0.0,-9.100634384155274,0.014522624360075289,11.861134338378907,0.014522624360075289,0.0,0.0,0.0,0.003
dinov2,9,True,0.71,71,182,0.7109375,71.09375,ZERO,0.001,0.0,0.001,0.001,0.0,0.0,-9.215547180175781,0.010505354836719468,11.976047134399414,0.010505354836719468,0.0,0.0,0.0,0.003
dinov2,9,True,0.72,72,184,0.71875,71.875,ZERO,0.001,0.0,0.001,0.001,0.0,0.0,-9.29485912322998,0.01263588455851413,12.055359077453613,0.01263588455851413,0.0,0.0,0.0,0.004
dinov2,9,True,0.73,73,187,0.73046875,73.046875,ZERO,0.001,0.0,0.001,0.001,0.0,0.0,-9.411786079406738,0.019363029777829454,12.172286033630371,0.019363029777829454,0.0,0.0,0.0,0.003
dinov2,9,True,0.74,74,189,0.73828125,73.828125,ZERO,0.001,0.0,0.001,0.001,0.0,0.0,-9.485466194152831,0.01708682929055966,12.245966148376464,0.01708682929055966,0.0,0.0,0.0,0.003
dinov2,9,True,0.75,75,192,0.75,75.0,ZERO,0.001,0.0,0.001,0.001,0.0,0.0,-9.596094512939453,0.018966427508535038,12.356594467163086,0.018966427508535038,0.0,0.0,0.0,0.003
dinov2,9,True,0.76,76,195,0.76171875,76.171875,ZERO,0.001,0.0,0.001,0.001,0.0,0.0,-9.701289749145507,0.01929125395881829,12.46178970336914,0.01929125395881829,0.0,0.0,0.0,0.003
dinov2,9,True,0.77,77,197,0.76953125,76.953125,ZERO,0.001,0.0,0.001,0.001,0.0,0.0,-9.76794376373291,0.018665872295452583,12.528443717956543,0.018665872295452583,0.0,0.0,0.0,0.003
dinov2,9,True,0.78,78,200,0.78125,78.125,ZERO,0.001,0.0,0.001,0.001,0.0,0.0,-9.865396881103516,0.01966517327981556,12.625896835327149,0.01966517327981556,0.0,0.0,0.0,0.003
dinov2,9,True,0.79,79,202,0.7890625,78.90625,ZERO,0.001,0.0,0.001,0.001,0.0,0.0,-9.931670951843262,0.01229602090984517,12.692170906066895,0.01229602090984517,0.0,0.0,0.0,0.003
dinov2,9,True,0.8,80,205,0.80078125,80.078125,ZERO,0.001,0.0,0.001,0.001,0.0,0.0,-10.025278091430664,0.013981825072233466,12.785778045654297,0.013981825072233466,0.0,0.0,0.0,0.003
dinov2,9,True,0.81,81,207,0.80859375,80.859375,ZERO,0.001,0.0,0.001,0.001,0.0,0.0,-10.081796455383301,0.014142121142329805,12.842296409606934,0.014142121142329805,0.0,0.0,0.0,0.003
dinov2,9,True,0.82,82,210,0.8203125,82.03125,ZERO,0.001,0.0,0.001,0.001,0.0,0.0,-10.163970947265625,0.014285673393305783,12.924470901489258,0.014285673393305783,0.0,0.0,0.0,0.003
dinov2,9,True,0.83,83,212,0.828125,82.8125,ZERO,0.001,0.0,0.001,0.001,0.0,0.0,-10.217896652221679,0.016645037392432546,12.978396606445312,0.016645037392432546,0.0,0.0,0.0,0.003
dinov2,9,True,0.84,84,215,0.83984375,83.984375,ZERO,0.001,0.0,0.001,0.001,0.0,0.0,-10.29697380065918,0.007048900304205778,13.057473754882812,0.007048900304205778,0.0,0.0,0.0,0.003
dinov2,9,True,0.85,85,218,0.8515625,85.15625,ZERO,0.001,0.0,0.001,0.001,0.0,0.0,-10.365647888183593,0.006430608575970941,13.126147842407226,0.006430608575970941,0.0,0.0,0.0,0.003
dinov2,9,True,0.86,86,220,0.859375,85.9375,ZERO,0.001,0.0,0.001,0.001,0.0,0.0,-10.408219718933106,0.0044363991095218045,13.168719673156739,0.0044363991095218045,0.0,0.0,0.0,0.003
dinov2,9,True,0.87,87,223,0.87109375,87.109375,ZERO,0.001,0.0,0.001,0.001,0.0,0.0,-10.470750427246093,0.003430045931876619,13.231250381469726,0.003430045931876619,0.0,0.0,0.0,0.003
dinov2,9,True,0.88,88,225,0.87890625,87.890625,ZERO,0.001,0.0,0.001,0.001,0.0,0.0,-10.509176254272461,0.00305893419305529,13.269676208496094,0.00305893419305529,0.0,0.0,0.0,0.003
dinov2,9,True,0.89,89,228,0.890625,89.0625,ZERO,0.001,0.0,0.001,0.001,0.0,0.0,-10.563213348388672,0.005434918265096989,13.323713302612305,0.005434918265096989,0.0,0.0,0.0,0.003
dinov2,9,True,0.9,90,230,0.8984375,89.84375,ZERO,0.001,0.0,0.001,0.001,0.0,0.0,-10.592224311828613,0.00810670709337911,13.352724266052245,0.00810670709337911,0.0,0.0,0.0,0.004
dinov2,9,True,0.91,91,233,0.91015625,91.015625,ZERO,0.001,0.0,0.001,0.001,0.0,0.0,-10.636739540100098,0.009832761315067844,13.397239494323731,0.009832761315067844,0.0,0.0,0.0,0.003
dinov2,9,True,0.92,92,236,0.921875,92.1875,ZERO,0.001,0.0,0.001,0.001,0.0,0.0,-10.67738208770752,0.009448490486868336,13.437882041931152,0.009448490486868336,0.0,0.0,0.0,0.003
dinov2,9,True,0.93,93,238,0.9296875,92.96875,ZERO,0.001,0.0,0.001,0.001,0.0,0.0,-10.703075981140136,0.008779361187944097,13.46357593536377,0.008779361187944097,0.0,0.0,0.0,0.003
dinov2,9,True,0.94,94,241,0.94140625,94.140625,ZERO,0.001,0.0,0.001,0.001,0.0,0.0,-10.73337516784668,0.010546609705978701,13.493875122070312,0.010546609705978701,0.0,0.0,0.0,0.003
dinov2,9,True,0.95,95,243,0.94921875,94.921875,ZERO,0.001,0.0,0.001,0.001,0.0,0.0,-10.751329231262208,0.0076951235813550916,13.51182918548584,0.0076951235813550916,0.0,0.0,0.0,0.004
dinov2,9,True,0.96,96,246,0.9609375,96.09375,ZERO,0.001,0.0,0.001,0.001,0.0,0.0,-10.778259468078613,0.006223749368752045,13.538759422302245,0.006223749368752045,0.0,0.0,0.0,0.003
dinov2,9,True,0.97,97,248,0.96875,96.875,ZERO,0.001,0.0,0.001,0.001,0.0,0.0,-10.79178066253662,0.007869488549294078,13.552280616760253,0.007869488549294078,0.0,0.0,0.0,0.003
dinov2,9,True,0.98,98,251,0.98046875,98.046875,ZERO,0.001,0.0,0.001,0.001,0.0,0.0,-10.808856201171874,0.005585569574891689,13.569356155395507,0.005585569574891689,0.0,0.0,0.0,0.0030249999999999774
dinov2,9,True,0.99,99,253,0.98828125,98.828125,ZERO,0.001,0.0,0.001,0.001,0.0,0.0,-10.815275192260742,0.00469349199199444,13.575775146484375,0.00469349199199444,0.0,0.0,0.0,0.003
dinov2,9,True,1.0,100,256,1.0,100.0,ZERO,0.001,0.0,0.001,0.001,0.0,0.0,-10.829562187194824,0.0,13.590062141418457,0.0,0.0,0.0,0.0,0.003
vit_base,7,True,0.0,0,0,0.0,0.0,CENTROID,0.761,0.0,0.761,0.761,0.0,0.0,3.1922755241394043,0.0,0.0,0.0,0.0,,0.735,0.788
vit_base,7,True,0.01,1,2,0.01020408163265306,1.0204081632653061,CENTROID,0.7578,0.0008366600265340763,0.757,0.759,0.0020000000000000018,0.0008366600265340763,3.1875305652618406,0.003062804438747238,0.004744958877563476,0.003062804438747238,0.009710979461669923,,0.7325900000000001,0.7844150000000001
vit_base,7,True,0.02,2,4,0.02040816326530612,2.0408163265306123,CENTROID,0.758,0.003082207001484491,0.754,0.761,0.007000000000000006,0.003082207001484491,3.1788383960723876,0.003593942596883989,0.013437128067016602,0.003593942596883989,0.025507593154907228,,0.73099,0.7840050000000001
vit_base,7,True,0.03,3,6,0.030612244897959183,3.061224489795918,CENTROID,0.756,0.003316624790355403,0.753,0.76,0.007000000000000006,0.003316624790355403,3.173651695251465,0.005701962061259963,0.018623828887939453,0.005701962061259963,0.04213137626647949,,0.7304,0.781805
vit_base,7,True,0.04,4,8,0.04081632653061224,4.081632653061225,CENTROID,0.757,0.0020000000000000018,0.754,0.759,0.0050000000000000044,0.0020000000000000018,3.1683069229125977,0.00857372014315019,0.023968601226806642,0.00857372014315019,0.0604804515838623,,0.73179,0.78201
vit_base,7,True,0.05,5,10,0.05102040816326531,5.1020408163265305,CENTROID,0.7552,0.0017888543819998333,0.753,0.758,0.0050000000000000044,0.0017888543819998333,3.1607357025146485,0.011875481582352012,0.03153982162475586,0.011875481582352014,0.08122186660766602,0.7251760877904232,0.728795,0.7816000000000001
vit_base,7,True,0.06,6,12,0.061224489795918366,6.122448979591836,CENTROID,0.7534000000000001,0.004393176527297763,0.749,0.759,0.010000000000000009,0.004393176527297763,3.151794767379761,0.008465598514723963,0.040480756759643556,0.008465598514723963,0.10366640090942383,0.7206072750021709,0.725995,0.7786
vit_base,7,True,0.07,7,14,0.07142857142857142,7.142857142857142,CENTROID,0.7522000000000001,0.002588435821108959,0.749,0.756,0.007000000000000006,0.002588435821108959,3.1437682628631594,0.004496139837081059,0.04850726127624512,0.004496139837081059,0.12848320007324218,0.7261061871243755,0.72679,0.7774050000000001
vit_base,7,True,0.08,8,16,0.08163265306122448,8.16326530612245,CENTROID,0.7522,0.002280350850198278,0.75,0.755,0.0050000000000000044,0.002280350850198278,3.1368401050567627,0.008298887283633429,0.0554354190826416,0.008298887283633429,0.15497488975524903,0.7370392284042712,0.725795,0.7777999999999999
vit_base,7,True,0.09,9,18,0.09183673469387756,9.183673469387756,CENTROID,0.7522,0.0027748873851023243,0.75,0.757,0.007000000000000006,0.0027748873851023243,3.135584306716919,0.008615190570530177,0.056691217422485354,0.008615190570530177,0.18471355438232423,0.7660159502569623,0.727385,0.7780050000000001
vit_base,7,True,0.1,10,20,0.10204081632653061,10.204081632653061,CENTROID,0.7512,0.003563705936241096,0.746,0.755,0.009000000000000008,0.003563705936241096,3.1290624141693115,0.012189567084271798,0.06321310997009277,0.012189567084271798,0.21597437858581542,0.7749623189924048,0.7263949999999999,0.779205
vit_base,7,True,0.11,11,22,0.11224489795918367,11.224489795918368,CENTROID,0.7489999999999999,0.004183300132670382,0.743,0.754,0.01100000000000001,0.004183300132670382,3.1213218212127685,0.011732123259914948,0.07095370292663575,0.011732123259914948,0.25128374099731443,0.7807742421704905,0.7215999999999999,0.7738050000000001
vit_base,7,True,0.12,12,24,0.12244897959183673,12.244897959183673,CENTROID,0.7496,0.004827007354458872,0.743,0.754,0.01100000000000001,0.004827007354458872,3.1133238792419435,0.011919541091476775,0.07895164489746094,0.011919541091476775,0.28539743423461916,0.7836428668016029,0.7244,0.7756
vit_base,7,True,0.13,13,25,0.12755102040816327,12.755102040816327,CENTROID,0.7495999999999999,0.0042190046219458014,0.744,0.755,0.01100000000000001,0.0042190046219458014,3.1116106510162354,0.012886185102341725,0.08066487312316895,0.012886185102341725,0.3002251148223877,0.7886374601833482,0.7242000000000001,0.7764000000000001
vit_base,7,True,0.14,14,27,0.1377551020408163,13.77551020408163,CENTROID,0.7474000000000001,0.005224940191045257,0.742,0.755,0.013000000000000012,0.005224940191045257,3.102975034713745,0.01584825034594285,0.08930048942565919,0.015848250345942852,0.3385437488555908,0.7917240350550244,0.722395,0.7726099999999999
vit_base,7,True,0.15,15,29,0.14795918367346939,14.795918367346939,CENTROID,0.7478,0.0060991802727907675,0.74,0.757,0.017000000000000015,0.0060991802727907675,3.0953529357910154,0.013314572637209816,0.09692258834838867,0.013314572637209816,0.37645392417907714,0.7953205138076044,0.723795,0.7742149999999999
vit_base,7,True,0.16,16,31,0.15816326530612246,15.816326530612246,CENTROID,0.7474000000000001,0.007127411872482192,0.738,0.756,0.018000000000000016,0.007127411872482192,3.0840559005737305,0.011148285216980715,0.10821962356567383,0.011148285216980715,0.4186529636383057,0.7945663524879389,0.7195949999999999,0.7716000000000001
vit_base,7,True,0.17,17,33,0.1683673469387755,16.83673469387755,CENTROID,0.747,0.005477225575051666,0.739,0.753,0.014000000000000012,0.005477225575051666,3.0757680416107176,0.011261579316891729,0.11650748252868652,0.01126157931689173,0.45955715179443357,0.7975961480112347,0.7225900000000001,0.773005
vit_base,7,True,0.18,18,35,0.17857142857142858,17.857142857142858,CENTROID,0.7465999999999999,0.0038470768123342724,0.742,0.752,0.010000000000000009,0.0038470768123342724,3.069236469268799,0.014402250982396366,0.12303905487060547,0.014402250982396366,0.5017230987548829,0.8030146724301434,0.72099,0.7742
vit_base,7,True,0.19,19,37,0.18877551020408162,18.877551020408163,CENTROID,0.7455999999999999,0.0027018512172212617,0.743,0.749,0.006000000000000005,0.0027018512172212617,3.0566975593566896,0.014041309926911789,0.13557796478271483,0.01404130992691179,0.5493702411651611,0.8019986873727809,0.718985,0.771405
vit_base,7,True,0.2,20,39,0.1989795918367347,19.897959183673468,CENTROID,0.7434000000000001,0.0037815340802378108,0.739,0.749,0.010000000000000009,0.0037815340802378108,3.0386672973632813,0.017753730344363183,0.15360822677612304,0.017753730344363183,0.5959280967712403,0.7950398798950161,0.7148000000000001,0.770005
vit_base,7,True,0.21,21,41,0.20918367346938777,20.918367346938776,CENTROID,0.7426,0.0034351128074635363,0.74,0.748,0.008000000000000007,0.0034351128074635363,3.030467891693115,0.01817877678260972,0.16180763244628907,0.01817877678260972,0.6481215953826904,0.8002844708603003,0.7158,0.768
vit_base,7,True,0.22,22,43,0.2193877551020408,21.93877551020408,CENTROID,0.7434,0.0035071355833500395,0.739,0.747,0.008000000000000007,0.0035071355833500395,3.0206220149993896,0.017060177513582308,0.17165350914001465,0.017060177513582308,0.7020294189453125,0.8034829511923839,0.7159949999999999,0.767
vit_base,7,True,0.23,23,45,0.22959183673469388,22.95918367346939,CENTROID,0.7428,0.003834057902536166,0.738,0.747,0.009000000000000008,0.003834057902536166,3.0115471839904786,0.01609222046623392,0.18072834014892578,0.01609222046623392,0.7595873355865479,0.8078021088134246,0.715595,0.7682
vit_base,7,True,0.24,24,47,0.23979591836734693,23.97959183673469,CENTROID,0.741,0.0035355339059327407,0.737,0.745,0.008000000000000007,0.0035355339059327407,2.9975451946258547,0.018432749768192928,0.1947303295135498,0.018432749768192928,0.8139485836029052,0.8069596486835456,0.7142000000000001,0.7662
vit_base,7,True,0.25,25,49,0.25,25.0,CENTROID,0.7396,0.002073644135332774,0.736,0.741,0.0050000000000000044,0.002073644135332774,2.9849478244781493,0.024224981715674686,0.2073276996612549,0.024224981715674686,0.8588373184204101,0.8057481575968588,0.7129949999999999,0.7634050000000001
vit_base,7,True,0.26,26,51,0.2602040816326531,26.02040816326531,CENTROID,0.7384000000000001,0.0027018512172212617,0.734,0.741,0.007000000000000006,0.0027018512172212617,2.9716680526733397,0.022369486965274948,0.22060747146606446,0.022369486965274948,0.9056955814361572,0.8042562266714045,0.7118,0.764205
vit_base,7,True,0.27,27,53,0.27040816326530615,27.040816326530614,CENTROID,0.7378,0.0013038404810405309,0.736,0.739,0.0030000000000000027,0.0013038404810405309,2.961998987197876,0.0212807155036304,0.23027653694152833,0.0212807155036304,0.9538331031799316,0.8055916719466127,0.7114000000000001,0.765405
vit_base,7,True,0.28,28,55,0.28061224489795916,28.061224489795915,CENTROID,0.7367999999999999,0.002588435821108959,0.734,0.74,0.006000000000000005,0.002588435821108959,2.947603368759155,0.025107554956145084,0.24467215538024903,0.025107554956145084,1.0080722570419312,0.8047631745044859,0.7098,0.76181
vit_base,7,True,0.29,29,57,0.29081632653061223,29.081632653061224,CENTROID,0.7358,0.004266145801540312,0.73,0.74,0.010000000000000009,0.004266145801540312,2.9311405181884767,0.03113810407042621,0.26113500595092776,0.03113810407042621,1.0561969995498657,0.8018970670223903,0.7092,0.7616050000000001
vit_base,7,True,0.3,30,59,0.3010204081632653,30.102040816326532,CENTROID,0.7353999999999999,0.0026076809620810618,0.732,0.738,0.006000000000000005,0.0026076809620810618,2.9159257888793944,0.03155018460690648,0.2763497352600098,0.03155018460690648,1.1039600610733031,0.7999329352742752,0.7088,0.7612049999999999
vit_base,7,True,0.31,31,61,0.3112244897959184,31.122448979591837,CENTROID,0.7325999999999999,0.004335896677735764,0.729,0.739,0.010000000000000009,0.004335896677735764,2.8995534896850588,0.025609654119730436,0.2927220344543457,0.02560965411973044,1.1502155780792236,0.79716875548781,0.7061949999999999,0.75801
vit_base,7,True,0.32,32,63,0.32142857142857145,32.142857142857146,CENTROID,0.7316,0.004878524367060192,0.727,0.739,0.01200000000000001,0.004878524367060192,2.8841176986694337,0.028963676723264876,0.3081578254699707,0.028963676723264876,1.199212622642517,0.7956108729607434,0.7065949999999999,0.7582150000000001
vit_base,7,True,0.33,33,65,0.33163265306122447,33.16326530612245,CENTROID,0.7318,0.004086563348340513,0.727,0.737,0.010000000000000009,0.004086563348340513,2.8692713737487794,0.032420331677834084,0.323004150390625,0.032420331677834084,1.2439683675765991,0.7939363139773238,0.7069949999999999,0.7566050000000001
vit_base,7,True,0.34,34,67,0.34183673469387754,34.183673469387756,CENTROID,0.732,0.004949747468305837,0.726,0.738,0.01200000000000001,0.004949747468305837,2.8490944862365724,0.03403060503247823,0.34318103790283205,0.03403060503247823,1.2961148738861084,0.7907322134604093,0.7053849999999999,0.759
vit_base,7,True,0.35,35,69,0.3520408163265306,35.204081632653065,CENTROID,0.7294,0.0040987803063838426,0.726,0.736,0.010000000000000009,0.0040987803063838426,2.825653076171875,0.03612285141035927,0.3666224479675293,0.03612285141035927,1.3456324338912964,0.7859521910654236,0.7058,0.755005
vit_base,7,True,0.36,36,71,0.3622448979591837,36.224489795918366,CENTROID,0.7300000000000001,0.005244044240850763,0.724,0.737,0.013000000000000012,0.005244044240850763,2.80401554107666,0.0411772507813176,0.3882599830627441,0.0411772507813176,1.3899025201797486,0.7818458520718495,0.7055949999999999,0.7562
vit_base,7,True,0.37,37,73,0.37244897959183676,37.244897959183675,CENTROID,0.7298,0.005069516742254634,0.724,0.735,0.01100000000000001,0.005069516742254634,2.7848830223083496,0.03801335824693623,0.4073925018310547,0.03801335824693623,1.4423946380615233,0.7798990376846172,0.70379,0.757
vit_base,7,True,0.38,38,74,0.37755102040816324,37.755102040816325,CENTROID,0.7286,0.005683308895353133,0.721,0.734,0.013000000000000012,0.005683308895353133,2.7712192058563234,0.0313075776406131,0.42105631828308104,0.0313075776406131,1.4697150945663453,0.7773784582116953,0.7038,0.755
vit_base,7,True,0.39,39,76,0.3877551020408163,38.775510204081634,CENTROID,0.7265999999999999,0.0054129474410897485,0.722,0.733,0.01100000000000001,0.0054129474410897485,2.7459813594818114,0.03037229351481231,0.44629416465759275,0.03037229351481231,1.5154951572418214,0.7725702708385965,0.701595,0.7496099999999999
vit_base,7,True,0.4,40,78,0.3979591836734694,39.795918367346935,CENTROID,0.7255999999999999,0.004722287581247042,0.721,0.733,0.01200000000000001,0.004722287581247042,2.725377988815308,0.03413366580041531,0.46689753532409667,0.03413366580041531,1.562225914001465,0.7699760421270229,0.6993949999999999,0.7527999999999999
vit_base,7,True,0.41,41,80,0.40816326530612246,40.816326530612244,CENTROID,0.7235999999999999,0.0033615472627943252,0.72,0.729,0.009000000000000008,0.0033615472627943252,2.702476644515991,0.036155707484704445,0.48979887962341306,0.036155707484704445,1.6125507354736328,0.7671271417864001,0.6973900000000001,0.7514149999999999
vit_base,7,True,0.42,42,82,0.41836734693877553,41.83673469387755,CENTROID,0.7240000000000001,0.006745368781616026,0.717,0.733,0.016000000000000014,0.006745368781616026,2.6716875553131105,0.04320087458975876,0.520587968826294,0.04320087458975877,1.6569630265235902,0.7611091772180978,0.6981850000000001,0.750845
vit_base,7,True,0.43,43,84,0.42857142857142855,42.857142857142854,CENTROID,0.723,0.006595452979136465,0.715,0.73,0.015000000000000013,0.006595452979136465,2.648913526535034,0.042631558491475215,0.5433619976043701,0.042631558491475215,1.6853155493736267,0.7563522058119361,0.6982,0.748625
vit_base,7,True,0.44,44,86,0.4387755102040816,43.87755102040816,CENTROID,0.7220000000000001,0.007874007874011818,0.713,0.731,0.018000000000000016,0.007874007874011818,2.6230483055114746,0.043541919246899104,0.5692272186279297,0.043541919246899104,1.7254310369491577,0.7520621825819491,0.6958,0.7498049999999999
vit_base,7,True,0.45,45,88,0.4489795918367347,44.89795918367347,CENTROID,0.7212,0.007190271204899026,0.713,0.73,0.017000000000000015,0.007190271204899026,2.5929048538208006,0.04101587523896014,0.5993706703186035,0.04101587523896013,1.7503188133239747,0.7449467478970201,0.69679,0.7477999999999999
vit_base,7,True,0.46,46,90,0.45918367346938777,45.91836734693878,CENTROID,0.7207999999999999,0.006220932405998322,0.713,0.728,0.015000000000000013,0.006220932405998322,2.566592264175415,0.04058761598602589,0.6256832599639892,0.0405876159860259,1.785278820991516,0.7404718130383305,0.6954,0.746415
vit_base,7,True,0.47,47,92,0.46938775510204084,46.93877551020408,CENTROID,0.7204,0.005727128425310546,0.714,0.728,0.014000000000000012,0.005727128425310546,2.5400373458862306,0.04462794091445144,0.6522381782531739,0.04462794091445144,1.826258361339569,0.7368465260421233,0.69199,0.7455999999999999
vit_base,7,True,0.48,48,94,0.47959183673469385,47.95918367346938,CENTROID,0.7207999999999999,0.005403702434442523,0.714,0.728,0.014000000000000012,0.005403702434442523,2.507153034210205,0.04520835967450306,0.6851224899291992,0.04520835967450306,1.8605172395706178,0.7309140150543741,0.6951900000000001,0.7467999999999999
vit_base,7,True,0.49,49,96,0.4897959183673469,48.97959183673469,CENTROID,0.7178,0.007155417527999333,0.709,0.727,0.018000000000000016,0.007155417527999333,2.469372034072876,0.04020858941414802,0.7229034900665283,0.04020858941414802,1.8968464374542235,0.7240740194211777,0.6901900000000001,0.74502
vit_base,7,True,0.5,50,98,0.5,50.0,CENTROID,0.716,0.006519202405202654,0.709,0.723,0.014000000000000012,0.006519202405202654,2.4371118545532227,0.03534595182872393,0.7551636695861816,0.03534595182872393,1.9347170174121857,0.7192705303401945,0.6893950000000001,0.7414
vit_base,7,True,0.51,51,100,0.5102040816326531,51.02040816326531,CENTROID,0.7135999999999999,0.006730527468185542,0.704,0.719,0.015000000000000013,0.006730527468185542,2.3938615322113037,0.04319246517896861,0.7984139919281006,0.04319246517896861,1.976309782266617,0.712331215366849,0.68899,0.7382000000000001
vit_base,7,True,0.52,52,102,0.5204081632653061,52.04081632653062,CENTROID,0.712,0.006442049363362568,0.702,0.719,0.017000000000000015,0.006442049363362568,2.366454744338989,0.042426822791989754,0.825820779800415,0.042426822791989754,2.0003325581550597,0.7078629242617603,0.6871900000000001,0.7402000000000001
vit_base,7,True,0.53,53,104,0.5306122448979592,53.06122448979592,CENTROID,0.7102,0.0073959448348402445,0.701,0.72,0.019000000000000017,0.0073959448348402445,2.326454734802246,0.0523413015677628,0.8658207893371582,0.0523413015677628,2.0381383836269378,0.7019840909096623,0.683595,0.7352050000000001
vit_base,7,True,0.54,54,106,0.5408163265306123,54.08163265306123,CENTROID,0.7068,0.007981227975693972,0.698,0.718,0.020000000000000018,0.007981227975693972,2.292789840698242,0.04758502019337602,0.8994856834411621,0.04758502019337602,2.0733758360147476,0.697562255458607,0.6825849999999999,0.7323999999999999
vit_base,7,True,0.55,55,108,0.5510204081632653,55.10204081632652,CENTROID,0.7065999999999999,0.006877499545619765,0.699,0.715,0.016000000000000014,0.006877499545619765,2.2585297584533692,0.04033257977261761,0.9337457656860352,0.04033257977261761,2.1162752136588097,0.6939393231513524,0.679595,0.7304050000000001
vit_base,7,True,0.56,56,110,0.5612244897959183,56.12244897959183,CENTROID,0.7038,0.0068702256149270734,0.697,0.713,0.016000000000000014,0.0068702256149270734,2.225049066543579,0.03429801121385462,0.9672264575958252,0.03429801121385461,2.150730193220079,0.6898315243497967,0.6754000000000001,0.729805
vit_base,7,True,0.57,57,112,0.5714285714285714,57.14285714285714,CENTROID,0.703,0.006928203230275515,0.696,0.712,0.016000000000000014,0.006928203230275515,2.1937329292297365,0.04090979912856311,0.998542594909668,0.04090979912856311,2.1796682585030793,0.6858838783435922,0.67577,0.7274050000000001
vit_base,7,True,0.58,58,114,0.5816326530612245,58.16326530612245,CENTROID,0.7,0.004123105625617665,0.697,0.707,0.010000000000000009,0.004123105625617665,2.1487782478332518,0.03323616252191622,1.0434972763061523,0.03323616252191622,2.2146670993417503,0.6797620266331323,0.6726,0.7276050000000001
vit_base,7,True,0.59,59,116,0.5918367346938775,59.183673469387756,CENTROID,0.7009999999999998,0.0037416573867739447,0.698,0.707,0.009000000000000008,0.0037416573867739447,2.1144169330596925,0.028134077174228285,1.0778585910797118,0.028134077174228285,2.2487958282232285,0.6759992274110027,0.676195,0.7270099999999999
vit_base,7,True,0.6,60,118,0.6020408163265306,60.204081632653065,CENTROID,0.6971999999999999,0.003271085446759228,0.694,0.702,0.008000000000000007,0.003271085446759228,2.0666184425354004,0.027102077246476567,1.125657081604004,0.027102077246476567,2.2942308723926543,0.670856761296496,0.6708,0.726
vit_base,7,True,0.61,61,120,0.6122448979591837,61.224489795918366,CENTROID,0.6950000000000001,0.00489897948556636,0.69,0.701,0.01100000000000001,0.00489897948556636,2.024790954589844,0.020779615186403387,1.1674845695495606,0.02077961518640339,2.3294102430343626,0.6661033542156694,0.667385,0.7210099999999999
vit_base,7,True,0.62,62,122,0.6224489795918368,62.244897959183675,CENTROID,0.6923999999999999,0.004827007354458824,0.684,0.696,0.0119999999999999,0.004827007354458824,1.9837860822677613,0.015963495735745133,1.208489441871643,0.015963495735745133,2.3665763974189757,0.6619280053383694,0.668195,0.71941
vit_base,7,True,0.63,63,123,0.6275510204081632,62.755102040816325,CENTROID,0.6906,0.005683308895353087,0.681,0.695,0.013999999999999901,0.005683308895353087,1.9576314210891723,0.01974577052340252,1.234644103050232,0.01974577052340252,2.3888999819755554,0.6592435115128348,0.6633900000000001,0.71741
vit_base,7,True,0.64,64,125,0.6377551020408163,63.775510204081634,CENTROID,0.687,0.006928203230275459,0.68,0.696,0.015999999999999903,0.006928203230275459,1.9066256999969482,0.019355511259389283,1.285649824142456,0.019355511259389283,2.423687344789505,0.6533752176752712,0.6609900000000001,0.7118000000000001
vit_base,7,True,0.65,65,127,0.6479591836734694,64.79591836734694,CENTROID,0.6828000000000001,0.004658325879540814,0.678,0.689,0.010999999999999899,0.004658325879540814,1.8524795055389405,0.02583200751813066,1.3397960186004638,0.02583200751813066,2.4764000535011292,0.6488943582488084,0.656995,0.709
vit_base,7,True,0.66,66,129,0.6581632653061225,65.81632653061224,CENTROID,0.6798000000000001,0.00521536192416208,0.676,0.688,0.0119999999999999,0.00521536192416208,1.8042985677719117,0.022815256523015404,1.3879769563674926,0.022815256523015404,2.5226446986198425,0.6450275075349134,0.65379,0.7058050000000001
vit_base,7,True,0.67,67,131,0.6683673469387755,66.83673469387756,CENTROID,0.6744000000000001,0.0037815340802378108,0.672,0.681,0.009000000000000008,0.0037815340802378108,1.7464463472366334,0.030614815303909363,1.445829176902771,0.030614815303909363,2.5686187863349916,0.6398163708930638,0.6501949999999999,0.701
vit_base,7,True,0.68,68,133,0.6785714285714286,67.85714285714286,CENTROID,0.6686000000000001,0.004669047011971505,0.664,0.676,0.01200000000000001,0.004669047011971505,1.6994295597076416,0.03218906425095166,1.4928459644317627,0.03218906425095166,2.605750298500061,0.6357438770906397,0.6413949999999999,0.69541
vit_base,7,True,0.69,69,135,0.6887755102040817,68.87755102040816,CENTROID,0.6652,0.009093954035511734,0.656,0.678,0.02200000000000002,0.009093954035511734,1.6537319660186767,0.05423260527668493,1.5385435581207276,0.05423260527668493,2.646617329120636,0.6324266489370305,0.6373949999999999,0.690415
vit_base,7,True,0.7,70,137,0.6989795918367347,69.89795918367348,CENTROID,0.661,0.01029563014098701,0.647,0.672,0.025000000000000022,0.01029563014098701,1.6115610122680664,0.05619190450239904,1.580714511871338,0.05619190450239904,2.6796499729156493,0.6290157775755703,0.6335949999999999,0.6872099999999999
vit_base,7,True,0.71,71,139,0.7091836734693877,70.91836734693877,CENTROID,0.6562,0.008613942186943219,0.646,0.665,0.019000000000000017,0.008613942186943219,1.562337327003479,0.05045330464876974,1.6299381971359252,0.05045330464876974,2.7111275434494018,0.6245641942350382,0.6286,0.6836099999999999
vit_base,7,True,0.72,72,141,0.7193877551020408,71.93877551020408,CENTROID,0.6542,0.010425929215182702,0.643,0.667,0.02400000000000002,0.010425929215182702,1.5122926950454711,0.044131052685517494,1.6799828290939331,0.044131052685517494,2.7531686544418337,0.6210589675715248,0.6281950000000001,0.6794050000000001
vit_base,7,True,0.73,73,143,0.7295918367346939,72.95918367346938,CENTROID,0.649,0.011067971810589338,0.635,0.663,0.028000000000000025,0.011067971810589338,1.455588459968567,0.030113731684623196,1.7366870641708374,0.030113731684623196,2.788518476486206,0.6161944746141585,0.6217949999999999,0.6746
vit_base,7,True,0.74,74,145,0.7397959183673469,73.9795918367347,CENTROID,0.6440000000000001,0.01036822067666387,0.634,0.66,0.026000000000000023,0.01036822067666387,1.4005258798599243,0.026857250442955772,1.79174964427948,0.026857250442955772,2.8164528608322144,0.6111612113774355,0.6177999999999999,0.6708099999999999
vit_base,7,True,0.75,75,147,0.75,75.0,CENTROID,0.6384,0.007536577472566716,0.632,0.65,0.018000000000000016,0.007536577472566716,1.3479207515716554,0.0280236890557931,1.844354772567749,0.0280236890557931,2.826663684844971,0.6051130103493451,0.610995,0.6644050000000001
vit_base,7,True,0.76,76,149,0.7602040816326531,76.0204081632653,CENTROID,0.632,0.009082951062292483,0.62,0.644,0.02400000000000002,0.009082951062292483,1.2838462591171265,0.042419384319638265,1.9084292650222778,0.042419384319638265,2.8435109138488768,0.5983894651138107,0.60439,0.659605
vit_base,7,True,0.77,77,151,0.7704081632653061,77.04081632653062,CENTROID,0.6286,0.010064790112068914,0.613,0.64,0.027000000000000024,0.010064790112068914,1.2339967012405395,0.03405029961229941,1.9582788228988648,0.03405029961229941,2.853230118751526,0.5930051977276627,0.599195,0.6577999999999999
vit_base,7,True,0.78,78,153,0.7806122448979592,78.06122448979592,CENTROID,0.621,0.01067707825203132,0.607,0.633,0.026000000000000023,0.01067707825203132,1.1665183544158935,0.049928156023580014,2.025757169723511,0.049928156023580014,2.852590799331665,0.5847845041106943,0.593985,0.6486000000000001
vit_base,7,True,0.79,79,155,0.7908163265306123,79.08163265306123,CENTROID,0.6148,0.005540758070878032,0.607,0.62,0.013000000000000012,0.005540758070878032,1.1066048622131348,0.042349482129868554,2.0856706619262697,0.04234948212986855,2.8460981607437135,0.5771112821309506,0.5866,0.641
vit_base,7,True,0.8,80,157,0.8010204081632653,80.10204081632652,CENTROID,0.607,0.005147815070493505,0.6,0.611,0.01100000000000001,0.005147815070493505,1.025124430656433,0.043914921570458974,2.167151093482971,0.043914921570458974,2.8214975357055665,0.5656089173645455,0.58,0.6324000000000001
vit_base,7,True,0.81,81,159,0.8112244897959183,81.12244897959184,CENTROID,0.5969999999999999,0.005477225575051666,0.589,0.603,0.014000000000000012,0.005477225575051666,0.9447871923446656,0.038950542243791346,2.247488331794739,0.03895054224379135,2.774024248123169,0.5524245867595969,0.567395,0.6226149999999999
vit_base,7,True,0.82,82,161,0.8214285714285714,82.14285714285714,CENTROID,0.5854,0.006913754406977448,0.578,0.592,0.014000000000000012,0.006913754406977448,0.8670897960662842,0.04683530482382918,2.3251857280731203,0.04683530482382918,2.7143985509872435,0.5385915446984121,0.5575899999999999,0.616005
vit_base,7,True,0.83,83,163,0.8316326530612245,83.16326530612244,CENTROID,0.5782,0.007823042886243185,0.568,0.586,0.018000000000000016,0.007823042886243185,0.8061994194984436,0.03957574845418405,2.386076104640961,0.03957574845418405,2.677325451374054,0.5287066577048745,0.5507799999999999,0.603815
vit_base,7,True,0.84,84,165,0.8418367346938775,84.18367346938776,CENTROID,0.5604,0.01076104084185164,0.545,0.573,0.027999999999999914,0.01076104084185164,0.7168584585189819,0.06175797268579765,2.475417065620422,0.06175797268579765,2.607042384147644,0.5128566280209312,0.53439,0.58761
vit_base,7,True,0.85,85,167,0.8520408163265306,85.20408163265306,CENTROID,0.5474000000000001,0.008677557259966663,0.537,0.555,0.018000000000000016,0.008677557259966663,0.6240423440933227,0.049977494418589,2.5682331800460814,0.04997749441858901,2.5259583234786986,0.4957381686754399,0.52239,0.57421
vit_base,7,True,0.86,86,169,0.8622448979591837,86.22448979591837,CENTROID,0.5314,0.009607288899580367,0.519,0.543,0.02400000000000002,0.009607288899580367,0.5343225121498107,0.0604567463793061,2.6579530119895933,0.0604567463793061,2.4357731699943543,0.47816570566729427,0.5048,0.5566
vit_base,7,True,0.87,87,171,0.8724489795918368,87.24489795918367,CENTROID,0.5166000000000002,0.01339029499301641,0.495,0.531,0.03600000000000003,0.01339029499301641,0.4366163969039917,0.08062807286589196,2.7556591272354125,0.08062807286589196,2.3362946271896363,0.45883837996108123,0.49060000000000004,0.54401
vit_base,7,True,0.88,88,172,0.8775510204081632,87.75510204081633,CENTROID,0.5046,0.01089954127475098,0.491,0.521,0.030000000000000027,0.01089954127475098,0.37739320397377013,0.0807824431024836,2.8148823201656343,0.0807824431024836,2.2726663410663606,0.44673767987791335,0.477995,0.5317999999999999
vit_base,7,True,0.89,89,174,0.8877551020408163,88.77551020408163,CENTROID,0.49420000000000003,0.010917875251164954,0.485,0.513,0.028000000000000025,0.010917875251164954,0.2957568526268005,0.06301131446351356,2.8965186715126037,0.06301131446351355,2.1566206574440003,0.4268113968185137,0.46699,0.5187999999999999
vit_base,7,True,0.9,90,176,0.8979591836734694,89.79591836734694,CENTROID,0.4688,0.009984988733093276,0.456,0.482,0.025999999999999968,0.009984988733093276,0.18048692047595977,0.04690113469725023,3.0117886036634447,0.04690113469725023,2.026487448811531,0.4022159119619861,0.44278500000000004,0.49440499999999993
vit_base,7,True,0.91,91,178,0.9081632653061225,90.81632653061224,CENTROID,0.449,0.02145926373387494,0.416,0.471,0.05499999999999999,0.02145926373387494,0.06038443744182587,0.0952084596595661,3.1318910866975784,0.0952084596595661,1.8885732620954514,0.3762534185925482,0.42279500000000003,0.4752100000000001
vit_base,7,True,0.92,92,180,0.9183673469387755,91.83673469387756,CENTROID,0.421,0.020037464909513865,0.398,0.439,0.04099999999999998,0.020037464909513865,-0.06708150394260884,0.08507779227203721,3.259357028082013,0.08507779227203721,1.746216220781207,0.3489001774598268,0.394195,0.448805
vit_base,7,True,0.93,93,182,0.9285714285714286,92.85714285714286,CENTROID,0.3806,0.02351169921549697,0.349,0.401,0.052000000000000046,0.02351169921549697,-0.20924250185489654,0.08509916549210579,3.4015180259943008,0.08509916549210579,1.6048194974660874,0.32060674288479746,0.3556,0.405405
vit_base,7,True,0.94,94,184,0.9387755102040817,93.87755102040816,CENTROID,0.352,0.02816025568065745,0.304,0.377,0.07300000000000001,0.02816025568065745,-0.33058013319969176,0.10231824340968072,3.522855657339096,0.10231824340968072,1.488959413766861,0.29712535762113335,0.326395,0.3758
vit_base,7,True,0.95,95,186,0.9489795918367347,94.89795918367348,CENTROID,0.31820000000000004,0.029072323608545638,0.27,0.34,0.07,0.029072323608545638,-0.45394214391708376,0.10185142310188212,3.646217668056488,0.10185142310188212,1.3797683119773865,0.27452716084738515,0.29380000000000006,0.3432
vit_base,7,True,0.96,96,188,0.9591836734693877,95.91836734693877,CENTROID,0.2752,0.0201295802241378,0.248,0.296,0.04799999999999999,0.0201295802241378,-0.6014510273933411,0.08005134812744066,3.793726551532745,0.08005134812744066,1.25554701089859,0.2486336646988267,0.250995,0.29780499999999993
vit_base,7,True,0.97,97,190,0.9693877551020408,96.93877551020408,CENTROID,0.23759999999999998,0.016118312566767035,0.219,0.263,0.04400000000000001,0.016118312566767035,-0.7262806534767151,0.07308879168610752,3.9185561776161193,0.07308879168610753,1.147358477115631,0.22647423969860805,0.21459999999999999,0.2602
vit_base,7,True,0.98,98,192,0.9795918367346939,97.95918367346938,CENTROID,0.20179999999999998,0.02750818060141383,0.156,0.223,0.067,0.02750818060141383,-0.8910797476768494,0.09044965856077275,4.083355271816254,0.09044965856077275,0.988868772983551,0.19497127039492596,0.180195,0.22260500000000003
vit_base,7,True,0.99,99,194,0.9897959183673469,98.9795918367347,CENTROID,0.1526,0.02290851370124216,0.116,0.177,0.060999999999999985,0.02290851370124216,-1.071678674221039,0.07042505753551577,4.263954198360443,0.07042505753551577,0.7973571658134461,0.15754343377633379,0.13319499999999998,0.1718
vit_base,7,True,1.0,100,196,1.0,100.0,CENTROID,0.07,0.0,0.07,0.07,0.0,0.0,-1.3413593769073486,0.0,4.533634901046753,0.0,0.4696861505508423,0.09387487744782402,0.054,0.086
vit_base,7,True,0.0,0,0,0.0,0.0,CLEAN,0.761,0.0,0.761,0.761,0.0,0.0,3.1922755241394043,0.0,0.0,0.0,0.0,,0.761,0.761
vit_base,7,True,0.0,0,0,0.0,0.0,DIAGONAL_GAUSSIAN,0.761,0.0,0.761,0.761,0.0,0.0,3.1922755241394043,0.0,0.0,0.0,0.0,,0.733,0.786
vit_base,7,True,0.01,1,2,0.01020408163265306,1.0204081632653061,DIAGONAL_GAUSSIAN,0.7582,0.0005577733510226556,0.7573333333333334,0.7586666666666666,0.0013333333333331865,0.0005577733510226556,3.191331545511882,0.0029731516341611093,0.0009439786275227865,0.002973151634161049,0.013511959711710611,,0.7335933333333333,0.7842733333333334
vit_base,7,True,0.02,2,4,0.02040816326530612,2.0408163265306123,DIAGONAL_GAUSSIAN,0.7579999999999999,0.0017480147469502401,0.7556666666666666,0.7596666666666666,0.0040000000000000036,0.0017480147469502401,3.1865729967753094,0.003833077896387584,0.0057025273640950525,0.00383307789638764,0.033242193857828777,,0.7305933333333332,0.7841383333333335
vit_base,7,True,0.03,3,6,0.030612244897959183,3.061224489795918,DIAGONAL_GAUSSIAN,0.7567999999999999,0.003288025412175374,0.7513333333333333,0.7596666666666666,0.008333333333333304,0.003288025412175374,3.185251887639364,0.006038737320428821,0.007023636500040691,0.006038737320428815,0.05373156865437826,,0.7312599999999999,0.7830050000000001
vit_base,7,True,0.04,4,8,0.04081632653061224,4.081632653061225,DIAGONAL_GAUSSIAN,0.7581333333333334,0.002422120283278023,0.7553333333333333,0.761,0.005666666666666709,0.002422120283278023,3.1853603363037113,0.009606621871575361,0.00691518783569336,0.009606621871575419,0.07753386497497558,,0.7333149999999999,0.7845383333333333
vit_base,7,True,0.05,5,10,0.05102040816326531,5.1020408163265305,DIAGONAL_GAUSSIAN,0.7559333333333333,0.001656636485305251,0.7533333333333333,0.7576666666666667,0.004333333333333411,0.001656636485305251,3.181552823384603,0.012997402763731415,0.010722700754801431,0.01299740276373147,0.10203898747762044,0.9118477708183607,0.7293283333333332,0.7838766666666667
vit_base,7,True,0.06,6,12,0.061224489795918366,6.122448979591836,DIAGONAL_GAUSSIAN,0.7554000000000001,0.0018469193569593575,0.7533333333333333,0.7576666666666667,0.004333333333333411,0.0018469193569593575,3.1747016747792562,0.008442167111118944,0.017573849360148112,0.00844216711111889,0.12657330830891927,0.8799592386750135,0.7292000000000001,0.7824
vit_base,7,True,0.07,7,14,0.07142857142857142,7.142857142857142,DIAGONAL_GAUSSIAN,0.7549333333333333,0.003174551586882427,0.7503333333333333,0.7586666666666666,0.008333333333333304,0.003174551586882427,3.1694420019785565,0.004487336429747624,0.022833522160847983,0.004487336429747599,0.15415693918863932,0.8714833210596158,0.7283883333333334,0.7806166666666668
vit_base,7,True,0.08,8,16,0.08163265306122448,8.16326530612245,DIAGONAL_GAUSSIAN,0.7548666666666666,0.0031675437381879063,0.7506666666666666,0.759,0.008333333333333415,0.0031675437381879063,3.167195876439412,0.0075556822168226885,0.02507964769999186,0.007555682216822805,0.18533066113789876,0.881462735059986,0.72852,0.7800783333333332
vit_base,7,True,0.09,9,18,0.09183673469387756,9.183673469387756,DIAGONAL_GAUSSIAN,0.7534000000000001,0.0027018512172212474,0.751,0.758,0.007000000000000006,0.0027018512172212474,3.1676302750905356,0.007516914182889162,0.024645249048868816,0.007516914182889255,0.21675952275594076,0.8988706993077489,0.729065,0.7792666666666667
vit_base,7,True,0.1,10,20,0.10204081632653061,10.204081632653061,DIAGONAL_GAUSSIAN,0.7533333333333333,0.0035433819375782724,0.7479999999999999,0.7576666666666667,0.009666666666666823,0.0035433819375782724,3.1678762435913086,0.01160168012848102,0.024399280548095703,0.011601680128481104,0.2547882080078125,0.9141922962483493,0.7268616666666665,0.7796066666666667
vit_base,7,True,0.11,11,22,0.11224489795918367,11.224489795918368,DIAGONAL_GAUSSIAN,0.754,0.0020412414523193305,0.751,0.7566666666666667,0.005666666666666709,0.0020412414523193305,3.163384596506755,0.011694468372224435,0.02889092763264974,0.01169446837222444,0.29334651629130043,0.9114956769231828,0.726985,0.7799366666666667
vit_base,7,True,0.12,12,24,0.12244897959183673,12.244897959183673,DIAGONAL_GAUSSIAN,0.7527999999999999,0.0027345525735991165,0.7493333333333334,0.7559999999999999,0.0066666666666664876,0.0027345525735991165,3.160309871037801,0.012172261678847376,0.031965653101603195,0.012172261678847242,0.3323834260304769,0.9126636670925979,0.7285216666666666,0.778135
vit_base,7,True,0.13,13,25,0.12755102040816327,12.755102040816327,DIAGONAL_GAUSSIAN,0.7520666666666667,0.0031657893521556766,0.7479999999999999,0.7559999999999999,0.008000000000000007,0.0031657893521556766,3.1612281640370687,0.013809669909287801,0.031047360102335615,0.01380966990928782,0.349842627843221,0.9189990573580926,0.7250666666666666,0.77769
vit_base,7,True,0.14,14,27,0.1377551020408163,13.77551020408163,DIAGONAL_GAUSSIAN,0.7513333333333333,0.0034721111093332646,0.7473333333333333,0.7553333333333333,0.008000000000000007,0.0034721111093332646,3.155362971623739,0.015504342001414484,0.03691255251566569,0.015504342001414434,0.3909316857655843,0.9142312285570359,0.7265333333333333,0.7760666666666666
vit_base,7,True,0.15,15,29,0.14795918367346939,14.795918367346939,DIAGONAL_GAUSSIAN,0.7510666666666667,0.0038614907886865345,0.746,0.755,0.009000000000000008,0.0038614907886865345,3.1539825598398847,0.012480335969681594,0.03829296429951985,0.01248033596968159,0.4350835482279459,0.9191886389693875,0.7255299999999999,0.7766733333333334
vit_base,7,True,0.16,16,31,0.15816326530612246,15.816326530612246,DIAGONAL_GAUSSIAN,0.7494666666666667,0.0036408179789101623,0.7443333333333334,0.7533333333333333,0.008999999999999897,0.0036408179789101623,3.1441604773203533,0.011669180950014943,0.048115046819051106,0.011669180950014858,0.4787575403849284,0.9086585782282792,0.7245299999999999,0.7754700000000001
vit_base,7,True,0.17,17,33,0.1683673469387755,16.83673469387755,DIAGONAL_GAUSSIAN,0.7492,0.0027948365088338962,0.7443333333333334,0.751,0.006666666666666599,0.0027948365088338962,3.1408564249674478,0.01186301073801819,0.05141909917195638,0.011863010738018254,0.5246455351511636,0.9106201487162042,0.723385,0.7738083333333333
vit_base,7,True,0.18,18,35,0.17857142857142858,17.857142857142858,DIAGONAL_GAUSSIAN,0.7484,0.0029001915645541373,0.7453333333333333,0.7516666666666666,0.006333333333333302,0.0029001915645541373,3.1325952688852943,0.012719634557035578,0.05968025525410971,0.012719634557035533,0.5650818983713786,0.904426726959754,0.7219283333333334,0.7738016666666666
vit_base,7,True,0.19,19,37,0.18877551020408162,18.877551020408163,DIAGONAL_GAUSSIAN,0.747,0.0025495097567963805,0.7446666666666667,0.751,0.006333333333333302,0.0025495097567963805,3.1281870365142828,0.010655290352437726,0.06408848762512206,0.010655290352437756,0.620859718322754,0.906447730732655,0.7205316666666666,0.7723333333333332
vit_base,7,True,0.2,20,39,0.1989795918367347,19.897959183673468,DIAGONAL_GAUSSIAN,0.7454666666666666,0.002566883107757192,0.7426666666666666,0.7493333333333334,0.006666666666666821,0.002566883107757192,3.114260498682658,0.014173815484710344,0.07801502545674642,0.014173815484710358,0.6715212980906169,0.8958967546614659,0.72133,0.7713366666666668
vit_base,7,True,0.21,21,41,0.20918367346938777,20.918367346938776,DIAGONAL_GAUSSIAN,0.7455999999999999,0.002628899220417321,0.7413333333333334,0.7476666666666666,0.006333333333333191,0.002628899220417321,3.1101065158843992,0.01517557897543412,0.08216900825500487,0.015175578975434137,0.7277602195739745,0.8986319886440611,0.7180666666666667,0.77254
vit_base,7,True,0.22,22,43,0.2193877551020408,21.93877551020408,DIAGONAL_GAUSSIAN,0.7465333333333334,0.001538397434561926,0.7453333333333333,0.749,0.003666666666666707,0.001538397434561926,3.1086916287740074,0.01324688784936713,0.08358389536539715,0.013246887849367133,0.7900990327199301,0.9043703227730002,0.72318,0.7723999999999999
vit_base,7,True,0.23,23,45,0.22959183673469388,22.95918367346939,DIAGONAL_GAUSSIAN,0.7458666666666666,0.002340465290872255,0.743,0.749,0.006000000000000005,0.002340465290872255,3.103736702601115,0.014081096780538324,0.08853882153828939,0.014081096780538324,0.8517768541971844,0.9059540043651471,0.7197333333333333,0.77101
vit_base,7,True,0.24,24,47,0.23979591836734693,23.97959183673469,DIAGONAL_GAUSSIAN,0.7442,0.002206052281036554,0.7413333333333334,0.746,0.004666666666666597,0.002206052281036554,3.0947713375091555,0.01704345592161945,0.09750418663024903,0.017043455921619488,0.911174726486206,0.9035399592088442,0.7173966666666667,0.7698033333333333
vit_base,7,True,0.25,25,49,0.25,25.0,DIAGONAL_GAUSSIAN,0.7427333333333334,0.0014794894014114647,0.741,0.7443333333333334,0.0033333333333334103,0.0014794894014114647,3.0875279426574704,0.022529419324992663,0.1047475814819336,0.022529419324992653,0.9614174365997314,0.9021050122178481,0.7158516666666666,0.767005
vit_base,7,True,0.26,26,51,0.2602040816326531,26.02040816326531,DIAGONAL_GAUSSIAN,0.7419999999999999,0.0024608038433722897,0.7399999999999999,0.7456666666666667,0.00566666666666682,0.0024608038433722897,3.0811871051788327,0.019829332114911245,0.11108841896057128,0.019829332114911273,1.0152146339416506,0.9015859075867436,0.7153283333333332,0.7686033333333334
vit_base,7,True,0.27,27,53,0.27040816326530615,27.040816326530614,DIAGONAL_GAUSSIAN,0.7407333333333332,0.0025320172019777333,0.7386666666666667,0.745,0.006333333333333302,0.0025320172019777333,3.0765083471934,0.02036878131748683,0.11576717694600425,0.020368781317486838,1.068342463175456,0.9025122383938029,0.7172616666666666,0.7656666666666667
vit_base,7,True,0.28,28,55,0.28061224489795916,28.061224489795915,DIAGONAL_GAUSSIAN,0.7402666666666667,0.002722335598546074,0.738,0.7446666666666667,0.00666666666666671,0.002722335598546074,3.0709937413533526,0.02231873835380947,0.12128178278605144,0.0223187383538094,1.1314626296361288,0.9034412907816958,0.7136633333333334,0.7652016666666667
vit_base,7,True,0.29,29,57,0.29081632653061223,29.081632653061224,DIAGONAL_GAUSSIAN,0.7384666666666667,0.002545147889176151,0.737,0.743,0.006000000000000005,0.002545147889176151,3.061357847849528,0.02804046559649523,0.1309176762898763,0.028040465596495305,1.186414329210917,0.9009759133443491,0.7133833333333333,0.7646033333333334
vit_base,7,True,0.3,30,59,0.3010204081632653,30.102040816326532,DIAGONAL_GAUSSIAN,0.7405333333333334,0.0037756529972384624,0.7353333333333333,0.7443333333333334,0.009000000000000119,0.0037756529972384624,3.0516389211018877,0.03036966281578357,0.1406366030375163,0.030369662815783516,1.2396731932957967,0.898542182795677,0.71579,0.7665449999999999
vit_base,7,True,0.31,31,61,0.3112244897959184,31.122448979591837,DIAGONAL_GAUSSIAN,0.7388,0.0035480824241960343,0.734,0.7423333333333333,0.008333333333333304,0.0035480824241960343,3.03683598836263,0.024809145448983876,0.1554395357767741,0.0248091454489838,1.2874980767567954,0.8926049604496372,0.713465,0.7634666666666667
vit_base,7,True,0.32,32,63,0.32142857142857145,32.142857142857146,DIAGONAL_GAUSSIAN,0.7381333333333334,0.003990265933772151,0.733,0.7416666666666667,0.008666666666666711,0.003990265933772151,3.034206565221151,0.02892368384011729,0.15806895891825357,0.028923683840117273,1.349301489194234,0.8954835392365933,0.7123816666666668,0.7640733333333333
vit_base,7,True,0.33,33,65,0.33163265306122447,33.16326530612245,DIAGONAL_GAUSSIAN,0.7377333333333335,0.0028809720581775998,0.7336666666666667,0.7406666666666667,0.007000000000000006,0.0028809720581775998,3.02915145556132,0.03178790293374463,0.1631240685780843,0.031787902933744644,1.4038484493891397,0.8962587033130838,0.7112599999999999,0.764475
vit_base,7,True,0.34,34,67,0.34183673469387754,34.183673469387756,DIAGONAL_GAUSSIAN,0.7378,0.0030239782480111516,0.733,0.7413333333333334,0.008333333333333415,0.0030239782480111516,3.018054978052775,0.02794044396208283,0.17422054608662924,0.027940443962082867,1.4650753657023112,0.8939706896670765,0.7120633333333333,0.7632066666666668
vit_base,7,True,0.35,35,69,0.3520408163265306,35.204081632653065,DIAGONAL_GAUSSIAN,0.7369999999999999,0.00267706306736815,0.7343333333333333,0.7399999999999999,0.005666666666666598,0.00267706306736815,3.0001064300537115,0.030052879877540684,0.19216909408569333,0.030052879877540704,1.5200857877731322,0.8880311286637124,0.7127733333333334,0.763075
vit_base,7,True,0.36,36,71,0.3622448979591837,36.224489795918366,DIAGONAL_GAUSSIAN,0.7351333333333333,0.005737788966337279,0.7296666666666667,0.7426666666666666,0.0129999999999999,0.005737788966337279,2.9877429485321043,0.036673999482767436,0.20453257560729982,0.036673999482767485,1.5736299276351928,0.8853560119070645,0.7080599999999999,0.75961
vit_base,7,True,0.37,37,73,0.37244897959183676,37.244897959183675,DIAGONAL_GAUSSIAN,0.7336666666666666,0.005739725119240851,0.7263333333333333,0.7396666666666666,0.013333333333333308,0.005739725119240851,2.9786234696706133,0.03412364085422311,0.21365205446879068,0.03412364085422305,1.6361350854237873,0.8848273070285433,0.7074466666666667,0.7588033333333333
vit_base,7,True,0.38,38,74,0.37755102040816324,37.755102040816325,DIAGONAL_GAUSSIAN,0.7322,0.0044882562810566904,0.7266666666666666,0.737,0.010333333333333417,0.0044882562810566904,2.9694527467091882,0.03199854743387282,0.22282277743021645,0.03199854743387285,1.6679486354192097,0.882465348253046,0.707595,0.75761
vit_base,7,True,0.39,39,76,0.3877551020408163,38.775510204081634,DIAGONAL_GAUSSIAN,0.7323999999999999,0.006277826941793755,0.7236666666666666,0.7386666666666667,0.015000000000000124,0.006277826941793755,2.9505292256673177,0.03197656830504056,0.24174629847208662,0.031976568305040594,1.7200430234273276,0.8770209741504139,0.70746,0.7572783333333333
vit_base,7,True,0.4,40,78,0.3979591836734694,39.795918367346935,DIAGONAL_GAUSSIAN,0.7319333333333333,0.005277836256985976,0.723,0.7363333333333334,0.01333333333333342,0.005277836256985976,2.948533535003662,0.034847163368670615,0.2437419891357422,0.034847163368670664,1.7853814601898192,0.880152169650691,0.7064633333333333,0.7599400000000001
vit_base,7,True,0.41,41,80,0.40816326530612246,40.816326530612244,DIAGONAL_GAUSSIAN,0.7291999999999998,0.0056253394959277555,0.721,0.7363333333333334,0.015333333333333421,0.0056253394959277555,2.9246591250101726,0.035921855826416056,0.2676163991292318,0.03592185582641613,1.8347332159678142,0.8729831612005563,0.7035983333333332,0.7546016666666667
vit_base,7,True,0.42,42,82,0.41836734693877553,41.83673469387755,DIAGONAL_GAUSSIAN,0.7325333333333334,0.004781910357447823,0.7256666666666667,0.7376666666666667,0.01200000000000001,0.004781910357447823,2.9249680995941163,0.03692053813314899,0.2673074245452881,0.036920538133148856,1.910243570804596,0.877514141176132,0.7065233333333334,0.7564016666666667
vit_base,7,True,0.43,43,84,0.42857142857142855,42.857142857142854,DIAGONAL_GAUSSIAN,0.7295999999999999,0.005927337794772076,0.7196666666666666,0.7346666666666666,0.015000000000000013,0.005927337794772076,2.9127286116282143,0.03815006744213946,0.27954691251118974,0.038150067442139474,1.9491306344668071,0.8747926875072196,0.7035333333333333,0.7541366666666667
vit_base,7,True,0.44,44,86,0.4387755102040816,43.87755102040816,DIAGONAL_GAUSSIAN,0.7287333333333335,0.005376905347047765,0.7200000000000001,0.7333333333333334,0.013333333333333308,0.005376905347047765,2.8967221577962237,0.03939982969999622,0.2955533663431803,0.03939982969999626,1.9991048892339074,0.8714047609056138,0.7034483333333332,0.7524683333333334
vit_base,7,True,0.45,45,88,0.4489795918367347,44.89795918367347,DIAGONAL_GAUSSIAN,0.7260666666666666,0.0067552448758970264,0.7173333333333334,0.7343333333333333,0.016999999999999904,0.0067552448758970264,2.880632209777832,0.03681062457237104,0.3116433143615723,0.036810624572371095,2.0380461692810057,0.8674839345806383,0.7015333333333333,0.752735
vit_base,7,True,0.46,46,90,0.45918367346938777,45.91836734693878,DIAGONAL_GAUSSIAN,0.7260666666666666,0.00910860399109913,0.7113333333333333,0.7336666666666667,0.022333333333333427,0.00910860399109913,2.871717580159505,0.032373496720759634,0.32055794397989906,0.03237349672075957,2.0904041369756063,0.8671073003644836,0.6984633333333333,0.7506716666666667
vit_base,7,True,0.47,47,92,0.46938775510204084,46.93877551020408,DIAGONAL_GAUSSIAN,0.7256666666666668,0.008309967241545238,0.7120000000000001,0.733,0.020999999999999908,0.008309967241545238,2.8654115200042725,0.03582016008226277,0.32686400413513184,0.035820160082262735,2.151632535457611,0.8681974988239934,0.7,0.7512000000000001
vit_base,7,True,0.48,48,94,0.47959183673469385,47.95918367346938,DIAGONAL_GAUSSIAN,0.7232666666666667,0.006486738608713736,0.7163333333333334,0.7303333333333333,0.013999999999999901,0.006486738608713736,2.849294741948446,0.03643885387329171,0.3429807821909587,0.03643885387329178,2.2026589473088585,0.8653378021427354,0.6976633333333334,0.7480066666666667
vit_base,7,True,0.49,49,96,0.4897959183673469,48.97959183673469,DIAGONAL_GAUSSIAN,0.722,0.007842193570679078,0.71,0.7293333333333333,0.019333333333333313,0.007842193570679078,2.8228772640228272,0.044839861708261146,0.36939826011657717,0.04483986170826124,2.250351667404175,0.8591137119036004,0.6949216666666668,0.74567
vit_base,7,True,0.5,50,98,0.5,50.0,DIAGONAL_GAUSSIAN,0.7220666666666666,0.00665164975359083,0.7143333333333333,0.7280000000000001,0.013666666666666827,0.00665164975359083,2.8080153306325277,0.044268486771581975,0.3842601935068766,0.044268486771581995,2.3056204934914906,0.8572449354411902,0.6967983333333333,0.7468033333333333
vit_base,7,True,0.51,51,100,0.5102040816326531,51.02040816326531,DIAGONAL_GAUSSIAN,0.7163333333333333,0.006096447052723935,0.7096666666666667,0.7236666666666666,0.013999999999999901,0.006096447052723935,2.777289692560832,0.05764466375568889,0.41498583157857255,0.05764466375568895,2.359737942616145,0.8506412483035938,0.690725,0.7422716666666667
vit_base,7,True,0.52,52,102,0.5204081632653061,52.04081632653062,DIAGONAL_GAUSSIAN,0.717,0.0055226805085936085,0.7113333333333333,0.723,0.011666666666666714,0.0055226805085936085,2.761081822713216,0.05713654194666131,0.43119370142618807,0.05713654194666134,2.3949596365292867,0.8476089942093497,0.6907966666666666,0.7429333333333334
vit_base,7,True,0.53,53,104,0.5306122448979592,53.06122448979592,DIAGONAL_GAUSSIAN,0.7170666666666667,0.0071313081237284765,0.7093333333333334,0.725,0.015666666666666607,0.0071313081237284765,2.7404252529144286,0.06904041513745524,0.45185027122497556,0.06904041513745524,2.4521089017391207,0.844700612521101,0.691795,0.7424083333333333
vit_base,7,True,0.54,54,106,0.5408163265306123,54.08163265306123,DIAGONAL_GAUSSIAN,0.7143999999999999,0.007815227301734593,0.7056666666666667,0.7233333333333333,0.01766666666666661,0.007815227301734593,2.7190284570058187,0.06621577027455461,0.47324706713358566,0.06621577027455453,2.4996144523223243,0.8410851416221605,0.68753,0.7379366666666668
vit_base,7,True,0.55,55,108,0.5510204081632653,55.10204081632652,DIAGONAL_GAUSSIAN,0.7125999999999999,0.0064308285279235915,0.706,0.7200000000000001,0.014000000000000123,0.0064308285279235915,2.6917416254679365,0.05665424187046587,0.500533898671468,0.056654241870465874,2.549487080673377,0.8360982412973363,0.6854000000000001,0.7386666666666666
vit_base,7,True,0.56,56,110,0.5612244897959183,56.12244897959183,DIAGONAL_GAUSSIAN,0.7111333333333334,0.006479025989898342,0.7033333333333333,0.7166666666666667,0.01333333333333342,0.006479025989898342,2.6769592444101966,0.05034287947735155,0.5153162797292073,0.05034287947735156,2.6026403710866965,0.8349068632542238,0.68673,0.7368049999999999
vit_base,7,True,0.57,57,112,0.5714285714285714,57.14285714285714,DIAGONAL_GAUSSIAN,0.7119333333333333,0.005544767303002392,0.706,0.7176666666666667,0.011666666666666714,0.005544767303002392,2.6615440686543783,0.05372398631451787,0.5307314554850261,0.053723986314517885,2.647479397927721,0.8332103089955529,0.6863266666666666,0.7376833333333332
vit_base,7,True,0.58,58,114,0.5816326530612245,58.16326530612245,DIAGONAL_GAUSSIAN,0.7077333333333332,0.006885572678514922,0.6999999999999998,0.7156666666666666,0.015666666666666718,0.006885572678514922,2.638134002685547,0.04768737767192602,0.5541415214538574,0.047687377671926046,2.704022854194045,0.8300646065820867,0.6827333333333333,0.73368
vit_base,7,True,0.59,59,116,0.5918367346938775,59.183673469387756,DIAGONAL_GAUSSIAN,0.7047333333333332,0.006508114592995077,0.6966666666666667,0.7113333333333333,0.014666666666666606,0.006508114592995077,2.604180939992269,0.0332606776830256,0.5880945841471354,0.033260677683025534,2.7385598351558054,0.8232914010185363,0.6783333333333333,0.7310816666666667
vit_base,7,True,0.6,60,118,0.6020408163265306,60.204081632653065,DIAGONAL_GAUSSIAN,0.7020000000000001,0.004209776980105045,0.697,0.7086666666666667,0.011666666666666714,0.004209776980105045,2.56924401919047,0.020712440114514435,0.623031504948934,0.02071244011451444,2.7968564490477243,0.8178435459738742,0.67566,0.7265383333333333
vit_base,7,True,0.61,61,120,0.6122448979591837,61.224489795918366,DIAGONAL_GAUSSIAN,0.6994,0.005828092884183147,0.6923333333333334,0.707,0.014666666666666606,0.005828092884183147,2.532915242513021,0.009476061342843439,0.6593602816263835,0.0094760613428434,2.83753453095754,0.8114340178369976,0.672995,0.7258
vit_base,7,True,0.62,62,122,0.6224489795918368,62.244897959183675,DIAGONAL_GAUSSIAN,0.6954666666666666,0.005310367218940669,0.6906666666666667,0.7036666666666666,0.0129999999999999,0.005310367218940669,2.5054545720418293,0.015150433652045325,0.6868209520975749,0.01515043365204531,2.8882448871930437,0.8078808664254001,0.6684633333333333,0.7212000000000001
vit_base,7,True,0.63,63,123,0.6275510204081632,62.755102040816325,DIAGONAL_GAUSSIAN,0.6938666666666667,0.006238767684585031,0.6880000000000001,0.7040000000000001,0.016000000000000014,0.006238767684585031,2.4845003286997476,0.01979784962258561,0.7077751954396566,0.01979784962258566,2.9157688895861305,0.8046879618736966,0.6671333333333334,0.719
vit_base,7,True,0.64,64,125,0.6377551020408163,63.775510204081634,DIAGONAL_GAUSSIAN,0.6929333333333333,0.0035699361961307376,0.69,0.6986666666666667,0.008666666666666711,0.0035699361961307376,2.4318920930226646,0.02247316922787184,0.7603834311167399,0.02247316922787185,2.9489537378152213,0.7950105191149779,0.6650666666666666,0.7171416666666667
vit_base,7,True,0.65,65,127,0.6479591836734694,64.79591836734694,DIAGONAL_GAUSSIAN,0.6895333333333334,0.004100135499115984,0.685,0.6960000000000001,0.01100000000000001,0.004100135499115984,2.383173545201619,0.02746117485695239,0.8091019789377848,0.027461174856952406,3.0070940931638086,0.7880065059797958,0.6628550000000001,0.7158833333333333
vit_base,7,True,0.66,66,129,0.6581632653061225,65.81632653061224,DIAGONAL_GAUSSIAN,0.6882666666666667,0.003319973226130325,0.6843333333333333,0.6926666666666667,0.008333333333333304,0.003319973226130325,2.344993495941162,0.012380878299564758,0.8472820281982422,0.012380878299564779,3.0633396267890927,0.7833196937422005,0.6632666666666667,0.7139333333333334
vit_base,7,True,0.67,67,131,0.6683673469387755,66.83673469387756,DIAGONAL_GAUSSIAN,0.6823333333333335,0.004123105625617687,0.676,0.6873333333333335,0.011333333333333417,0.004123105625617687,2.2925394376118975,0.03329439964426709,0.8997360865275066,0.03329439964426705,3.1147118767102557,0.7759251601082373,0.655465,0.7068
vit_base,7,True,0.68,68,133,0.6785714285714286,67.85714285714286,DIAGONAL_GAUSSIAN,0.6780666666666667,0.007197221686178634,0.6686666666666667,0.6863333333333334,0.01766666666666661,0.007197221686178634,2.247305965423584,0.042485369388285614,0.9449695587158203,0.0424853693882857,3.1536267042160033,0.7695132032090076,0.6513233333333333,0.7034733333333334
vit_base,7,True,0.69,69,135,0.6887755102040817,68.87755102040816,DIAGONAL_GAUSSIAN,0.6768666666666667,0.01039925210986083,0.6603333333333333,0.6853333333333333,0.025000000000000022,0.01039925210986083,2.2117063363393146,0.06542719359073881,0.9805691878000895,0.06542719359073888,3.2045916994412744,0.7658898018800343,0.6485966666666667,0.70314
vit_base,7,True,0.7,70,137,0.6989795918367347,69.89795918367348,DIAGONAL_GAUSSIAN,0.6754666666666667,0.011989810488725614,0.6556666666666667,0.6856666666666666,0.029999999999999916,0.011989810488725614,2.1698443094889326,0.06980045816617828,1.0224312146504722,0.06980045816617829,3.2379332701365158,0.7602233533740034,0.64992,0.7018033333333333
vit_base,7,True,0.71,71,139,0.7091836734693877,70.91836734693877,DIAGONAL_GAUSSIAN,0.6711333333333334,0.009830790631706353,0.6546666666666666,0.678,0.023333333333333428,0.009830790631706353,2.1264562129974367,0.06228718026871632,1.0658193111419678,0.06228718026871623,3.275246429443359,0.7546348695626534,0.6444583333333334,0.696135
vit_base,7,True,0.72,72,141,0.7193877551020408,71.93877551020408,DIAGONAL_GAUSSIAN,0.6692,0.008671793355471524,0.6553333333333334,0.6753333333333335,0.020000000000000018,0.008671793355471524,2.078728779157003,0.05965522512498327,1.1135467449824015,0.05965522512498337,3.3196047385533647,0.7489425959449255,0.6417983333333332,0.6939416666666667
vit_base,7,True,0.73,73,143,0.7295918367346939,72.95918367346938,DIAGONAL_GAUSSIAN,0.6632666666666667,0.006465291950097839,0.6526666666666667,0.6696666666666667,0.017000000000000015,0.006465291950097839,2.0179891029993695,0.03451659740295347,1.174286421140035,0.03451659740295354,3.350919119517009,0.7405382551035966,0.6353233333333334,0.6889366666666668
vit_base,7,True,0.74,74,145,0.7397959183673469,73.9795918367347,DIAGONAL_GAUSSIAN,0.6572000000000001,0.006530271391331635,0.647,0.6643333333333333,0.01733333333333331,0.006530271391331635,1.9606058279673255,0.03833432060659251,1.2316696961720786,0.03833432060659251,3.3765328089396163,0.7327466120310111,0.63206,0.6818
vit_base,7,True,0.75,75,147,0.75,75.0,DIAGONAL_GAUSSIAN,0.6554,0.006512381370214103,0.6453333333333333,0.6633333333333334,0.018000000000000127,0.006512381370214103,1.886606152852376,0.031568933968103785,1.3056693712870282,0.031568933968103785,3.365349086125692,0.720484574082774,0.6273933333333332,0.6827433333333333
vit_base,7,True,0.76,76,149,0.7602040816326531,76.0204081632653,DIAGONAL_GAUSSIAN,0.6465333333333334,0.012157759296478617,0.63,0.6596666666666667,0.02966666666666673,0.012157759296478617,1.816900817553202,0.05796266366231923,1.375374706586202,0.05796266366231923,3.376565472284953,0.7106520953254184,0.6196649999999999,0.6732683333333334
vit_base,7,True,0.77,77,151,0.7704081632653061,77.04081632653062,DIAGONAL_GAUSSIAN,0.6402666666666667,0.009126883367283725,0.632,0.6526666666666667,0.020666666666666722,0.009126883367283725,1.754175877571106,0.06710516886445367,1.4380996465682983,0.06710516886445367,3.373409295082092,0.7012002234339957,0.6146616666666667,0.6644933333333333
vit_base,7,True,0.78,78,153,0.7806122448979592,78.06122448979592,DIAGONAL_GAUSSIAN,0.632,0.011925695879998867,0.621,0.6503333333333333,0.029333333333333322,0.011925695879998867,1.6620458205540973,0.09639363106319651,1.5302297035853067,0.09639363106319651,3.348118265469869,0.6864915749400032,0.6049333333333334,0.6604683333333333
vit_base,7,True,0.79,79,155,0.7908163265306123,79.08163265306123,DIAGONAL_GAUSSIAN,0.6221333333333334,0.013981336766481871,0.6056666666666667,0.6406666666666667,0.03500000000000003,0.013981336766481871,1.5853434801101685,0.0886984417659155,1.6069320440292358,0.0886984417659155,3.324836778640747,0.6742743943001119,0.5953283333333332,0.6495466666666666
vit_base,7,True,0.8,80,157,0.8010204081632653,80.10204081632652,DIAGONAL_GAUSSIAN,0.6111333333333333,0.011734564329364781,0.597,0.625,0.028000000000000025,0.011734564329364781,1.4836929639180503,0.09477218835343,1.7085825602213542,0.09477218835343,3.2800660689671837,0.65759668656166,0.5835916666666666,0.6382050000000001
vit_base,7,True,0.81,81,159,0.8112244897959183,81.12244897959184,DIAGONAL_GAUSSIAN,0.5986666666666667,0.010929064207170025,0.5813333333333333,0.611,0.02966666666666673,0.010929064207170025,1.3695597012837728,0.09022278834717098,1.8227158228556313,0.09022278834717097,3.198796757062276,0.6370143090725267,0.5727933333333333,0.62521
vit_base,7,True,0.82,82,161,0.8214285714285714,82.14285714285714,DIAGONAL_GAUSSIAN,0.5866,0.010717068421707302,0.5736666666666667,0.6006666666666667,0.027000000000000024,0.010717068421707302,1.275076166788737,0.10118603641347543,1.9171993573506672,0.10118603641347536,3.1223849217096964,0.6195415386259971,0.5605866666666666,0.6130066666666667
vit_base,7,True,0.83,83,163,0.8316326530612245,83.16326530612244,DIAGONAL_GAUSSIAN,0.5816666666666667,0.009885455084224623,0.569,0.594,0.025000000000000022,0.009885455084224623,1.188396716117859,0.08312851275930686,2.0038788080215455,0.08312851275930692,3.059522747993469,0.6041582326190424,0.5553316666666667,0.6072
vit_base,7,True,0.84,84,165,0.8418367346938775,84.18367346938776,DIAGONAL_GAUSSIAN,0.5654666666666666,0.010784762913996321,0.5483333333333333,0.5783333333333333,0.029999999999999916,0.010784762913996321,1.0637655456860862,0.11137844243957973,2.1285099784533186,0.11137844243957971,2.953949471314748,0.5810792596720336,0.5408599999999999,0.5923366666666667
vit_base,7,True,0.85,85,167,0.8520408163265306,85.20408163265306,DIAGONAL_GAUSSIAN,0.5498666666666667,0.011077003204838344,0.5366666666666667,0.567,0.030333333333333212,0.011077003204838344,0.9452457904815674,0.09581416517158552,2.247029733657837,0.09581416517158543,2.8471617698669434,0.5587524160569843,0.5231166666666667,0.5782016666666667
vit_base,7,True,0.86,86,169,0.8622448979591837,86.22448979591837,DIAGONAL_GAUSSIAN,0.5319333333333334,0.011550372769357333,0.518,0.5476666666666667,0.02966666666666673,0.011550372769357333,0.8171281894048054,0.09245283031369075,2.375147334734599,0.09245283031369067,2.718578847249349,0.5336787092206344,0.5060633333333332,0.5586683333333334
vit_base,7,True,0.87,87,171,0.8724489795918368,87.24489795918367,DIAGONAL_GAUSSIAN,0.5162666666666668,0.014213452157101842,0.49766666666666665,0.5346666666666667,0.03700000000000009,0.014213452157101842,0.6870140155156454,0.1171966029128254,2.5052615086237586,0.11719660291282541,2.58669224580129,0.5080425905046597,0.49085833333333334,0.5428683333333334
vit_base,7,True,0.88,88,172,0.8775510204081632,87.75510204081633,DIAGONAL_GAUSSIAN,0.5015333333333334,0.012887547822952563,0.48933333333333334,0.5166666666666667,0.027333333333333376,0.012887547822952563,0.6173834005991619,0.12287600581913759,2.574892123540242,0.12287600581913767,2.5126565376917522,0.49393231087704914,0.4756666666666667,0.5287333333333334
vit_base,7,True,0.89,89,174,0.8877551020408163,88.77551020408163,DIAGONAL_GAUSSIAN,0.4852,0.009326187740860565,0.47833333333333333,0.501,0.02266666666666667,0.009326187740860565,0.498815921942393,0.10375424011871304,2.693459602197011,0.10375424011871295,2.359679726759593,0.46704090402368265,0.46073333333333333,0.5098216666666667
vit_base,7,True,0.9,90,176,0.8979591836734694,89.79591836734694,DIAGONAL_GAUSSIAN,0.4549333333333333,0.010789398088452883,0.44566666666666666,0.4726666666666666,0.02699999999999997,0.010789398088452883,0.3188450574874878,0.08418159360063023,2.8734304666519166,0.08418159360063023,2.164845585823059,0.4297018913649218,0.4277283333333334,0.4836033333333334
vit_base,7,True,0.91,91,178,0.9081632653061225,90.81632653061224,DIAGONAL_GAUSSIAN,0.4220666666666667,0.02713177718715332,0.38400000000000006,0.4606666666666667,0.07666666666666666,0.02713177718715332,0.13163384248812993,0.1497702094413077,3.060641681651274,0.14977020944130767,1.9598226671417553,0.39051572603980433,0.39399833333333334,0.44861
vit_base,7,True,0.92,92,180,0.9183673469387755,91.83673469387756,DIAGONAL_GAUSSIAN,0.37933333333333336,0.030903973135432857,0.34600000000000003,0.4226666666666667,0.07666666666666666,0.030903973135432857,-0.05631009567405272,0.14108645935839084,3.248585619813457,0.14108645935839084,1.7569876290497632,0.35108446565844614,0.3562533333333334,0.40447000000000005
vit_base,7,True,0.93,93,182,0.9285714285714286,92.85714285714286,DIAGONAL_GAUSSIAN,0.34206666666666663,0.026446381815120008,0.313,0.37366666666666665,0.06066666666666665,0.026446381815120008,-0.23787676741679512,0.12944825439046825,3.4301522915561997,0.12944825439046828,1.576185231904189,0.31492141094264536,0.31706166666666674,0.36506666666666665
vit_base,7,True,0.94,94,184,0.9387755102040817,93.87755102040816,DIAGONAL_GAUSSIAN,0.30973333333333336,0.02613363095068626,0.26733333333333337,0.33233333333333337,0.065,0.02613363095068626,-0.3905937393506368,0.14417617818400263,3.5828692634900414,0.14417617818400263,1.4289458076159158,0.28517121937249235,0.2847266666666667,0.3325466666666666
vit_base,7,True,0.95,95,186,0.9489795918367347,94.89795918367348,DIAGONAL_GAUSSIAN,0.27466666666666667,0.03169735355234285,0.226,0.29833333333333334,0.07233333333333333,0.03169735355234285,-0.5512054324150085,0.13606087788729335,3.743480956554413,0.13606087788729332,1.2825050234794617,0.2551859946320516,0.25313166666666664,0.2954016666666667
vit_base,7,True,0.96,96,188,0.9591836734693877,95.91836734693877,DIAGONAL_GAUSSIAN,0.2318,0.025035086489875687,0.20666666666666667,0.262,0.055333333333333345,0.025035086489875687,-0.7258287509282431,0.09740412770031352,3.9181042750676474,0.09740412770031354,1.1311692873636883,0.22400015114685984,0.2106666666666667,0.252605
vit_base,7,True,0.97,97,190,0.9693877551020408,96.93877551020408,DIAGONAL_GAUSSIAN,0.19253333333333333,0.025447767856707763,0.16733333333333333,0.23466666666666666,0.06733333333333333,0.025447767856707763,-0.8447203556696573,0.09458007739005828,4.036995879809062,0.09458007739005837,1.028918774922689,0.2030891649742128,0.17313,0.21080000000000002
vit_base,7,True,0.98,98,192,0.9795918367346939,97.95918367346938,DIAGONAL_GAUSSIAN,0.1454666666666667,0.029825976746602763,0.10333333333333333,0.18433333333333332,0.08099999999999999,0.029825976746602763,-1.0028037230173747,0.09088259368250873,4.195079247156778,0.09088259368250882,0.8771447976430256,0.17294236212788092,0.12946333333333335,0.16286833333333336
vit_base,7,True,0.99,99,194,0.9897959183673469,98.9795918367347,DIAGONAL_GAUSSIAN,0.10513333333333334,0.020434991776090563,0.07866666666666666,0.12966666666666668,0.05100000000000002,0.020434991776090563,-1.1512617270151773,0.0642183817871817,4.343537251154581,0.06421838178718177,0.7177741130193074,0.14182028096298144,0.08919166666666667,0.11973666666666666
vit_base,7,True,1.0,100,196,1.0,100.0,DIAGONAL_GAUSSIAN,0.05433333333333333,7.757919228897728e-18,0.05433333333333334,0.05433333333333334,0.0,7.757919228897728e-18,-1.3390798966089885,0.0,4.531355420748393,0.0,0.47196563084920246,0.09433047089762521,0.042324999999999995,0.06766666666666665
vit_base,7,True,0.0,0,0,0.0,0.0,ZERO,0.761,0.0,0.761,0.761,0.0,0.0,3.1922755241394043,0.0,0.0,0.0,0.0,,0.7329749999999999,0.788
vit_base,7,True,0.01,1,2,0.01020408163265306,1.0204081632653061,ZERO,0.7602,0.0017888543819998333,0.758,0.762,0.0040000000000000036,0.0017888543819998333,3.177819585800171,0.0030276440353772093,0.014455938339233398,0.003027644035377209,0.0,,0.73539,0.7875999999999999
vit_base,7,True,0.02,2,4,0.02040816326530612,2.0408163265306123,ZERO,0.7598,0.0014832396974191339,0.758,0.762,0.0040000000000000036,0.0014832396974191339,3.1533308029174805,0.0032607818702403975,0.03894472122192383,0.0032607818702403975,0.0,,0.7343949999999999,0.7848149999999999
vit_base,7,True,0.03,3,6,0.030612244897959183,3.061224489795918,ZERO,0.7587999999999999,0.0017888543819998333,0.756,0.76,0.0040000000000000036,0.0017888543819998333,3.131520318984985,0.0037803558608186906,0.06075520515441894,0.0037803558608186906,0.0,,0.7337950000000001,0.7856050000000001
vit_base,7,True,0.04,4,8,0.04081632653061224,4.081632653061225,ZERO,0.7587999999999999,0.003898717737923589,0.755,0.763,0.008000000000000007,0.003898717737923589,3.1078264713287354,0.007008604132334259,0.08444905281066895,0.007008604132334259,0.0,,0.73319,0.7855999999999999
vit_base,7,True,0.05,5,10,0.05102040816326531,5.1020408163265305,ZERO,0.7558,0.0019235384061671362,0.754,0.759,0.0050000000000000044,0.0019235384061671362,3.0795138359069822,0.010607488260502255,0.11276168823242187,0.010607488260502255,0.0,0.0,0.7308,0.7810050000000001
vit_base,7,True,0.06,6,12,0.061224489795918366,6.122448979591836,ZERO,0.7552000000000001,0.0013038404810405309,0.754,0.757,0.0030000000000000027,0.0013038404810405309,3.048128366470337,0.007934496911404576,0.14414715766906738,0.007934496911404576,0.0,0.0,0.731195,0.78082
vit_base,7,True,0.07,7,14,0.07142857142857142,7.142857142857142,ZERO,0.7524,0.0016733200530681526,0.75,0.754,0.0040000000000000036,0.0016733200530681526,3.015285062789917,0.007714376640158068,0.17699046134948732,0.007714376640158068,0.0,0.0,0.725795,0.777805
vit_base,7,True,0.08,8,16,0.08163265306122448,8.16326530612245,ZERO,0.7511999999999999,0.0023874672772626663,0.747,0.753,0.006000000000000005,0.0023874672772626663,2.9818652153015135,0.008378160291242389,0.21041030883789064,0.00837816029124239,0.0,0.0,0.72279,0.777805
vit_base,7,True,0.09,9,18,0.09183673469387756,9.183673469387756,ZERO,0.7498,0.0031144823004794903,0.745,0.753,0.008000000000000007,0.0031144823004794903,2.9508707523345947,0.011187643166765175,0.24140477180480957,0.011187643166765175,0.0,0.0,0.7225949999999999,0.775
vit_base,7,True,0.1,10,20,0.10204081632653061,10.204081632653061,ZERO,0.7472000000000001,0.0035637059362410954,0.742,0.751,0.009000000000000008,0.0035637059362410954,2.9130880355834963,0.014131461691027145,0.2791874885559082,0.014131461691027145,0.0,0.0,0.7209949999999999,0.772005
vit_base,7,True,0.11,11,22,0.11224489795918367,11.224489795918368,ZERO,0.7466000000000002,0.004037325847637273,0.741,0.752,0.01100000000000001,0.004037325847637273,2.870038080215454,0.014039030615443697,0.3222374439239502,0.014039030615443699,0.0,0.0,0.7193999999999999,0.77121
vit_base,7,True,0.12,12,24,0.12244897959183673,12.244897959183673,ZERO,0.7458,0.003768288736283358,0.74,0.75,0.010000000000000009,0.003768288736283358,2.827926445007324,0.008507965280509415,0.3643490791320801,0.008507965280509414,0.0,0.0,0.7171949999999999,0.769825
vit_base,7,True,0.13,13,25,0.12755102040816327,12.755102040816327,ZERO,0.7452,0.003834057902536166,0.741,0.75,0.009000000000000008,0.003834057902536166,2.8113855361938476,0.007708013526870781,0.3808899879455566,0.007708013526870782,0.0,0.0,0.722,0.7706050000000001
vit_base,7,True,0.14,14,27,0.1377551020408163,13.77551020408163,ZERO,0.7426,0.0026076809620810618,0.739,0.746,0.007000000000000006,0.0026076809620810618,2.764431285858154,0.008579707009507193,0.42784423828125,0.008579707009507193,0.0,0.0,0.716795,0.768405
vit_base,7,True,0.15,15,29,0.14795918367346939,14.795918367346939,ZERO,0.7424,0.004393176527297763,0.736,0.748,0.01200000000000001,0.004393176527297763,2.7188990116119385,0.005895762862440194,0.4733765125274658,0.005895762862440194,0.0,0.0,0.7159949999999999,0.76821
vit_base,7,True,0.16,16,31,0.15816326530612246,15.816326530612246,ZERO,0.7392,0.004764451699828642,0.732,0.744,0.01200000000000001,0.004764451699828642,2.6654029369354246,0.0022643220508119584,0.5268725872039794,0.0022643220508119584,0.0,0.0,0.7123950000000001,0.7676
vit_base,7,True,0.17,17,33,0.1683673469387755,16.83673469387755,ZERO,0.7372,0.004711687595755903,0.729,0.741,0.01200000000000001,0.004711687595755903,2.6162108898162844,0.010133942879794394,0.5760646343231202,0.010133942879794392,0.0,0.0,0.7128,0.764205
vit_base,7,True,0.18,18,35,0.17857142857142858,17.857142857142858,ZERO,0.7362,0.005310367218940707,0.728,0.741,0.013000000000000012,0.005310367218940707,2.567513370513916,0.012290909257995147,0.6247621536254883,0.012290909257995147,0.0,0.0,0.70999,0.7624099999999999
vit_base,7,True,0.19,19,37,0.18877551020408162,18.877551020408163,ZERO,0.7318,0.0036331804249169933,0.726,0.736,0.010000000000000009,0.0036331804249169933,2.5073273181915283,0.02024631487309558,0.684948205947876,0.02024631487309558,0.0,0.0,0.706795,0.75741
vit_base,7,True,0.2,20,39,0.1989795918367347,19.897959183673468,ZERO,0.7256,0.004505552130427528,0.719,0.731,0.01200000000000001,0.004505552130427528,2.442739200592041,0.011861453371208449,0.7495363235473633,0.011861453371208449,0.0,0.0,0.70099,0.7538050000000001
vit_base,7,True,0.21,21,41,0.20918367346938777,20.918367346938776,ZERO,0.7207999999999999,0.004969909455915676,0.714,0.727,0.013000000000000012,0.004969909455915676,2.3823462963104247,0.019310751145094795,0.8099292278289795,0.019310751145094795,0.0,0.0,0.6949949999999999,0.74701
vit_base,7,True,0.22,22,43,0.2193877551020408,21.93877551020408,ZERO,0.7171999999999998,0.003962322551231794,0.711,0.721,0.010000000000000009,0.003962322551231794,2.318592596054077,0.024556624990642928,0.8736829280853271,0.024556624990642928,0.0,0.0,0.6896,0.743005
vit_base,7,True,0.23,23,45,0.22959183673469388,22.95918367346939,ZERO,0.7112,0.006300793600809351,0.703,0.72,0.017000000000000015,0.006300793600809351,2.2519598484039305,0.033308222454327574,0.9403156757354736,0.033308222454327574,0.0,0.0,0.68418,0.73581
vit_base,7,True,0.24,24,47,0.23979591836734693,23.97959183673469,ZERO,0.7072,0.008814760348415612,0.697,0.716,0.019000000000000017,0.008814760348415612,2.183596611022949,0.044861280585875275,1.008678913116455,0.044861280585875275,0.0,0.0,0.6828,0.7334149999999999
vit_base,7,True,0.25,25,49,0.25,25.0,ZERO,0.7028,0.007224956747275383,0.695,0.713,0.018000000000000016,0.007224956747275383,2.1261105060577394,0.04158832992639834,1.066165018081665,0.04158832992639834,0.0,0.0,0.676785,0.7308
vit_base,7,True,0.26,26,51,0.2602040816326531,26.02040816326531,ZERO,0.698,0.008093207028119288,0.686,0.708,0.02199999999999991,0.008093207028119288,2.0659724712371825,0.038323266310089456,1.1263030529022218,0.038323266310089456,0.0,0.0,0.673195,0.72381
vit_base,7,True,0.27,27,53,0.27040816326530615,27.040816326530614,ZERO,0.6911999999999999,0.008927485648266224,0.678,0.703,0.02499999999999991,0.008927485648266224,2.008165884017944,0.04825046819343511,1.18410964012146,0.04825046819343511,0.0,0.0,0.6643900000000001,0.716805
vit_base,7,True,0.28,28,55,0.28061224489795916,28.061224489795915,ZERO,0.6874,0.010644247272588094,0.678,0.704,0.025999999999999912,0.010644247272588094,1.939531111717224,0.048467909304873345,1.2527444124221803,0.048467909304873345,0.0,0.0,0.6594000000000001,0.71321
vit_base,7,True,0.29,29,57,0.29081632653061223,29.081632653061224,ZERO,0.6852,0.008228000972289633,0.678,0.696,0.017999999999999905,0.008228000972289633,1.8749435186386108,0.055795342251625524,1.3173320055007935,0.055795342251625524,0.0,0.0,0.6597949999999999,0.7123999999999999
vit_base,7,True,0.3,30,59,0.3010204081632653,30.102040816326532,ZERO,0.6792,0.007463243262818082,0.673,0.69,0.016999999999999904,0.007463243262818082,1.8119657278060912,0.061183446119084106,1.380309796333313,0.061183446119084106,0.0,0.0,0.654555,0.7072
vit_base,7,True,0.31,31,61,0.3112244897959184,31.122448979591837,ZERO,0.6758,0.009757048734120349,0.665,0.688,0.02299999999999991,0.009757048734120349,1.749337911605835,0.06542239360647925,1.4429376125335693,0.06542239360647925,0.0,0.0,0.648385,0.7015999999999999
vit_base,7,True,0.32,32,63,0.32142857142857145,32.142857142857146,ZERO,0.6696000000000001,0.0093166517590817,0.66,0.682,0.02200000000000002,0.0093166517590817,1.6849050760269164,0.06308703037332114,1.5073704481124879,0.06308703037332114,0.0,0.0,0.640195,0.695805
vit_base,7,True,0.33,33,65,0.33163265306122447,33.16326530612245,ZERO,0.666,0.008888194417315597,0.657,0.679,0.02200000000000002,0.008888194417315597,1.6253030061721803,0.06564210693863251,1.566972517967224,0.06564210693863251,0.0,0.0,0.6389900000000001,0.6930050000000001
vit_base,7,True,0.34,34,67,0.34183673469387754,34.183673469387756,ZERO,0.6626000000000001,0.0066558245169175,0.655,0.67,0.015000000000000013,0.0066558245169175,1.5529796123504638,0.05596984111769785,1.6392959117889405,0.05596984111769785,0.0,0.0,0.6354,0.688805
vit_base,7,True,0.35,35,69,0.3520408163265306,35.204081632653065,ZERO,0.6604,0.009235799911215063,0.648,0.67,0.02200000000000002,0.009235799911215063,1.4800206422805786,0.061144637956116826,1.7122548818588257,0.061144637956116826,0.0,0.0,0.6305949999999999,0.6865999999999999
vit_base,7,True,0.36,36,71,0.3622448979591837,36.224489795918366,ZERO,0.6558,0.008613942186943219,0.647,0.666,0.019000000000000017,0.008613942186943219,1.4141130208969117,0.06339275547333949,1.7781625032424926,0.06339275547333949,0.0,0.0,0.6297849999999999,0.6846049999999999
vit_base,7,True,0.37,37,73,0.37244897959183676,37.244897959183675,ZERO,0.6500000000000001,0.0058309518948453055,0.643,0.657,0.014000000000000012,0.0058309518948453055,1.3424883842468263,0.06031700589358724,1.849787139892578,0.06031700589358724,0.0,0.0,0.6217999999999999,0.675805
vit_base,7,True,0.38,38,74,0.37755102040816324,37.755102040816325,ZERO,0.6446,0.009502631214563689,0.634,0.658,0.02400000000000002,0.009502631214563689,1.3015041112899781,0.06176462814876125,1.8907714128494262,0.06176462814876125,0.0,0.0,0.6177999999999999,0.671205
vit_base,7,True,0.39,39,76,0.3877551020408163,38.775510204081634,ZERO,0.6376000000000001,0.007092249290598864,0.629,0.645,0.016000000000000014,0.007092249290598864,1.2304862022399903,0.05641190764860222,1.961789321899414,0.05641190764860222,0.0,0.0,0.6116,0.663205
vit_base,7,True,0.4,40,78,0.3979591836734694,39.795918367346935,ZERO,0.6304000000000001,0.00782943165242536,0.62,0.641,0.02100000000000002,0.00782943165242536,1.1631520748138429,0.056685318309998824,2.0291234493255614,0.056685318309998824,0.0,0.0,0.6031900000000001,0.656
vit_base,7,True,0.41,41,80,0.40816326530612246,40.816326530612244,ZERO,0.6198,0.009311283477587832,0.611,0.63,0.019000000000000017,0.009311283477587832,1.0899259090423583,0.05581002269922986,2.102349615097046,0.05581002269922986,0.0,0.0,0.592795,0.6466050000000001
vit_base,7,True,0.42,42,82,0.41836734693877553,41.83673469387755,ZERO,0.6126,0.006877499545619765,0.606,0.623,0.017000000000000015,0.006877499545619765,1.0147245287895204,0.05814666013873466,2.177550995349884,0.05814666013873466,0.0,0.0,0.5843900000000002,0.6386050000000001
vit_base,7,True,0.43,43,84,0.42857142857142855,42.857142857142854,ZERO,0.6060000000000001,0.006123724356957951,0.596,0.612,0.016000000000000014,0.006123724356957951,0.9635979771614075,0.050778828875303356,2.228677546977997,0.050778828875303356,0.0,0.0,0.5788,0.6324200000000001
vit_base,7,True,0.44,44,86,0.4387755102040816,43.87755102040816,ZERO,0.5965999999999999,0.0042190046219458014,0.592,0.602,0.010000000000000009,0.0042190046219458014,0.8976172685623169,0.04861526083647602,2.2946582555770876,0.04861526083647602,0.0,0.0,0.5668,0.6227999999999999
vit_base,7,True,0.45,45,88,0.4489795918367347,44.89795918367347,ZERO,0.5902000000000001,0.003492849839314599,0.584,0.592,0.008000000000000007,0.003492849839314599,0.8425860404968262,0.030177929902603116,2.349689483642578,0.030177929902603116,0.0,0.0,0.5663900000000002,0.6164050000000001
vit_base,7,True,0.46,46,90,0.45918367346938777,45.91836734693878,ZERO,0.582,0.007035623639735151,0.573,0.59,0.017000000000000015,0.007035623639735151,0.781313443183899,0.031633929213727985,2.4109620809555055,0.031633929213727985,0.0,0.0,0.5556,0.6093999999999999
vit_base,7,True,0.47,47,92,0.46938775510204084,46.93877551020408,ZERO,0.5744,0.005029910535983721,0.57,0.582,0.01200000000000001,0.005029910535983721,0.7137789845466613,0.029306211678735747,2.4784965395927427,0.02930621167873575,0.0,0.0,0.5474,0.6002050000000001
vit_base,7,True,0.48,48,94,0.47959183673469385,47.95918367346938,ZERO,0.5654,0.00541294744108971,0.558,0.572,0.013999999999999901,0.00541294744108971,0.6466357946395874,0.02854310971469719,2.545639729499817,0.028543109714697194,0.0,0.0,0.538,0.5914050000000001
vit_base,7,True,0.49,49,96,0.4897959183673469,48.97959183673469,ZERO,0.5554,0.006066300355241212,0.548,0.563,0.014999999999999902,0.006066300355241212,0.5725255966186523,0.036773780723397854,2.619749927520752,0.036773780723397854,0.0,0.0,0.5286000000000001,0.5824050000000001
vit_base,7,True,0.5,50,98,0.5,50.0,ZERO,0.5426,0.009633275663033845,0.535,0.559,0.02400000000000002,0.009633275663033845,0.5023948371410369,0.03538105243008538,2.689880686998367,0.03538105243008538,0.0,0.0,0.51739,0.569605
vit_base,7,True,0.51,51,100,0.5102040816326531,51.02040816326531,ZERO,0.5262,0.012214745187681989,0.513,0.544,0.031000000000000028,0.012214745187681989,0.4175517499446869,0.046674537213541104,2.7747237741947175,0.046674537213541104,0.0,0.0,0.50059,0.5540050000000001
vit_base,7,True,0.52,52,102,0.5204081632653061,52.04081632653062,ZERO,0.5189999999999999,0.01332291259447424,0.501,0.537,0.03600000000000003,0.01332291259447424,0.36612218618392944,0.04480593142676709,2.826153337955475,0.04480593142676709,0.0,0.0,0.49359000000000003,0.5458050000000001
vit_base,7,True,0.53,53,104,0.5306122448979592,53.06122448979592,ZERO,0.5074,0.012381437719425006,0.492,0.523,0.031000000000000028,0.012381437719425006,0.28831635117530824,0.05890889287479447,2.903959172964096,0.05890889287479447,0.0,0.0,0.478795,0.5336200000000001
vit_base,7,True,0.54,54,106,0.5408163265306123,54.08163265306123,ZERO,0.493,0.016124515496597113,0.47,0.514,0.04400000000000004,0.016124515496597113,0.21941400468349456,0.05326910141056947,2.97286151945591,0.05326910141056946,0.0,0.0,0.4664,0.519005
vit_base,7,True,0.55,55,108,0.5510204081632653,55.10204081632652,ZERO,0.483,0.01691153452528776,0.46,0.498,0.03799999999999998,0.01691153452528776,0.14225454479455948,0.05109621383247307,3.0500209793448447,0.05109621383247307,0.0,0.0,0.457795,0.5102
vit_base,7,True,0.56,56,110,0.5612244897959183,56.12244897959183,ZERO,0.46840000000000004,0.02097140910859353,0.437,0.487,0.04999999999999999,0.02097140910859353,0.07431887332350015,0.05419406546166322,3.1179566508159042,0.05419406546166322,0.0,0.0,0.44360000000000005,0.494805
vit_base,7,True,0.57,57,112,0.5714285714285714,57.14285714285714,ZERO,0.4586,0.017487138130637615,0.436,0.48,0.043999999999999984,0.017487138130637615,0.014064670726656913,0.05917539287386239,3.1782108534127476,0.059175392873862386,0.0,0.0,0.430195,0.485205
vit_base,7,True,0.58,58,114,0.5816326530612245,58.16326530612245,ZERO,0.4474,0.014467204291085419,0.429,0.463,0.03400000000000003,0.014467204291085419,-0.06588885150849819,0.04955789679047674,3.2581643756479024,0.04955789679047674,0.0,0.0,0.42019,0.47380999999999995
vit_base,7,True,0.59,59,116,0.5918367346938775,59.183673469387756,ZERO,0.4324,0.013557285864065871,0.417,0.449,0.03200000000000003,0.013557285864065871,-0.13437889516353607,0.04220000026339357,3.3266544193029404,0.04220000026339357,0.0,0.0,0.406995,0.45781
vit_base,7,True,0.6,60,118,0.6020408163265306,60.204081632653065,ZERO,0.417,0.009669539802906852,0.406,0.43,0.023999999999999966,0.009669539802906852,-0.22761242985725402,0.02734821200076853,3.4198879539966582,0.02734821200076853,0.0,0.0,0.39180000000000004,0.443005
vit_base,7,True,0.61,61,120,0.6122448979591837,61.224489795918366,ZERO,0.4056,0.011282730166054649,0.39,0.416,0.025999999999999968,0.011282730166054649,-0.304619288444519,0.0209029806684042,3.4968948125839234,0.0209029806684042,0.0,0.0,0.38018500000000005,0.43340499999999993
vit_base,7,True,0.62,62,122,0.6224489795918368,62.244897959183675,ZERO,0.38980000000000004,0.012477980605851263,0.37,0.403,0.03300000000000003,0.012477980605851263,-0.3827903151512146,0.03786976985066841,3.5750658392906187,0.03786976985066841,0.0,0.0,0.365,0.417005
vit_base,7,True,0.63,63,123,0.6275510204081632,62.755102040816325,ZERO,0.3782,0.014202112518917752,0.362,0.399,0.03700000000000003,0.014202112518917752,-0.43126856088638305,0.05019228586592934,3.623544085025787,0.05019228586592934,0.0,0.0,0.35278999999999994,0.403
vit_base,7,True,0.64,64,125,0.6377551020408163,63.775510204081634,ZERO,0.36339999999999995,0.011238327277669049,0.352,0.379,0.027000000000000024,0.011238327277669049,-0.5170616447925568,0.05575927991058241,3.709337168931961,0.05575927991058241,0.0,0.0,0.339,0.39039999999999997
vit_base,7,True,0.65,65,127,0.6479591836734694,64.79591836734694,ZERO,0.34700000000000003,0.010295630140986986,0.337,0.363,0.025999999999999968,0.010295630140986986,-0.6239205479621888,0.06235296903590685,3.816196072101593,0.06235296903590685,0.0,0.0,0.3226,0.37179999999999996
vit_base,7,True,0.66,66,129,0.6581632653061225,65.81632653061224,ZERO,0.3306,0.009071934744033389,0.316,0.341,0.025000000000000022,0.009071934744033389,-0.7183461308479309,0.057551666423791496,3.9106216549873354,0.0575516664237915,0.0,0.0,0.30659500000000006,0.355605
vit_base,7,True,0.67,67,131,0.6683673469387755,66.83673469387756,ZERO,0.31079999999999997,0.01606860292620365,0.285,0.326,0.041000000000000036,0.01606860292620365,-0.8221724390983581,0.09168922785844,4.014447963237762,0.09168922785844,0.0,0.0,0.289395,0.33580499999999996
vit_base,7,True,0.68,68,133,0.6785714285714286,67.85714285714286,ZERO,0.298,0.017334935823359713,0.275,0.316,0.04099999999999998,0.017334935823359713,-0.9063207387924195,0.09213553675408663,4.0985962629318236,0.09213553675408663,0.0,0.0,0.27299500000000004,0.32180000000000003
vit_base,7,True,0.69,69,135,0.6887755102040817,68.87755102040816,ZERO,0.2834,0.021196697856034077,0.253,0.306,0.05299999999999999,0.021196697856034077,-0.9928853631019592,0.11481956425968906,4.185160887241364,0.11481956425968906,0.0,0.0,0.259595,0.307605
vit_base,7,True,0.7,70,137,0.6989795918367347,69.89795918367348,ZERO,0.269,0.021189620100417084,0.244,0.293,0.04899999999999999,0.021189620100417084,-1.068088960647583,0.11707765719012583,4.2603644847869875,0.11707765719012583,0.0,0.0,0.24680000000000002,0.291405
vit_base,7,True,0.71,71,139,0.7091836734693877,70.91836734693877,ZERO,0.2524,0.020044949488586903,0.227,0.275,0.048000000000000015,0.020044949488586903,-1.148790216445923,0.10060907848606072,4.341065740585327,0.10060907848606072,0.0,0.0,0.2298,0.27440499999999995
vit_base,7,True,0.72,72,141,0.7193877551020408,71.93877551020408,ZERO,0.23159999999999997,0.01998249233704345,0.208,0.262,0.05400000000000002,0.01998249233704345,-1.2408759593963623,0.09186005145874844,4.433151483535767,0.09186005145874844,0.0,0.0,0.209995,0.253
vit_base,7,True,0.73,73,143,0.7295918367346939,72.95918367346938,ZERO,0.2122,0.01287245120402482,0.201,0.231,0.03,0.01287245120402482,-1.3329300165176392,0.07427485754707994,4.525205540657043,0.07427485754707994,0.0,0.0,0.19080000000000003,0.23360500000000003
vit_base,7,True,0.74,74,145,0.7397959183673469,73.9795918367347,ZERO,0.19699999999999998,0.012124355652982137,0.185,0.212,0.026999999999999996,0.012124355652982137,-1.41592698097229,0.06731391352889128,4.608202505111694,0.06731391352889128,0.0,0.0,0.17658500000000002,0.21601499999999998
vit_base,7,True,0.75,75,147,0.75,75.0,ZERO,0.18259999999999996,0.010644247272588147,0.172,0.197,0.025000000000000022,0.010644247272588147,-1.4787429332733155,0.073963386017583,4.671018457412719,0.073963386017583,0.0,0.0,0.1626,0.201805
vit_base,7,True,0.76,76,149,0.7602040816326531,76.0204081632653,ZERO,0.16260000000000002,0.011844830095868833,0.148,0.175,0.026999999999999996,0.011844830095868833,-1.5596646547317505,0.08835323352406602,4.751940178871155,0.08835323352406602,0.0,0.0,0.14420000000000002,0.18180500000000002
vit_base,7,True,0.77,77,151,0.7704081632653061,77.04081632653062,ZERO,0.1456,0.012116104984688765,0.132,0.162,0.03,0.012116104984688765,-1.6192334175109864,0.07019794815883375,4.8115089416503904,0.07019794815883376,0.0,0.0,0.1288,0.16440000000000002
vit_base,7,True,0.78,78,153,0.7806122448979592,78.06122448979592,ZERO,0.1292,0.01465264481245621,0.116,0.152,0.03599999999999999,0.01465264481245621,-1.6860724449157716,0.07531616095187117,4.878347969055175,0.07531616095187117,0.0,0.0,0.11219499999999999,0.14540999999999998
vit_base,7,True,0.79,79,155,0.7908163265306123,79.08163265306123,ZERO,0.1146,0.013240090634130874,0.101,0.136,0.035,0.013240090634130874,-1.7394932985305787,0.055866691999370895,4.931768822669983,0.055866691999370895,0.0,0.0,0.098595,0.129615
vit_base,7,True,0.8,80,157,0.8010204081632653,80.10204081632652,ZERO,0.0974,0.009262828941527527,0.084,0.11,0.025999999999999995,0.009262828941527527,-1.7963731050491334,0.03734063152569789,4.988648629188537,0.03734063152569789,0.0,0.0,0.0838,0.11260499999999998
vit_base,7,True,0.81,81,159,0.8112244897959183,81.12244897959184,ZERO,0.08360000000000001,0.009449867723941963,0.073,0.098,0.02500000000000001,0.009449867723941963,-1.8292370557785034,0.040318017700696616,5.021512579917908,0.040318017700696616,0.0,0.0,0.070395,0.0978
vit_base,7,True,0.82,82,161,0.8214285714285714,82.14285714285714,ZERO,0.07120000000000001,0.008757853618324526,0.062,0.082,0.020000000000000004,0.008757853618324526,-1.8473087549209595,0.06213214766826234,5.039584279060364,0.06213214766826234,0.0,0.0,0.05939500000000001,0.0844
vit_base,7,True,0.83,83,163,0.8316326530612245,83.16326530612244,ZERO,0.0606,0.005594640292279749,0.052,0.066,0.014000000000000005,0.005594640292279749,-1.8711260318756104,0.06322021085626547,5.063401556015014,0.06322021085626547,0.0,0.0,0.049,0.07320499999999999
vit_base,7,True,0.84,84,165,0.8418367346938775,84.18367346938776,ZERO,0.0478,0.009679876032264048,0.035,0.062,0.026999999999999996,0.009679876032264048,-1.890183925628662,0.06527216735861457,5.082459449768066,0.06527216735861457,0.0,0.0,0.0378,0.0584
vit_base,7,True,0.85,85,167,0.8520408163265306,85.20408163265306,ZERO,0.0414,0.006465291950097846,0.034,0.05,0.016,0.006465291950097846,-1.901915979385376,0.06682414175912593,5.0941915035247805,0.06682414175912593,0.0,0.0,0.031795000000000004,0.051405000000000006
vit_base,7,True,0.86,86,169,0.8622448979591837,86.22448979591837,ZERO,0.0306,0.004159326868617084,0.027,0.036,0.008999999999999998,0.004159326868617084,-1.9014506578445434,0.07853284627797281,5.093726181983948,0.07853284627797281,0.0,0.0,0.022600000000000002,0.038605
vit_base,7,True,0.87,87,171,0.8724489795918368,87.24489795918367,ZERO,0.0264,0.003974921382870358,0.023,0.033,0.010000000000000002,0.003974921382870358,-1.8996782302856445,0.08472838803969954,5.091953754425049,0.08472838803969954,0.0,0.0,0.019395,0.034405000000000005
vit_base,7,True,0.88,88,172,0.8775510204081632,87.75510204081633,ZERO,0.0222,0.003962322551231789,0.019,0.027,0.008,0.003962322551231789,-1.8952731370925904,0.08234198263647413,5.0875486612319945,0.08234198263647412,0.0,0.0,0.0156,0.029
vit_base,7,True,0.89,89,174,0.8877551020408163,88.77551020408163,ZERO,0.0184,0.003781534080237807,0.013,0.022,0.009,0.003781534080237807,-1.8608638048171997,0.07230208256251351,5.053139328956604,0.07230208256251351,0.0,0.0,0.0128,0.024999999999999998
vit_base,7,True,0.9,90,176,0.8979591836734694,89.79591836734694,ZERO,0.013000000000000001,0.004301162633521313,0.007,0.019,0.012,0.004301162633521313,-1.8460005283355714,0.06296009534675198,5.038276052474975,0.062960095346752,0.0,0.0,0.008400000000000003,0.018205
vit_base,7,True,0.91,91,178,0.9081632653061225,90.81632653061224,ZERO,0.009600000000000001,0.002302172886644267,0.008,0.013,0.004999999999999999,0.002302172886644267,-1.8281888246536255,0.06077240872473199,5.02046434879303,0.06077240872473198,0.0,0.0,0.0054,0.014199999999999999
vit_base,7,True,0.92,92,180,0.9183673469387755,91.83673469387756,ZERO,0.0066,0.0035071355833500364,0.003,0.012,0.009000000000000001,0.0035071355833500364,-1.813297724723816,0.030175175971699393,5.00557324886322,0.030175175971699393,0.0,0.0,0.0031950000000000004,0.0106
vit_base,7,True,0.93,93,182,0.9285714285714286,92.85714285714286,ZERO,0.0042,0.0019235384061671345,0.002,0.007,0.005,0.0019235384061671345,-1.8140619993209839,0.026447964988285718,5.006337523460388,0.026447964988285718,0.0,0.0,0.0014,0.0076
vit_base,7,True,0.94,94,184,0.9387755102040817,93.87755102040816,ZERO,0.0032,0.0016431676725154984,0.001,0.005,0.004,0.0016431676725154984,-1.8195395469665527,0.01633830695487602,5.011815071105957,0.01633830695487602,0.0,0.0,0.0006,0.0062
vit_base,7,True,0.95,95,186,0.9489795918367347,94.89795918367348,ZERO,0.0022,0.0013038404810405296,0.001,0.004,0.003,0.0013038404810405296,-1.8337104558944701,0.020167673881861255,5.025985980033875,0.020167673881861255,0.0,0.0,0.0004,0.004404999999999996
vit_base,7,True,0.96,96,188,0.9591836734693877,95.91836734693877,ZERO,0.0018000000000000002,0.0008366600265340756,0.001,0.003,0.002,0.0008366600265340756,-1.856998038291931,0.015232546442233383,5.049273562431336,0.015232546442233385,0.0,0.0,0.0004,0.0036
vit_base,7,True,0.97,97,190,0.9693877551020408,96.93877551020408,ZERO,0.001,0.0007071067811865475,0.0,0.002,0.002,0.0007071067811865475,-1.873639130592346,0.010759550901730296,5.065914654731751,0.010759550901730296,0.0,0.0,0.0002,0.0022
vit_base,7,True,0.98,98,192,0.9795918367346939,97.95918367346938,ZERO,0.001,0.001,0.0,0.002,0.002,0.001,-1.8799485206604003,0.01079402309049977,5.072224044799805,0.010794023090499772,0.0,0.0,0.0,0.0022
vit_base,7,True,0.99,99,194,0.9897959183673469,98.9795918367347,ZERO,0.001,0.0012247448713915891,0.0,0.003,0.003,0.0012247448713915891,-1.8690358400344849,0.008243396064221354,5.061311364173889,0.008243396064221354,0.0,0.0,0.0002,0.0022
vit_base,7,True,1.0,100,196,1.0,100.0,ZERO,0.001,0.0,0.001,0.001,0.0,0.0,-1.811045527458191,0.0,5.003321051597595,0.0,0.0,0.0,0.0,0.003
vit_base,8,False,0.0,0,0,0.0,0.0,CENTROID,0.761,0.0,0.761,0.761,0.0,0.0,3.1922755241394043,0.0,0.0,0.0,0.0,,0.733,0.786
vit_base,8,False,0.01,1,2,0.01020408163265306,1.0204081632653061,CENTROID,0.7585999999999999,0.0005477225575051665,0.758,0.759,0.0010000000000000009,0.0005477225575051665,3.1876869201660156,0.0019641299937549987,0.004588603973388672,0.0019641299937549987,-0.00027370452880859375,,0.732795,0.785
vit_base,8,False,0.02,2,4,0.02040816326530612,2.0408163265306123,CENTROID,0.758,0.0020000000000000018,0.755,0.76,0.0050000000000000044,0.0020000000000000018,3.1795186519622805,0.0034089693043619536,0.012756872177124023,0.0034089693043619536,0.0012943744659423828,,0.72939,0.7824099999999999
vit_base,8,False,0.03,3,6,0.030612244897959183,3.061224489795918,CENTROID,0.7569999999999999,0.0020000000000000018,0.755,0.759,0.0040000000000000036,0.0020000000000000018,3.1742806911468504,0.005292501879255556,0.01799483299255371,0.005292501879255556,0.002636098861694336,,0.728995,0.7838149999999999
vit_base,8,False,0.04,4,8,0.04081632653061224,4.081632653061225,CENTROID,0.7562,0.002863564212655273,0.753,0.76,0.007000000000000006,0.002863564212655273,3.1686785221099854,0.007597372937129696,0.023597002029418945,0.007597372937129696,0.004511070251464844,,0.730795,0.7827999999999999
vit_base,8,False,0.05,5,10,0.05102040816326531,5.1020408163265305,CENTROID,0.7552,0.002167948338867882,0.753,0.758,0.0050000000000000044,0.002167948338867882,3.16070761680603,0.010761875550032213,0.03156790733337402,0.010761875550032215,0.006247854232788086,,0.7268,0.7810050000000001
vit_base,8,False,0.06,6,12,0.061224489795918366,6.122448979591836,CENTROID,0.7548000000000001,0.0017888543819998333,0.753,0.757,0.0040000000000000036,0.0017888543819998333,3.15170841217041,0.007797582307022007,0.04056711196899414,0.007797582307022007,0.00800180435180664,,0.7284,0.7821999999999999
vit_base,8,False,0.07,7,14,0.07142857142857142,7.142857142857142,CENTROID,0.7548,0.003271085446759228,0.75,0.758,0.008000000000000007,0.003271085446759228,3.1441195011138916,0.003701648679867094,0.048156023025512695,0.003701648679867094,0.010556936264038086,,0.7275949999999999,0.7794
vit_base,8,False,0.08,8,16,0.08163265306122448,8.16326530612245,CENTROID,0.7544000000000001,0.004827007354458872,0.747,0.76,0.013000000000000012,0.004827007354458872,3.137736368179321,0.00489238247118833,0.054539155960083005,0.00489238247118833,0.012829399108886719,,0.7283900000000001,0.778205
vit_base,8,False,0.09,9,18,0.09183673469387756,9.183673469387756,CENTROID,0.754,0.0050000000000000044,0.747,0.761,0.014000000000000012,0.0050000000000000044,3.1350432872772216,0.0056976576856423026,0.057232236862182616,0.0056976576856423026,0.01604633331298828,,0.729,0.78122
vit_base,8,False,0.1,10,20,0.10204081632653061,10.204081632653061,CENTROID,0.7529999999999999,0.003807886552931957,0.748,0.758,0.010000000000000009,0.003807886552931957,3.1287132263183595,0.007120620600457581,0.06356229782104492,0.007120620600457581,0.018596601486206055,,0.72679,0.7776000000000001
vit_base,8,False,0.11,11,22,0.11224489795918367,11.224489795918368,CENTROID,0.7536,0.004722287581247042,0.746,0.758,0.01200000000000001,0.004722287581247042,3.1216452598571776,0.007432973051723948,0.07063026428222656,0.007432973051723948,0.021653127670288087,,0.725995,0.780205
vit_base,8,False,0.12,12,24,0.12244897959183673,12.244897959183673,CENTROID,0.7536000000000002,0.005941380311005185,0.744,0.76,0.016000000000000014,0.005941380311005185,3.114307737350464,0.008726737750314115,0.07796778678894042,0.008726737750314115,0.024869966506958007,0.23249310197060122,0.7271949999999999,0.7806099999999999
vit_base,8,False,0.13,13,25,0.12755102040816327,12.755102040816327,CENTROID,0.7529999999999999,0.005656854249492385,0.744,0.759,0.015000000000000013,0.005656854249492385,3.1129255294799805,0.009303603996580381,0.07934999465942383,0.009303603996580381,0.02636890411376953,0.23749752170975078,0.7275999999999999,0.7778149999999999
vit_base,8,False,0.14,14,27,0.1377551020408163,13.77551020408163,CENTROID,0.7522,0.0058051701094800024,0.743,0.757,0.014000000000000012,0.0058051701094800024,3.1054007530212404,0.011913132723391819,0.08687477111816407,0.011913132723391819,0.02991375923156738,0.257080052402633,0.726595,0.7762049999999999
vit_base,8,False,0.15,15,29,0.14795918367346939,14.795918367346939,CENTROID,0.7508,0.005167204273105529,0.743,0.755,0.01200000000000001,0.005167204273105529,3.0995742321014403,0.01037773293287158,0.09270129203796387,0.01037773293287158,0.0332944393157959,0.26436660874007867,0.7256,0.7764050000000001
vit_base,8,False,0.16,16,31,0.15816326530612246,15.816326530612246,CENTROID,0.7496,0.0066558245169175,0.74,0.757,0.017000000000000015,0.0066558245169175,3.089283514022827,0.00951633573084954,0.10299201011657715,0.00951633573084954,0.0346311092376709,0.25194039177805616,0.724195,0.774205
vit_base,8,False,0.17,17,33,0.1683673469387755,16.83673469387755,CENTROID,0.7488,0.008105553651663783,0.738,0.758,0.020000000000000018,0.008105553651663783,3.0819116592407227,0.009746018414570847,0.11036386489868164,0.009746018414570847,0.036299514770507815,0.2480874456340115,0.723,0.7734099999999999
vit_base,8,False,0.18,18,35,0.17857142857142858,17.857142857142858,CENTROID,0.748,0.005385164807134509,0.741,0.755,0.014000000000000012,0.005385164807134509,3.074855899810791,0.01261376314512857,0.11741962432861328,0.01261376314512857,0.03829116821289062,0.24613631041885986,0.722,0.77321
vit_base,8,False,0.19,19,37,0.18877551020408162,18.877551020408163,CENTROID,0.7482000000000001,0.005761944116355178,0.74,0.755,0.015000000000000013,0.005761944116355178,3.0651052951812745,0.012359258843002407,0.12717022895812988,0.012359258843002407,0.041656208038330075,0.2457800206837301,0.721195,0.7726099999999999
vit_base,8,False,0.2,20,39,0.1989795918367347,19.897959183673468,CENTROID,0.7464000000000001,0.0059833101206606416,0.739,0.752,0.013000000000000012,0.0059833101206606416,3.0517105579376222,0.015264364993648975,0.14056496620178222,0.015264364993648975,0.04528660774230957,0.24454998925824878,0.7191949999999999,0.7724
vit_base,8,False,0.21,21,41,0.20918367346938777,20.918367346938776,CENTROID,0.745,0.0055226805085936345,0.739,0.751,0.01200000000000001,0.0055226805085936345,3.046334075927734,0.017288702643499965,0.14594144821166993,0.017288702643499965,0.04641456604003906,0.24186825571260795,0.7158,0.772015
vit_base,8,False,0.22,22,43,0.2193877551020408,21.93877551020408,CENTROID,0.745,0.004527692569068712,0.74,0.75,0.010000000000000009,0.004527692569068712,3.0390838146209718,0.015443285611994206,0.1531917095184326,0.015443285611994206,0.04804902076721192,0.2386819664118399,0.7196,0.7704050000000001
vit_base,8,False,0.23,23,45,0.22959183673469388,22.95918367346939,CENTROID,0.7454000000000001,0.005128352561983239,0.739,0.752,0.013000000000000012,0.005128352561983239,3.032787799835205,0.013812275747521741,0.15948772430419922,0.013812275747521741,0.04901022911071777,0.23448861886814437,0.719595,0.7707999999999999
vit_base,8,False,0.24,24,47,0.23979591836734693,23.97959183673469,CENTROID,0.7452,0.004868264577855238,0.741,0.751,0.010000000000000009,0.004868264577855238,3.0223461627960204,0.016704336706138266,0.1699293613433838,0.016704336706138266,0.049744176864624026,0.2251385373871805,0.719195,0.7717999999999999
vit_base,8,False,0.25,25,49,0.25,25.0,CENTROID,0.7424,0.005770615218501409,0.735,0.75,0.015000000000000013,0.005770615218501409,3.013021373748779,0.019947980919538907,0.179254150390625,0.019947980919538907,0.053619909286499026,0.22924136713505847,0.71699,0.7688
vit_base,8,False,0.26,26,51,0.2602040816326531,26.02040816326531,CENTROID,0.742,0.00533853912601566,0.736,0.748,0.01200000000000001,0.00533853912601566,3.005216121673584,0.01731690933701028,0.1870594024658203,0.01731690933701028,0.05392050743103027,0.22311372104624075,0.7166,0.766605
vit_base,8,False,0.27,27,53,0.27040816326530615,27.040816326530614,CENTROID,0.7408,0.0052153619241621235,0.734,0.746,0.01200000000000001,0.0052153619241621235,3.0001469612121583,0.017083820383062435,0.1921285629272461,0.01708382038306244,0.055550432205200194,0.2230676395946248,0.71579,0.7672099999999998
vit_base,8,False,0.28,28,55,0.28061224489795916,28.061224489795915,CENTROID,0.7407999999999999,0.005718391382198325,0.734,0.748,0.014000000000000012,0.005718391382198325,2.990617799758911,0.020969057126963904,0.20165772438049318,0.020969057126963904,0.0566678524017334,0.21713293722944088,0.7153999999999999,0.7652
vit_base,8,False,0.29,29,57,0.29081632653061223,29.081632653061224,CENTROID,0.7407999999999999,0.003962322551231794,0.737,0.747,0.010000000000000009,0.003962322551231794,2.9790797233581543,0.025053306422080777,0.21319580078125,0.025053306422080777,0.057956695556640625,0.21244321804888963,0.718,0.7658099999999999
vit_base,8,False,0.3,30,59,0.3010204081632653,30.102040816326532,CENTROID,0.7414000000000001,0.0037815340802378108,0.739,0.748,0.009000000000000008,0.0037815340802378108,2.9681864261627195,0.027039113106159005,0.22408909797668458,0.027039113106159005,0.05776534080505371,0.20360376543347272,0.7158,0.7682099999999998
vit_base,8,False,0.31,31,61,0.3112244897959184,31.122448979591837,CENTROID,0.7390000000000001,0.005385164807134509,0.734,0.748,0.014000000000000012,0.005385164807134509,2.956757354736328,0.02279557979859617,0.23551816940307618,0.022795579798596168,0.05824060440063476,0.19548294837278488,0.7136,0.7638149999999999
vit_base,8,False,0.32,32,63,0.32142857142857145,32.142857142857146,CENTROID,0.7384,0.004560701700396556,0.735,0.746,0.01100000000000001,0.004560701700396556,2.947009563446045,0.02537365801095556,0.24526596069335938,0.02537365801095556,0.05864415168762207,0.19057387381303398,0.710795,0.7622000000000001
vit_base,8,False,0.33,33,65,0.33163265306122447,33.16326530612245,CENTROID,0.7394000000000001,0.0027018512172212617,0.736,0.743,0.007000000000000006,0.0027018512172212617,2.938498830795288,0.026661829001115193,0.25377669334411623,0.026661829001115193,0.059144115447998045,0.1868385674290768,0.7143900000000002,0.7654099999999999
vit_base,8,False,0.34,34,67,0.34183673469387754,34.183673469387756,CENTROID,0.7385999999999999,0.0030495901363953837,0.735,0.742,0.007000000000000006,0.0030495901363953837,2.9274770736694338,0.025878489011047934,0.2647984504699707,0.025878489011047934,0.060576343536376955,0.1840985753502319,0.7124000000000001,0.7632000000000001
vit_base,8,False,0.35,35,69,0.3520408163265306,35.204081632653065,CENTROID,0.7382000000000001,0.003271085446759228,0.735,0.743,0.008000000000000007,0.003271085446759228,2.9137366771698,0.024544508001018248,0.2785388469696045,0.024544508001018248,0.06188311576843262,0.18034109774115212,0.7133999999999999,0.765215
vit_base,8,False,0.36,36,71,0.3622448979591837,36.224489795918366,CENTROID,0.7365999999999999,0.006841052550594834,0.731,0.745,0.014000000000000012,0.006841052550594834,2.9013763904571532,0.029302302666999732,0.29089913368225095,0.02930230266699973,0.061049461364746094,0.17187023249429018,0.709395,0.76201
vit_base,8,False,0.37,37,73,0.37244897959183676,37.244897959183675,CENTROID,0.7346,0.007127411872482191,0.729,0.745,0.016000000000000014,0.007127411872482191,2.8919798374176025,0.026867446425013507,0.30029568672180174,0.026867446425013507,0.062064313888549806,0.16965642275106765,0.70757,0.758605
vit_base,8,False,0.38,38,74,0.37755102040816324,37.755102040816325,CENTROID,0.7343999999999999,0.008905054744357281,0.725,0.747,0.02200000000000002,0.008905054744357281,2.8819929122924806,0.02256619210731764,0.31028261184692385,0.02256619210731764,0.06296229362487793,0.16607553961920551,0.7099949999999999,0.76141
vit_base,8,False,0.39,39,76,0.3877551020408163,38.775510204081634,CENTROID,0.7343999999999999,0.006066300355241246,0.727,0.743,0.016000000000000014,0.006066300355241246,2.8687101364135743,0.022972777008774124,0.3235653877258301,0.02297277700877412,0.06596770286560058,0.16513219156096018,0.707,0.7611999999999999
vit_base,8,False,0.4,40,78,0.3979591836734694,39.795918367346935,CENTROID,0.7333999999999999,0.005856620185738534,0.725,0.741,0.016000000000000014,0.005856620185738534,2.858909845352173,0.02581181512281437,0.33336567878723145,0.02581181512281437,0.06549592018127441,0.15931034649755466,0.70879,0.759805
vit_base,8,False,0.41,41,80,0.40816326530612246,40.816326530612244,CENTROID,0.7325999999999999,0.005176871642217918,0.728,0.74,0.01200000000000001,0.005176871642217918,2.8486376762390138,0.02786107125108809,0.34363784790039065,0.02786107125108809,0.06946315765380859,0.16258161489262743,0.706795,0.758805
vit_base,8,False,0.42,42,82,0.41836734693877553,41.83673469387755,CENTROID,0.7315999999999999,0.005683308895353134,0.724,0.739,0.015000000000000013,0.005683308895353134,2.8327152729034424,0.0337839324001478,0.3595602512359619,0.0337839324001478,0.07121591567993164,0.161594709806343,0.707795,0.7557999999999999
vit_base,8,False,0.43,43,84,0.42857142857142855,42.857142857142854,CENTROID,0.7322,0.006300793600809351,0.725,0.741,0.016000000000000014,0.006300793600809351,2.8232020854949953,0.034198965317121834,0.36907343864440917,0.034198965317121834,0.07032613754272461,0.15593944771088158,0.7042,0.75841
vit_base,8,False,0.44,44,86,0.4387755102040816,43.87755102040816,CENTROID,0.7318,0.007120393247567166,0.723,0.742,0.019000000000000017,0.007120393247567166,2.809637451171875,0.033991437399231036,0.3826380729675293,0.033991437399231036,0.06955947875976562,0.14896761499905792,0.70599,0.757
vit_base,8,False,0.45,45,88,0.4489795918367347,44.89795918367347,CENTROID,0.7315999999999999,0.0072663608498339865,0.723,0.743,0.020000000000000018,0.0072663608498339865,2.796229887008667,0.03230144162421282,0.3960456371307373,0.03230144162421283,0.06689071655273438,0.13951725955854763,0.705,0.7582050000000001
vit_base,8,False,0.46,46,90,0.45918367346938777,45.91836734693878,CENTROID,0.7304,0.007021395872616789,0.722,0.741,0.019000000000000017,0.007021395872616789,2.783694124221802,0.03164070404926429,0.40858139991760256,0.03164070404926429,0.06413631439208985,0.13084754136483187,0.703385,0.756605
vit_base,8,False,0.47,47,92,0.46938775510204084,46.93877551020408,CENTROID,0.729,0.008031189202104513,0.721,0.742,0.02100000000000002,0.008031189202104513,2.771945905685425,0.035009801898128294,0.4203296184539795,0.035009801898128294,0.06276841163635254,0.12617438913021078,0.703195,0.7552050000000001
vit_base,8,False,0.48,48,94,0.47959183673469385,47.95918367346938,CENTROID,0.728,0.007810249675906661,0.721,0.741,0.020000000000000018,0.007810249675906661,2.754285430908203,0.03597222908275893,0.4379900932312012,0.035972229082758926,0.06443972587585449,0.12489103249544656,0.703,0.753005
vit_base,8,False,0.49,49,96,0.4897959183673469,48.97959183673469,CENTROID,0.7273999999999999,0.007635443667528437,0.72,0.739,0.019000000000000017,0.007635443667528437,2.735113430023193,0.03257739906015189,0.45716209411621095,0.03257739906015189,0.06765294075012207,0.124486286462051,0.7001900000000001,0.754
vit_base,8,False,0.5,50,98,0.5,50.0,CENTROID,0.7247999999999999,0.006260990336999417,0.719,0.735,0.016000000000000014,0.006260990336999417,2.7169189453125,0.03135596165763786,0.4753565788269043,0.03135596165763786,0.07344231605529786,0.13086927705118276,0.6969949999999999,0.751
vit_base,8,False,0.51,51,100,0.5102040816326531,51.02040816326531,CENTROID,0.7224,0.010212737145349439,0.714,0.737,0.02300000000000002,0.010212737145349439,2.6940235614776613,0.03691993392199665,0.49825196266174315,0.03691993392199665,0.08157124519348144,0.13793059446547984,0.698,0.7487999999999999
vit_base,8,False,0.52,52,102,0.5204081632653061,52.04081632653062,CENTROID,0.7218,0.0073959448348402445,0.714,0.733,0.019000000000000017,0.0073959448348402445,2.677171802520752,0.037720808648342416,0.5151037216186524,0.037720808648342416,0.08205103874206543,0.1343417066892501,0.6965949999999999,0.7492050000000001
vit_base,8,False,0.53,53,104,0.5306122448979592,53.06122448979592,CENTROID,0.7207999999999999,0.007981227975693972,0.712,0.732,0.020000000000000018,0.007981227975693972,2.6515639781951905,0.044940195013123525,0.5407115459442139,0.044940195013123525,0.07848687171936035,0.1217533265077709,0.6941949999999999,0.7464099999999999
vit_base,8,False,0.54,54,106,0.5408163265306123,54.08163265306123,CENTROID,0.719,0.007382411530116707,0.71,0.728,0.018000000000000016,0.007382411530116707,2.6268022060394287,0.03948077192390449,0.5654733180999756,0.03948077192390449,0.07926220893859863,0.11801809175070196,0.6945949999999999,0.746405
vit_base,8,False,0.55,55,108,0.5510204081632653,55.10204081632652,CENTROID,0.7168,0.008105553651663785,0.706,0.726,0.020000000000000018,0.008105553651663785,2.6048999786376954,0.03483242623443099,0.587375545501709,0.034832426234430995,0.07910542488098145,0.11313665745620509,0.6879949999999999,0.7427999999999999
vit_base,8,False,0.56,56,110,0.5612244897959183,56.12244897959183,CENTROID,0.7156,0.009154233993076653,0.702,0.725,0.02300000000000002,0.009154233993076653,2.5823482036590577,0.03447934422653748,0.6099273204803467,0.03447934422653748,0.07447071075439453,0.10473642950946857,0.68959,0.7404050000000001
vit_base,8,False,0.57,57,112,0.5714285714285714,57.14285714285714,CENTROID,0.7147999999999999,0.005932958789676535,0.706,0.72,0.014000000000000012,0.005932958789676535,2.562124156951904,0.035524491779381565,0.6301513671875,0.035524491779381565,0.07262158393859863,0.09963285307303427,0.689595,0.741005
vit_base,8,False,0.58,58,114,0.5816326530612245,58.16326530612245,CENTROID,0.711,0.005147815070493505,0.702,0.715,0.013000000000000012,0.005147815070493505,2.527726078033447,0.03623583666741576,0.664549446105957,0.03623583666741576,0.07304916381835938,0.09636605349239562,0.6857949999999999,0.7382050000000001
vit_base,8,False,0.59,59,116,0.5918367346938775,59.183673469387756,CENTROID,0.7083999999999999,0.004449719092257402,0.703,0.715,0.01200000000000001,0.004449719092257402,2.499562072753906,0.04164192396673596,0.692713451385498,0.04164192396673596,0.06532602310180664,0.08405394456258462,0.6811949999999999,0.7335999999999999
vit_base,8,False,0.6,60,118,0.6020408163265306,60.204081632653065,CENTROID,0.7056,0.0067305274681855425,0.697,0.715,0.018000000000000016,0.0067305274681855425,2.4635696411132812,0.05233119196445563,0.728705883026123,0.05233119196445563,0.06908693313598632,0.08599763212436565,0.677995,0.73061
vit_base,8,False,0.61,61,120,0.6122448979591837,61.224489795918366,CENTROID,0.7043999999999999,0.006804410334481606,0.694,0.712,0.018000000000000016,0.006804410334481606,2.425049066543579,0.061593121170427576,0.7672264575958252,0.061593121170427576,0.06122570037841797,0.07414935152017818,0.676595,0.731405
vit_base,8,False,0.62,62,122,0.6224489795918368,62.244897959183675,CENTROID,0.701,0.007810249675906661,0.692,0.709,0.017000000000000015,0.007810249675906661,2.3813130855560303,0.07020008541515112,0.810962438583374,0.07020008541515112,0.051567792892456055,0.05986372540479099,0.673995,0.725005
vit_base,8,False,0.63,63,123,0.6275510204081632,62.755102040816325,CENTROID,0.6987999999999999,0.008318653737234175,0.69,0.708,0.018000000000000016,0.008318653737234175,2.36143798828125,0.06760253043554812,0.8308375358581543,0.06760253043554812,0.05063447952270508,0.05736233779251718,0.6723950000000001,0.7234050000000001
vit_base,8,False,0.64,64,125,0.6377551020408163,63.775510204081634,CENTROID,0.6964,0.007436396977031254,0.687,0.706,0.018999999999999906,0.007436396977031254,2.3197155952453614,0.07093324552326945,0.872559928894043,0.07093324552326945,0.048209333419799806,0.052106777062392695,0.6708,0.7234249999999999
vit_base,8,False,0.65,65,127,0.6479591836734694,64.79591836734694,CENTROID,0.6933999999999999,0.00873498712076895,0.681,0.704,0.02299999999999991,0.00873498712076895,2.2712820529937745,0.0734001800212396,0.9209934711456299,0.0734001800212396,0.05364227294921875,0.05495246540163473,0.6677949999999999,0.719805
vit_base,8,False,0.66,66,129,0.6581632653061225,65.81632653061224,CENTROID,0.6891999999999999,0.009257429448826448,0.678,0.701,0.02299999999999991,0.009257429448826448,2.2243743896484376,0.08728075632082972,0.9679011344909668,0.08728075632082974,0.04748334884643555,0.04726937051087036,0.6633950000000001,0.714815
vit_base,8,False,0.67,67,131,0.6683673469387755,66.83673469387756,CENTROID,0.6844,0.0074027022093286505,0.673,0.691,0.017999999999999905,0.0074027022093286505,2.1739277839660645,0.08110795990035136,1.0183477401733398,0.08110795990035136,0.0470613956451416,0.04365506345326432,0.658985,0.7094150000000001
vit_base,8,False,0.68,68,133,0.6785714285714286,67.85714285714286,CENTROID,0.6798,0.008167006795638143,0.667,0.689,0.02199999999999991,0.008167006795638143,2.119310235977173,0.0952004541291154,1.0729652881622314,0.0952004541291154,0.03032832145690918,0.027241201904780098,0.6524,0.704205
vit_base,8,False,0.69,69,135,0.6887755102040817,68.87755102040816,CENTROID,0.6754,0.009989994994993714,0.662,0.688,0.025999999999999912,0.009989994994993714,2.0639138221740723,0.09347766955606523,1.128361701965332,0.09347766955606523,0.016895771026611328,0.01282575483016446,0.6506000000000001,0.70221
vit_base,8,False,0.7,70,137,0.6989795918367347,69.89795918367348,CENTROID,0.6726000000000001,0.01176010204037364,0.655,0.687,0.03200000000000003,0.01176010204037364,2.014089012145996,0.10209695622822682,1.1781865119934083,0.10209695622822682,0.00533900260925293,0.0026141127810913856,0.645195,0.7001999999999999
vit_base,8,False,0.71,71,139,0.7091836734693877,70.91836734693877,CENTROID,0.6676,0.011148990985734998,0.654,0.684,0.030000000000000027,0.011148990985734998,1.9535825967788696,0.10886310890818703,1.2386929273605347,0.10886310890818703,-0.005250310897827149,-0.00489711308760242,0.640795,0.6956100000000001
vit_base,8,False,0.72,72,141,0.7193877551020408,71.93877551020408,CENTROID,0.663,0.013656500283747675,0.647,0.684,0.03700000000000003,0.013656500283747675,1.8760587215423583,0.1191721036763523,1.316216802597046,0.1191721036763523,-0.037163829803466795,-0.028724661272169917,0.637,0.690005
vit_base,8,False,0.73,73,143,0.7295918367346939,72.95918367346938,CENTROID,0.6596,0.012239281024635404,0.645,0.679,0.03400000000000003,0.012239281024635404,1.8045084953308106,0.10661350817624254,1.3877670288085937,0.10661350817624254,-0.05483314990997314,-0.04048968199702787,0.6343799999999999,0.6866049999999999
vit_base,8,False,0.74,74,145,0.7397959183673469,73.9795918367347,CENTROID,0.654,0.012469963913339937,0.64,0.674,0.03400000000000003,0.012469963913339937,1.739260697364807,0.11316992819699338,1.4530148267745973,0.11316992819699338,-0.06740570068359375,-0.048036082598723676,0.628,0.6818
vit_base,8,False,0.75,75,147,0.75,75.0,CENTROID,0.6424000000000001,0.011458621208504985,0.631,0.658,0.027000000000000024,0.011458621208504985,1.6246543884277345,0.0789314011142078,1.5676211357116698,0.0789314011142078,-0.11416621208190918,-0.0792943999120648,0.616395,0.670405
vit_base,8,False,0.76,76,149,0.7602040816326531,76.0204081632653,CENTROID,0.6334,0.01254192967609053,0.617,0.65,0.03300000000000003,0.01254192967609053,1.5314905166625976,0.08501380094343196,1.6607850074768067,0.08501380094343196,-0.13280816078186036,-0.08862336838517837,0.603,0.659045
vit_base,8,False,0.77,77,151,0.7704081632653061,77.04081632653062,CENTROID,0.6254,0.012320714265009162,0.614,0.644,0.030000000000000027,0.012320714265009162,1.438927984237671,0.08489757251669433,1.7533475399017333,0.08489757251669433,-0.1616821765899658,-0.10412397612048377,0.5983949999999999,0.6518099999999999
vit_base,8,False,0.78,78,153,0.7806122448979592,78.06122448979592,CENTROID,0.6139999999999999,0.015247950681976919,0.597,0.638,0.041000000000000036,0.015247950681976919,1.3411468744277955,0.08759555367580497,1.8511286497116088,0.08759555367580497,-0.18241548538208008,-0.11323309522898554,0.5863950000000001,0.641205
vit_base,8,False,0.79,79,155,0.7908163265306123,79.08163265306123,CENTROID,0.5992,0.014771594362153343,0.585,0.624,0.039000000000000035,0.014771594362153343,1.2390994548797607,0.08192022852064518,1.9531760692596436,0.08192022852064518,-0.21415960788726807,-0.12686343635494446,0.5718,0.627405
vit_base,8,False,0.8,80,157,0.8010204081632653,80.10204081632652,CENTROID,0.586,0.012884098726725137,0.579,0.609,0.030000000000000027,0.012884098726725137,1.1103711128234863,0.09741458625680406,2.081904411315918,0.09741458625680406,-0.23560152053833008,-0.1310486029284404,0.557195,0.611405
vit_base,8,False,0.81,81,159,0.8112244897959183,81.12244897959184,CENTROID,0.5684,0.01946278500112455,0.542,0.596,0.05399999999999994,0.01946278500112455,0.9655378341674805,0.12455837595308125,2.226737689971924,0.12455837595308125,-0.26057119369506837,-0.135300610313283,0.541395,0.594805
vit_base,8,False,0.82,82,161,0.8214285714285714,82.14285714285714,CENTROID,0.5524000000000001,0.020659138413786745,0.528,0.583,0.05499999999999994,0.020659138413786745,0.8352320671081543,0.1312013378802755,2.35704345703125,0.1312013378802755,-0.2787070870399475,-0.13590210578834294,0.524995,0.58
vit_base,8,False,0.83,83,163,0.8316326530612245,83.16326530612244,CENTROID,0.5372000000000001,0.016902662512160636,0.516,0.562,0.04600000000000004,0.016902662512160636,0.7341585755348206,0.1222929995412339,2.4581169486045837,0.1222929995412339,-0.2937594413757324,-0.13700691607271565,0.5092000000000001,0.564805
vit_base,8,False,0.84,84,165,0.8418367346938775,84.18367346938776,CENTROID,0.5172,0.022742031571519748,0.485,0.548,0.06300000000000006,0.022742031571519748,0.6003527760505676,0.1505624462826548,2.5919227480888365,0.1505624462826548,-0.2835082411766052,-0.12426864254371461,0.487,0.5446099999999998
vit_base,8,False,0.85,85,167,0.8520408163265306,85.20408163265306,CENTROID,0.49260000000000004,0.026791789787171748,0.455,0.524,0.069,0.026791789787171748,0.46090599298477175,0.15405603875639576,2.7313695311546327,0.15405603875639579,-0.27677345275878906,-0.11332906724607006,0.46520000000000006,0.521605
vit_base,8,False,0.86,86,169,0.8622448979591837,86.22448979591837,CENTROID,0.4694,0.01765785943992079,0.45,0.498,0.04799999999999999,0.01765785943992079,0.32472782135009765,0.11177345525003306,2.867547702789307,0.11177345525003306,-0.26165699362754824,-0.10135552942782974,0.44320000000000004,0.49441499999999994
vit_base,8,False,0.87,87,171,0.8724489795918368,87.24489795918367,CENTROID,0.44699999999999995,0.019634153916071855,0.434,0.479,0.044999999999999984,0.019634153916071855,0.1966032236814499,0.11361036086613362,2.9956723004579544,0.11361036086613362,-0.24434482157230378,-0.09011946729588924,0.42059500000000005,0.472405
vit_base,8,False,0.88,88,172,0.8775510204081632,87.75510204081633,CENTROID,0.4312,0.017626684316683062,0.417,0.462,0.04500000000000004,0.017626684316683062,0.12060044668614864,0.10844284805733383,3.0716750774532557,0.10844284805733383,-0.21398879624903203,-0.07599889174959279,0.40519,0.45780499999999996
vit_base,8,False,0.89,89,174,0.8877551020408163,88.77551020408163,CENTROID,0.4072,0.015530614926653731,0.385,0.427,0.04199999999999998,0.015530614926653731,-0.03594103511422873,0.08458366534781431,3.228216559253633,0.08458366534781431,-0.16951778773218393,-0.055937760471863475,0.38038999999999995,0.43380500000000005
vit_base,8,False,0.9,90,176,0.8979591836734694,89.79591836734694,CENTROID,0.3806,0.018756332264064864,0.352,0.404,0.052000000000000046,0.018756332264064864,-0.18653572350740433,0.08653281146454357,3.3788112476468086,0.08653281146454357,-0.09698266088962555,-0.029908492451933222,0.3568,0.405
vit_base,8,False,0.91,91,178,0.9081632653061225,90.81632653061224,CENTROID,0.34219999999999995,0.026817904466978768,0.321,0.386,0.065,0.026817904466978768,-0.35021254122257234,0.09899337231151858,3.542488065361977,0.09899337231151858,-0.0075893372297286986,-0.0032377081930343166,0.318795,0.36581
vit_base,8,False,0.92,92,180,0.9183673469387755,91.83673469387756,CENTROID,0.3034,0.02730933906193995,0.274,0.348,0.07399999999999995,0.02730933906193995,-0.517125278711319,0.09993900857796444,3.7094008028507233,0.09993900857796444,0.07545136213302613,0.018730778501308137,0.27938999999999997,0.32580000000000003
vit_base,8,False,0.93,93,182,0.9285714285714286,92.85714285714286,CENTROID,0.2632,0.013367871932360826,0.243,0.279,0.03600000000000003,0.013367871932360826,-0.6732607245445251,0.05021767860052887,3.8655362486839295,0.05021767860052888,0.19994577169418334,0.04843693133423622,0.241,0.28479999999999994
vit_base,8,False,0.94,94,184,0.9387755102040817,93.87755102040816,CENTROID,0.2246,0.01304990421420785,0.203,0.238,0.034999999999999976,0.01304990421420785,-0.8094060063362122,0.04606729492943003,4.001681530475617,0.04606729492943003,0.3145863890647888,0.07209504134239937,0.202995,0.24780000000000002
vit_base,8,False,0.95,95,186,0.9489795918367347,94.89795918367348,CENTROID,0.189,0.015411035007422446,0.168,0.201,0.033,0.015411035007422446,-0.9288044571876526,0.05070985708460973,4.121079981327057,0.05070985708460973,0.40183783769607545,0.08840778902540053,0.16879,0.20940500000000004
vit_base,8,False,0.96,96,188,0.9591836734693877,95.91836734693877,CENTROID,0.15220000000000003,0.016902662512160625,0.128,0.171,0.04300000000000001,0.016902662512160625,-1.0597794651985168,0.06547209495735258,4.252054989337921,0.06547209495735258,0.47183417081832885,0.09980701993751857,0.134,0.1702
vit_base,8,False,0.97,97,190,0.9693877551020408,96.93877551020408,CENTROID,0.123,0.015620499351813305,0.11,0.149,0.03899999999999999,0.015620499351813305,-1.1743938684463502,0.06382179533716105,4.366669392585754,0.06382179533716105,0.47412924766540526,0.09788459860624996,0.10720000000000002,0.1398
vit_base,8,False,0.98,98,192,0.9795918367346939,97.95918367346938,CENTROID,0.093,0.022999999999999996,0.064,0.125,0.061,0.022999999999999996,-1.311092162132263,0.07943039318049937,4.503367686271668,0.07943039318049938,0.44517643451690675,0.08989724745915373,0.07940000000000001,0.1066
vit_base,8,False,0.99,99,194,0.9897959183673469,98.9795918367347,CENTROID,0.056799999999999996,0.016679328523654665,0.043,0.083,0.04000000000000001,0.016679328523654665,-1.4825822114944458,0.040697231061243996,4.67485773563385,0.040697231061243996,0.2383861541748047,0.048461348163896315,0.046395,0.0676
vit_base,8,False,1.0,100,196,1.0,100.0,CENTROID,0.019,0.0,0.019,0.019,0.0,0.0,-1.688271403312683,0.0,4.880546927452087,0.0,-0.06901895999908447,-0.014344499391036455,0.011,0.028
vit_base,8,False,0.0,0,0,0.0,0.0,CLEAN,0.761,0.0,0.761,0.761,0.0,0.0,3.1922755241394043,0.0,0.0,0.0,0.0,,0.761,0.761
vit_base,8,False,0.0,0,0,0.0,0.0,DIAGONAL_GAUSSIAN,0.761,0.0,0.761,0.761,0.0,0.0,3.1922755241394043,0.0,0.0,0.0,0.0,,0.734,0.788
vit_base,8,False,0.01,1,2,0.01020408163265306,1.0204081632653061,DIAGONAL_GAUSSIAN,0.7588666666666666,0.0008366600265340408,0.7576666666666667,0.7596666666666666,0.0019999999999998908,0.0008366600265340408,3.1924781640370687,0.0018887766907590684,-0.00020263989766438798,0.001888776690759073,0.004517539342244466,,0.7333316666666667,0.7850183333333334
vit_base,8,False,0.02,2,4,0.02040816326530612,2.0408163265306123,DIAGONAL_GAUSSIAN,0.7578,0.0017094508539943984,0.755,0.759,0.0040000000000000036,0.0017094508539943984,3.1881880124409996,0.0034213109272994684,0.004087511698404949,0.0034213109272993483,0.009963734944661459,,0.7315266666666665,0.7846016666666668
vit_base,8,False,0.03,3,6,0.030612244897959183,3.061224489795918,DIAGONAL_GAUSSIAN,0.7570666666666666,0.0024877477542726775,0.7536666666666667,0.7596666666666666,0.005999999999999894,0.0024877477542726775,3.1885718345642085,0.005466894157610482,0.0037036895751953124,0.0054668941576105304,0.016927242279052734,,0.7317966666666667,0.7836033333333334
vit_base,8,False,0.04,4,8,0.04081632653061224,4.081632653061225,DIAGONAL_GAUSSIAN,0.7567999999999999,0.0030605010483034907,0.754,0.762,0.008000000000000007,0.0030605010483034907,3.1881547133127848,0.008277387541742356,0.004120810826619466,0.00827738754174235,0.023987261454264323,,0.7301316666666666,0.7834066666666667
vit_base,8,False,0.05,5,10,0.05102040816326531,5.1020408163265305,DIAGONAL_GAUSSIAN,0.7528666666666667,0.0019379255804997477,0.751,0.7559999999999999,0.004999999999999893,0.0019379255804997477,3.1835051536560055,0.011700043966687423,0.008770370483398439,0.011700043966687548,0.02904539108276367,,0.7245949999999999,0.7779366666666667
vit_base,8,False,0.06,6,12,0.061224489795918366,6.122448979591836,DIAGONAL_GAUSSIAN,0.7518,0.0026310116347561426,0.749,0.755,0.006000000000000005,0.0026310116347561426,3.176171334584554,0.00841690338892125,0.01610418955485026,0.008416903388921324,0.03246472676595052,,0.7263266666666667,0.7782683333333333
vit_base,8,False,0.07,7,14,0.07142857142857142,7.142857142857142,DIAGONAL_GAUSSIAN,0.7523333333333333,0.0026666666666666713,0.7486666666666667,0.7546666666666667,0.006000000000000005,0.0026666666666666713,3.1720385710398356,0.003795297687946219,0.02023695309956868,0.0037952976879461887,0.03847600618998209,,0.7281766666666667,0.7786700000000001
vit_base,8,False,0.08,8,16,0.08163265306122448,8.16326530612245,DIAGONAL_GAUSSIAN,0.7517333333333334,0.0035071355833500135,0.7473333333333333,0.7559999999999999,0.0086666666666666,0.0035071355833500135,3.169140799840291,0.004851700413795075,0.023134724299112952,0.004851700413795105,0.04423383076985676,,0.7217983333333333,0.777935
vit_base,8,False,0.09,9,18,0.09183673469387756,9.183673469387756,DIAGONAL_GAUSSIAN,0.7514666666666667,0.0027648588471104025,0.7476666666666666,0.755,0.007333333333333414,0.0027648588471104025,3.1684178511301675,0.004673119645464711,0.023857673009236652,0.004673119645464733,0.049420897165934244,,0.723925,0.7772083333333333
vit_base,8,False,0.1,10,20,0.10204081632653061,10.204081632653061,DIAGONAL_GAUSSIAN,0.752,0.0020138409955990943,0.7496666666666667,0.754,0.0043333333333333,0.0020138409955990943,3.167535161972046,0.006639866088112949,0.0247403621673584,0.0066398660881130086,0.057418537139892575,,0.7255099999999999,0.7774683333333334
vit_base,8,False,0.11,11,22,0.11224489795918367,11.224489795918368,DIAGONAL_GAUSSIAN,0.7522,0.003211091887678004,0.7479999999999999,0.7566666666666667,0.008666666666666822,0.003211091887678004,3.1651304562886557,0.0071931560266930965,0.0271450678507487,0.007193156026693115,0.06513832410176594,,0.7243283333333332,0.7764683333333334
vit_base,8,False,0.12,12,24,0.12244897959183673,12.244897959183673,DIAGONAL_GAUSSIAN,0.751,0.004346134936801785,0.746,0.757,0.01100000000000001,0.004346134936801785,3.1588297367095945,0.008396588867547019,0.03344578742980957,0.008396588867547046,0.06939196586608887,0.6430622969863832,0.7242000000000001,0.774
vit_base,8,False,0.13,13,25,0.12755102040816327,12.755102040816327,DIAGONAL_GAUSSIAN,0.7500666666666668,0.003585464482539958,0.7446666666666667,0.7536666666666667,0.009000000000000008,0.003585464482539958,3.1598223209381104,0.00911413337361246,0.03245320320129395,0.009114133373612441,0.07326569557189941,0.6572984469566204,0.7225583333333333,0.7746166666666667
vit_base,8,False,0.14,14,27,0.1377551020408163,13.77551020408163,DIAGONAL_GAUSSIAN,0.7485999999999999,0.004815484283941661,0.7426666666666666,0.7536666666666667,0.01100000000000012,0.004815484283941661,3.1552048365275067,0.012067460463260274,0.03707068761189779,0.012067460463260312,0.07971784273783365,0.6872687167254177,0.7217916666666667,0.7724783333333334
vit_base,8,False,0.15,15,29,0.14795918367346939,14.795918367346939,DIAGONAL_GAUSSIAN,0.7496666666666667,0.004881939505292276,0.7426666666666666,0.7543333333333333,0.011666666666666714,0.004881939505292276,3.155757331848145,0.009682865708071597,0.036518192291259764,0.009682865708071576,0.08947753906249999,0.7129584501300352,0.7231283333333333,0.7735333333333333
vit_base,8,False,0.16,16,31,0.15816326530612246,15.816326530612246,DIAGONAL_GAUSSIAN,0.7480666666666667,0.006197669813011285,0.739,0.7546666666666667,0.015666666666666718,0.006197669813011285,3.146886761983236,0.008692458142467037,0.04538876215616862,0.008692458142467054,0.09223435719807942,0.6709814765062385,0.7202983333333333,0.7755333333333333
vit_base,8,False,0.17,17,33,0.1683673469387755,16.83673469387755,DIAGONAL_GAUSSIAN,0.7472666666666666,0.004663093870430348,0.7399999999999999,0.7523333333333334,0.01233333333333353,0.004663093870430348,3.143771330515544,0.009252759759180247,0.04850419362386067,0.009252759759180341,0.09815918604532878,0.6700198766199447,0.7215266666666665,0.7739416666666666
vit_base,8,False,0.18,18,35,0.17857142857142858,17.857142857142858,DIAGONAL_GAUSSIAN,0.7466666666666667,0.0036209268304000846,0.741,0.75,0.009000000000000008,0.0036209268304000846,3.1333916346232096,0.011370250250853482,0.058883889516194665,0.011370250250853541,0.09682690302530925,0.6231933799097988,0.7209966666666666,0.7720033333333334
vit_base,8,False,0.19,19,37,0.18877551020408162,18.877551020408163,DIAGONAL_GAUSSIAN,0.7444,0.0038326086271479607,0.739,0.749,0.010000000000000009,0.0038326086271479607,3.1292671362559004,0.011108086217026898,0.06300838788350424,0.011108086217027002,0.10581804911295574,0.6278636680865204,0.7173316666666667,0.7703366666666668
vit_base,8,False,0.2,20,39,0.1989795918367347,19.897959183673468,DIAGONAL_GAUSSIAN,0.7438,0.0023166067138525887,0.7399999999999999,0.7463333333333333,0.006333333333333413,0.0023166067138525887,3.1170774459838864,0.012915371411927532,0.07519807815551757,0.012915371411927458,0.11065349578857422,0.5968037688834971,0.7189200000000001,0.7682016666666667
vit_base,8,False,0.21,21,41,0.20918367346938777,20.918367346938776,DIAGONAL_GAUSSIAN,0.7445999999999999,0.0023499408976019064,0.7413333333333334,0.7473333333333333,0.005999999999999894,0.0023499408976019064,3.114383395512899,0.01456785301693686,0.07789212862650555,0.01456785301693687,0.11446388562520345,0.596663956172929,0.7173849999999999,0.7707383333333334
vit_base,8,False,0.22,22,43,0.2193877551020408,21.93877551020408,DIAGONAL_GAUSSIAN,0.7445333333333333,0.0028440972010269033,0.741,0.7486666666666667,0.0076666666666667105,0.0028440972010269033,3.109510580698649,0.01261122188757789,0.0827649434407552,0.012611221887577908,0.11847578684488932,0.589777110485146,0.72,0.7693400000000001
vit_base,8,False,0.23,23,45,0.22959183673469388,22.95918367346939,DIAGONAL_GAUSSIAN,0.7441333333333333,0.0011205157542648074,0.7433333333333333,0.7456666666666667,0.0023333333333334094,0.0011205157542648074,3.104186487197876,0.01273093578735475,0.08808903694152832,0.012730935787354705,0.12040891647338867,0.578638116142737,0.7176583333333333,0.7704683333333334
vit_base,8,False,0.24,24,47,0.23979591836734693,23.97959183673469,DIAGONAL_GAUSSIAN,0.7428000000000001,0.002814644244344635,0.7393333333333333,0.7466666666666667,0.007333333333333414,0.002814644244344635,3.096925656000773,0.017184911815366334,0.09534986813863118,0.0171849118153663,0.12432367006937664,0.5680839332450928,0.7152649999999999,0.7678033333333333
vit_base,8,False,0.25,25,49,0.25,25.0,DIAGONAL_GAUSSIAN,0.7427333333333334,0.0027325202042559117,0.7383333333333333,0.745,0.00666666666666671,0.0027325202042559117,3.089888556798299,0.020998848518951556,0.10238696734110513,0.020998848518951597,0.13048709233601888,0.5634657325806305,0.717065,0.7691333333333332
vit_base,8,False,0.26,26,51,0.2602040816326531,26.02040816326531,DIAGONAL_GAUSSIAN,0.7426,0.004251797005711536,0.7363333333333334,0.747,0.010666666666666602,0.004251797005711536,3.087384780248006,0.017544027227235776,0.1048907438913981,0.017544027227235824,0.13608916600545246,0.5666268071834122,0.7171966666666667,0.7668733333333334
vit_base,8,False,0.27,27,53,0.27040816326530615,27.040816326530614,DIAGONAL_GAUSSIAN,0.7413333333333333,0.0030184617127124893,0.737,0.7443333333333334,0.007333333333333414,0.0030184617127124893,3.0801402727762857,0.018161807004565968,0.11213525136311848,0.01816180700456608,0.1355437437693278,0.5488671841909657,0.7165183333333334,0.7663350000000001
vit_base,8,False,0.28,28,55,0.28061224489795916,28.061224489795915,DIAGONAL_GAUSSIAN,0.7417333333333334,0.0022656860623955608,0.7383333333333333,0.7443333333333334,0.006000000000000116,0.0022656860623955608,3.0754958629608153,0.02097501924710595,0.11677966117858887,0.020975019247105965,0.1415459156036377,0.5498089591976567,0.71513,0.7680766666666666
vit_base,8,False,0.29,29,57,0.29081632653061223,29.081632653061224,DIAGONAL_GAUSSIAN,0.7390666666666666,0.003369800521626705,0.7343333333333333,0.7433333333333333,0.009000000000000008,0.003369800521626705,3.0622603575388587,0.024860509550670692,0.13001516660054527,0.024860509550670644,0.14113732973734536,0.5228665743694416,0.7119966666666666,0.765735
vit_base,8,False,0.3,30,59,0.3010204081632653,30.102040816326532,DIAGONAL_GAUSSIAN,0.7392666666666667,0.0025970068241042876,0.7360000000000001,0.7423333333333333,0.006333333333333191,0.0025970068241042876,3.052597173055013,0.028133990487321882,0.13967835108439128,0.028133990487321806,0.142176087697347,0.507221627205828,0.7105933333333332,0.763335
vit_base,8,False,0.31,31,61,0.3112244897959184,31.122448979591837,DIAGONAL_GAUSSIAN,0.7388,0.0024335616331258455,0.7360000000000001,0.7413333333333334,0.005333333333333301,0.0024335616331258455,3.0394649505615234,0.023061272491722837,0.15281057357788086,0.023061272491722868,0.14094820022583007,0.4803037935388318,0.71237,0.7643366666666667
vit_base,8,False,0.32,32,63,0.32142857142857145,32.142857142857146,DIAGONAL_GAUSSIAN,0.7397333333333334,0.003981903509071466,0.735,0.7440000000000001,0.009000000000000119,0.003981903509071466,3.0340819199879965,0.024534038534937606,0.15819360415140787,0.024534038534937564,0.14571650822957355,0.4802900479652866,0.714195,0.7638166666666666
vit_base,8,False,0.33,33,65,0.33163265306122447,33.16326530612245,DIAGONAL_GAUSSIAN,0.7380666666666666,0.003369800521626685,0.7333333333333334,0.7406666666666667,0.007333333333333303,0.003369800521626685,3.028403600056966,0.028103126092969492,0.16387192408243817,0.02810312609296945,0.1490488847096761,0.47782500269607137,0.7091299999999999,0.7626749999999999
vit_base,8,False,0.34,34,67,0.34183673469387754,34.183673469387756,DIAGONAL_GAUSSIAN,0.7376666666666667,0.002592724864350674,0.7343333333333333,0.741,0.00666666666666671,0.002592724864350674,3.0157541116078694,0.027126080006662275,0.17652141253153483,0.02712608000666227,0.1488533814748128,0.45844096910918886,0.710725,0.7633383333333333
vit_base,8,False,0.35,35,69,0.3520408163265306,35.204081632653065,DIAGONAL_GAUSSIAN,0.7364666666666666,0.004079760341545149,0.7313333333333333,0.7406666666666667,0.009333333333333416,0.004079760341545149,3.000647528966268,0.02815389030821628,0.1916279951731364,0.028153890308216245,0.14879396756490074,0.4382397594230418,0.7100550000000001,0.762335
vit_base,8,False,0.36,36,71,0.3622448979591837,36.224489795918366,DIAGONAL_GAUSSIAN,0.7339333333333334,0.005780234520424827,0.7280000000000001,0.7416666666666667,0.013666666666666605,0.005780234520424827,2.989305893580119,0.0331395935134708,0.20296963055928546,0.03313959351347081,0.14897896448771158,0.4252356330691723,0.7075316666666667,0.75801
vit_base,8,False,0.37,37,73,0.37244897959183676,37.244897959183675,DIAGONAL_GAUSSIAN,0.7331333333333332,0.004193910930013801,0.7266666666666666,0.7376666666666667,0.01100000000000012,0.004193910930013801,2.9792912006378174,0.03042295021005674,0.21298432350158691,0.030422950210056823,0.14937567710876465,0.41343816358765384,0.70679,0.7579349999999999
vit_base,8,False,0.38,38,74,0.37755102040816324,37.755102040816325,DIAGONAL_GAUSSIAN,0.7322666666666666,0.0031216092715848722,0.729,0.7360000000000001,0.007000000000000117,0.0031216092715848722,2.974147574106852,0.028193681940038438,0.2181279500325521,0.028193681940038438,0.1551169554392497,0.41616457603751594,0.7063283333333333,0.7582033333333335
vit_base,8,False,0.39,39,76,0.3877551020408163,38.775510204081634,DIAGONAL_GAUSSIAN,0.7298,0.005331249592939981,0.7239999999999999,0.737,0.013000000000000123,0.005331249592939981,2.9518638610839845,0.03055124199340126,0.24041166305541992,0.030551241993401295,0.14912142753601074,0.38274956405437077,0.7042633333333332,0.756535
vit_base,8,False,0.4,40,78,0.3979591836734694,39.795918367346935,DIAGONAL_GAUSSIAN,0.7314666666666667,0.003096593109998297,0.7276666666666666,0.7356666666666666,0.008000000000000007,0.003096593109998297,2.9477399667104085,0.032979337937901795,0.24453555742899574,0.032979337937901664,0.15432604153951007,0.38663133082407086,0.7045250000000001,0.7565433333333332
vit_base,8,False,0.41,41,80,0.40816326530612246,40.816326530612244,DIAGONAL_GAUSSIAN,0.7271333333333333,0.0059516570988442,0.7213333333333333,0.735,0.013666666666666716,0.0059516570988442,2.9238687197367352,0.03297206629764064,0.2684068044026693,0.03297206629764063,0.14469420115152995,0.3486934683855827,0.700265,0.7523383333333334
vit_base,8,False,0.42,42,82,0.41836734693877553,41.83673469387755,DIAGONAL_GAUSSIAN,0.7278666666666667,0.003753516869402489,0.7223333333333333,0.731,0.008666666666666711,0.003753516869402489,2.9245354811350506,0.035568713213270105,0.26774004300435383,0.03556871321327018,0.1630361239115397,0.37787720759199883,0.7015916666666666,0.7535483333333333
vit_base,8,False,0.43,43,84,0.42857142857142855,42.857142857142854,DIAGONAL_GAUSSIAN,0.7262666666666667,0.0054741818262336265,0.7206666666666667,0.734,0.013333333333333308,0.0054741818262336265,2.9104490915934247,0.03805975349442164,0.28182643254597983,0.03805975349442171,0.157573143641154,0.3583234411766998,0.7005316666666667,0.7533483333333333
vit_base,8,False,0.44,44,86,0.4387755102040816,43.87755102040816,DIAGONAL_GAUSSIAN,0.7252,0.004337177781819796,0.7213333333333333,0.731,0.009666666666666712,0.004337177781819796,2.8950469970703123,0.03665125033233641,0.2972285270690918,0.036651250332336356,0.15496902465820311,0.34147243574654607,0.6963966666666668,0.7503350000000001
vit_base,8,False,0.45,45,88,0.4489795918367347,44.89795918367347,DIAGONAL_GAUSSIAN,0.7232666666666666,0.004849971363031174,0.7183333333333333,0.7286666666666667,0.010333333333333417,0.004849971363031174,2.8780022144317625,0.031808461364723734,0.3142733097076416,0.03180846136472364,0.14866304397583005,0.3191206695725415,0.6975233333333334,0.7494050000000001
vit_base,8,False,0.46,46,90,0.45918367346938777,45.91836734693878,DIAGONAL_GAUSSIAN,0.7230666666666667,0.006321919539717865,0.7163333333333334,0.7306666666666667,0.014333333333333309,0.006321919539717865,2.866313091913859,0.030205815474726908,0.3259624322255453,0.030205815474726977,0.14675528208414715,0.3083860168577905,0.69693,0.7482716666666667
vit_base,8,False,0.47,47,92,0.46938775510204084,46.93877551020408,DIAGONAL_GAUSSIAN,0.7210666666666665,0.00432948547109751,0.7159999999999999,0.7263333333333333,0.010333333333333417,0.00432948547109751,2.854614575703939,0.03260296698972808,0.3376609484354655,0.032602966989728116,0.14543708165486655,0.2996920290399261,0.6939316666666667,0.7472766666666666
vit_base,8,False,0.48,48,94,0.47959183673469385,47.95918367346938,DIAGONAL_GAUSSIAN,0.7211333333333333,0.004337177781819813,0.7156666666666666,0.7253333333333334,0.009666666666666823,0.004337177781819813,2.8401961326599117,0.035018452077434974,0.35207939147949213,0.035018452077434904,0.15035042762756345,0.29799134109197645,0.6941300000000001,0.74854
vit_base,8,False,0.49,49,96,0.4897959183673469,48.97959183673469,DIAGONAL_GAUSSIAN,0.7174,0.004505552130427534,0.7126666666666667,0.7246666666666667,0.01200000000000001,0.004505552130427534,2.8184168338775635,0.03403107032086898,0.3738586902618408,0.034031070320869085,0.1509563446044922,0.28591880032369027,0.692925,0.7448666666666666
vit_base,8,False,0.5,50,98,0.5,50.0,DIAGONAL_GAUSSIAN,0.7179333333333333,0.004536273556321093,0.7143333333333333,0.7256666666666667,0.011333333333333417,0.004536273556321093,2.801046005884806,0.02915810581570793,0.39122951825459795,0.029158105815707866,0.15756937662760415,0.28573431153823947,0.6906666666666667,0.7453366666666668
vit_base,8,False,0.51,51,100,0.5102040816326531,51.02040816326531,DIAGONAL_GAUSSIAN,0.7177333333333333,0.0038398495340891525,0.714,0.7226666666666667,0.008666666666666711,0.0038398495340891525,2.7718711376190184,0.034498898091539165,0.42040438652038575,0.034498898091539186,0.15941882133483884,0.27364803760092343,0.691665,0.7452033333333334
vit_base,8,False,0.52,52,102,0.5204081632653061,52.04081632653062,DIAGONAL_GAUSSIAN,0.7156,0.004505552130427511,0.7113333333333333,0.722,0.010666666666666713,0.004505552130427511,2.752905988693237,0.03448111448660594,0.43936953544616697,0.03448111448660604,0.15778522491455077,0.262658169349643,0.6893950000000001,0.7401366666666668
vit_base,8,False,0.53,53,104,0.5306122448979592,53.06122448979592,DIAGONAL_GAUSSIAN,0.7149333333333334,0.00517150311267859,0.709,0.722,0.013000000000000012,0.00517150311267859,2.7277599811553954,0.042650983045020074,0.46451554298400877,0.042650983045020095,0.15468287467956543,0.24736358904538008,0.689195,0.7416066666666666
vit_base,8,False,0.54,54,106,0.5408163265306123,54.08163265306123,DIAGONAL_GAUSSIAN,0.7132,0.004519095288021946,0.7083333333333334,0.7183333333333333,0.009999999999999898,0.004519095288021946,2.706583325068156,0.038715891682499996,0.48569219907124833,0.03871589168249994,0.15904332796732584,0.2443645881112711,0.6871983333333334,0.7398016666666666
vit_base,8,False,0.55,55,108,0.5510204081632653,55.10204081632652,DIAGONAL_GAUSSIAN,0.7113333333333334,0.004594682917363384,0.7043333333333334,0.717,0.012666666666666604,0.004594682917363384,2.681361675262451,0.029647780710144834,0.5109138488769531,0.029647780710144817,0.15556712150573732,0.23016200689438676,0.6828000000000001,0.7381483333333333
vit_base,8,False,0.56,56,110,0.5612244897959183,56.12244897959183,DIAGONAL_GAUSSIAN,0.7102666666666666,0.005062937223917919,0.7033333333333333,0.7173333333333334,0.014000000000000123,0.005062937223917919,2.660357443491618,0.022795181089556592,0.5319180806477865,0.022795181089556634,0.15247995058695477,0.22039950828243615,0.6839883333333334,0.734735
vit_base,8,False,0.57,57,112,0.5714285714285714,57.14285714285714,DIAGONAL_GAUSSIAN,0.7069333333333333,0.003530816713830744,0.7013333333333334,0.711,0.009666666666666601,0.003530816713830744,2.6415983041127524,0.02645682113868677,0.550677220026652,0.026456821138686755,0.15209573109944663,0.21451381032232933,0.6805983333333333,0.7348016666666667
vit_base,8,False,0.58,58,114,0.5816326530612245,58.16326530612245,DIAGONAL_GAUSSIAN,0.7062000000000002,0.006130977808546466,0.6976666666666667,0.7123333333333334,0.014666666666666717,0.006130977808546466,2.610854895909627,0.0215161681206345,0.581420628229777,0.021516168120634418,0.1561779816945394,0.21047167811516793,0.6798666666666666,0.7308683333333332
vit_base,8,False,0.59,59,116,0.5918367346938775,59.183673469387756,DIAGONAL_GAUSSIAN,0.7029333333333333,0.006525164961729128,0.6923333333333334,0.71,0.01766666666666661,0.006525164961729128,2.585453462600708,0.01649764005908718,0.6068220615386962,0.016497640059087146,0.1512174129486084,0.19834015157677887,0.67739,0.7298783333333334
vit_base,8,False,0.6,60,118,0.6020408163265306,60.204081632653065,DIAGONAL_GAUSSIAN,0.7011999999999999,0.006817461241384352,0.6913333333333332,0.7103333333333333,0.019000000000000017,0.006817461241384352,2.547012535730998,0.017977556037507305,0.6452629884084066,0.017977556037507253,0.1525298277537028,0.19058376181645503,0.674465,0.7291383333333333
vit_base,8,False,0.61,61,120,0.6122448979591837,61.224489795918366,DIAGONAL_GAUSSIAN,0.6985999999999999,0.005438545557203461,0.69,0.7036666666666666,0.013666666666666605,0.005438545557203461,2.5114455540974934,0.018540879301358906,0.6808299700419108,0.018540879301358983,0.14762218793233234,0.17767259350537162,0.6725233333333334,0.72367
vit_base,8,False,0.62,62,122,0.6224489795918368,62.244897959183675,DIAGONAL_GAUSSIAN,0.6950666666666667,0.004951991742947675,0.6880000000000001,0.7006666666666667,0.012666666666666604,0.004951991742947675,2.4828960418701174,0.017530117342346826,0.7093794822692872,0.017530117342346864,0.15315074920654298,0.1766782870669491,0.6675233333333334,0.721005
vit_base,8,False,0.63,63,123,0.6275510204081632,62.755102040816325,DIAGONAL_GAUSSIAN,0.6935333333333333,0.005785998425317599,0.6866666666666666,0.701,0.014333333333333309,0.005785998425317599,2.4618454615275063,0.020266065086854766,0.7304300626118978,0.02026606508685472,0.1510419527689616,0.17081279110094846,0.6667216666666668,0.7203383333333334
vit_base,8,False,0.64,64,125,0.6377551020408163,63.775510204081634,DIAGONAL_GAUSSIAN,0.6927999999999999,0.005294651389216578,0.6863333333333334,0.6993333333333333,0.0129999999999999,0.005294651389216578,2.414648008346558,0.017786174135177996,0.7776275157928467,0.017786174135177912,0.14314174652099612,0.15493202365451098,0.6639983333333334,0.717535
vit_base,8,False,0.65,65,127,0.6479591836734694,64.79591836734694,DIAGONAL_GAUSSIAN,0.6875333333333333,0.005951657098844086,0.6796666666666668,0.6936666666666667,0.013999999999999901,0.005951657098844086,2.362972052892049,0.024289326373886054,0.829303471247355,0.02428932637388607,0.14533227284749348,0.14892148547611914,0.6610599999999999,0.7151350000000001
vit_base,8,False,0.66,66,129,0.6581632653061225,65.81632653061224,DIAGONAL_GAUSSIAN,0.6847333333333333,0.00788599320877772,0.673,0.693,0.019999999999999907,0.00788599320877772,2.3229193687438965,0.020381464314493315,0.8693561553955078,0.020381464314493305,0.14602832794189452,0.14336628427645118,0.6565316666666666,0.7116700000000001
vit_base,8,False,0.67,67,131,0.6683673469387755,66.83673469387756,DIAGONAL_GAUSSIAN,0.6816666666666668,0.007891627067834512,0.6703333333333333,0.6920000000000001,0.021666666666666723,0.007891627067834512,2.2719085375467936,0.03091567653446937,0.9203669865926107,0.030915676534469364,0.14504214922587078,0.135648708373752,0.6560549999999999,0.70941
vit_base,8,False,0.68,68,133,0.6785714285714286,67.85714285714286,DIAGONAL_GAUSSIAN,0.6775333333333334,0.006504699156080203,0.6676666666666667,0.6843333333333333,0.016666666666666607,0.006504699156080203,2.22611935933431,0.036509360007985166,0.9661561648050945,0.03650936000798529,0.13713744481404624,0.12402065593422748,0.6501883333333334,0.7063333333333333
vit_base,8,False,0.69,69,135,0.6887755102040817,68.87755102040816,DIAGONAL_GAUSSIAN,0.6746000000000001,0.009223761585046413,0.6606666666666667,0.6830000000000002,0.022333333333333427,0.009223761585046413,2.186349232991536,0.05355831479927355,1.005926291147868,0.05355831479927352,0.13933118184407553,0.12071278969050654,0.6484666666666667,0.7012066666666668
vit_base,8,False,0.7,70,137,0.6989795918367347,69.89795918367348,DIAGONAL_GAUSSIAN,0.6726666666666667,0.009480975102218616,0.657,0.681,0.02400000000000002,0.009480975102218616,2.145359579722087,0.06048555409347457,1.0469159444173175,0.060485554093474544,0.13660957018534342,0.11423900491143073,0.6473333333333332,0.6992066666666666
vit_base,8,False,0.71,71,139,0.7091836734693877,70.91836734693877,DIAGONAL_GAUSSIAN,0.6686,0.007765307463326837,0.6553333333333334,0.6743333333333333,0.018999999999999906,0.007765307463326837,2.1049944241841634,0.05365912415591528,1.087281099955241,0.0536591241559154,0.14616151650746664,0.11742094848333569,0.6428616666666667,0.6958716666666667
vit_base,8,False,0.72,72,141,0.7193877551020408,71.93877551020408,DIAGONAL_GAUSSIAN,0.6641999999999999,0.00685403368665327,0.6533333333333333,0.6709999999999999,0.01766666666666661,0.00685403368665327,2.05321946144104,0.05485039275995508,1.1390560626983643,0.05485039275995511,0.13999691009521484,0.10793594602928525,0.6385983333333333,0.6904666666666667
vit_base,8,False,0.73,73,143,0.7295918367346939,72.95918367346938,DIAGONAL_GAUSSIAN,0.6612,0.003976318788919069,0.6556666666666667,0.6663333333333333,0.010666666666666602,0.003976318788919069,1.9910401900609336,0.03202151945539101,1.201235334078471,0.03202151945539093,0.13169854482014973,0.09750882015047538,0.6351316666666665,0.6898083333333332
vit_base,8,False,0.74,74,145,0.7397959183673469,73.9795918367347,DIAGONAL_GAUSSIAN,0.6549333333333334,0.0033780336160422093,0.6506666666666666,0.659,0.008333333333333415,0.0033780336160422093,1.9421657482783001,0.036252623256101436,1.2501097758611042,0.03625262325610153,0.13549935022989906,0.09617962240243624,0.6273316666666666,0.6806066666666667
vit_base,8,False,0.75,75,147,0.75,75.0,DIAGONAL_GAUSSIAN,0.6501333333333333,0.005679397464129093,0.6443333333333333,0.6576666666666667,0.01333333333333342,0.005679397464129093,1.878712479273478,0.03013444748450915,1.3135630448659263,0.03013444748450915,0.13989187876383463,0.09467815635700896,0.6235299999999999,0.6752033333333334
vit_base,8,False,0.76,76,149,0.7602040816326531,76.0204081632653,DIAGONAL_GAUSSIAN,0.6438,0.005610506017978879,0.6353333333333334,0.6506666666666666,0.015333333333333199,0.005610506017978879,1.8073055108388263,0.049559179883931125,1.384970013300578,0.049559179883931125,0.1430068333943685,0.09156830345811108,0.6180416666666667,0.6714166666666667
vit_base,8,False,0.77,77,151,0.7704081632653061,77.04081632653062,DIAGONAL_GAUSSIAN,0.6378000000000001,0.007981227975693958,0.6286666666666667,0.649,0.020333333333333314,0.007981227975693958,1.7484486738840737,0.05624012661543934,1.4438268502553304,0.05624012661543933,0.1478385130564372,0.09045658750891042,0.61273,0.6653333333333332
vit_base,8,False,0.78,78,153,0.7806122448979592,78.06122448979592,DIAGONAL_GAUSSIAN,0.6350666666666667,0.008951722366859559,0.6253333333333333,0.6473333333333334,0.02200000000000013,0.008951722366859559,1.6723290125528973,0.08237704479522297,1.519946511586507,0.08237704479522297,0.14876665274302164,0.08652264848686757,0.6085933333333333,0.6611383333333335
vit_base,8,False,0.79,79,155,0.7908163265306123,79.08163265306123,DIAGONAL_GAUSSIAN,0.6248666666666666,0.009810991568417308,0.613,0.6383333333333333,0.02533333333333332,0.009810991568417308,1.6047134478886922,0.07358420830342806,1.587562076250712,0.07358420830342806,0.15145438512166343,0.08457600212557123,0.5980633333333333,0.6522066666666667
vit_base,8,False,0.8,80,157,0.8010204081632653,80.10204081632652,DIAGONAL_GAUSSIAN,0.6187333333333334,0.009022810599315015,0.605,0.6296666666666667,0.024666666666666726,0.009022810599315015,1.5195632855097454,0.08134827050622868,1.672712238629659,0.08134827050622868,0.17359065214792888,0.09179839390242299,0.5923983333333332,0.6465333333333333
vit_base,8,False,0.81,81,159,0.8112244897959183,81.12244897959184,DIAGONAL_GAUSSIAN,0.6091333333333333,0.01107449522300884,0.5906666666666666,0.6206666666666667,0.030000000000000138,0.01107449522300884,1.421981930732727,0.07784933620252255,1.7702935934066772,0.07784933620252255,0.19587290287017822,0.0968114384547464,0.5827333333333333,0.6356783333333333
vit_base,8,False,0.82,82,161,0.8214285714285714,82.14285714285714,DIAGONAL_GAUSSIAN,0.6007333333333332,0.011018671022909765,0.5886666666666667,0.6176666666666667,0.029000000000000026,0.011018671022909765,1.3401248455047607,0.08488651339771304,1.8521506786346436,0.08488651339771304,0.22618569135665895,0.1070006535486546,0.5741266666666666,0.6270066666666667
vit_base,8,False,0.83,83,163,0.8316326530612245,83.16326530612244,DIAGONAL_GAUSSIAN,0.5966666666666666,0.011045361017187253,0.578,0.6066666666666666,0.028666666666666618,0.011045361017187253,1.272563862800598,0.06978010524724237,1.919711661338806,0.06978010524724237,0.24464584589004518,0.11145929771294905,0.5715216666666667,0.6236683333333333
vit_base,8,False,0.84,84,165,0.8418367346938775,84.18367346938776,DIAGONAL_GAUSSIAN,0.5832666666666666,0.015560634091621449,0.558,0.5986666666666666,0.04066666666666652,0.015560634091621449,1.1746546427408853,0.09021831243456044,2.0176208813985186,0.09021831243456042,0.2907936255137126,0.12419727749321137,0.5543883333333334,0.611735
vit_base,8,False,0.85,85,167,0.8520408163265306,85.20408163265306,DIAGONAL_GAUSSIAN,0.5687999999999999,0.012515767832795685,0.549,0.5826666666666666,0.03366666666666651,0.012515767832795685,1.067088747024536,0.08231689833535918,2.1251867771148683,0.0823168983353592,0.32940930128097534,0.1329763309469252,0.5419333333333334,0.5964033333333333
vit_base,8,False,0.86,86,169,0.8622448979591837,86.22448979591837,DIAGONAL_GAUSSIAN,0.5563333333333333,0.011568635759385494,0.5426666666666667,0.5716666666666667,0.028999999999999915,0.011568635759385494,0.9669051448504129,0.07819226662414912,2.225370379288991,0.07819226662414921,0.3805203298727671,0.14524861320317403,0.528195,0.5846666666666667
vit_base,8,False,0.87,87,171,0.8724489795918368,87.24489795918367,DIAGONAL_GAUSSIAN,0.5422666666666667,0.012250623566895623,0.528,0.5583333333333335,0.030333333333333434,0.012250623566895623,0.857762853304545,0.10019916049596711,2.3345126708348594,0.10019916049596715,0.41681480805079135,0.15075910708975154,0.51413,0.570535
vit_base,8,False,0.88,88,172,0.8775510204081632,87.75510204081633,DIAGONAL_GAUSSIAN,0.5324666666666668,0.014280133830683207,0.5163333333333333,0.5516666666666667,0.03533333333333344,0.014280133830683207,0.7944310386975606,0.09829835651847547,2.3978444854418437,0.09829835651847542,0.45984179576238005,0.1603201322099797,0.5038,0.5603366666666666
vit_base,8,False,0.89,89,174,0.8877551020408163,88.77551020408163,DIAGONAL_GAUSSIAN,0.5222,0.010784762913996397,0.5093333333333333,0.5366666666666667,0.02733333333333343,0.010784762913996397,0.7059500018755596,0.08433366242237454,2.4863255222638445,0.08433366242237449,0.5723732492576044,0.1867336368751557,0.495,0.5494816666666666
vit_base,8,False,0.9,90,176,0.8979591836734694,89.79591836734694,DIAGONAL_GAUSSIAN,0.4994666666666667,0.011420254910562299,0.48500000000000004,0.5156666666666667,0.030666666666666675,0.011420254910562299,0.5688953558603923,0.06423149482647378,2.623380168279012,0.06423149482647368,0.658448418478171,0.20011845265852474,0.4734633333333333,0.5255383333333333
vit_base,8,False,0.91,91,178,0.9081632653061225,90.81632653061224,DIAGONAL_GAUSSIAN,0.47413333333333335,0.02376458616419723,0.4366666666666667,0.5013333333333333,0.0646666666666666,0.02376458616419723,0.4238153537114462,0.1176485775860381,2.768460170427958,0.11764857758603808,0.7664385577042898,0.21623929929936078,0.44586333333333333,0.5022666666666666
vit_base,8,False,0.92,92,180,0.9183673469387755,91.83673469387756,DIAGONAL_GAUSSIAN,0.44320000000000004,0.025448859393781196,0.4163333333333333,0.47633333333333333,0.06000000000000005,0.025448859393781196,0.2863285720348358,0.1117112980363743,2.9059469521045687,0.11171129803637425,0.8789052128791809,0.23147616550260816,0.4177983333333333,0.46880666666666665
vit_base,8,False,0.93,93,182,0.9285714285714286,92.85714285714286,DIAGONAL_GAUSSIAN,0.4160666666666666,0.024807480950534068,0.38999999999999996,0.4443333333333333,0.054333333333333345,0.024807480950534068,0.14252744348098834,0.10682629227468227,3.049748080658416,0.10682629227468225,1.0157339397196967,0.24956293380151026,0.3887283333333334,0.441
vit_base,8,False,0.94,94,184,0.9387755102040817,93.87755102040816,DIAGONAL_GAUSSIAN,0.3894666666666666,0.029561235878539767,0.3456666666666666,0.4223333333333333,0.07666666666666666,0.029561235878539767,0.01630537708600362,0.12211899782829666,3.175970147053401,0.12211899782829669,1.1402977724870047,0.2639542323611938,0.36393,0.414735
vit_base,8,False,0.95,95,186,0.9489795918367347,94.89795918367348,DIAGONAL_GAUSSIAN,0.3605333333333333,0.03386459967445521,0.3113333333333333,0.39266666666666666,0.08133333333333337,0.03386459967445521,-0.10585077955232311,0.12022252613611754,3.2981263036917277,0.12022252613611761,1.224791515331405,0.27088827798997045,0.33513333333333334,0.38787000000000005
vit_base,8,False,0.96,96,188,0.9591836734693877,95.91836734693877,DIAGONAL_GAUSSIAN,0.3214,0.027373344698812377,0.291,0.3513333333333333,0.060333333333333294,0.027373344698812377,-0.24910615980625153,0.08937916429865309,3.441381683945656,0.08937916429865304,1.282507476210594,0.27156650887640277,0.2979299999999999,0.3454766666666667
vit_base,8,False,0.97,97,190,0.9693877551020408,96.93877551020408,DIAGONAL_GAUSSIAN,0.28933333333333333,0.023780243901188224,0.26433333333333336,0.328,0.06366666666666665,0.023780243901188224,-0.3475016971429189,0.0824079925775232,3.5397772212823226,0.0824079925775231,1.3010214189688365,0.2687975930188832,0.26552999999999993,0.3126116666666667
vit_base,8,False,0.98,98,192,0.9795918367346939,97.95918367346938,DIAGONAL_GAUSSIAN,0.2524,0.025971565648266613,0.215,0.2803333333333333,0.06533333333333333,0.025971565648266613,-0.4868592083454132,0.08817980586927619,3.6791347324848176,0.08817980586927622,1.2694093883037565,0.256531732891442,0.23165999999999998,0.27660333333333337
vit_base,8,False,0.99,99,194,0.9897959183673469,98.9795918367347,DIAGONAL_GAUSSIAN,0.21400000000000002,0.023603201289467305,0.18100000000000002,0.24166666666666667,0.06066666666666665,0.023603201289467305,-0.6279150605201722,0.06887357891935186,3.8201905846595765,0.0688735789193519,1.0930533051490785,0.22250044820314532,0.19131666666666666,0.23513333333333333
vit_base,8,False,1.0,100,196,1.0,100.0,DIAGONAL_GAUSSIAN,0.14566666666666664,0.0,0.14566666666666664,0.14566666666666664,0.0,0.0,-0.8278502027193705,0.0,4.020125726858775,0.0,0.7914022405942281,0.16448044071396292,0.12566666666666665,0.16634999999999997
vit_base,8,False,0.0,0,0,0.0,0.0,ZERO,0.761,0.0,0.761,0.761,0.0,0.0,3.1922755241394043,0.0,0.0,0.0,0.0,,0.734,0.787
vit_base,8,False,0.01,1,2,0.01020408163265306,1.0204081632653061,ZERO,0.76,0.0010000000000000009,0.759,0.761,0.0020000000000000018,0.0010000000000000009,3.187960624694824,0.0016936803700424727,0.004314899444580078,0.0016936803700424727,0.0,,0.7348,0.78541
vit_base,8,False,0.02,2,4,0.02040816326530612,2.0408163265306123,ZERO,0.7586,0.0018165902124584966,0.756,0.761,0.0050000000000000044,0.0018165902124584966,3.178224277496338,0.0035797038182956605,0.014051246643066406,0.0035797038182956605,0.0,,0.7303999999999999,0.7838099999999999
vit_base,8,False,0.03,3,6,0.030612244897959183,3.061224489795918,ZERO,0.7584,0.0025099800796022287,0.755,0.762,0.007000000000000006,0.0025099800796022287,3.171644592285156,0.005430545064908766,0.020630931854248045,0.005430545064908766,0.0,,0.73158,0.7838099999999999
vit_base,8,False,0.04,4,8,0.04081632653061224,4.081632653061225,ZERO,0.757,0.0020000000000000018,0.755,0.76,0.0050000000000000044,0.0020000000000000018,3.1641674518585203,0.008740179133023683,0.02810807228088379,0.008740179133023683,0.0,,0.7306,0.7838149999999999
vit_base,8,False,0.05,5,10,0.05102040816326531,5.1020408163265305,ZERO,0.756,0.002645751311064593,0.753,0.76,0.007000000000000006,0.002645751311064593,3.154459762573242,0.01205458527253046,0.03781576156616211,0.012054585272530458,0.0,,0.7281949999999999,0.7807999999999999
vit_base,8,False,0.06,6,12,0.061224489795918366,6.122448979591836,ZERO,0.755,0.0022360679774997916,0.752,0.758,0.006000000000000005,0.0022360679774997916,3.1437066078186033,0.010063935428310994,0.04856891632080078,0.010063935428310994,0.0,,0.7275849999999999,0.781015
vit_base,8,False,0.07,7,14,0.07142857142857142,7.142857142857142,ZERO,0.7556,0.005029910535983721,0.75,0.762,0.01200000000000001,0.005029910535983721,3.1335625648498535,0.005099080683740945,0.05871295928955078,0.005099080683740945,0.0,,0.73079,0.7808050000000001
vit_base,8,False,0.08,8,16,0.08163265306122448,8.16326530612245,ZERO,0.7552,0.0031144823004794903,0.751,0.758,0.007000000000000006,0.0031144823004794903,3.1249069690704347,0.0062214893049730826,0.06736855506896973,0.0062214893049730826,0.0,,0.7293949999999999,0.7818149999999999
vit_base,8,False,0.09,9,18,0.09183673469387756,9.183673469387756,ZERO,0.7565999999999999,0.0033615472627943252,0.751,0.759,0.008000000000000007,0.0033615472627943252,3.1189969539642335,0.006461888307754268,0.07327857017517089,0.006461888307754268,0.0,,0.729775,0.78301
vit_base,8,False,0.1,10,20,0.10204081632653061,10.204081632653061,ZERO,0.7572,0.003271085446759228,0.754,0.762,0.008000000000000007,0.003271085446759228,3.1101166248321532,0.006281662335514238,0.08215889930725098,0.006281662335514237,0.0,,0.730995,0.783615
vit_base,8,False,0.11,11,22,0.11224489795918367,11.224489795918368,ZERO,0.7564,0.004037325847637273,0.752,0.761,0.009000000000000008,0.004037325847637273,3.0999921321868897,0.007070333780730611,0.09228339195251464,0.00707033378073061,0.0,,0.73178,0.7814000000000001
vit_base,8,False,0.12,12,24,0.12244897959183673,12.244897959183673,ZERO,0.7578,0.005630275304103704,0.752,0.766,0.014000000000000012,0.005630275304103704,3.0894377708435057,0.010622336593545036,0.10283775329589843,0.010622336593545036,0.0,0.0,0.73399,0.783205
vit_base,8,False,0.13,13,25,0.12755102040816327,12.755102040816327,ZERO,0.7574,0.004505552130427528,0.753,0.764,0.01100000000000001,0.004505552130427528,3.086556625366211,0.010608457039257484,0.10571889877319336,0.010608457039257484,0.0,0.0,0.732595,0.782405
vit_base,8,False,0.14,14,27,0.1377551020408163,13.77551020408163,ZERO,0.7566,0.0049295030175465,0.751,0.763,0.01200000000000001,0.0049295030175465,3.075486993789673,0.013067689801239868,0.11678853034973144,0.013067689801239868,0.0,0.0,0.730795,0.7816000000000001
vit_base,8,False,0.15,15,29,0.14795918367346939,14.795918367346939,ZERO,0.7556,0.004393176527297763,0.751,0.762,0.01100000000000001,0.004393176527297763,3.0662797927856444,0.012022909221670423,0.12599573135375977,0.012022909221670423,0.0,0.0,0.7304,0.7824050000000001
vit_base,8,False,0.16,16,31,0.15816326530612246,15.816326530612246,ZERO,0.7548,0.0048166378315169225,0.751,0.761,0.010000000000000009,0.0048166378315169225,3.0546524047851564,0.008311984318345816,0.13762311935424804,0.008311984318345816,0.0,0.0,0.7282000000000001,0.78183
vit_base,8,False,0.17,17,33,0.1683673469387755,16.83673469387755,ZERO,0.755,0.004847679857416334,0.75,0.761,0.01100000000000001,0.004847679857416334,3.0456121444702147,0.006771681140860228,0.14666337966918946,0.006771681140860228,0.0,0.0,0.7263900000000001,0.7802
vit_base,8,False,0.18,18,35,0.17857142857142858,17.857142857142858,ZERO,0.7552,0.003701351104664353,0.75,0.76,0.010000000000000009,0.003701351104664353,3.0365647315979003,0.011943761867895523,0.1557107925415039,0.011943761867895523,0.0,0.0,0.729175,0.779415
vit_base,8,False,0.19,19,37,0.18877551020408162,18.877551020408163,ZERO,0.7535999999999999,0.0033615472627943252,0.75,0.758,0.008000000000000007,0.0033615472627943252,3.0234490871429442,0.015653132544029516,0.16882643699645997,0.015653132544029516,0.0,0.0,0.7265900000000001,0.7784050000000001
vit_base,8,False,0.2,20,39,0.1989795918367347,19.897959183673468,ZERO,0.7516,0.001341640786499875,0.751,0.754,0.0030000000000000027,0.001341640786499875,3.0064239501953125,0.012546033974257013,0.1858515739440918,0.012546033974257013,0.0,0.0,0.724995,0.7760050000000001
vit_base,8,False,0.21,21,41,0.20918367346938777,20.918367346938776,ZERO,0.7512000000000001,0.002280350850198278,0.749,0.754,0.0050000000000000044,0.002280350850198278,2.9999195098876954,0.016052606597942314,0.19235601425170898,0.016052606597942314,0.0,0.0,0.72419,0.7764
vit_base,8,False,0.22,22,43,0.2193877551020408,21.93877551020408,ZERO,0.7497999999999999,0.003271085446759228,0.747,0.755,0.008000000000000007,0.003271085446759228,2.9910347938537596,0.013541965902121719,0.20124073028564454,0.013541965902121719,0.0,0.0,0.724995,0.77621
vit_base,8,False,0.23,23,45,0.22959183673469388,22.95918367346939,ZERO,0.7496,0.002073644135332774,0.748,0.753,0.0050000000000000044,0.002073644135332774,2.983777570724487,0.01554277540795555,0.208497953414917,0.01554277540795555,0.0,0.0,0.72339,0.7764000000000001
vit_base,8,False,0.24,24,47,0.23979591836734693,23.97959183673469,ZERO,0.7484,0.0008944271909999167,0.747,0.749,0.0020000000000000018,0.0008944271909999167,2.9726019859313966,0.022289581898617274,0.2196735382080078,0.022289581898617274,0.0,0.0,0.7234,0.77261
vit_base,8,False,0.25,25,49,0.25,25.0,ZERO,0.7485999999999999,0.001140175425099139,0.747,0.75,0.0030000000000000027,0.001140175425099139,2.9594014644622804,0.026479627742693374,0.23287405967712402,0.026479627742693374,0.0,0.0,0.7235949999999999,0.7748099999999999
vit_base,8,False,0.26,26,51,0.2602040816326531,26.02040816326531,ZERO,0.7462000000000001,0.001095445115010333,0.745,0.747,0.0020000000000000018,0.001095445115010333,2.9512956142425537,0.021635960253981356,0.24097990989685059,0.021635960253981356,0.0,0.0,0.720195,0.772
vit_base,8,False,0.27,27,53,0.27040816326530615,27.040816326530614,ZERO,0.7472,0.0023874672772626663,0.745,0.751,0.006000000000000005,0.0023874672772626663,2.944596529006958,0.023090281946895948,0.2476789951324463,0.023090281946895948,0.0,0.0,0.72,0.7724000000000001
vit_base,8,False,0.28,28,55,0.28061224489795916,28.061224489795915,ZERO,0.7445999999999999,0.0033615472627943252,0.741,0.748,0.007000000000000006,0.0033615472627943252,2.9339499473571777,0.030758229549811236,0.25832557678222656,0.030758229549811236,0.0,0.0,0.719985,0.7716000000000001
vit_base,8,False,0.29,29,57,0.29081632653061223,29.081632653061224,ZERO,0.7445999999999999,0.005458937625582477,0.74,0.751,0.01100000000000001,0.005458937625582477,2.9211230278015137,0.03218693201571904,0.2711524963378906,0.03218693201571904,0.0,0.0,0.719795,0.7686000000000001
vit_base,8,False,0.3,30,59,0.3010204081632653,30.102040816326532,ZERO,0.7442,0.005069516742254635,0.739,0.75,0.01100000000000001,0.005069516742254635,2.910421085357666,0.034621521803295696,0.28185443878173827,0.034621521803295696,0.0,0.0,0.7193900000000001,0.76961
vit_base,8,False,0.31,31,61,0.3112244897959184,31.122448979591837,ZERO,0.7434,0.004979959839195498,0.739,0.751,0.01200000000000001,0.004979959839195498,2.8985167503356934,0.03498447642407737,0.29375877380371096,0.03498447642407737,0.0,0.0,0.7165949999999999,0.769205
vit_base,8,False,0.32,32,63,0.32142857142857145,32.142857142857146,ZERO,0.7426,0.005029910535983721,0.737,0.749,0.01200000000000001,0.005029910535983721,2.8883654117584228,0.034201082598445155,0.3039101123809814,0.034201082598445155,0.0,0.0,0.7182,0.7682
vit_base,8,False,0.33,33,65,0.33163265306122447,33.16326530612245,ZERO,0.7417999999999999,0.006140032573203506,0.734,0.749,0.015000000000000013,0.006140032573203506,2.87935471534729,0.03351878439999814,0.31292080879211426,0.03351878439999814,0.0,0.0,0.71578,0.76701
vit_base,8,False,0.34,34,67,0.34183673469387754,34.183673469387756,ZERO,0.741,0.002645751311064593,0.737,0.744,0.007000000000000006,0.002645751311064593,2.8669007301330565,0.033453457318150547,0.32537479400634767,0.03345345731815054,0.0,0.0,0.7129949999999999,0.7666099999999999
vit_base,8,False,0.35,35,69,0.3520408163265306,35.204081632653065,ZERO,0.7404,0.0023021728866442696,0.737,0.743,0.006000000000000005,0.0023021728866442696,2.8518535614013674,0.03055326798825114,0.3404219627380371,0.03055326798825114,0.0,0.0,0.7133900000000002,0.764405
vit_base,8,False,0.36,36,71,0.3622448979591837,36.224489795918366,ZERO,0.7394000000000001,0.0028809720581775894,0.737,0.744,0.007000000000000006,0.0028809720581775894,2.840326929092407,0.036505479945673006,0.35194859504699705,0.036505479945673,0.0,0.0,0.71359,0.7642
vit_base,8,False,0.37,37,73,0.37244897959183676,37.244897959183675,ZERO,0.7388000000000001,0.0022803508501982777,0.736,0.742,0.006000000000000005,0.0022803508501982777,2.8299155235290527,0.0340067012456954,0.36236000061035156,0.0340067012456954,0.0,0.0,0.7133900000000002,0.764205
vit_base,8,False,0.38,38,74,0.37755102040816324,37.755102040816325,ZERO,0.7364,0.0035071355833500395,0.733,0.742,0.009000000000000008,0.0035071355833500395,2.8190306186676026,0.03646804544160581,0.3732449054718018,0.03646804544160581,0.0,0.0,0.7096,0.7627999999999999
vit_base,8,False,0.39,39,76,0.3877551020408163,38.775510204081634,ZERO,0.7366,0.005176871642217918,0.732,0.744,0.01200000000000001,0.005176871642217918,2.802742433547974,0.04343665137282172,0.38953309059143065,0.04343665137282172,0.0,0.0,0.7094,0.76282
vit_base,8,False,0.4,40,78,0.3979591836734694,39.795918367346935,ZERO,0.7362,0.005761944116355179,0.73,0.744,0.014000000000000012,0.005761944116355179,2.7934139251708983,0.04918488076678541,0.39886159896850587,0.04918488076678541,0.0,0.0,0.71,0.7622000000000001
vit_base,8,False,0.41,41,80,0.40816326530612246,40.816326530612244,ZERO,0.7336,0.004393176527297763,0.729,0.74,0.01100000000000001,0.004393176527297763,2.7791745185852053,0.05304459596805652,0.4131010055541992,0.053044595968056524,0.0,0.0,0.707195,0.7578099999999999
vit_base,8,False,0.42,42,82,0.41836734693877553,41.83673469387755,ZERO,0.733,0.004062019202317984,0.73,0.74,0.010000000000000009,0.004062019202317984,2.761499357223511,0.04959442712153132,0.43077616691589354,0.04959442712153132,0.0,0.0,0.7066,0.757005
vit_base,8,False,0.43,43,84,0.42857142857142855,42.857142857142854,ZERO,0.7313999999999998,0.0035777087639996667,0.728,0.736,0.008000000000000007,0.0035777087639996667,2.7528759479522704,0.05187272594513866,0.43939957618713377,0.05187272594513866,0.0,0.0,0.707585,0.757005
vit_base,8,False,0.44,44,86,0.4387755102040816,43.87755102040816,ZERO,0.7302,0.003563705936241095,0.726,0.734,0.008000000000000007,0.003563705936241095,2.7400779724121094,0.0541826907996764,0.4521975517272949,0.0541826907996764,0.0,0.0,0.703595,0.758
vit_base,8,False,0.45,45,88,0.4489795918367347,44.89795918367347,ZERO,0.7298,0.004764451699828642,0.725,0.735,0.010000000000000009,0.004764451699828642,2.7293391704559324,0.053674747490026695,0.4629363536834717,0.053674747490026695,0.0,0.0,0.7022,0.754805
vit_base,8,False,0.46,46,90,0.45918367346938777,45.91836734693878,ZERO,0.7283999999999999,0.0054129474410897485,0.722,0.737,0.015000000000000013,0.0054129474410897485,2.7195578098297117,0.05072768137588052,0.4727177143096924,0.05072768137588052,0.0,0.0,0.6991949999999999,0.755005
vit_base,8,False,0.47,47,92,0.46938775510204084,46.93877551020408,ZERO,0.7274,0.005458937625582477,0.721,0.736,0.015000000000000013,0.005458937625582477,2.7091774940490723,0.049324769011885754,0.48309803009033203,0.049324769011885754,0.0,0.0,0.702395,0.753
vit_base,8,False,0.48,48,94,0.47959183673469385,47.95918367346938,ZERO,0.726,0.004183300132670382,0.722,0.733,0.01100000000000001,0.004183300132670382,2.6898457050323485,0.050137840500917824,0.5024298191070556,0.050137840500917824,0.0,0.0,0.701395,0.7496
vit_base,8,False,0.49,49,96,0.4897959183673469,48.97959183673469,ZERO,0.7268,0.004024922359499625,0.722,0.733,0.01100000000000001,0.004024922359499625,2.667460489273071,0.0559619876845847,0.524815034866333,0.0559619876845847,0.0,0.0,0.7024000000000001,0.7532000000000001
vit_base,8,False,0.5,50,98,0.5,50.0,ZERO,0.7266,0.004722287581247042,0.722,0.733,0.01100000000000001,0.004722287581247042,2.643476629257202,0.0504381385547557,0.5487988948822021,0.0504381385547557,0.0,0.0,0.7002,0.7526
vit_base,8,False,0.51,51,100,0.5102040816326531,51.02040816326531,ZERO,0.7238,0.005718391382198324,0.718,0.731,0.013000000000000012,0.005718391382198324,2.6124523162841795,0.0570449111083168,0.5798232078552246,0.0570449111083168,0.0,0.0,0.69679,0.7498049999999999
vit_base,8,False,0.52,52,102,0.5204081632653061,52.04081632653062,ZERO,0.7205999999999999,0.008142481194328921,0.711,0.731,0.020000000000000018,0.008142481194328921,2.5951207637786866,0.057620170628191344,0.5971547603607178,0.057620170628191344,0.0,0.0,0.6943850000000001,0.747005
vit_base,8,False,0.53,53,104,0.5306122448979592,53.06122448979592,ZERO,0.7202,0.006833739825307961,0.713,0.727,0.014000000000000012,0.006833739825307961,2.57307710647583,0.07382923325978638,0.6191984176635742,0.07382923325978638,0.0,0.0,0.6949949999999999,0.7458149999999999
vit_base,8,False,0.54,54,106,0.5408163265306123,54.08163265306123,ZERO,0.7198,0.0061400325732035065,0.711,0.726,0.015000000000000013,0.0061400325732035065,2.54753999710083,0.06995466144868573,0.6447355270385742,0.06995466144868573,0.0,0.0,0.693985,0.742405
vit_base,8,False,0.55,55,108,0.5510204081632653,55.10204081632652,ZERO,0.718,0.006244997998398403,0.711,0.727,0.016000000000000014,0.006244997998398403,2.5257945537567137,0.06891888589160523,0.6664809703826904,0.06891888589160523,0.0,0.0,0.6927749999999999,0.7436050000000001
vit_base,8,False,0.56,56,110,0.5612244897959183,56.12244897959183,ZERO,0.7202,0.00544977063737549,0.715,0.728,0.013000000000000012,0.00544977063737549,2.507877492904663,0.05780649465053889,0.6843980312347412,0.05780649465053889,0.0,0.0,0.6947800000000001,0.7464050000000001
vit_base,8,False,0.57,57,112,0.5714285714285714,57.14285714285714,ZERO,0.7183999999999999,0.005727128425310546,0.71,0.726,0.016000000000000014,0.005727128425310546,2.4895025730133056,0.05643722550364622,0.7027729511260986,0.05643722550364622,0.0,0.0,0.69399,0.7455999999999999
vit_base,8,False,0.58,58,114,0.5816326530612245,58.16326530612245,ZERO,0.7143999999999999,0.004827007354458872,0.709,0.722,0.013000000000000012,0.004827007354458872,2.4546769142150877,0.0464440361950643,0.7375986099243164,0.0464440361950643,0.0,0.0,0.6893950000000001,0.7386149999999999
vit_base,8,False,0.59,59,116,0.5918367346938775,59.183673469387756,ZERO,0.712,0.004636809247747856,0.709,0.72,0.01100000000000001,0.004636809247747856,2.4342360496520996,0.03957063684024259,0.7580394744873047,0.03957063684024259,0.0,0.0,0.6858000000000001,0.737
vit_base,8,False,0.6,60,118,0.6020408163265306,60.204081632653065,ZERO,0.7095999999999999,0.0032093613071762454,0.706,0.714,0.008000000000000007,0.0032093613071762454,2.394482707977295,0.026582528862,0.7977928161621094,0.026582528861999997,0.0,0.0,0.68279,0.7372050000000001
vit_base,8,False,0.61,61,120,0.6122448979591837,61.224489795918366,ZERO,0.7075999999999999,0.005224940191045257,0.7,0.713,0.013000000000000012,0.005224940191045257,2.3638233661651613,0.02583651335660932,0.8284521579742432,0.02583651335660932,0.0,0.0,0.680995,0.73421
vit_base,8,False,0.62,62,122,0.6224489795918368,62.244897959183675,ZERO,0.7045999999999999,0.003049590136395384,0.703,0.71,0.007000000000000006,0.003049590136395384,2.329745292663574,0.027821403289246597,0.8625302314758301,0.027821403289246597,0.0,0.0,0.6804,0.73021
vit_base,8,False,0.63,63,123,0.6275510204081632,62.755102040816325,ZERO,0.7055999999999999,0.0032093613071762454,0.701,0.709,0.008000000000000007,0.0032093613071762454,2.310803508758545,0.021883204569794028,0.8814720153808594,0.021883204569794028,0.0,0.0,0.681,0.7316
vit_base,8,False,0.64,64,125,0.6377551020408163,63.775510204081634,ZERO,0.7045999999999999,0.002073644135332774,0.703,0.708,0.0050000000000000044,0.002073644135332774,2.2715062618255617,0.021214399285077245,0.9207692623138428,0.021214399285077245,0.0,0.0,0.6794000000000001,0.7298200000000001
vit_base,8,False,0.65,65,127,0.6479591836734694,64.79591836734694,ZERO,0.6973999999999998,0.0031304951684997086,0.694,0.702,0.008000000000000007,0.0031304951684997086,2.2176397800445558,0.022582650876275156,0.9746357440948487,0.022582650876275156,0.0,0.0,0.6703900000000002,0.7236149999999999
vit_base,8,False,0.66,66,129,0.6581632653061225,65.81632653061224,ZERO,0.6958,0.007949842765740687,0.685,0.705,0.019999999999999907,0.007949842765740687,2.176891040802002,0.0308922209469142,1.0153844833374024,0.0308922209469142,0.0,0.0,0.670185,0.7208050000000001
vit_base,8,False,0.67,67,131,0.6683673469387755,66.83673469387756,ZERO,0.692,0.00836660026534072,0.679,0.701,0.02199999999999991,0.00836660026534072,2.1268663883209227,0.04370207421300561,1.0654091358184814,0.04370207421300561,0.0,0.0,0.6644000000000001,0.7178
vit_base,8,False,0.68,68,133,0.6785714285714286,67.85714285714286,ZERO,0.6898,0.010109401564880051,0.673,0.698,0.02499999999999991,0.010109401564880051,2.0889819145202635,0.04469073816390071,1.1032936096191406,0.04469073816390072,0.0,0.0,0.6637949999999999,0.715
vit_base,8,False,0.69,69,135,0.6887755102040817,68.87755102040816,ZERO,0.6862,0.015849290204927115,0.666,0.702,0.03599999999999992,0.015849290204927115,2.047018051147461,0.07747068114448305,1.1452574729919434,0.07747068114448305,0.0,0.0,0.661995,0.7112050000000001
vit_base,8,False,0.7,70,137,0.6989795918367347,69.89795918367348,ZERO,0.6828000000000001,0.01402497771834233,0.668,0.697,0.028999999999999915,0.01402497771834233,2.008750009536743,0.0879040207811537,1.183525514602661,0.0879040207811537,0.0,0.0,0.65639,0.7092
vit_base,8,False,0.71,71,139,0.7091836734693877,70.91836734693877,ZERO,0.6792,0.012988456413292509,0.665,0.697,0.03199999999999992,0.012988456413292509,1.9588329076766968,0.083310658728907,1.2334426164627075,0.083310658728907,0.0,0.0,0.6525949999999999,0.7064
vit_base,8,False,0.72,72,141,0.7193877551020408,71.93877551020408,ZERO,0.6744,0.012054044964243307,0.66,0.689,0.028999999999999915,0.012054044964243307,1.9132225513458252,0.09111633231321654,1.279052972793579,0.09111633231321654,0.0,0.0,0.648595,0.7006
vit_base,8,False,0.73,73,143,0.7295918367346939,72.95918367346938,ZERO,0.6688,0.013274034804836105,0.653,0.687,0.03400000000000003,0.013274034804836105,1.8593416452407836,0.0706809065488139,1.3329338788986207,0.0706809065488139,0.0,0.0,0.641995,0.693815
vit_base,8,False,0.74,74,145,0.7397959183673469,73.9795918367347,ZERO,0.663,0.012549900398011144,0.65,0.681,0.031000000000000028,0.012549900398011144,1.8066663980484008,0.08476013532696104,1.3856091260910035,0.08476013532696104,0.0,0.0,0.6358,0.687015
vit_base,8,False,0.75,75,147,0.75,75.0,ZERO,0.6582000000000001,0.009679876032264058,0.649,0.674,0.025000000000000022,0.009679876032264058,1.7388206005096436,0.08133514132727807,1.4534549236297607,0.08133514132727807,0.0,0.0,0.633385,0.684025
vit_base,8,False,0.76,76,149,0.7602040816326531,76.0204081632653,ZERO,0.6532,0.009679876032264058,0.644,0.669,0.025000000000000022,0.009679876032264058,1.664298677444458,0.10284641120991452,1.5279768466949464,0.10284641120991452,0.0,0.0,0.627995,0.6798
vit_base,8,False,0.77,77,151,0.7704081632653061,77.04081632653062,ZERO,0.6444,0.01425833089811007,0.633,0.666,0.03300000000000003,0.01425833089811007,1.6006101608276366,0.11927750153876591,1.5916653633117677,0.11927750153876591,0.0,0.0,0.61779,0.668
vit_base,8,False,0.78,78,153,0.7806122448979592,78.06122448979592,ZERO,0.6388,0.02048658097389608,0.618,0.669,0.051000000000000045,0.02048658097389608,1.5235623598098755,0.14458685474602403,1.6687131643295288,0.14458685474602403,0.0,0.0,0.612,0.6675999999999999
vit_base,8,False,0.79,79,155,0.7908163265306123,79.08163265306123,ZERO,0.6317999999999999,0.01870026737776764,0.615,0.66,0.04500000000000004,0.01870026737776764,1.4532590627670288,0.14211782820997873,1.7390164613723755,0.14211782820997873,0.0,0.0,0.6065949999999999,0.6589999999999999
vit_base,8,False,0.8,80,157,0.8010204081632653,80.10204081632652,ZERO,0.619,0.02091650066335191,0.6,0.653,0.05300000000000005,0.02091650066335191,1.3459726333618165,0.15087587896498203,1.8463028907775878,0.15087587896498203,0.0,0.0,0.5938000000000001,0.6456
vit_base,8,False,0.81,81,159,0.8112244897959183,81.12244897959184,ZERO,0.6022000000000001,0.023520204080747283,0.581,0.64,0.05900000000000005,0.023520204080747283,1.2261090278625488,0.1684438906451646,1.9661664962768555,0.1684438906451646,0.0,0.0,0.5759949999999999,0.62581
vit_base,8,False,0.82,82,161,0.8214285714285714,82.14285714285714,ZERO,0.5892,0.020680909070928212,0.566,0.62,0.05400000000000005,0.020680909070928212,1.1139391541481019,0.15733706262876843,2.0783363699913027,0.15733706262876843,0.0,0.0,0.56359,0.6130099999999999
vit_base,8,False,0.83,83,163,0.8316326530612245,83.16326530612244,ZERO,0.5768,0.02138223561744652,0.554,0.608,0.05399999999999994,0.02138223561744652,1.027918016910553,0.1419165029340769,2.1643575072288512,0.1419165029340769,0.0,0.0,0.551,0.6024050000000001
vit_base,8,False,0.84,84,165,0.8418367346938775,84.18367346938776,ZERO,0.5586,0.023405127643317793,0.529,0.592,0.06299999999999994,0.023405127643317793,0.8838610172271728,0.17431635135990928,2.3084145069122313,0.17431635135990928,0.0,0.0,0.5354000000000001,0.5846000000000001
vit_base,8,False,0.85,85,167,0.8520408163265306,85.20408163265306,ZERO,0.5398000000000001,0.02171865557533429,0.51,0.569,0.05899999999999994,0.02171865557533429,0.7376794457435608,0.15804411514445552,2.4545960783958436,0.15804411514445552,0.0,0.0,0.5163949999999999,0.5632050000000001
vit_base,8,False,0.86,86,169,0.8622448979591837,86.22448979591837,ZERO,0.5228,0.025163465580082586,0.498,0.562,0.06400000000000006,0.025163465580082586,0.5863848149776458,0.13661937349519407,2.6058907091617582,0.13661937349519407,0.0,0.0,0.496195,0.548
vit_base,8,False,0.87,87,171,0.8724489795918368,87.24489795918367,ZERO,0.502,0.026400757564888196,0.478,0.545,0.06700000000000006,0.026400757564888196,0.44094804525375364,0.15695228650175772,2.7513274788856505,0.15695228650175774,0.0,0.0,0.47619000000000006,0.528205
vit_base,8,False,0.88,88,172,0.8775510204081632,87.75510204081633,ZERO,0.48919999999999997,0.022106560112328668,0.471,0.527,0.05600000000000005,0.022106560112328668,0.33458924293518066,0.15100411752545065,2.8576862812042236,0.15100411752545065,0.0,0.0,0.46519000000000005,0.513405
vit_base,8,False,0.89,89,174,0.8877551020408163,88.77551020408163,ZERO,0.4524,0.015899685531481425,0.435,0.477,0.04199999999999998,0.015899685531481425,0.1335767526179552,0.1214473386647781,3.058698771521449,0.1214473386647781,0.0,0.0,0.42799,0.47740499999999997
vit_base,8,False,0.9,90,176,0.8979591836734694,89.79591836734694,ZERO,0.4194,0.017910890541790493,0.403,0.45,0.046999999999999986,0.017910890541790493,-0.08955306261777878,0.1172330078357098,3.2818285867571833,0.1172330078357098,0.0,0.0,0.396395,0.44440499999999994
vit_base,8,False,0.91,91,178,0.9081632653061225,90.81632653061224,ZERO,0.3768,0.03026053535547579,0.348,0.422,0.07400000000000001,0.03026053535547579,-0.34262320399284363,0.18056737211027912,3.534898728132248,0.18056737211027912,0.0,0.0,0.3544,0.3994
vit_base,8,False,0.92,92,180,0.9183673469387755,91.83673469387756,ZERO,0.328,0.03299242337264725,0.297,0.379,0.08200000000000002,0.03299242337264725,-0.5925766408443451,0.19683246973862806,3.784852164983749,0.19683246973862806,0.0,0.0,0.3063950000000001,0.35120500000000004
vit_base,8,False,0.93,93,182,0.9285714285714286,92.85714285714286,ZERO,0.2864,0.024480604567698072,0.26,0.317,0.056999999999999995,0.024480604567698072,-0.8732064962387085,0.14573874461767494,4.065482020378113,0.14573874461767494,0.0,0.0,0.26520000000000005,0.306
vit_base,8,False,0.94,94,184,0.9387755102040817,93.87755102040816,ZERO,0.2284,0.021755459085020475,0.192,0.25,0.057999999999999996,0.021755459085020475,-1.123992395401001,0.16654125076630127,4.3162679195404055,0.1665412507663013,0.0,0.0,0.2112,0.24841000000000002
vit_base,8,False,0.95,95,186,0.9489795918367347,94.89795918367348,ZERO,0.18119999999999997,0.02656501458685841,0.153,0.211,0.057999999999999996,0.02656501458685841,-1.330642294883728,0.13904894953730243,4.5229178190231325,0.1390489495373024,0.0,0.0,0.16518999999999998,0.19860000000000003
vit_base,8,False,0.96,96,188,0.9591836734693877,95.91836734693877,ZERO,0.134,0.026823497162003315,0.1,0.165,0.065,0.026823497162003315,-1.5316136360168457,0.08824586153662436,4.72388916015625,0.08824586153662436,0.0,0.0,0.119395,0.147815
vit_base,8,False,0.97,97,190,0.9693877551020408,96.93877551020408,ZERO,0.09480000000000001,0.024973986465920896,0.066,0.132,0.066,0.024973986465920896,-1.6485231161117553,0.07949047983628373,4.84079864025116,0.07949047983628373,0.0,0.0,0.083,0.1062
vit_base,8,False,0.98,98,192,0.9795918367346939,97.95918367346938,ZERO,0.05179999999999999,0.017455658108475887,0.034,0.077,0.043,0.017455658108475887,-1.75626859664917,0.06973004146454423,4.948544120788574,0.06973004146454424,0.0,0.0,0.04340000000000001,0.0604
vit_base,8,False,0.99,99,194,0.9897959183673469,98.9795918367347,ZERO,0.020999999999999998,0.0033911649915626344,0.017,0.025,0.008,0.0033911649915626344,-1.7209683656692505,0.0585490608500143,4.913243889808655,0.0585490608500143,0.0,0.0,0.014995,0.027200000000000002
vit_base,8,False,1.0,100,196,1.0,100.0,ZERO,0.008,0.0,0.008,0.008,0.0,0.0,-1.6192524433135986,0.0,4.811527967453003,0.0,0.0,0.0,0.003,0.014
