arch,depth,mode_index,singular_value,normalized_singular_value
deit_small,2,0,7.941283226013184,1.0
deit_small,2,1,6.6561784744262695,0.8381741642951965
deit_small,2,2,6.242182731628418,0.7860420346260071
deit_small,2,3,5.012144088745117,0.6311503648757935
deit_small,2,4,4.2794342041015625,0.5388844609260559
deit_small,2,5,4.045625686645508,0.5094422698020935
deit_small,2,6,3.839181423187256,0.4834459722042084
deit_small,2,7,3.6293885707855225,0.45702797174453735
deit_small,2,8,3.4351370334625244,0.43256697058677673
deit_small,2,9,3.1132760047912598,0.39203688502311707
deit_small,2,10,2.9384117126464844,0.37001723051071167
deit_small,2,11,2.751371145248413,0.3464643061161041
deit_small,2,12,2.6185595989227295,0.32974010705947876
deit_small,2,13,2.3585238456726074,0.2969953119754791
deit_small,2,14,2.225599765777588,0.2802569270133972
deit_small,2,15,2.1913862228393555,0.2759486138820648
deit_small,2,16,2.139118194580078,0.2693668007850647
deit_small,2,17,2.088765859603882,0.26302623748779297
deit_small,2,18,1.9772295951843262,0.24898111820220947
deit_small,2,19,1.9621574878692627,0.2470831722021103
deit_small,2,20,1.838613510131836,0.2315259873867035
deit_small,2,21,1.8154923915863037,0.22861447930335999
deit_small,2,22,1.7803481817245483,0.22418896853923798
deit_small,2,23,1.7230876684188843,0.21697849035263062
deit_small,2,24,1.6985317468643188,0.2138863056898117
deit_small,2,25,1.6518720388412476,0.2080107182264328
deit_small,2,26,1.6085113286972046,0.20255054533481598
deit_small,2,27,1.5689901113510132,0.19757387042045593
deit_small,2,28,1.5477510690689087,0.19489936530590057
deit_small,2,29,1.5128216743469238,0.1905009001493454
deit_small,2,30,1.4682835340499878,0.184892475605011
deit_small,2,31,1.4160224199295044,0.1783115267753601
deit_small,2,32,1.4028624296188354,0.1766543686389923
deit_small,2,33,1.3898613452911377,0.17501722276210785
deit_small,2,34,1.3650908470153809,0.1718980073928833
deit_small,2,35,1.3549723625183105,0.17062385380268097
deit_small,2,36,1.3179574012756348,0.16596277058124542
deit_small,2,37,1.3087557554244995,0.16480405628681183
deit_small,2,38,1.266772747039795,0.15951737761497498
deit_small,2,39,1.2509592771530151,0.15752607583999634
deit_small,2,40,1.2278980016708374,0.15462210774421692
deit_small,2,41,1.2046947479248047,0.15170025825500488
deit_small,2,42,1.1872023344039917,0.14949753880500793
deit_small,2,43,1.175724983215332,0.14805226027965546
deit_small,2,44,1.1690012216567993,0.14720557630062103
deit_small,2,45,1.1520195007324219,0.14506717026233673
deit_small,2,46,1.1247905492782593,0.14163838326931
deit_small,2,47,1.119919776916504,0.14102503657341003
deit_small,2,48,1.1026650667190552,0.13885225355625153
deit_small,2,49,1.0938814878463745,0.1377461850643158
deit_small,2,50,1.085837960243225,0.1367333084344864
deit_small,2,51,1.0778958797454834,0.1357332020998001
deit_small,2,52,1.0484774112701416,0.1320287138223648
deit_small,2,53,1.0436291694641113,0.13141819834709167
deit_small,2,54,1.0211068391799927,0.12858209013938904
deit_small,2,55,1.0088720321655273,0.12704142928123474
deit_small,2,56,1.002823829650879,0.126279816031456
deit_small,2,57,0.9884210824966431,0.12446616590023041
deit_small,2,58,0.9821963310241699,0.12368231266736984
deit_small,2,59,0.975391149520874,0.12282537668943405
deit_small,2,60,0.9668285250663757,0.12174713611602783
deit_small,2,61,0.9550179839134216,0.12025990337133408
deit_small,2,62,0.9364635944366455,0.11792345345020294
deit_small,2,63,0.9297595620155334,0.11707925796508789
deit_small,2,64,0.924786388874054,0.11645301431417465
deit_small,2,65,0.9218250513076782,0.11608011275529861
deit_small,2,66,0.9077475070953369,0.11430740356445312
deit_small,2,67,0.8985069990158081,0.11314380168914795
deit_small,2,68,0.8890427947044373,0.1119520291686058
deit_small,2,69,0.8823719024658203,0.11111199855804443
deit_small,2,70,0.86751788854599,0.10924152284860611
deit_small,2,71,0.855282187461853,0.10770075023174286
deit_small,2,72,0.8455163836479187,0.1064710021018982
deit_small,2,73,0.8433371186256409,0.1061965748667717
deit_small,2,74,0.835123598575592,0.10516229271888733
deit_small,2,75,0.8251282572746277,0.1039036437869072
deit_small,2,76,0.8173128366470337,0.10291948914527893
deit_small,2,77,0.8104082345962524,0.10205003619194031
deit_small,2,78,0.8044257164001465,0.10129668563604355
deit_small,2,79,0.7877944707870483,0.09920240938663483
deit_small,2,80,0.7845712304115295,0.09879652410745621
deit_small,2,81,0.7798396348953247,0.0982007086277008
deit_small,2,82,0.77652907371521,0.09778382629156113
deit_small,2,83,0.7652633190155029,0.09636519104242325
deit_small,2,84,0.7590311765670776,0.09558041393756866
deit_small,2,85,0.7561631202697754,0.09521926194429398
deit_small,2,86,0.7462387084960938,0.09396953135728836
deit_small,2,87,0.7417595386505127,0.09340550005435944
deit_small,2,88,0.73626309633255,0.092713363468647
deit_small,2,89,0.7321297526359558,0.0921928733587265
deit_small,2,90,0.7302039861679077,0.09195037186145782
deit_small,2,91,0.7273457050323486,0.09159044921398163
deit_small,2,92,0.7191813588142395,0.0905623584985733
deit_small,2,93,0.7083889842033386,0.08920333534479141
deit_small,2,94,0.700994074344635,0.08827213943004608
deit_small,2,95,0.6967333555221558,0.0877356082201004
deit_small,2,96,0.6920626163482666,0.08714745193719864
deit_small,2,97,0.6814622282981873,0.08581260591745377
deit_small,2,98,0.6812453866004944,0.08578529953956604
deit_small,2,99,0.67650306224823,0.085188128054142
deit_small,2,100,0.6688699722290039,0.08422693610191345
deit_small,2,101,0.6635903120040894,0.08356209844350815
deit_small,2,102,0.6623533964157104,0.08340634405612946
deit_small,2,103,0.6503829956054688,0.08189897984266281
deit_small,2,104,0.6497620344161987,0.0818207859992981
deit_small,2,105,0.6421281099319458,0.08085948973894119
deit_small,2,106,0.639765739440918,0.08056201040744781
deit_small,2,107,0.6351542472839355,0.07998131215572357
deit_small,2,108,0.631895124912262,0.07957090437412262
deit_small,2,109,0.6257939338684082,0.07880261540412903
deit_small,2,110,0.6216520071029663,0.07828105241060257
deit_small,2,111,0.6193284392356873,0.07798845320940018
deit_small,2,112,0.615759551525116,0.07753904908895493
deit_small,2,113,0.6129798889160156,0.07718902081251144
deit_small,2,114,0.6068697571754456,0.07641960680484772
deit_small,2,115,0.6012449264526367,0.07571130245923996
deit_small,2,116,0.5971118211746216,0.07519084960222244
deit_small,2,117,0.5934950113296509,0.07473540306091309
deit_small,2,118,0.5891732573509216,0.07419119030237198
deit_small,2,119,0.585569441318512,0.07373738288879395
deit_small,2,120,0.5784609317779541,0.07284224778413773
deit_small,2,121,0.577580988407135,0.07273144274950027
deit_small,2,122,0.57460618019104,0.07235684245824814
deit_small,2,123,0.5720313787460327,0.07203260809183121
deit_small,2,124,0.5707238912582397,0.07186796516180038
deit_small,2,125,0.5657526850700378,0.07124196738004684
deit_small,2,126,0.5605120062828064,0.07058203965425491
deit_small,2,127,0.5572079420089722,0.07016598433256149
deit_small,2,128,0.5544378757476807,0.06981716305017471
deit_small,2,129,0.5506684184074402,0.06934249401092529
deit_small,2,130,0.5463818311691284,0.06880271434783936
deit_small,2,131,0.5451067686080933,0.06864214688539505
deit_small,2,132,0.5383787751197815,0.06779493391513824
deit_small,2,133,0.5352910161018372,0.06740611046552658
deit_small,2,134,0.5308457612991333,0.0668463408946991
deit_small,2,135,0.530035138130188,0.06674426794052124
deit_small,2,136,0.5247306227684021,0.06607630103826523
deit_small,2,137,0.5234668254852295,0.06591715663671494
deit_small,2,138,0.5211887359619141,0.06563028693199158
deit_small,2,139,0.5184450745582581,0.06528479605913162
deit_small,2,140,0.5146111249923706,0.06480200588703156
deit_small,2,141,0.5126076340675354,0.06454972177743912
deit_small,2,142,0.509068489074707,0.06410405784845352
deit_small,2,143,0.5047479867935181,0.06356000155210495
deit_small,2,144,0.5012960433959961,0.06312531977891922
deit_small,2,145,0.4992353320121765,0.06286582350730896
deit_small,2,146,0.4958339333534241,0.062437504529953
deit_small,2,147,0.4921107888221741,0.06196867302060127
deit_small,2,148,0.49015283584594727,0.06172211840748787
deit_small,2,149,0.4867682158946991,0.06129591166973114
deit_small,2,150,0.4843265116214752,0.06098844110965729
deit_small,2,151,0.48298609256744385,0.06081965193152428
deit_small,2,152,0.4785265624523163,0.06025809049606323
deit_small,2,153,0.4741871654987335,0.059711653739213943
deit_small,2,154,0.47284987568855286,0.05954325571656227
deit_small,2,155,0.4713144898414612,0.0593499131500721
deit_small,2,156,0.4682556986808777,0.05896473675966263
deit_small,2,157,0.46454983949661255,0.0584980808198452
deit_small,2,158,0.462626188993454,0.05825584754347801
deit_small,2,159,0.46170252561569214,0.058139536529779434
deit_small,2,160,0.4581989347934723,0.05769834667444229
deit_small,2,161,0.45750170946121216,0.05761054903268814
deit_small,2,162,0.453354150056839,0.05708827078342438
deit_small,2,163,0.45202919840812683,0.05692142993211746
deit_small,2,164,0.44900378584861755,0.05654045566916466
deit_small,2,165,0.4468664228916168,0.05627131089568138
deit_small,2,166,0.44475096464157104,0.05600492283701897
deit_small,2,167,0.4437410235404968,0.055877745151519775
deit_small,2,168,0.44024401903152466,0.05543738976120949
deit_small,2,169,0.439542680978775,0.05534907430410385
deit_small,2,170,0.4324781596660614,0.054459478706121445
deit_small,2,171,0.4320407807826996,0.054404404014348984
deit_small,2,172,0.4289369583129883,0.054013557732105255
deit_small,2,173,0.42784491181373596,0.05387604236602783
deit_small,2,174,0.4263072907924652,0.053682416677474976
deit_small,2,175,0.42256513237953186,0.053211189806461334
deit_small,2,176,0.4220463037490845,0.05314585566520691
deit_small,2,177,0.4217049181461334,0.05310286581516266
deit_small,2,178,0.41801702976226807,0.052638471126556396
deit_small,2,179,0.4170477092266083,0.05251641198992729
deit_small,2,180,0.41630643606185913,0.05242306739091873
deit_small,2,181,0.4093627631664276,0.05154868960380554
deit_small,2,182,0.4079737365245819,0.05137377977371216
deit_small,2,183,0.4048069417476654,0.050975002348423004
deit_small,2,184,0.4016163647174835,0.05057322978973389
deit_small,2,185,0.39993998408317566,0.05036213621497154
deit_small,2,186,0.3996448814868927,0.050324972718954086
deit_small,2,187,0.3973105549812317,0.05003102496266365
deit_small,2,188,0.3961485028266907,0.049884695559740067
deit_small,2,189,0.394011914730072,0.04961564764380455
deit_small,2,190,0.3929568827152252,0.0494827926158905
deit_small,2,191,0.3895205855369568,0.04905007779598236
deit_small,2,192,0.38773801922798157,0.04882561042904854
deit_small,2,193,0.3872317671775818,0.04876186326146126
deit_small,2,194,0.3857378661632538,0.04857374355196953
deit_small,2,195,0.3840688169002533,0.048363570123910904
deit_small,2,196,0.3825431764125824,0.048171453177928925
deit_small,2,197,0.38070380687713623,0.047939833253622055
deit_small,2,198,0.3773617148399353,0.047518983483314514
deit_small,2,199,0.3754560351371765,0.04727901145815849
deit_small,2,200,0.3747028708457947,0.04718416929244995
deit_small,2,201,0.37286853790283203,0.04695318266749382
deit_small,2,202,0.37079668045043945,0.04669228568673134
deit_small,2,203,0.3668194115161896,0.04619145020842552
deit_small,2,204,0.36645451188087463,0.04614550247788429
deit_small,2,205,0.36493226885795593,0.045953813940286636
deit_small,2,206,0.3627660274505615,0.04568103328347206
deit_small,2,207,0.36061349511146545,0.045409977436065674
deit_small,2,208,0.3596419095993042,0.04528763145208359
deit_small,2,209,0.35928142070770264,0.04524223506450653
deit_small,2,210,0.35695356130599976,0.04494910314679146
deit_small,2,211,0.35364726185798645,0.04453275725245476
deit_small,2,212,0.353075236082077,0.044460728764534
deit_small,2,213,0.3508085012435913,0.04417528957128525
deit_small,2,214,0.3503507971763611,0.044117655605077744
deit_small,2,215,0.3491111993789673,0.04396155849099159
deit_small,2,216,0.34582987427711487,0.04354836046695709
deit_small,2,217,0.344600647687912,0.0433935709297657
deit_small,2,218,0.34315434098243713,0.0432114452123642
deit_small,2,219,0.34217262268066406,0.04308782517910004
deit_small,2,220,0.340606153011322,0.04289056733250618
deit_small,2,221,0.33829396963119507,0.042599406093358994
deit_small,2,222,0.3376597464084625,0.04251954331994057
deit_small,2,223,0.33653533458709717,0.04237795248627663
deit_small,2,224,0.3343851566314697,0.042107194662094116
deit_small,2,225,0.3339965343475342,0.04205825552344322
deit_small,2,226,0.3304079473018646,0.041606366634368896
deit_small,2,227,0.3283209204673767,0.041343558579683304
deit_small,2,228,0.3274712860584259,0.04123656824231148
deit_small,2,229,0.32610052824020386,0.041063956916332245
deit_small,2,230,0.3252807557582855,0.040960729122161865
deit_small,2,231,0.32387006282806396,0.04078308865427971
deit_small,2,232,0.32215750217437744,0.04056743532419205
deit_small,2,233,0.3206077814102173,0.04037228971719742
deit_small,2,234,0.31819623708724976,0.0400686152279377
deit_small,2,235,0.3173638880252838,0.03996380418539047
deit_small,2,236,0.3161146640777588,0.03980649635195732
deit_small,2,237,0.31514671444892883,0.039684608578681946
deit_small,2,238,0.3121218979358673,0.03930370882153511
deit_small,2,239,0.3111931383609772,0.0391867570579052
deit_small,2,240,0.3096083104610443,0.038987189531326294
deit_small,2,241,0.3086645007133484,0.038868337869644165
deit_small,2,242,0.30824562907218933,0.03881559520959854
deit_small,2,243,0.30688905715942383,0.03864476829767227
deit_small,2,244,0.304227739572525,0.038309644907712936
deit_small,2,245,0.30301520228385925,0.03815695643424988
deit_small,2,246,0.30093488097190857,0.037894994020462036
deit_small,2,247,0.3004128336906433,0.03782925382256508
deit_small,2,248,0.2998937666416168,0.037763889878988266
deit_small,2,249,0.2988552451133728,0.03763311728835106
deit_small,2,250,0.29755622148513794,0.037469539791345596
deit_small,2,251,0.29643118381500244,0.03732786700129509
deit_small,2,252,0.2941301465034485,0.03703811392188072
deit_small,2,253,0.2931499183177948,0.036914676427841187
deit_small,2,254,0.2915365695953369,0.036711517721414566
deit_small,2,255,0.2905944883823395,0.036592885851860046
deit_small,2,256,0.2893221974372864,0.03643267601728439
deit_small,2,257,0.2882731556892395,0.036300573498010635
deit_small,2,258,0.2873612642288208,0.036185745149850845
deit_small,2,259,0.2854484021663666,0.035944871604442596
deit_small,2,260,0.2831520438194275,0.03565570339560509
deit_small,2,261,0.2826707065105438,0.035595089197158813
deit_small,2,262,0.28077617287635803,0.03535652160644531
deit_small,2,263,0.27963995933532715,0.035213448107242584
deit_small,2,264,0.2772480249404907,0.034912243485450745
deit_small,2,265,0.2754766047000885,0.03468918055295944
deit_small,2,266,0.27479997277259827,0.03460397571325302
deit_small,2,267,0.27367743849754333,0.034462619572877884
deit_small,2,268,0.27276676893234253,0.03434794396162033
deit_small,2,269,0.2714523375034332,0.03418242558836937
deit_small,2,270,0.27061760425567627,0.03407731279730797
deit_small,2,271,0.2686102092266083,0.033824533224105835
deit_small,2,272,0.26765015721321106,0.03370364010334015
deit_small,2,273,0.26735830307006836,0.03366689011454582
deit_small,2,274,0.26552656292915344,0.03343622758984566
deit_small,2,275,0.26406237483024597,0.03325185179710388
deit_small,2,276,0.26224562525749207,0.03302307799458504
deit_small,2,277,0.26155686378479004,0.03293634578585625
deit_small,2,278,0.26071882247924805,0.03283081576228142
deit_small,2,279,0.25972020626068115,0.032705068588256836
deit_small,2,280,0.25878915190696716,0.03258782625198364
deit_small,2,281,0.2565072476863861,0.03230047598481178
deit_small,2,282,0.25621968507766724,0.03226426616311073
deit_small,2,283,0.2539004981517792,0.03197222575545311
deit_small,2,284,0.2531750202178955,0.03188087046146393
deit_small,2,285,0.25159546732902527,0.03168196603655815
deit_small,2,286,0.2511264681816101,0.031622905284166336
deit_small,2,287,0.2501539885997772,0.031500447541475296
deit_small,2,288,0.2491142898797989,0.03136952593922615
deit_small,2,289,0.2474840134382248,0.03116423450410366
deit_small,2,290,0.246174618601799,0.030999349430203438
deit_small,2,291,0.24567857384681702,0.030936885625123978
deit_small,2,292,0.24355708062648773,0.030669737607240677
deit_small,2,293,0.24352499842643738,0.030665697529911995
deit_small,2,294,0.24250870943069458,0.030537722632288933
deit_small,2,295,0.24123349785804749,0.030377142131328583
deit_small,2,296,0.24039828777313232,0.030271969735622406
deit_small,2,297,0.23944462835788727,0.030151881277561188
deit_small,2,298,0.2375187873840332,0.029909370467066765
deit_small,2,299,0.236312136054039,0.0297574233263731
deit_small,2,300,0.2350694239139557,0.02960093691945076
deit_small,2,301,0.2335222065448761,0.029406104236841202
deit_small,2,302,0.23251424729824066,0.029279178008437157
deit_small,2,303,0.23206447064876556,0.02922254055738449
deit_small,2,304,0.23105837404727936,0.0290958471596241
deit_small,2,305,0.230710968375206,0.02905210107564926
deit_small,2,306,0.22885555028915405,0.028818458318710327
deit_small,2,307,0.2281654328107834,0.028731556609272957
deit_small,2,308,0.22775235772132874,0.028679540380835533
deit_small,2,309,0.22645659744739532,0.0285163726657629
deit_small,2,310,0.2240891456604004,0.028218252584338188
deit_small,2,311,0.22336605191230774,0.028127197176218033
deit_small,2,312,0.22235246002674103,0.02799956314265728
deit_small,2,313,0.22029642760753632,0.027740657329559326
deit_small,2,314,0.21965812146663666,0.027660280466079712
deit_small,2,315,0.21872498095035553,0.027542775496840477
deit_small,2,316,0.216980442404747,0.027323095127940178
deit_small,2,317,0.2165064662694931,0.02726341038942337
deit_small,2,318,0.21542611718177795,0.02712736837565899
deit_small,2,319,0.2140207588672638,0.026950398460030556
deit_small,2,320,0.21256352961063385,0.02676689811050892
deit_small,2,321,0.21188566088676453,0.02668153867125511
deit_small,2,322,0.21034547686576843,0.026487592607736588
deit_small,2,323,0.2098810076713562,0.026429103687405586
deit_small,2,324,0.2096479833126068,0.02639976143836975
deit_small,2,325,0.2078443020582199,0.026172634214162827
deit_small,2,326,0.2066897600889206,0.026027249172329903
deit_small,2,327,0.20535455644130707,0.025859113782644272
deit_small,2,328,0.2040075659751892,0.025689495727419853
deit_small,2,329,0.20363065600395203,0.0256420336663723
deit_small,2,330,0.20061281323432922,0.0252620130777359
deit_small,2,331,0.20028255879878998,0.02522042766213417
deit_small,2,332,0.19912230968475342,0.025074323639273643
deit_small,2,333,0.19750255346298218,0.024870356544852257
deit_small,2,334,0.19704408943653107,0.024812625721096992
deit_small,2,335,0.19505320489406586,0.0245619248598814
deit_small,2,336,0.19472388923168182,0.024520454928278923
deit_small,2,337,0.1927827149629593,0.024276014417409897
deit_small,2,338,0.19219546020030975,0.02420206554234028
deit_small,2,339,0.19103099405765533,0.02405543066561222
deit_small,2,340,0.19032052159309387,0.02396596595644951
deit_small,2,341,0.1876809298992157,0.023633576929569244
deit_small,2,342,0.18688233196735382,0.023533014580607414
deit_small,2,343,0.18617388606071472,0.023443803191184998
deit_small,2,344,0.1856323927640915,0.02337561547756195
deit_small,2,345,0.18394169211387634,0.023162715137004852
deit_small,2,346,0.1826774626970291,0.02300351858139038
deit_small,2,347,0.181508406996727,0.02285630628466606
deit_small,2,348,0.1806332916021347,0.02274610847234726
deit_small,2,349,0.1794058233499527,0.022591540589928627
deit_small,2,350,0.17860977351665497,0.022491298615932465
deit_small,2,351,0.1771286427974701,0.02230478823184967
deit_small,2,352,0.17471686005592346,0.022001085802912712
deit_small,2,353,0.17381072044372559,0.021886980161070824
deit_small,2,354,0.1728002429008484,0.02175973728299141
deit_small,2,355,0.17248666286468506,0.021720251068472862
deit_small,2,356,0.1707279086112976,0.021498780697584152
deit_small,2,357,0.16957594454288483,0.021353719756007195
deit_small,2,358,0.16789966821670532,0.021142635494470596
deit_small,2,359,0.1664920300245285,0.02096538059413433
deit_small,2,360,0.16402101516723633,0.02065422013401985
deit_small,2,361,0.1632511019706726,0.02055726945400238
deit_small,2,362,0.1610228717327118,0.02027668058872223
deit_small,2,363,0.15970516204833984,0.02011074870824814
deit_small,2,364,0.15694352984428406,0.01976299285888672
deit_small,2,365,0.15595826506614685,0.019638923928141594
deit_small,2,366,0.15136171877384186,0.019060106948018074
deit_small,2,367,0.14879973232746124,0.018737491220235825
deit_small,2,368,0.1471659392118454,0.018531758338212967
deit_small,2,369,0.1422586292028427,0.017913809046149254
deit_small,2,370,0.14088143408298492,0.017740385606884956
deit_small,2,371,0.13893646001815796,0.017495466396212578
deit_small,2,372,0.13596104085445404,0.017120789736509323
deit_small,2,373,0.11675487458705902,0.014702267944812775
deit_small,2,374,0.11050296574831009,0.013915000483393669
deit_small,2,375,0.0956001952290535,0.012038380838930607
deit_small,2,376,0.08166193217039108,0.010283215902745724
deit_small,2,377,0.06931758671998978,0.00872876401990652
deit_small,2,378,0.06528174132108688,0.008220553398132324
deit_small,2,379,0.05640832334756851,0.0071031744591891766
deit_small,2,380,0.034436002373695374,0.004336326848715544
deit_small,2,381,0.01145035121589899,0.0014418766368180513
deit_small,2,382,0.000112397778138984,1.4153603842714801e-05
deit_small,2,383,0.0,0.0
deit_small,8,0,1.2238566875457764,1.0
deit_small,8,1,0.8874995112419128,0.7251662015914917
deit_small,8,2,0.8615319728851318,0.703948438167572
deit_small,8,3,0.6958215832710266,0.5685482621192932
deit_small,8,4,0.6495497822761536,0.5307400822639465
deit_small,8,5,0.6388988494873047,0.5220373272895813
deit_small,8,6,0.5801010131835938,0.4739942252635956
deit_small,8,7,0.5519758462905884,0.4510134756565094
deit_small,8,8,0.519743025302887,0.42467638850212097
deit_small,8,9,0.5109333395957947,0.417478084564209
deit_small,8,10,0.49029240012168884,0.40061259269714355
deit_small,8,11,0.47231021523475647,0.3859195411205292
deit_small,8,12,0.44536450505256653,0.3639025092124939
deit_small,8,13,0.43806755542755127,0.3579402565956116
deit_small,8,14,0.4324246346950531,0.35332947969436646
deit_small,8,15,0.4132993221282959,0.3377023935317993
deit_small,8,16,0.41052207350730896,0.33543312549591064
deit_small,8,17,0.39767685532569885,0.3249374330043793
deit_small,8,18,0.3930452764034271,0.32115301489830017
deit_small,8,19,0.38535499572753906,0.31486937403678894
deit_small,8,20,0.37387752532958984,0.30549126863479614
deit_small,8,21,0.37108221650123596,0.30320724844932556
deit_small,8,22,0.36496254801750183,0.2982069253921509
deit_small,8,23,0.3593088388442993,0.2935873568058014
deit_small,8,24,0.354339599609375,0.289527028799057
deit_small,8,25,0.34581413865089417,0.28256097435951233
deit_small,8,26,0.34208327531814575,0.27951252460479736
deit_small,8,27,0.33635830879211426,0.2748347222805023
deit_small,8,28,0.33313095569610596,0.2721976935863495
deit_small,8,29,0.3290866017341614,0.2688930928707123
deit_small,8,30,0.3247268497943878,0.26533079147338867
deit_small,8,31,0.3214455544948578,0.26264968514442444
deit_small,8,32,0.313802570104599,0.25640466809272766
deit_small,8,33,0.3104570806026459,0.2536711096763611
deit_small,8,34,0.30444392561912537,0.24875782430171967
deit_small,8,35,0.3028028607368469,0.2474169284105301
deit_small,8,36,0.29764753580093384,0.24320456385612488
deit_small,8,37,0.2961713969707489,0.24199843406677246
deit_small,8,38,0.29502421617507935,0.24106107652187347
deit_small,8,39,0.29127946496009827,0.23800128698349
deit_small,8,40,0.2886544466018677,0.23585641384124756
deit_small,8,41,0.2863915264606476,0.23400740325450897
deit_small,8,42,0.28332194685935974,0.23149928450584412
deit_small,8,43,0.280627578496933,0.22929774224758148
deit_small,8,44,0.2786065340042114,0.2276463806629181
deit_small,8,45,0.2776658833026886,0.22687777876853943
deit_small,8,46,0.27255627512931824,0.2227027714252472
deit_small,8,47,0.271231085062027,0.22161997854709625
deit_small,8,48,0.26791366934776306,0.218909353017807
deit_small,8,49,0.26658594608306885,0.21782448887825012
deit_small,8,50,0.26494061946868896,0.2164801061153412
deit_small,8,51,0.2626288831233978,0.21459120512008667
deit_small,8,52,0.26149827241897583,0.2136673927307129
deit_small,8,53,0.2604781687259674,0.21283388137817383
deit_small,8,54,0.25795218348503113,0.210769921541214
deit_small,8,55,0.25479212403297424,0.20818787813186646
deit_small,8,56,0.2530773878097534,0.20678678154945374
deit_small,8,57,0.2512912452220917,0.2053273469209671
deit_small,8,58,0.24874946475028992,0.2032504826784134
deit_small,8,59,0.24824437499046326,0.2028377801179886
deit_small,8,60,0.24756257236003876,0.2022806853055954
deit_small,8,61,0.24550823867321014,0.20060211420059204
deit_small,8,62,0.24470873177051544,0.19994884729385376
deit_small,8,63,0.24429170787334442,0.19960810244083405
deit_small,8,64,0.241459459066391,0.19729390740394592
deit_small,8,65,0.2410944402217865,0.19699564576148987
deit_small,8,66,0.23993942141532898,0.19605189561843872
deit_small,8,67,0.23637226223945618,0.19313721358776093
deit_small,8,68,0.23574069142341614,0.1926211565732956
deit_small,8,69,0.23430143296718597,0.19144515693187714
deit_small,8,70,0.2334899604320526,0.1907821148633957
deit_small,8,71,0.2327352613210678,0.1901654601097107
deit_small,8,72,0.2313789278268814,0.18905721604824066
deit_small,8,73,0.22878338396549225,0.1869364231824875
deit_small,8,74,0.22764527797698975,0.18600648641586304
deit_small,8,75,0.22725337743759155,0.18568626046180725
deit_small,8,76,0.22558626532554626,0.18432408571243286
deit_small,8,77,0.2239534556865692,0.1829899400472641
deit_small,8,78,0.22363460063934326,0.18272940814495087
deit_small,8,79,0.22236968576908112,0.1816958487033844
deit_small,8,80,0.22143781185150146,0.18093442916870117
deit_small,8,81,0.21847912669181824,0.1785169243812561
deit_small,8,82,0.2180575430393219,0.17817245423793793
deit_small,8,83,0.2170199304819107,0.17732462286949158
deit_small,8,84,0.21586528420448303,0.1763811856508255
deit_small,8,85,0.21453870832920074,0.17529724538326263
deit_small,8,86,0.2140691876411438,0.17491361498832703
deit_small,8,87,0.21259325742721558,0.17370764911174774
deit_small,8,88,0.21148157119750977,0.17279928922653198
deit_small,8,89,0.21085500717163086,0.17228733003139496
deit_small,8,90,0.2088204324245453,0.17062491178512573
deit_small,8,91,0.2080480456352234,0.1699938029050827
deit_small,8,92,0.20744390785694122,0.16950015723705292
deit_small,8,93,0.20534664392471313,0.16778650879859924
deit_small,8,94,0.2047261744737625,0.16727952659130096
deit_small,8,95,0.20387767255306244,0.166586235165596
deit_small,8,96,0.2035852074623108,0.16634726524353027
deit_small,8,97,0.20232157409191132,0.16531476378440857
deit_small,8,98,0.20194946229457855,0.1650107055902481
deit_small,8,99,0.20097646117210388,0.16421568393707275
deit_small,8,100,0.199094757437706,0.16267816722393036
deit_small,8,101,0.19853372871875763,0.16221974790096283
deit_small,8,102,0.19823604822158813,0.16197651624679565
deit_small,8,103,0.19709335267543793,0.16104283928871155
deit_small,8,104,0.1964867264032364,0.1605471670627594
deit_small,8,105,0.19550645351409912,0.1597461998462677
deit_small,8,106,0.19484807550907135,0.1592082530260086
deit_small,8,107,0.1943131983280182,0.15877120196819305
deit_small,8,108,0.1929318606853485,0.15764252841472626
deit_small,8,109,0.19215627014636993,0.1570087969303131
deit_small,8,110,0.19080393016338348,0.15590381622314453
deit_small,8,111,0.19036994874477386,0.15554921329021454
deit_small,8,112,0.18990939855575562,0.1551729142665863
deit_small,8,113,0.1886957883834839,0.15418128669261932
deit_small,8,114,0.18831183016300201,0.15386755764484406
deit_small,8,115,0.18784242868423462,0.15348400175571442
deit_small,8,116,0.1867164671421051,0.15256400406360626
deit_small,8,117,0.18637853860855103,0.15228788554668427
deit_small,8,118,0.1846638023853302,0.15088678896427155
deit_small,8,119,0.1844971776008606,0.15075063705444336
deit_small,8,120,0.1834668070077896,0.14990873634815216
deit_small,8,121,0.18278339505195618,0.1493503302335739
deit_small,8,122,0.18220876157283783,0.14888079464435577
deit_small,8,123,0.18193024396896362,0.14865322411060333
deit_small,8,124,0.18085706233978271,0.14777633547782898
deit_small,8,125,0.18009831011295319,0.14715637266635895
deit_small,8,126,0.17953135073184967,0.14669311046600342
deit_small,8,127,0.178622767329216,0.14595071971416473
deit_small,8,128,0.17820943892002106,0.14561299979686737
deit_small,8,129,0.17762991786003113,0.14513947069644928
deit_small,8,130,0.176969513297081,0.14459986984729767
deit_small,8,131,0.17625285685062408,0.14401429891586304
deit_small,8,132,0.17593593895435333,0.14375534653663635
deit_small,8,133,0.17519818246364594,0.14315253496170044
deit_small,8,134,0.17437906563282013,0.14248323440551758
deit_small,8,135,0.17363445460796356,0.14187481999397278
deit_small,8,136,0.1727256327867508,0.14113223552703857
deit_small,8,137,0.1722867488861084,0.14077362418174744
deit_small,8,138,0.17182019352912903,0.14039240777492523
deit_small,8,139,0.1716269552707672,0.14023451507091522
deit_small,8,140,0.17001797258853912,0.13891984522342682
deit_small,8,141,0.1694798320531845,0.13848012685775757
deit_small,8,142,0.1691138595342636,0.13818110525608063
deit_small,8,143,0.16858184337615967,0.1377463936805725
deit_small,8,144,0.16838176548480988,0.1375829130411148
deit_small,8,145,0.16807690262794495,0.13733381032943726
deit_small,8,146,0.16712363064289093,0.13655489683151245
deit_small,8,147,0.16660791635513306,0.13613352179527283
deit_small,8,148,0.16560441255569458,0.13531357049942017
deit_small,8,149,0.16551829874515533,0.13524320721626282
deit_small,8,150,0.16528835892677307,0.1350553184747696
deit_small,8,151,0.16463081538677216,0.13451805710792542
deit_small,8,152,0.16441988945007324,0.13434571027755737
deit_small,8,153,0.16322486102581024,0.13336926698684692
deit_small,8,154,0.1630774438381195,0.13324880599975586
deit_small,8,155,0.1620091199874878,0.13237589597702026
deit_small,8,156,0.16117846965789795,0.1316971778869629
deit_small,8,157,0.1611335575580597,0.13166047632694244
deit_small,8,158,0.16045010089874268,0.1311020404100418
deit_small,8,159,0.1599585860967636,0.13070042431354523
deit_small,8,160,0.1592421978712082,0.1301150768995285
deit_small,8,161,0.15863606333732605,0.1296198070049286
deit_small,8,162,0.15796354413032532,0.12907029688358307
deit_small,8,163,0.15720082819461823,0.12844708561897278
deit_small,8,164,0.15715545415878296,0.12841001152992249
deit_small,8,165,0.1567569226026535,0.12808437645435333
deit_small,8,166,0.15644507110118866,0.12782956659793854
deit_small,8,167,0.1554601937532425,0.1270248293876648
deit_small,8,168,0.1550668478012085,0.1267034411430359
deit_small,8,169,0.1545395702123642,0.12627260386943817
deit_small,8,170,0.15357095003128052,0.12548115849494934
deit_small,8,171,0.15312770009040833,0.12511898577213287
deit_small,8,172,0.15308694541454315,0.12508568167686462
deit_small,8,173,0.15259124338626862,0.12468064576387405
deit_small,8,174,0.15206605195999146,0.12425152212381363
deit_small,8,175,0.15156066417694092,0.12383857369422913
deit_small,8,176,0.15111739933490753,0.12347638607025146
deit_small,8,177,0.15095917880535126,0.12334710359573364
deit_small,8,178,0.15025173127651215,0.1227690577507019
deit_small,8,179,0.1497623771429062,0.12236921489238739
deit_small,8,180,0.1489439159631729,0.1217004582285881
deit_small,8,181,0.1482425332069397,0.12112736701965332
deit_small,8,182,0.14796186983585358,0.12089803814888
deit_small,8,183,0.14743290841579437,0.12046582996845245
deit_small,8,184,0.14702127873897552,0.12012948840856552
deit_small,8,185,0.14652708172798157,0.11972568929195404
deit_small,8,186,0.14633898437023163,0.1195719912648201
deit_small,8,187,0.14610394835472107,0.11937995254993439
deit_small,8,188,0.14543668925762177,0.11883474141359329
deit_small,8,189,0.1447519063949585,0.11827521026134491
deit_small,8,190,0.1447017937898636,0.11823426187038422
deit_small,8,191,0.14446121454238892,0.11803769320249557
deit_small,8,192,0.1433611959218979,0.11713887751102448
deit_small,8,193,0.14316286146640778,0.11697681993246078
deit_small,8,194,0.14271733164787292,0.11661278456449509
deit_small,8,195,0.1425752490758896,0.11649668961763382
deit_small,8,196,0.14178934693336487,0.11585453897714615
deit_small,8,197,0.14116451144218445,0.11534398794174194
deit_small,8,198,0.14089471101760864,0.11512354016304016
deit_small,8,199,0.14029842615127563,0.11463631689548492
deit_small,8,200,0.13994508981704712,0.11434761434793472
deit_small,8,201,0.13945819437503815,0.11394977569580078
deit_small,8,202,0.13913607597351074,0.11368657648563385
deit_small,8,203,0.13895246386528015,0.11353655159473419
deit_small,8,204,0.1385701298713684,0.11322414875030518
deit_small,8,205,0.1381993144750595,0.11292115598917007
deit_small,8,206,0.1377384066581726,0.11254455894231796
deit_small,8,207,0.1372727006673813,0.11216403543949127
deit_small,8,208,0.13676296174526215,0.11174753308296204
deit_small,8,209,0.13648685812950134,0.11152192950248718
deit_small,8,210,0.1361035853624344,0.11120875924825668
deit_small,8,211,0.13570189476013184,0.110880546271801
deit_small,8,212,0.13509951531887054,0.11038834601640701
deit_small,8,213,0.13498158752918243,0.110291987657547
deit_small,8,214,0.13432273268699646,0.10975364595651627
deit_small,8,215,0.1340208500623703,0.10950697958469391
deit_small,8,216,0.13372687995433807,0.10926678031682968
deit_small,8,217,0.13345514237880707,0.10904474556446075
deit_small,8,218,0.13271132111549377,0.10843697935342789
deit_small,8,219,0.13256509602069855,0.10831750184297562
deit_small,8,220,0.1319856494665146,0.1078440397977829
deit_small,8,221,0.13142326474189758,0.10738452523946762
deit_small,8,222,0.1307613104581833,0.10684365034103394
deit_small,8,223,0.13065549731254578,0.10675718635320663
deit_small,8,224,0.13034018874168396,0.1064995527267456
deit_small,8,225,0.13026724755764008,0.10643995553255081
deit_small,8,226,0.12982212007045746,0.10607624799013138
deit_small,8,227,0.12882080674171448,0.10525808483362198
deit_small,8,228,0.128584623336792,0.10506509989500046
deit_small,8,229,0.12754392623901367,0.10421475768089294
deit_small,8,230,0.12730096280574799,0.10401623696088791
deit_small,8,231,0.12682290375232697,0.10362561792135239
deit_small,8,232,0.12671346962451935,0.1035362035036087
deit_small,8,233,0.12651683390140533,0.10337553173303604
deit_small,8,234,0.1259765475988388,0.10293406993150711
deit_small,8,235,0.1255360245704651,0.10257412493228912
deit_small,8,236,0.12534458935260773,0.10241769999265671
deit_small,8,237,0.1251925528049469,0.1022934764623642
deit_small,8,238,0.12481491267681122,0.1019849106669426
deit_small,8,239,0.12448880076408386,0.10171844810247421
deit_small,8,240,0.12413991242647171,0.10143337398767471
deit_small,8,241,0.12400573492050171,0.10132373869419098
deit_small,8,242,0.12295190244913101,0.1004626676440239
deit_small,8,243,0.12271386384963989,0.1002681627869606
deit_small,8,244,0.12202448397874832,0.09970488399267197
deit_small,8,245,0.12163954228162766,0.09939035028219223
deit_small,8,246,0.12153598666191101,0.09930573403835297
deit_small,8,247,0.12086346000432968,0.09875622391700745
deit_small,8,248,0.12075380235910416,0.09866662323474884
deit_small,8,249,0.12026698142290115,0.09826884418725967
deit_small,8,250,0.11971811950206757,0.09782037883996964
deit_small,8,251,0.11915044486522675,0.09735653549432755
deit_small,8,252,0.11856096982955933,0.09687487781047821
deit_small,8,253,0.11832454055547714,0.09668169915676117
deit_small,8,254,0.1181633397936821,0.09654998034238815
deit_small,8,255,0.11758561432361603,0.09607792645692825
deit_small,8,256,0.11716689169406891,0.09573579579591751
deit_small,8,257,0.1166238784790039,0.0952921062707901
deit_small,8,258,0.11647803336381912,0.0951729342341423
deit_small,8,259,0.11620067805051804,0.09494630992412567
deit_small,8,260,0.1158694177865982,0.09467564523220062
deit_small,8,261,0.11537744849920273,0.0942736566066742
deit_small,8,262,0.11508598178625107,0.09403550624847412
deit_small,8,263,0.11460480093955994,0.09364233911037445
deit_small,8,264,0.11399578303098679,0.09314471483230591
deit_small,8,265,0.11394026130437851,0.09309934824705124
deit_small,8,266,0.11327895522117615,0.09255900233983994
deit_small,8,267,0.11294371634721756,0.09228508174419403
deit_small,8,268,0.11274991929531097,0.09212673455476761
deit_small,8,269,0.112549789249897,0.09196320921182632
deit_small,8,270,0.11205488443374634,0.09155882894992828
deit_small,8,271,0.11163032799959183,0.09121192991733551
deit_small,8,272,0.11110959947109222,0.09078644961118698
deit_small,8,273,0.11087232828140259,0.09059257805347443
deit_small,8,274,0.11031053215265274,0.09013354033231735
deit_small,8,275,0.10991690307855606,0.08981190621852875
deit_small,8,276,0.10951005667448044,0.0894794762134552
deit_small,8,277,0.1088825911283493,0.08896677941083908
deit_small,8,278,0.10843365639448166,0.08859996497631073
deit_small,8,279,0.10833300650119781,0.08851772546768188
deit_small,8,280,0.10794040560722351,0.08819693326950073
deit_small,8,281,0.10742276161909103,0.08777397125959396
deit_small,8,282,0.10722089558839798,0.08760903030633926
deit_small,8,283,0.10692068934440613,0.08736373484134674
deit_small,8,284,0.10651892423629761,0.08703545480966568
deit_small,8,285,0.10627333074808121,0.08683478087186813
deit_small,8,286,0.10575581341981888,0.08641192317008972
deit_small,8,287,0.10548236221075058,0.08618849515914917
deit_small,8,288,0.10525636374950409,0.08600383251905441
deit_small,8,289,0.10441868752241135,0.08531937748193741
deit_small,8,290,0.10398159921169281,0.08496223390102386
deit_small,8,291,0.10365162044763565,0.08469261229038239
deit_small,8,292,0.10350889712572098,0.08457599580287933
deit_small,8,293,0.10341517627239227,0.08449941873550415
deit_small,8,294,0.10248760879039764,0.08374151587486267
deit_small,8,295,0.10160331428050995,0.0830189660191536
deit_small,8,296,0.1010742038488388,0.0825866311788559
deit_small,8,297,0.10080455988645554,0.08236631006002426
deit_small,8,298,0.10040732473134995,0.08204173296689987
deit_small,8,299,0.10014504939317703,0.08182743191719055
deit_small,8,300,0.0996774211525917,0.08144533634185791
deit_small,8,301,0.09938797354698181,0.08120883256196976
deit_small,8,302,0.09923689812421799,0.08108539134263992
deit_small,8,303,0.0987909659743309,0.08072102814912796
deit_small,8,304,0.09795777499675751,0.08004023134708405
deit_small,8,305,0.09763499349355698,0.07977649569511414
deit_small,8,306,0.09733996540307999,0.07953543215990067
deit_small,8,307,0.0969136655330658,0.07918710261583328
deit_small,8,308,0.09633070975542068,0.07871077954769135
deit_small,8,309,0.09618799388408661,0.0785941630601883
deit_small,8,310,0.09554142504930496,0.07806585729122162
deit_small,8,311,0.0950932428240776,0.07769965380430222
deit_small,8,312,0.09482143074274063,0.07747755944728851
deit_small,8,313,0.09432804584503174,0.07707442343235016
deit_small,8,314,0.09366734325885773,0.07653456926345825
deit_small,8,315,0.09352747350931168,0.07642028480768204
deit_small,8,316,0.0930553749203682,0.0760345384478569
deit_small,8,317,0.09294106811285019,0.07594113796949387
deit_small,8,318,0.09225336462259293,0.07537922263145447
deit_small,8,319,0.09182901680469513,0.07503249496221542
deit_small,8,320,0.09149790555238724,0.07476194202899933
deit_small,8,321,0.09113670885562897,0.07446681708097458
deit_small,8,322,0.09063905477523804,0.07406018674373627
deit_small,8,323,0.08986999094486237,0.07343179732561111
deit_small,8,324,0.08937837928533554,0.07303010672330856
deit_small,8,325,0.08923284709453583,0.07291118800640106
deit_small,8,326,0.08899081498384476,0.07271342724561691
deit_small,8,327,0.08848509192466736,0.07230021059513092
deit_small,8,328,0.08822351694107056,0.07208647578954697
deit_small,8,329,0.08707861602306366,0.07115098834037781
deit_small,8,330,0.08689016848802567,0.07099701464176178
deit_small,8,331,0.08638917654752731,0.070587657392025
deit_small,8,332,0.08602423220872879,0.07028946280479431
deit_small,8,333,0.08570482581853867,0.07002848386764526
deit_small,8,334,0.08505653589963913,0.06949876993894577
deit_small,8,335,0.0846121683716774,0.06913568079471588
deit_small,8,336,0.08418820053339005,0.06878926604986191
deit_small,8,337,0.08393668383359909,0.06858374923467636
deit_small,8,338,0.08360902965068817,0.0683160275220871
deit_small,8,339,0.08302593976259232,0.0678395926952362
deit_small,8,340,0.08262389153242111,0.06751108169555664
deit_small,8,341,0.08136606216430664,0.06648332625627518
deit_small,8,342,0.08094421774148941,0.06613864004611969
deit_small,8,343,0.08062365651130676,0.06587671488523483
deit_small,8,344,0.08018714934587479,0.06552004814147949
deit_small,8,345,0.07996868342161179,0.0653415396809578
deit_small,8,346,0.07956384122371674,0.06501074880361557
deit_small,8,347,0.07940614968538284,0.06488190591335297
deit_small,8,348,0.07848465442657471,0.06412895768880844
deit_small,8,349,0.07773368805646896,0.06351535022258759
deit_small,8,350,0.07673449069261551,0.06269891560077667
deit_small,8,351,0.07634544372558594,0.06238103285431862
deit_small,8,352,0.07543227076530457,0.061634890735149384
deit_small,8,353,0.07490798830986023,0.061206504702568054
deit_small,8,354,0.07446851581335068,0.06084741652011871
deit_small,8,355,0.0737658143043518,0.060273244976997375
deit_small,8,356,0.0734947919845581,0.06005179509520531
deit_small,8,357,0.0732283964753151,0.05983412638306618
deit_small,8,358,0.0725703090429306,0.05929641053080559
deit_small,8,359,0.07119768857955933,0.05817485973238945
deit_small,8,360,0.0710410475730896,0.058046869933605194
deit_small,8,361,0.06981413811445236,0.0570443756878376
deit_small,8,362,0.06956994533538818,0.05684484541416168
deit_small,8,363,0.06846793740987778,0.05594440922141075
deit_small,8,364,0.06762818992137909,0.05525825917720795
deit_small,8,365,0.06718093156814575,0.05489280819892883
deit_small,8,366,0.06558731943368912,0.05359068512916565
deit_small,8,367,0.06471173465251923,0.052875254303216934
deit_small,8,368,0.06216390058398247,0.050793446600437164
deit_small,8,369,0.06193609908223152,0.050607312470674515
deit_small,8,370,0.060324810445308685,0.049290746450424194
deit_small,8,371,0.05923699215054512,0.04840190336108208
deit_small,8,372,0.055902205407619476,0.04567708447575569
deit_small,8,373,0.05016571283340454,0.04098986089229584
deit_small,8,374,0.04565522074699402,0.037304386496543884
deit_small,8,375,0.03994589298963547,0.03263935446739197
deit_small,8,376,0.03434208035469055,0.028060540556907654
deit_small,8,377,0.028774535283446312,0.023511359468102455
deit_small,8,378,0.025033822283148766,0.02045486494898796
deit_small,8,379,0.02294033020734787,0.018744295462965965
deit_small,8,380,0.013731754384934902,0.011220067739486694
deit_small,8,381,0.004652784671634436,0.003801739774644375
deit_small,8,382,0.0,0.0
deit_small,8,383,0.0,0.0
deit_small,11,0,0.342805415391922,1.0
deit_small,11,1,0.23453721404075623,0.684170126914978
deit_small,11,2,0.214643657207489,0.6261385083198547
deit_small,11,3,0.19750060141086578,0.5761303901672363
deit_small,11,4,0.17990754544734955,0.5248095393180847
deit_small,11,5,0.17337101697921753,0.5057417750358582
deit_small,11,6,0.1666831523180008,0.48623257875442505
deit_small,11,7,0.16188867390155792,0.47224655747413635
deit_small,11,8,0.1565440446138382,0.45665571093559265
deit_small,11,9,0.15258678793907166,0.4451119601726532
deit_small,11,10,0.14980249106884003,0.4369898736476898
deit_small,11,11,0.1470475196838379,0.4289533197879791
deit_small,11,12,0.1462978571653366,0.4267664849758148
deit_small,11,13,0.14416152238845825,0.42053458094596863
deit_small,11,14,0.14215488731861115,0.41468098759651184
deit_small,11,15,0.1401481330394745,0.4088270664215088
deit_small,11,16,0.13940446078777313,0.40665769577026367
deit_small,11,17,0.138348788022995,0.4035781919956207
deit_small,11,18,0.13702574372291565,0.3997187316417694
deit_small,11,19,0.13612264394760132,0.3970842957496643
deit_small,11,20,0.13536858558654785,0.3948846161365509
deit_small,11,21,0.1345435380935669,0.3924778699874878
deit_small,11,22,0.13342294096946716,0.38920897245407104
deit_small,11,23,0.13276156783103943,0.3872796893119812
deit_small,11,24,0.13126826286315918,0.38292354345321655
deit_small,11,25,0.13052964210510254,0.38076892495155334
deit_small,11,26,0.13019660115242004,0.37979739904403687
deit_small,11,27,0.12899869680404663,0.3763029873371124
deit_small,11,28,0.12822993099689484,0.37406042218208313
deit_small,11,29,0.12783125042915344,0.3728974163532257
deit_small,11,30,0.12749910354614258,0.37192851305007935
deit_small,11,31,0.12663470208644867,0.36940696835517883
deit_small,11,32,0.1261531263589859,0.36800214648246765
deit_small,11,33,0.1251189261674881,0.36498528718948364
deit_small,11,34,0.12498918175697327,0.3646067976951599
deit_small,11,35,0.12434068322181702,0.36271506547927856
deit_small,11,36,0.12367077171802521,0.3607608675956726
deit_small,11,37,0.12361492216587067,0.3605979382991791
deit_small,11,38,0.12327760457992554,0.35961395502090454
deit_small,11,39,0.1223192811012268,0.35681840777397156
deit_small,11,40,0.12205391377210617,0.35604432225227356
deit_small,11,41,0.12164328992366791,0.3548464775085449
deit_small,11,42,0.12050177156925201,0.3515165448188782
deit_small,11,43,0.11968465894460678,0.3491329550743103
deit_small,11,44,0.11929520219564438,0.34799686074256897
deit_small,11,45,0.11892363429069519,0.3469129502773285
deit_small,11,46,0.11865787953138351,0.3461377024650574
deit_small,11,47,0.11832267045974731,0.3451598882675171
deit_small,11,48,0.11821994930505753,0.3448602259159088
deit_small,11,49,0.11769744753837585,0.3433360457420349
deit_small,11,50,0.11646280437707901,0.33973443508148193
deit_small,11,51,0.11617791652679443,0.33890339732170105
deit_small,11,52,0.11591313779354095,0.33813101053237915
deit_small,11,53,0.1154545247554779,0.3367931842803955
deit_small,11,54,0.1148148626089096,0.3349272310733795
deit_small,11,55,0.11454872786998749,0.33415088057518005
deit_small,11,56,0.1140618696808815,0.33273065090179443
deit_small,11,57,0.11364351212978363,0.3315102756023407
deit_small,11,58,0.11341562867164612,0.33084550499916077
deit_small,11,59,0.11303502321243286,0.32973524928092957
deit_small,11,60,0.11246906965970993,0.3280842900276184
deit_small,11,61,0.1114119291305542,0.32500049471855164
deit_small,11,62,0.11115015298128128,0.3242368698120117
deit_small,11,63,0.11089067906141281,0.32347995042800903
deit_small,11,64,0.11078052222728729,0.3231586217880249
deit_small,11,65,0.11038394272327423,0.32200175523757935
deit_small,11,66,0.10958600789308548,0.3196741044521332
deit_small,11,67,0.10906284302473068,0.3181479573249817
deit_small,11,68,0.10889829695224762,0.31766796112060547
deit_small,11,69,0.10873203724622726,0.3171829581260681
deit_small,11,70,0.108052097260952,0.31519952416419983
deit_small,11,71,0.10783684253692627,0.3145715892314911
deit_small,11,72,0.1076226457953453,0.31394675374031067
deit_small,11,73,0.10703115165233612,0.31222131848335266
deit_small,11,74,0.10685795545578003,0.31171607971191406
deit_small,11,75,0.10610315948724747,0.30951425433158875
deit_small,11,76,0.1056603267788887,0.3082224726676941
deit_small,11,77,0.10543391108512878,0.307561993598938
deit_small,11,78,0.10495619475841522,0.30616843700408936
deit_small,11,79,0.10429579019546509,0.30424195528030396
deit_small,11,80,0.1037769690155983,0.3027285039424896
deit_small,11,81,0.10354941338300705,0.3020647168159485
deit_small,11,82,0.1030520647764206,0.3006138801574707
deit_small,11,83,0.10271052271127701,0.29961755871772766
deit_small,11,84,0.10266353189945221,0.29948049783706665
deit_small,11,85,0.10212782770395279,0.29791778326034546
deit_small,11,86,0.10186184197664261,0.2971418797969818
deit_small,11,87,0.1013258770108223,0.2955784201622009
deit_small,11,88,0.10088423639535904,0.29429009556770325
deit_small,11,89,0.10061132907867432,0.29349398612976074
deit_small,11,90,0.1003308892250061,0.2926759123802185
deit_small,11,91,0.0999501422047615,0.2915652394294739
deit_small,11,92,0.0995854064822197,0.29050126671791077
deit_small,11,93,0.0993136465549469,0.28970852494239807
deit_small,11,94,0.09923455864191055,0.2894778251647949
deit_small,11,95,0.09899644553661346,0.2887832224369049
deit_small,11,96,0.0985090509057045,0.2873614430427551
deit_small,11,97,0.09808248281478882,0.2861170768737793
deit_small,11,98,0.09735249727964401,0.2839876413345337
deit_small,11,99,0.09702170640230179,0.2830226719379425
deit_small,11,100,0.09687787294387817,0.28260311484336853
deit_small,11,101,0.09640293568372726,0.28121766448020935
deit_small,11,102,0.09625101089477539,0.28077447414398193
deit_small,11,103,0.09579138457775116,0.2794336974620819
deit_small,11,104,0.09520003944635391,0.27770867943763733
deit_small,11,105,0.0951436385512352,0.27754417061805725
deit_small,11,106,0.09470369666814804,0.2762607932090759
deit_small,11,107,0.0944477841258049,0.27551427483558655
deit_small,11,108,0.09393204748630524,0.2740098237991333
deit_small,11,109,0.09377406537532806,0.27354896068573
deit_small,11,110,0.09314221143722534,0.2717057764530182
deit_small,11,111,0.09301856905221939,0.2713451087474823
deit_small,11,112,0.09245330840349197,0.2696961760520935
deit_small,11,113,0.0919002890586853,0.26808297634124756
deit_small,11,114,0.09170901030302048,0.26752498745918274
deit_small,11,115,0.09140479564666748,0.26663756370544434
deit_small,11,116,0.09086645394563675,0.2650671601295471
deit_small,11,117,0.09065227210521698,0.2644423544406891
deit_small,11,118,0.09044744819402695,0.26384487748146057
deit_small,11,119,0.08985953778028488,0.26212987303733826
deit_small,11,120,0.08965440839529037,0.2615315020084381
deit_small,11,121,0.08932816982269287,0.26057982444763184
deit_small,11,122,0.08907577395439148,0.2598435580730438
deit_small,11,123,0.08886078745126724,0.25921642780303955
deit_small,11,124,0.08872772753238678,0.2588282525539398
deit_small,11,125,0.08808334171772003,0.2569485306739807
deit_small,11,126,0.0879472866654396,0.2565516233444214
deit_small,11,127,0.087514728307724,0.25528982281684875
deit_small,11,128,0.0873422771692276,0.25478675961494446
deit_small,11,129,0.08693698793649673,0.2536044716835022
deit_small,11,130,0.0865834653377533,0.2525732219219208
deit_small,11,131,0.0860665813088417,0.2510654032230377
deit_small,11,132,0.08572709560394287,0.250075101852417
deit_small,11,133,0.08513537049293518,0.24834898114204407
deit_small,11,134,0.08499360829591751,0.2479354441165924
deit_small,11,135,0.08475054800510406,0.24722640216350555
deit_small,11,136,0.08451945334672928,0.2465522736310959
deit_small,11,137,0.08442115783691406,0.24626554548740387
deit_small,11,138,0.08415396511554718,0.24548611044883728
deit_small,11,139,0.08332931250333786,0.2430805116891861
deit_small,11,140,0.0831429585814476,0.24253690242767334
deit_small,11,141,0.08290190994739532,0.24183373153209686
deit_small,11,142,0.08264432847499847,0.2410823404788971
deit_small,11,143,0.08197600394487381,0.23913276195526123
deit_small,11,144,0.08184380829334259,0.23874713480472565
deit_small,11,145,0.08155369013547897,0.23790082335472107
deit_small,11,146,0.08126019686460495,0.23704467713832855
deit_small,11,147,0.08053217083215714,0.2349209487438202
deit_small,11,148,0.08051013946533203,0.23485668003559113
deit_small,11,149,0.07990089058876038,0.2330794334411621
deit_small,11,150,0.07971490919589996,0.2325369119644165
deit_small,11,151,0.07961300015449524,0.23223963379859924
deit_small,11,152,0.07921835780143738,0.23108841478824615
deit_small,11,153,0.07889188826084137,0.23013606667518616
deit_small,11,154,0.07868219166994095,0.22952435910701752
deit_small,11,155,0.07814624905586243,0.2279609590768814
deit_small,11,156,0.07764948159456253,0.22651183605194092
deit_small,11,157,0.07740628719329834,0.22580240666866302
deit_small,11,158,0.077146515250206,0.2250446230173111
deit_small,11,159,0.07683657854795456,0.22414050996303558
deit_small,11,160,0.07675126194953918,0.22389163076877594
deit_small,11,161,0.07639682292938232,0.22285769879817963
deit_small,11,162,0.07622722536325455,0.2223629653453827
deit_small,11,163,0.0757506862282753,0.22097285091876984
deit_small,11,164,0.0752335786819458,0.21946439146995544
deit_small,11,165,0.07486499100923538,0.21838918328285217
deit_small,11,166,0.07455489039421082,0.21748457849025726
deit_small,11,167,0.07428214699029922,0.21668896079063416
deit_small,11,168,0.07355614751577377,0.21457114815711975
deit_small,11,169,0.07336942106485367,0.21402643620967865
deit_small,11,170,0.072787806391716,0.21232980489730835
deit_small,11,171,0.07254429161548615,0.21161945164203644
deit_small,11,172,0.07204589992761612,0.2101655900478363
deit_small,11,173,0.07190483063459396,0.209754079580307
deit_small,11,174,0.07145413011312485,0.20843933522701263
deit_small,11,175,0.0709974616765976,0.20710718631744385
deit_small,11,176,0.07090586423873901,0.20683997869491577
deit_small,11,177,0.07048068195581436,0.20559968054294586
deit_small,11,178,0.06987684220075607,0.20383821427822113
deit_small,11,179,0.06938699632883072,0.2024092823266983
deit_small,11,180,0.06921777129173279,0.20191563665866852
deit_small,11,181,0.06881706416606903,0.20074672996997833
deit_small,11,182,0.06855044513940811,0.19996897876262665
deit_small,11,183,0.06816218048334122,0.19883637130260468
deit_small,11,184,0.06769648939371109,0.19747789204120636
deit_small,11,185,0.06740235537290573,0.19661986827850342
deit_small,11,186,0.06699950248003006,0.19544470310211182
deit_small,11,187,0.06657902896404266,0.19421814382076263
deit_small,11,188,0.06633307039737701,0.19350065290927887
deit_small,11,189,0.06601231545209885,0.1925649791955948
deit_small,11,190,0.06550843268632889,0.19109509885311127
deit_small,11,191,0.06546960771083832,0.19098183512687683
deit_small,11,192,0.06513971090316772,0.19001950323581696
deit_small,11,193,0.06483955681324005,0.18914391100406647
deit_small,11,194,0.06429307907819748,0.18754978477954865
deit_small,11,195,0.06392307579517365,0.18647044897079468
deit_small,11,196,0.06383039802312851,0.1862000972032547
deit_small,11,197,0.06302480399608612,0.18385009467601776
deit_small,11,198,0.06273315101861954,0.18299931287765503
deit_small,11,199,0.06240251660346985,0.18203480541706085
deit_small,11,200,0.06173104792833328,0.18007606267929077
deit_small,11,201,0.061694514006376266,0.17996948957443237
deit_small,11,202,0.06155255064368248,0.17955537140369415
deit_small,11,203,0.06090080738067627,0.17765416204929352
deit_small,11,204,0.060723066329956055,0.1771356761455536
deit_small,11,205,0.060275204479694366,0.175829216837883
deit_small,11,206,0.059884212911129,0.1746886521577835
deit_small,11,207,0.059759411960840225,0.17432458698749542
deit_small,11,208,0.05935702100396156,0.17315077781677246
deit_small,11,209,0.05868997797369957,0.17120493948459625
deit_small,11,210,0.058159053325653076,0.1696561723947525
deit_small,11,211,0.05776797607541084,0.16851535439491272
deit_small,11,212,0.057502344250679016,0.16774047911167145
deit_small,11,213,0.056813836097717285,0.1657320261001587
deit_small,11,214,0.056702882051467896,0.16540837287902832
deit_small,11,215,0.056267157196998596,0.16413730382919312
deit_small,11,216,0.05618027225136757,0.16388386487960815
deit_small,11,217,0.055505987256765366,0.16191689670085907
deit_small,11,218,0.05495671182870865,0.16031460464000702
deit_small,11,219,0.05471016466617584,0.15959540009498596
deit_small,11,220,0.05438012629747391,0.15863263607025146
deit_small,11,221,0.05392856150865555,0.15731537342071533
deit_small,11,222,0.05371906980872154,0.15670426189899445
deit_small,11,223,0.05340680107474327,0.15579333901405334
deit_small,11,224,0.05291510373353958,0.15435901284217834
deit_small,11,225,0.05266086384654045,0.15361736714839935
deit_small,11,226,0.05223077908158302,0.15236276388168335
deit_small,11,227,0.051964208483695984,0.1515851467847824
deit_small,11,228,0.051654182374477386,0.1506807655096054
deit_small,11,229,0.05114348605275154,0.1491910070180893
deit_small,11,230,0.05075521394610405,0.14805838465690613
deit_small,11,231,0.05057520791888237,0.14753328263759613
deit_small,11,232,0.05009160190820694,0.14612255990505219
deit_small,11,233,0.04970621317625046,0.14499834179878235
deit_small,11,234,0.049477484077215195,0.14433111250400543
deit_small,11,235,0.049305908381938934,0.14383059740066528
deit_small,11,236,0.049061525613069534,0.14311771094799042
deit_small,11,237,0.048460159450769424,0.1413634568452835
deit_small,11,238,0.04818863421678543,0.14057140052318573
deit_small,11,239,0.04776427149772644,0.13933348655700684
deit_small,11,240,0.047136880457401276,0.13750331103801727
deit_small,11,241,0.04708714783191681,0.13735824823379517
deit_small,11,242,0.046747613698244095,0.1363677829504013
deit_small,11,243,0.04589156061410904,0.13387058675289154
deit_small,11,244,0.04535481333732605,0.1323048323392868
deit_small,11,245,0.045102689415216446,0.13156937062740326
deit_small,11,246,0.044717058539390564,0.13044443726539612
deit_small,11,247,0.04426668956875801,0.12913066148757935
deit_small,11,248,0.04374935105443001,0.12762153148651123
deit_small,11,249,0.0435529462993145,0.12704859673976898
deit_small,11,250,0.04333093762397766,0.12640097737312317
deit_small,11,251,0.0429094135761261,0.12517134845256805
deit_small,11,252,0.042462244629859924,0.12386690825223923
deit_small,11,253,0.04185199737548828,0.12208674848079681
deit_small,11,254,0.04167691618204117,0.12157601863145828
deit_small,11,255,0.04150109365582466,0.12106312811374664
deit_small,11,256,0.04104446619749069,0.11973109096288681
deit_small,11,257,0.04065916687250137,0.11860713362693787
deit_small,11,258,0.04025901481509209,0.11743985116481781
deit_small,11,259,0.03984183445572853,0.11622288823127747
deit_small,11,260,0.03912495821714401,0.11413168162107468
deit_small,11,261,0.03885937109589577,0.11335694044828415
deit_small,11,262,0.03839956969022751,0.11201564967632294
deit_small,11,263,0.0378069132566452,0.11028680950403214
deit_small,11,264,0.037651680409908295,0.1098339781165123
deit_small,11,265,0.037085164338350296,0.10818138718605042
deit_small,11,266,0.036873433738946915,0.10756374895572662
deit_small,11,267,0.03670632839202881,0.10707627981901169
deit_small,11,268,0.036322496831417084,0.10595660656690598
deit_small,11,269,0.036056190729141235,0.10517976433038712
deit_small,11,270,0.03533629700541496,0.10307975113391876
deit_small,11,271,0.03496207669377327,0.10198811441659927
deit_small,11,272,0.034785348922014236,0.10147257894277573
deit_small,11,273,0.03414665907621384,0.09960945695638657
deit_small,11,274,0.03370886296033859,0.09833235293626785
deit_small,11,275,0.03366773575544357,0.09821238368749619
deit_small,11,276,0.03335351496934891,0.09729576855897903
deit_small,11,277,0.03318672999739647,0.09680923819541931
deit_small,11,278,0.03266275301575661,0.09528074413537979
deit_small,11,279,0.032167524099349976,0.09383610635995865
deit_small,11,280,0.03177264332771301,0.09268419444561005
deit_small,11,281,0.03150953724980354,0.09191668778657913
deit_small,11,282,0.030805371701717377,0.08986256271600723
deit_small,11,283,0.030479392036795616,0.08891164511442184
deit_small,11,284,0.030158597975969315,0.08797585219144821
deit_small,11,285,0.030002925544977188,0.0875217393040657
deit_small,11,286,0.029607700183987617,0.08636882901191711
deit_small,11,287,0.029045412316918373,0.08472856879234314
deit_small,11,288,0.028533069416880608,0.08323401212692261
deit_small,11,289,0.0282882172614336,0.08251975476741791
deit_small,11,290,0.027888860553503036,0.0813547894358635
deit_small,11,291,0.027453484013676643,0.08008474856615067
deit_small,11,292,0.027277279645204544,0.07957074046134949
deit_small,11,293,0.026663493365049362,0.07778026163578033
deit_small,11,294,0.026428135111927986,0.0770936980843544
deit_small,11,295,0.026305289939045906,0.07673534005880356
deit_small,11,296,0.025486553087830544,0.07434699684381485
deit_small,11,297,0.024997198954224586,0.07291950285434723
deit_small,11,298,0.02489500492811203,0.07262139022350311
deit_small,11,299,0.024034898728132248,0.07011236995458603
deit_small,11,300,0.0237717442214489,0.06934472173452377
deit_small,11,301,0.023478269577026367,0.06848862022161484
deit_small,11,302,0.023206926882267,0.06769708544015884
deit_small,11,303,0.022951019927859306,0.06695057451725006
deit_small,11,304,0.02275324985384941,0.06637366116046906
deit_small,11,305,0.0225712601095438,0.06584277749061584
deit_small,11,306,0.0223965123295784,0.06533301621675491
deit_small,11,307,0.021551381796598434,0.06286768615245819
deit_small,11,308,0.021305037662386894,0.06214907020330429
deit_small,11,309,0.021004488691687584,0.06127233803272247
deit_small,11,310,0.020430754870176315,0.05959869548678398
deit_small,11,311,0.020140673965215683,0.058752499520778656
deit_small,11,312,0.0195393655449152,0.056998416781425476
deit_small,11,313,0.01933845691382885,0.05641234666109085
deit_small,11,314,0.018611324951052666,0.054291222244501114
deit_small,11,315,0.018480874598026276,0.05391068756580353
deit_small,11,316,0.01837361603975296,0.05359780043363571
deit_small,11,317,0.01778184436261654,0.051871541887521744
deit_small,11,318,0.017568474635481834,0.05124911665916443
deit_small,11,319,0.01720585860311985,0.050191327929496765
deit_small,11,320,0.016938410699367523,0.04941115528345108
deit_small,11,321,0.01627427525818348,0.04747379943728447
deit_small,11,322,0.016153056174516678,0.047120191156864166
deit_small,11,323,0.015805518254637718,0.04610638692975044
deit_small,11,324,0.015557240694761276,0.04538213461637497
deit_small,11,325,0.015356102958321571,0.04479539394378662
deit_small,11,326,0.015185841359198093,0.044298723340034485
deit_small,11,327,0.014767266809940338,0.04307769611477852
deit_small,11,328,0.013935621827840805,0.04065169766545296
deit_small,11,329,0.013853035867214203,0.040410786867141724
deit_small,11,330,0.013562751933932304,0.03956399857997894
deit_small,11,331,0.013363166712224483,0.038981784135103226
deit_small,11,332,0.013126966543495655,0.038292765617370605
deit_small,11,333,0.01299656368792057,0.037912365049123764
deit_small,11,334,0.012508559040725231,0.03648880496621132
deit_small,11,335,0.01214610319584608,0.03543148189783096
deit_small,11,336,0.01187979243695736,0.03465462476015091
deit_small,11,337,0.011610099114477634,0.03386789932847023
deit_small,11,338,0.011562436819076538,0.033728864043951035
deit_small,11,339,0.011286616325378418,0.032924264669418335
deit_small,11,340,0.011010943911969662,0.032120101153850555
deit_small,11,341,0.010326270014047623,0.03012283332645893
deit_small,11,342,0.010134494863450527,0.029563404619693756
deit_small,11,343,0.009943184442818165,0.02900533191859722
deit_small,11,344,0.009730234742164612,0.02838413417339325
deit_small,11,345,0.009226804599165916,0.026915574446320534
deit_small,11,346,0.009078191593289375,0.026482054963707924
deit_small,11,347,0.008925611153244972,0.026036961004137993
deit_small,11,348,0.008573799394071102,0.025010688230395317
deit_small,11,349,0.008033561520278454,0.023434758186340332
deit_small,11,350,0.007925886660814285,0.023120658472180367
deit_small,11,351,0.007753584533929825,0.022618034854531288
deit_small,11,352,0.007449774537235498,0.0217317882925272
deit_small,11,353,0.00698256166651845,0.020368877798318863
deit_small,11,354,0.0068600415252149105,0.020011473447084427
deit_small,11,355,0.006591370329260826,0.019227731972932816
deit_small,11,356,0.0062615214847028255,0.018265526741743088
deit_small,11,357,0.006012223195284605,0.017538297921419144
deit_small,11,358,0.005740972701460123,0.01674703136086464
deit_small,11,359,0.005462722387164831,0.015935344621539116
deit_small,11,360,0.005434607155621052,0.015853330492973328
deit_small,11,361,0.005143568851053715,0.015004339627921581
deit_small,11,362,0.004949191585183144,0.01443732064217329
deit_small,11,363,0.0044063664972782135,0.012853842228651047
deit_small,11,364,0.0043527535162866116,0.012697447091341019
deit_small,11,365,0.004017280414700508,0.01171883661299944
deit_small,11,366,0.0038069842848926783,0.011105380021035671
deit_small,11,367,0.003388725919649005,0.009885275736451149
deit_small,11,368,0.003150451462715864,0.009190203621983528
deit_small,11,369,0.003007523249834776,0.008773266337811947
deit_small,11,370,0.002709658583626151,0.007904363796114922
deit_small,11,371,0.002557547064498067,0.007460637949407101
deit_small,11,372,0.002137512434273958,0.006235352251678705
deit_small,11,373,0.0020233076065778732,0.005902204662561417
deit_small,11,374,0.0017863548127934337,0.0052109877578914165
deit_small,11,375,0.0016187912551686168,0.004722187295556068
deit_small,11,376,0.001313525135628879,0.0038316932041198015
deit_small,11,377,0.001261064549908042,0.0036786601413041353
deit_small,11,378,0.0005993226659484208,0.001748288283124566
deit_small,11,379,0.0003870552754960954,0.0011290815891698003
deit_small,11,380,0.0002554902748670429,0.0007452924619428813
deit_small,11,381,9.0155350335408e-05,0.000262992805801332
deit_small,11,382,0.0,0.0
deit_small,11,383,0.0,0.0
vit_base,2,0,6.804187297821045,1.0
vit_base,2,1,4.6686201095581055,0.6861392259597778
vit_base,2,2,3.4676640033721924,0.5096367597579956
vit_base,2,3,3.0428998470306396,0.4472098648548126
vit_base,2,4,2.321500778198242,0.341187059879303
vit_base,2,5,2.123371124267578,0.31206828355789185
vit_base,2,6,2.0191948413848877,0.29675766825675964
vit_base,2,7,1.9658221006393433,0.2889135777950287
vit_base,2,8,1.795896291732788,0.26393985748291016
vit_base,2,9,1.6330071687698364,0.24000032246112823
vit_base,2,10,1.5359734296798706,0.22573943436145782
vit_base,2,11,1.4419822692871094,0.2119257152080536
vit_base,2,12,1.413185954093933,0.20769356191158295
vit_base,2,13,1.3222596645355225,0.19433027505874634
vit_base,2,14,1.3005473613739014,0.19113926589488983
vit_base,2,15,1.287966251373291,0.18929024040699005
vit_base,2,16,1.269076943397522,0.18651410937309265
vit_base,2,17,1.2186263799667358,0.17909947037696838
vit_base,2,18,1.1618870496749878,0.17076058685779572
vit_base,2,19,1.1465325355529785,0.16850395500659943
vit_base,2,20,1.0832021236419678,0.1591963917016983
vit_base,2,21,1.0554444789886475,0.15511690080165863
vit_base,2,22,1.0353885889053345,0.15216931700706482
vit_base,2,23,1.0264326333999634,0.15085308253765106
vit_base,2,24,0.9958122968673706,0.1463528573513031
vit_base,2,25,0.9691035151481628,0.14242751896381378
vit_base,2,26,0.9612277746200562,0.14127002656459808
vit_base,2,27,0.9243426322937012,0.13584908843040466
vit_base,2,28,0.90907883644104,0.13360579311847687
vit_base,2,29,0.8625764846801758,0.12677142024040222
vit_base,2,30,0.8578537702560425,0.1260773241519928
vit_base,2,31,0.8528367280960083,0.12533998489379883
vit_base,2,32,0.8389252424240112,0.12329543381929398
vit_base,2,33,0.817838728427887,0.1201963871717453
vit_base,2,34,0.8097144365310669,0.11900237202644348
vit_base,2,35,0.8031788468360901,0.11804184317588806
vit_base,2,36,0.7866655588150024,0.11561491340398788
vit_base,2,37,0.7754822373390198,0.11397132277488708
vit_base,2,38,0.755108654499054,0.11097705364227295
vit_base,2,39,0.7471854090690613,0.10981258749961853
vit_base,2,40,0.7440266609191895,0.1093483492732048
vit_base,2,41,0.718731164932251,0.10563071072101593
vit_base,2,42,0.6961222290992737,0.10230791568756104
vit_base,2,43,0.6945617198944092,0.10207857191562653
vit_base,2,44,0.681861162185669,0.1002119928598404
vit_base,2,45,0.6783102750778198,0.09969012439250946
vit_base,2,46,0.6734479665756226,0.0989755168557167
vit_base,2,47,0.6642655730247498,0.09762599319219589
vit_base,2,48,0.6516992449760437,0.09577914327383041
vit_base,2,49,0.6452575922012329,0.09483242779970169
vit_base,2,50,0.6363329291343689,0.09352078288793564
vit_base,2,51,0.6283366680145264,0.09234558790922165
vit_base,2,52,0.6233074069023132,0.09160644561052322
vit_base,2,53,0.6101412177085876,0.08967143297195435
vit_base,2,54,0.6087902784347534,0.08947288244962692
vit_base,2,55,0.6003812551498413,0.08823702484369278
vit_base,2,56,0.5936102271080017,0.08724189549684525
vit_base,2,57,0.5877187252044678,0.08637603372335434
vit_base,2,58,0.5768535733222961,0.08477920293807983
vit_base,2,59,0.5656535029411316,0.08313314616680145
vit_base,2,60,0.5607253313064575,0.0824088603258133
vit_base,2,61,0.5573025345802307,0.08190581947565079
vit_base,2,62,0.5547564029693604,0.08153161406517029
vit_base,2,63,0.547053337097168,0.0803995132446289
vit_base,2,64,0.538360595703125,0.07912195473909378
vit_base,2,65,0.5284620523452759,0.07766717672348022
vit_base,2,66,0.5275174975395203,0.07752835750579834
vit_base,2,67,0.5267992615699768,0.07742280513048172
vit_base,2,68,0.5215980410575867,0.07665839046239853
vit_base,2,69,0.5180122256278992,0.07613138854503632
vit_base,2,70,0.5097920894622803,0.07492328435182571
vit_base,2,71,0.5037316083908081,0.07403258979320526
vit_base,2,72,0.49805164337158203,0.07319781184196472
vit_base,2,73,0.4957657754421234,0.07286186516284943
vit_base,2,74,0.491853803396225,0.0722869262099266
vit_base,2,75,0.48373082280158997,0.0710931047797203
vit_base,2,76,0.48072052001953125,0.07065068930387497
vit_base,2,77,0.48034584522247314,0.0705956220626831
vit_base,2,78,0.47765833139419556,0.07020064443349838
vit_base,2,79,0.4722776412963867,0.06940985471010208
vit_base,2,80,0.46657371520996094,0.0685715526342392
vit_base,2,81,0.46565160155296326,0.06843603402376175
vit_base,2,82,0.4613257646560669,0.06780027598142624
vit_base,2,83,0.4565705955028534,0.06710141152143478
vit_base,2,84,0.45203930139541626,0.06643545627593994
vit_base,2,85,0.4499630331993103,0.06613031029701233
vit_base,2,86,0.4480977952480316,0.06585618108510971
vit_base,2,87,0.4421137869358063,0.06497672200202942
vit_base,2,88,0.4345037043094635,0.0638582780957222
vit_base,2,89,0.4275754392147064,0.0628400444984436
vit_base,2,90,0.4258245527744293,0.06258271634578705
vit_base,2,91,0.4247002899646759,0.06241748854517937
vit_base,2,92,0.42208340764045715,0.06203288957476616
vit_base,2,93,0.41948017477989197,0.061650294810533524
vit_base,2,94,0.4166993498802185,0.06124160438776016
vit_base,2,95,0.411573201417923,0.06048822030425072
vit_base,2,96,0.40973156690597534,0.06021755933761597
vit_base,2,97,0.40845656394958496,0.060030173510313034
vit_base,2,98,0.40353846549987793,0.05930737033486366
vit_base,2,99,0.39727482199668884,0.05838681384921074
vit_base,2,100,0.392069935798645,0.05762185901403427
vit_base,2,101,0.39117324352264404,0.05749007314443588
vit_base,2,102,0.3897233009338379,0.057276979088783264
vit_base,2,103,0.38297605514526367,0.056285347789525986
vit_base,2,104,0.37844154238700867,0.05561891943216324
vit_base,2,105,0.3763675093650818,0.05531410127878189
vit_base,2,106,0.3749956488609314,0.055112481117248535
vit_base,2,107,0.37207987904548645,0.054683953523635864
vit_base,2,108,0.3700813353061676,0.054390233010053635
vit_base,2,109,0.36858484148979187,0.05417029559612274
vit_base,2,110,0.36568090319633484,0.05374350771307945
vit_base,2,111,0.36472952365875244,0.05360368639230728
vit_base,2,112,0.35993868112564087,0.05289958417415619
vit_base,2,113,0.358216255903244,0.052646439522504807
vit_base,2,114,0.35645902156829834,0.052388183772563934
vit_base,2,115,0.3541456460952759,0.05204819142818451
vit_base,2,116,0.3533479571342468,0.05193095654249191
vit_base,2,117,0.3499695062637329,0.05143443122506142
vit_base,2,118,0.34912824630737305,0.051310792565345764
vit_base,2,119,0.3477352261543274,0.05110606178641319
vit_base,2,120,0.3459457457065582,0.05084306374192238
vit_base,2,121,0.34354397654533386,0.05049008131027222
vit_base,2,122,0.34148961305618286,0.050188153982162476
vit_base,2,123,0.336931973695755,0.04951832443475723
vit_base,2,124,0.33543992042541504,0.04929904267191887
vit_base,2,125,0.33451223373413086,0.04916270077228546
vit_base,2,126,0.3312075436115265,0.04867701604962349
vit_base,2,127,0.3290812373161316,0.04836451634764671
vit_base,2,128,0.32799988985061646,0.04820559173822403
vit_base,2,129,0.3272789716720581,0.048099640756845474
vit_base,2,130,0.3248274028301239,0.047739338129758835
vit_base,2,131,0.32094794511795044,0.04716917872428894
vit_base,2,132,0.3196753263473511,0.04698214679956436
vit_base,2,133,0.31700190901756287,0.046589236706495285
vit_base,2,134,0.31589141488075256,0.04642603173851967
vit_base,2,135,0.31302982568740845,0.04600546881556511
vit_base,2,136,0.3120332658290863,0.04585900530219078
vit_base,2,137,0.3084050714969635,0.04532577469944954
vit_base,2,138,0.3058202564716339,0.044945888221263885
vit_base,2,139,0.30457085371017456,0.0447622649371624
vit_base,2,140,0.3041820526123047,0.04470512643456459
vit_base,2,141,0.30153903365135193,0.04431668668985367
vit_base,2,142,0.30032938718795776,0.04413890466094017
vit_base,2,143,0.2986539900302887,0.04389267414808273
vit_base,2,144,0.29774314165115356,0.0437588095664978
vit_base,2,145,0.296173095703125,0.04352806136012077
vit_base,2,146,0.29370859265327454,0.04316585883498192
vit_base,2,147,0.29345178604125977,0.0431281141936779
vit_base,2,148,0.2906246781349182,0.04271262139081955
vit_base,2,149,0.28962206840515137,0.04256526753306389
vit_base,2,150,0.2887089252471924,0.0424310639500618
vit_base,2,151,0.28843557834625244,0.04239089414477348
vit_base,2,152,0.28616100549697876,0.042056601494550705
vit_base,2,153,0.2841687798500061,0.04176380857825279
vit_base,2,154,0.2833475172519684,0.041643109172582626
vit_base,2,155,0.2812718152999878,0.04133804515004158
vit_base,2,156,0.2798823416233063,0.04113383591175079
vit_base,2,157,0.27675777673721313,0.04067462682723999
vit_base,2,158,0.27563396096229553,0.040509458631277084
vit_base,2,159,0.2741585075855255,0.04029261693358421
vit_base,2,160,0.27290040254592896,0.040107712149620056
vit_base,2,161,0.27034991979599,0.03973287343978882
vit_base,2,162,0.26846200227737427,0.03945541009306908
vit_base,2,163,0.26765844225883484,0.03933731094002724
vit_base,2,164,0.26725032925605774,0.039277333766222
vit_base,2,165,0.26617035269737244,0.03911861032247543
vit_base,2,166,0.26454928517341614,0.0388803631067276
vit_base,2,167,0.26299726963043213,0.038652267307043076
vit_base,2,168,0.26159560680389404,0.03844626620411873
vit_base,2,169,0.26062479615211487,0.03830358758568764
vit_base,2,170,0.2586166560649872,0.03800845518708229
vit_base,2,171,0.2574926018714905,0.0378432534635067
vit_base,2,172,0.2554756999015808,0.03754683583974838
vit_base,2,173,0.25445953011512756,0.037397488951683044
vit_base,2,174,0.2540251612663269,0.0373336523771286
vit_base,2,175,0.2529991567134857,0.03718286007642746
vit_base,2,176,0.25226151943206787,0.03707445040345192
vit_base,2,177,0.25142815709114075,0.03695197403430939
vit_base,2,178,0.2493993043899536,0.0366537980735302
vit_base,2,179,0.24860817193984985,0.036537524312734604
vit_base,2,180,0.247999370098114,0.036448050290346146
vit_base,2,181,0.24708862602710724,0.03631420060992241
vit_base,2,182,0.24620985984802246,0.03618504852056503
vit_base,2,183,0.24404342472553253,0.03586665168404579
vit_base,2,184,0.24195605516433716,0.03555987402796745
vit_base,2,185,0.24184256792068481,0.03554319590330124
vit_base,2,186,0.23970742523670197,0.0352293960750103
vit_base,2,187,0.23896509408950806,0.035120297223329544
vit_base,2,188,0.23846696317195892,0.03504708781838417
vit_base,2,189,0.2363595962524414,0.034737374633550644
vit_base,2,190,0.23590406775474548,0.034670423716306686
vit_base,2,191,0.23574496805667877,0.03464704006910324
vit_base,2,192,0.2342803031206131,0.034431781619787216
vit_base,2,193,0.23330430686473846,0.03428834304213524
vit_base,2,194,0.23164434731006622,0.034044381231069565
vit_base,2,195,0.23115913569927216,0.03397306799888611
vit_base,2,196,0.22982178628444672,0.03377652168273926
vit_base,2,197,0.22812776267528534,0.03352755308151245
vit_base,2,198,0.22701296210289001,0.033363714814186096
vit_base,2,199,0.22611956298351288,0.03323241323232651
vit_base,2,200,0.22511142492294312,0.03308424726128578
vit_base,2,201,0.22476248443126678,0.033032964915037155
vit_base,2,202,0.22313782572746277,0.03279419243335724
vit_base,2,203,0.2221570461988449,0.03265004605054855
vit_base,2,204,0.2207179218530655,0.03243854269385338
vit_base,2,205,0.22042317688465118,0.03239522501826286
vit_base,2,206,0.2190004289150238,0.032186124473810196
vit_base,2,207,0.21844634413719177,0.03210469335317612
vit_base,2,208,0.21797214448451996,0.03203500062227249
vit_base,2,209,0.21627260744571686,0.03178522363305092
vit_base,2,210,0.21576158702373505,0.03171011805534363
vit_base,2,211,0.2153966873884201,0.03165648877620697
vit_base,2,212,0.21448157727718353,0.0315219983458519
vit_base,2,213,0.2139565497636795,0.03144483640789986
vit_base,2,214,0.21272888779640198,0.03126440569758415
vit_base,2,215,0.2118014246225357,0.03112809918820858
vit_base,2,216,0.21119137108325958,0.031038440763950348
vit_base,2,217,0.20981363952159882,0.030835958197712898
vit_base,2,218,0.20855382084846497,0.030650803819298744
vit_base,2,219,0.20780964195728302,0.03054143488407135
vit_base,2,220,0.20688749849796295,0.030405908823013306
vit_base,2,221,0.20657137036323547,0.03035944700241089
vit_base,2,222,0.20541644096374512,0.03018970973789692
vit_base,2,223,0.20448118448257446,0.03005225583910942
vit_base,2,224,0.20311862230300903,0.0298520028591156
vit_base,2,225,0.2030131220817566,0.029836498200893402
vit_base,2,226,0.20186491310596466,0.029667746275663376
vit_base,2,227,0.20040595531463623,0.029453326016664505
vit_base,2,228,0.1995500773191452,0.02932753972709179
vit_base,2,229,0.1992209255695343,0.029279164969921112
vit_base,2,230,0.19870446622371674,0.02920326218008995
vit_base,2,231,0.19822314381599426,0.029132522642612457
vit_base,2,232,0.196638822555542,0.028899677097797394
vit_base,2,233,0.19624446332454681,0.028841719031333923
vit_base,2,234,0.195402130484581,0.028717922046780586
vit_base,2,235,0.19463558495044708,0.0286052655428648
vit_base,2,236,0.19383476674556732,0.028487570583820343
vit_base,2,237,0.19288381934165955,0.028347810730338097
vit_base,2,238,0.1924125701189041,0.028278551995754242
vit_base,2,239,0.19215582311153412,0.02824081853032112
vit_base,2,240,0.1915750801563263,0.02815546840429306
vit_base,2,241,0.19113746285438538,0.028091151267290115
vit_base,2,242,0.18966297805309296,0.027874449267983437
vit_base,2,243,0.18954411149024963,0.0278569795191288
vit_base,2,244,0.18819522857666016,0.027658736333251
vit_base,2,245,0.18777085840702057,0.02759636752307415
vit_base,2,246,0.1871509850025177,0.027505265548825264
vit_base,2,247,0.1864326298236847,0.027399690821766853
vit_base,2,248,0.18564553558826447,0.027284013107419014
vit_base,2,249,0.1846129298210144,0.027132252231240273
vit_base,2,250,0.18386660516262054,0.02702256664633751
vit_base,2,251,0.18368807435035706,0.026996327564120293
vit_base,2,252,0.18279923498630524,0.026865696534514427
vit_base,2,253,0.18270131945610046,0.02685130573809147
vit_base,2,254,0.18212279677391052,0.026766281574964523
vit_base,2,255,0.18135614693164825,0.026653608307242393
vit_base,2,256,0.17964878678321838,0.026402680203318596
vit_base,2,257,0.17921940982341766,0.0263395756483078
vit_base,2,258,0.17851285636425018,0.026235735043883324
vit_base,2,259,0.17704249918460846,0.026019638404250145
vit_base,2,260,0.1766364872455597,0.02595996856689453
vit_base,2,261,0.17604343593120575,0.025872807949781418
vit_base,2,262,0.17551006376743317,0.025794418528676033
vit_base,2,263,0.17502258718013763,0.025722775608301163
vit_base,2,264,0.17480842769145966,0.025691300630569458
vit_base,2,265,0.17422324419021606,0.025605296716094017
vit_base,2,266,0.17309097945690155,0.025438889861106873
vit_base,2,267,0.17297691106796265,0.025422126054763794
vit_base,2,268,0.1722867339849472,0.025320691987872124
vit_base,2,269,0.1710437685251236,0.025138014927506447
vit_base,2,270,0.1709749698638916,0.02512790448963642
vit_base,2,271,0.16995424032211304,0.02497788891196251
vit_base,2,272,0.16879026591777802,0.02480682171881199
vit_base,2,273,0.16787299513816833,0.0246720127761364
vit_base,2,274,0.16720162332057953,0.024573341012001038
vit_base,2,275,0.1672012060880661,0.024573279544711113
vit_base,2,276,0.16684666275978088,0.024521173909306526
vit_base,2,277,0.16607627272605896,0.024407951161265373
vit_base,2,278,0.16544389724731445,0.024315010756254196
vit_base,2,279,0.1652073711156845,0.024280250072479248
vit_base,2,280,0.16452769935131073,0.02418036013841629
vit_base,2,281,0.1645069420337677,0.02417730912566185
vit_base,2,282,0.1636151820421219,0.024046247825026512
vit_base,2,283,0.16283468902111053,0.023931540548801422
vit_base,2,284,0.16228432953357697,0.023850655183196068
vit_base,2,285,0.16202352941036224,0.023812325671315193
vit_base,2,286,0.16173094511032104,0.023769324645400047
vit_base,2,287,0.16073086857795715,0.02362234517931938
vit_base,2,288,0.16035272181034088,0.023566769436001778
vit_base,2,289,0.15973009169101715,0.02347526326775551
vit_base,2,290,0.15914109349250793,0.02338869869709015
vit_base,2,291,0.1587057262659073,0.023324713110923767
vit_base,2,292,0.1580834537744522,0.023233259096741676
vit_base,2,293,0.15705424547195435,0.023081999272108078
vit_base,2,294,0.156967431306839,0.023069240152835846
vit_base,2,295,0.15667621791362762,0.023026440292596817
vit_base,2,296,0.15639545023441315,0.022985177114605904
vit_base,2,297,0.15574494004249573,0.022889571264386177
vit_base,2,298,0.15508191287517548,0.02279212884604931
vit_base,2,299,0.15482932329177856,0.022755006328225136
vit_base,2,300,0.1539875566959381,0.022631293162703514
vit_base,2,301,0.1536506861448288,0.022581784054636955
vit_base,2,302,0.153034046292305,0.022491157054901123
vit_base,2,303,0.15267126262187958,0.022437838837504387
vit_base,2,304,0.15237535536289215,0.022394349798560143
vit_base,2,305,0.15181802213191986,0.02231243997812271
vit_base,2,306,0.15083935856819153,0.022168606519699097
vit_base,2,307,0.15060649812221527,0.022134384140372276
vit_base,2,308,0.14978356659412384,0.022013438865542412
vit_base,2,309,0.14918603003025055,0.02192562073469162
vit_base,2,310,0.1490311473608017,0.02190285734832287
vit_base,2,311,0.1484193503856659,0.021812941879034042
vit_base,2,312,0.14823897182941437,0.021786432713270187
vit_base,2,313,0.14712300896644592,0.021622421219944954
vit_base,2,314,0.14707300066947937,0.02161507122218609
vit_base,2,315,0.14687226712703705,0.02158557064831257
vit_base,2,316,0.14631402492523193,0.021503526717424393
vit_base,2,317,0.1455705463886261,0.021394258365035057
vit_base,2,318,0.14522191882133484,0.021343020722270012
vit_base,2,319,0.14484833180904388,0.02128811553120613
vit_base,2,320,0.14431899785995483,0.02121032029390335
vit_base,2,321,0.14367815852165222,0.021116137504577637
vit_base,2,322,0.14347118139266968,0.021085718646645546
vit_base,2,323,0.14301234483718872,0.02101828344166279
vit_base,2,324,0.14289289712905884,0.021000729873776436
vit_base,2,325,0.14162318408489227,0.020814120769500732
vit_base,2,326,0.14129704236984253,0.020766189321875572
vit_base,2,327,0.14113810658454895,0.020742829889059067
vit_base,2,328,0.14040109515190125,0.020634513348340988
vit_base,2,329,0.14028647541999817,0.020617667585611343
vit_base,2,330,0.13984611630439758,0.020552948117256165
vit_base,2,331,0.138959601521492,0.020422659814357758
vit_base,2,332,0.13863472640514374,0.02037491276860237
vit_base,2,333,0.13793917000293732,0.020272688940167427
vit_base,2,334,0.13762782514095306,0.02022692933678627
vit_base,2,335,0.1369900405406952,0.02013319544494152
vit_base,2,336,0.13659700751304626,0.02007543295621872
vit_base,2,337,0.13635721802711487,0.02004019170999527
vit_base,2,338,0.13567467033863068,0.019939878955483437
vit_base,2,339,0.13543951511383057,0.019905317574739456
vit_base,2,340,0.1353263109922409,0.019888680428266525
vit_base,2,341,0.13461671769618988,0.019784392789006233
vit_base,2,342,0.13406655192375183,0.019703535363078117
vit_base,2,343,0.13365517556667328,0.01964307576417923
vit_base,2,344,0.13337349891662598,0.01960167847573757
vit_base,2,345,0.13304437696933746,0.019553309306502342
vit_base,2,346,0.13268901407718658,0.019501080736517906
vit_base,2,347,0.13230933248996735,0.019445279613137245
vit_base,2,348,0.13179369270801544,0.019369497895240784
vit_base,2,349,0.13150891661643982,0.019327644258737564
vit_base,2,350,0.1311628222465515,0.019276779145002365
vit_base,2,351,0.13054175674915314,0.01918550208210945
vit_base,2,352,0.13006697595119476,0.01911572553217411
vit_base,2,353,0.1296149492263794,0.01904929056763649
vit_base,2,354,0.1295013576745987,0.019032597541809082
vit_base,2,355,0.12867239117622375,0.018910765647888184
vit_base,2,356,0.12858490645885468,0.018897907808423042
vit_base,2,357,0.1280902624130249,0.018825210630893707
vit_base,2,358,0.12757143378257751,0.01874895952641964
vit_base,2,359,0.12724953889846802,0.018701650202274323
vit_base,2,360,0.12673567235469818,0.018626129254698753
vit_base,2,361,0.12597404420375824,0.01851419359445572
vit_base,2,362,0.12578964233398438,0.01848709210753441
vit_base,2,363,0.12566694617271423,0.018469059839844704
vit_base,2,364,0.1254783719778061,0.018441345542669296
vit_base,2,365,0.12490098923444748,0.01835648901760578
vit_base,2,366,0.12424159049987793,0.018259577453136444
vit_base,2,367,0.12421777844429016,0.01825607754290104
vit_base,2,368,0.12365967780351639,0.018174055963754654
vit_base,2,369,0.12340953201055527,0.018137291073799133
vit_base,2,370,0.12298775464296341,0.018075304105877876
vit_base,2,371,0.12290775030851364,0.01806354522705078
vit_base,2,372,0.12221045792102814,0.017961066216230392
vit_base,2,373,0.12197742611169815,0.017926817759871483
vit_base,2,374,0.12184282392263412,0.0179070346057415
vit_base,2,375,0.12152771651744843,0.01786072365939617
vit_base,2,376,0.12141593545675278,0.017844295129179955
vit_base,2,377,0.12101903557777405,0.017785964533686638
vit_base,2,378,0.12059005349874496,0.01772291772067547
vit_base,2,379,0.12028283625841141,0.01767776720225811
vit_base,2,380,0.11998657137155533,0.017634224146604538
vit_base,2,381,0.11969654262065887,0.017591599375009537
vit_base,2,382,0.11901269853115082,0.017491096630692482
vit_base,2,383,0.11832311749458313,0.017389750108122826
vit_base,2,384,0.11827120184898376,0.017382120713591576
vit_base,2,385,0.11771657317876816,0.01730060763657093
vit_base,2,386,0.11750441789627075,0.017269426956772804
vit_base,2,387,0.11706040054559708,0.017204171046614647
vit_base,2,388,0.11660819500684738,0.017137710005044937
vit_base,2,389,0.11648602038621902,0.01711975410580635
vit_base,2,390,0.11621895432472229,0.017080504447221756
vit_base,2,391,0.1155206486582756,0.01697787642478943
vit_base,2,392,0.11523572355508804,0.01693600043654442
vit_base,2,393,0.11514482647180557,0.016922641545534134
vit_base,2,394,0.1150861606001854,0.016914019361138344
vit_base,2,395,0.11420275270938873,0.0167841874063015
vit_base,2,396,0.11370871216058731,0.016711577773094177
vit_base,2,397,0.11367949843406677,0.0167072843760252
vit_base,2,398,0.11334697902202606,0.016658414155244827
vit_base,2,399,0.1131599172949791,0.016630923375487328
vit_base,2,400,0.11301972717046738,0.016610318794846535
vit_base,2,401,0.11251996457576752,0.01653687097132206
vit_base,2,402,0.11238615959882736,0.01651720516383648
vit_base,2,403,0.11177980154752731,0.016428088769316673
vit_base,2,404,0.11161885410547256,0.01640443503856659
vit_base,2,405,0.11116549372673035,0.01633780635893345
vit_base,2,406,0.1107274740934372,0.016273431479930878
vit_base,2,407,0.11021105200052261,0.016197532415390015
vit_base,2,408,0.11004212498664856,0.016172707080841064
vit_base,2,409,0.10972152650356293,0.01612558774650097
vit_base,2,410,0.10947366058826447,0.01608915999531746
vit_base,2,411,0.10930920392274857,0.016064990311861038
vit_base,2,412,0.10898636281490326,0.016017543151974678
vit_base,2,413,0.10866373032331467,0.015970125794410706
vit_base,2,414,0.10842244327068329,0.015934664756059647
vit_base,2,415,0.10826079547405243,0.015910906717181206
vit_base,2,416,0.10788030922412872,0.015854988247156143
vit_base,2,417,0.10755369067192078,0.015806986019015312
vit_base,2,418,0.1074739545583725,0.01579526625573635
vit_base,2,419,0.10692198574542999,0.015714144334197044
vit_base,2,420,0.10648594051599503,0.015650060027837753
vit_base,2,421,0.10623824596405029,0.015613656491041183
vit_base,2,422,0.10611782222986221,0.015595957636833191
vit_base,2,423,0.10582511126995087,0.015552938915789127
vit_base,2,424,0.10515501350164413,0.015454455278813839
vit_base,2,425,0.10494328290224075,0.015423337928950787
vit_base,2,426,0.10476227849721909,0.01539673563092947
vit_base,2,427,0.10422331094741821,0.015317524783313274
vit_base,2,428,0.10409347712993622,0.015298443846404552
vit_base,2,429,0.10398060828447342,0.015281855128705502
vit_base,2,430,0.10352250188589096,0.0152145279571414
vit_base,2,431,0.10340341180562973,0.01519702561199665
vit_base,2,432,0.10299716889858246,0.015137321315705776
vit_base,2,433,0.10263232886791229,0.015083701349794865
vit_base,2,434,0.10242795199155807,0.015053664334118366
vit_base,2,435,0.10209044814109802,0.015004062093794346
vit_base,2,436,0.10188372433185577,0.014973679557442665
vit_base,2,437,0.10127602517604828,0.01488436758518219
vit_base,2,438,0.10103193670511246,0.014848493970930576
vit_base,2,439,0.10064642876386642,0.014791836962103844
vit_base,2,440,0.10039335489273071,0.014754642732441425
vit_base,2,441,0.10016065090894699,0.014720442704856396
vit_base,2,442,0.09992525726556778,0.014685846865177155
vit_base,2,443,0.09985437244176865,0.014675429090857506
vit_base,2,444,0.09965009987354279,0.014645407907664776
vit_base,2,445,0.09906081855297089,0.014558802358806133
vit_base,2,446,0.09891165047883987,0.014536879025399685
vit_base,2,447,0.0985584408044815,0.014484968036413193
vit_base,2,448,0.09844265133142471,0.014467950910329819
vit_base,2,449,0.09826432913541794,0.01444174349308014
vit_base,2,450,0.09786390513181686,0.014382894150912762
vit_base,2,451,0.09761302173137665,0.01434602215886116
vit_base,2,452,0.09713079035282135,0.014275149442255497
vit_base,2,453,0.09693778306245804,0.014246783219277859
vit_base,2,454,0.09650086611509323,0.01418257039040327
vit_base,2,455,0.09617948532104492,0.014135337434709072
vit_base,2,456,0.09607343375682831,0.014119750820100307
vit_base,2,457,0.09591248631477356,0.014096097089350224
vit_base,2,458,0.09533116221427917,0.014010660350322723
vit_base,2,459,0.09520255029201508,0.013991759158670902
vit_base,2,460,0.09493706375360489,0.013952740468084812
vit_base,2,461,0.09492417424917221,0.013950846157968044
vit_base,2,462,0.09430131316184998,0.013859305530786514
vit_base,2,463,0.0939379632472992,0.013805904425680637
vit_base,2,464,0.0938001424074173,0.013785649091005325
vit_base,2,465,0.09366939961910248,0.013766434043645859
vit_base,2,466,0.09311649948358536,0.013685175217688084
vit_base,2,467,0.09282174706459045,0.013641856610774994
vit_base,2,468,0.09253468364477158,0.013599666766822338
vit_base,2,469,0.09249040484428406,0.0135931596159935
vit_base,2,470,0.09209933876991272,0.013535684905946255
vit_base,2,471,0.0918562114238739,0.013499952852725983
vit_base,2,472,0.09183119982481003,0.013496276922523975
vit_base,2,473,0.09133069962263107,0.013422719202935696
vit_base,2,474,0.09112255275249481,0.013392128050327301
vit_base,2,475,0.09110994637012482,0.01339027564972639
vit_base,2,476,0.09067599475383759,0.013326498679816723
vit_base,2,477,0.09012623876333237,0.013245701789855957
vit_base,2,478,0.08998209983110428,0.013224517926573753
vit_base,2,479,0.08984944224357605,0.013205021619796753
vit_base,2,480,0.08968420326709747,0.01318073645234108
vit_base,2,481,0.08932741731405258,0.013128300197422504
vit_base,2,482,0.08902040868997574,0.013083179481327534
vit_base,2,483,0.08872725069522858,0.013040094636380672
vit_base,2,484,0.08839301764965057,0.012990972958505154
vit_base,2,485,0.08831867575645447,0.01298004761338234
vit_base,2,486,0.08805447071790695,0.012941217981278896
vit_base,2,487,0.08758747577667236,0.012872584164142609
vit_base,2,488,0.08757993578910828,0.012871475890278816
vit_base,2,489,0.087117038667202,0.012803444638848305
vit_base,2,490,0.08650334179401398,0.012713250704109669
vit_base,2,491,0.08639506995677948,0.012697338126599789
vit_base,2,492,0.08621905744075775,0.01267146971076727
vit_base,2,493,0.08594050258398056,0.012630531564354897
vit_base,2,494,0.08554991334676743,0.012573126703500748
vit_base,2,495,0.08525494486093521,0.012529776431620121
vit_base,2,496,0.08522309362888336,0.012525094673037529
vit_base,2,497,0.08498566597700119,0.01249020081013441
vit_base,2,498,0.08469639718532562,0.012447686865925789
vit_base,2,499,0.0844496339559555,0.012411421164870262
vit_base,2,500,0.08413046598434448,0.012364513240754604
vit_base,2,501,0.08411222696304321,0.012361832894384861
vit_base,2,502,0.08361067622900009,0.012288120575249195
vit_base,2,503,0.083107128739357,0.012214114889502525
vit_base,2,504,0.08309650421142578,0.01221255399286747
vit_base,2,505,0.08299148827791214,0.012197119183838367
vit_base,2,506,0.0824095830321312,0.012111597694456577
vit_base,2,507,0.0823759213089943,0.01210665050894022
vit_base,2,508,0.08218716830015182,0.012078910134732723
vit_base,2,509,0.08195721358060837,0.012045114301145077
vit_base,2,510,0.0818403959274292,0.01202794536948204
vit_base,2,511,0.08152105659246445,0.011981012299656868
vit_base,2,512,0.08132799714803696,0.011952639557421207
vit_base,2,513,0.08097570389509201,0.011900863610208035
vit_base,2,514,0.08089989423751831,0.011889721266925335
vit_base,2,515,0.08046333491802216,0.0118255615234375
vit_base,2,516,0.08035868406295776,0.011810180731117725
vit_base,2,517,0.08035256713628769,0.011809282004833221
vit_base,2,518,0.07986366003751755,0.011737427674233913
vit_base,2,519,0.07981601357460022,0.01173042505979538
vit_base,2,520,0.07941970974206924,0.011672181077301502
vit_base,2,521,0.07935880869626999,0.011663231067359447
vit_base,2,522,0.07873990386724472,0.011572271585464478
vit_base,2,523,0.07860428094863892,0.011552339419722557
vit_base,2,524,0.07822088897228241,0.011495992541313171
vit_base,2,525,0.07780537009239197,0.01143492478877306
vit_base,2,526,0.07771622389554977,0.01142182294279337
vit_base,2,527,0.07748729735612869,0.01138817798346281
vit_base,2,528,0.07734223455190659,0.011366858147084713
vit_base,2,529,0.07732175290584564,0.011363848112523556
vit_base,2,530,0.07714831829071045,0.011338358744978905
vit_base,2,531,0.07700745761394501,0.011317656375467777
vit_base,2,532,0.07651454955339432,0.011245214380323887
vit_base,2,533,0.07631698250770569,0.0112161785364151
vit_base,2,534,0.07596715539693832,0.011164764873683453
vit_base,2,535,0.0757051333785057,0.011126256547868252
vit_base,2,536,0.07560475170612335,0.011111503466963768
vit_base,2,537,0.07543770968914032,0.011086953803896904
vit_base,2,538,0.07495883107185364,0.011016573756933212
vit_base,2,539,0.07482407987117767,0.010996769182384014
vit_base,2,540,0.07452890276908875,0.01095338724553585
vit_base,2,541,0.07412955909967422,0.010894697159528732
vit_base,2,542,0.07403311133384705,0.010880522429943085
vit_base,2,543,0.07403149455785751,0.010880284011363983
vit_base,2,544,0.0737425684928894,0.010837821289896965
vit_base,2,545,0.07315231114625931,0.010751072317361832
vit_base,2,546,0.07312552630901337,0.010747135616838932
vit_base,2,547,0.07298213243484497,0.010726061649620533
vit_base,2,548,0.07264681905508041,0.010676780715584755
vit_base,2,549,0.07263590395450592,0.010675176978111267
vit_base,2,550,0.07224688678979874,0.010618004016578197
vit_base,2,551,0.07218731939792633,0.010609248653054237
vit_base,2,552,0.07185554504394531,0.01056048832833767
vit_base,2,553,0.07166370004415512,0.01053229346871376
vit_base,2,554,0.07155416905879974,0.010516195558011532
vit_base,2,555,0.07108397781848907,0.010447092354297638
vit_base,2,556,0.0710311010479927,0.010439321398735046
vit_base,2,557,0.07092597335577011,0.010423870757222176
vit_base,2,558,0.07061141729354858,0.010377641767263412
vit_base,2,559,0.07050640881061554,0.01036220882087946
vit_base,2,560,0.07019370794296265,0.010316251777112484
vit_base,2,561,0.07002820074558258,0.010291926562786102
vit_base,2,562,0.06993987411260605,0.010278945788741112
vit_base,2,563,0.06941557675600052,0.010201890952885151
vit_base,2,564,0.06929463148117065,0.01018411573022604
vit_base,2,565,0.06926697492599487,0.010180050507187843
vit_base,2,566,0.06917761266231537,0.01016691792756319
vit_base,2,567,0.06875662505626678,0.010105045512318611
vit_base,2,568,0.0684816911816597,0.010064639151096344
vit_base,2,569,0.06824663281440735,0.010030092671513557
vit_base,2,570,0.06809181720018387,0.010007339529693127
vit_base,2,571,0.0678224116563797,0.009967746213078499
vit_base,2,572,0.06747334450483322,0.009916444309055805
vit_base,2,573,0.06746496260166168,0.009915212169289589
vit_base,2,574,0.06740757822990417,0.009906778112053871
vit_base,2,575,0.06726773083209991,0.009886225685477257
vit_base,2,576,0.06692527234554291,0.009835895150899887
vit_base,2,577,0.06679835915565491,0.009817242622375488
vit_base,2,578,0.06652182340621948,0.009776600636541843
vit_base,2,579,0.06636857986450195,0.009754078462719917
vit_base,2,580,0.06612537056207657,0.009718334302306175
vit_base,2,581,0.06579820811748505,0.009670251980423927
vit_base,2,582,0.06532980501651764,0.009601411409676075
vit_base,2,583,0.06516582518815994,0.00957731157541275
vit_base,2,584,0.06516283005475998,0.009576871991157532
vit_base,2,585,0.06507100909948349,0.009563377127051353
vit_base,2,586,0.0646701455116272,0.009504462592303753
vit_base,2,587,0.06444720178842545,0.009471696801483631
vit_base,2,588,0.06426292657852173,0.009444613941013813
vit_base,2,589,0.06386717408895493,0.009386450983583927
vit_base,2,590,0.0636969804763794,0.00936143845319748
vit_base,2,591,0.06350604444742203,0.00933337677270174
vit_base,2,592,0.06342674791812897,0.009321722202003002
vit_base,2,593,0.06330962479114532,0.009304509498178959
vit_base,2,594,0.06308020651340485,0.00927079189568758
vit_base,2,595,0.06277313083410263,0.009225661866366863
vit_base,2,596,0.062445394694805145,0.009177494794130325
vit_base,2,597,0.06218782439827919,0.009139640256762505
vit_base,2,598,0.06208112835884094,0.009123959578573704
vit_base,2,599,0.06172817200422287,0.009072085842490196
vit_base,2,600,0.06171516701579094,0.009070174768567085
vit_base,2,601,0.06168721243739128,0.009066065773367882
vit_base,2,602,0.06134393438696861,0.009015615098178387
vit_base,2,603,0.06124407425522804,0.009000938385725021
vit_base,2,604,0.06059188395738602,0.008905087597668171
vit_base,2,605,0.06051911041140556,0.008894392289221287
vit_base,2,606,0.06051677465438843,0.008894048631191254
vit_base,2,607,0.059962186962366104,0.00881254207342863
vit_base,2,608,0.059834063053131104,0.00879371166229248
vit_base,2,609,0.05980903282761574,0.00879003293812275
vit_base,2,610,0.059739850461483,0.008779865689575672
vit_base,2,611,0.05966115742921829,0.008768300525844097
vit_base,2,612,0.05937028303742409,0.008725550957024097
vit_base,2,613,0.059124939143657684,0.00868949294090271
vit_base,2,614,0.05904822051525116,0.00867821741849184
vit_base,2,615,0.058991439640522,0.008669872768223286
vit_base,2,616,0.05844065546989441,0.008588925004005432
vit_base,2,617,0.058418430387973785,0.008585658855736256
vit_base,2,618,0.05810753256082535,0.008539966307580471
vit_base,2,619,0.05800706893205643,0.008525201119482517
vit_base,2,620,0.05771186202764511,0.008481815457344055
vit_base,2,621,0.05739365145564079,0.008435048162937164
vit_base,2,622,0.05738024413585663,0.008433078415691853
vit_base,2,623,0.05713070183992386,0.008396402932703495
vit_base,2,624,0.05667409673333168,0.008329296484589577
vit_base,2,625,0.05640893802046776,0.008290327154099941
vit_base,2,626,0.056322138756513596,0.008277569897472858
vit_base,2,627,0.056157615035772324,0.008253389969468117
vit_base,2,628,0.05586988106369972,0.008211102336645126
vit_base,2,629,0.05575559288263321,0.008194305934011936
vit_base,2,630,0.05558471754193306,0.00816919282078743
vit_base,2,631,0.055414777249097824,0.008144216611981392
vit_base,2,632,0.05527108907699585,0.008123098872601986
vit_base,2,633,0.054839201271533966,0.008059625513851643
vit_base,2,634,0.054766520857810974,0.008048943243920803
vit_base,2,635,0.054402031004428864,0.00799537543207407
vit_base,2,636,0.05420248955488205,0.007966049015522003
vit_base,2,637,0.054038695991039276,0.007941976189613342
vit_base,2,638,0.053985413163900375,0.007934145629405975
vit_base,2,639,0.05389774218201637,0.00792126078158617
vit_base,2,640,0.0536472387611866,0.007884444668889046
vit_base,2,641,0.053494714200496674,0.007862028665840626
vit_base,2,642,0.053390022367239,0.007846642285585403
vit_base,2,643,0.053095750510692596,0.0078033930622041225
vit_base,2,644,0.05289914831519127,0.007774498779326677
vit_base,2,645,0.052882906049489975,0.007772111799567938
vit_base,2,646,0.05231453478336334,0.007688579149544239
vit_base,2,647,0.05229572206735611,0.007685814518481493
vit_base,2,648,0.05198468640446663,0.007640101946890354
vit_base,2,649,0.05193529650568962,0.007632843218743801
vit_base,2,650,0.051919251680374146,0.007630485109984875
vit_base,2,651,0.05182550847530365,0.007616708055138588
vit_base,2,652,0.05143100768327713,0.007558728568255901
vit_base,2,653,0.05138952657580376,0.007552632596343756
vit_base,2,654,0.05103326216340065,0.007500272709876299
vit_base,2,655,0.05053862929344177,0.007427577394992113
vit_base,2,656,0.050536349415779114,0.007427242584526539
vit_base,2,657,0.05034997686743736,0.007399851456284523
vit_base,2,658,0.050346698611974716,0.0073993694968521595
vit_base,2,659,0.0500793531537056,0.007360078394412994
vit_base,2,660,0.04990694671869278,0.007334739901125431
vit_base,2,661,0.04978298023343086,0.007316520903259516
vit_base,2,662,0.04958715662360191,0.007287741173058748
vit_base,2,663,0.049141302704811096,0.007222214713692665
vit_base,2,664,0.048771440982818604,0.007167856674641371
vit_base,2,665,0.04857346788048744,0.007138760760426521
vit_base,2,666,0.04850256070494652,0.007128339726477861
vit_base,2,667,0.048468273133039474,0.007123300805687904
vit_base,2,668,0.0484192781150341,0.0071160998195409775
vit_base,2,669,0.04793546348810196,0.007044994737952948
vit_base,2,670,0.04779448360204697,0.00702427513897419
vit_base,2,671,0.047556448727846146,0.006989291403442621
vit_base,2,672,0.04745868965983391,0.006974923890084028
vit_base,2,673,0.047312181442976,0.006953391712158918
vit_base,2,674,0.047244176268577576,0.006943397223949432
vit_base,2,675,0.04673653841018677,0.006868790369480848
vit_base,2,676,0.04648808762431145,0.006832276005297899
vit_base,2,677,0.046462781727313995,0.006828556768596172
vit_base,2,678,0.04637709632515907,0.006815963890403509
vit_base,2,679,0.04624560847878456,0.006796639412641525
vit_base,2,680,0.04621325433254242,0.006791884545236826
vit_base,2,681,0.04566971957683563,0.006712001748383045
vit_base,2,682,0.04563193395733833,0.0067064487375319
vit_base,2,683,0.045511774718761444,0.006688788998872042
vit_base,2,684,0.04522733390331268,0.006646985188126564
vit_base,2,685,0.04498656839132309,0.0066116005182266235
vit_base,2,686,0.04494539275765419,0.006605548784136772
vit_base,2,687,0.04493550583720207,0.006604095920920372
vit_base,2,688,0.044420335441827774,0.0065283821895718575
vit_base,2,689,0.04406444728374481,0.00647607771679759
vit_base,2,690,0.043707799166440964,0.0064236619509756565
vit_base,2,691,0.043701838701963425,0.006422786042094231
vit_base,2,692,0.043690942227840424,0.006421184167265892
vit_base,2,693,0.043492283672094345,0.006391987670212984
vit_base,2,694,0.04332132264971733,0.00636686198413372
vit_base,2,695,0.04299192875623703,0.0063184513710439205
vit_base,2,696,0.042849376797676086,0.006297500804066658
vit_base,2,697,0.042829208076000214,0.006294536869972944
vit_base,2,698,0.042626190930604935,0.006264699622988701
vit_base,2,699,0.04238160699605942,0.006228753365576267
vit_base,2,700,0.04182026535272598,0.006146254017949104
vit_base,2,701,0.04171605035662651,0.0061309379525482655
vit_base,2,702,0.04151684418320656,0.006101660896092653
vit_base,2,703,0.041423115879297256,0.006087885703891516
vit_base,2,704,0.04136059433221817,0.006078697275370359
vit_base,2,705,0.041147634387016296,0.006047398783266544
vit_base,2,706,0.041088756173849106,0.006038745399564505
vit_base,2,707,0.040601372718811035,0.005967115517705679
vit_base,2,708,0.04047852009534836,0.005949059966951609
vit_base,2,709,0.04044318199157715,0.0059438664466142654
vit_base,2,710,0.040154531598091125,0.005901444237679243
vit_base,2,711,0.0400996059179306,0.005893371533602476
vit_base,2,712,0.03984840586781502,0.005856453441083431
vit_base,2,713,0.03963128849864006,0.005824544001370668
vit_base,2,714,0.039469752460718155,0.005800803191959858
vit_base,2,715,0.039401888847351074,0.0057908291928470135
vit_base,2,716,0.038998715579509735,0.005731575656682253
vit_base,2,717,0.038934655487537384,0.005722160916775465
vit_base,2,718,0.03854507952928543,0.005664905533194542
vit_base,2,719,0.03837759420275688,0.005640290677547455
vit_base,2,720,0.038176942616701126,0.00561080127954483
vit_base,2,721,0.038149747997522354,0.005606804508715868
vit_base,2,722,0.0380709245800972,0.005595219787210226
vit_base,2,723,0.037481408566236496,0.005508579779416323
vit_base,2,724,0.03732135891914368,0.00548505736514926
vit_base,2,725,0.03725142776966095,0.0054747797548770905
vit_base,2,726,0.037230540066957474,0.005471710115671158
vit_base,2,727,0.037168290466070175,0.005462561268359423
vit_base,2,728,0.03689958155155182,0.005423069465905428
vit_base,2,729,0.03681710734963417,0.0054109483025968075
vit_base,2,730,0.03668864071369171,0.005392068065702915
vit_base,2,731,0.036051973700523376,0.005298498086631298
vit_base,2,732,0.03594285994768143,0.005282461643218994
vit_base,2,733,0.035494860261678696,0.005216619931161404
vit_base,2,734,0.03548354655504227,0.005214957054704428
vit_base,2,735,0.03518187254667282,0.005170620512217283
vit_base,2,736,0.03505973145365715,0.005152669735252857
vit_base,2,737,0.03499642387032509,0.005143365822732449
vit_base,2,738,0.03454156592488289,0.005076515953987837
vit_base,2,739,0.0342009961605072,0.0050264629535377026
vit_base,2,740,0.0341494120657444,0.005018881522119045
vit_base,2,741,0.033755525946617126,0.004960992839187384
vit_base,2,742,0.03360104560852051,0.0049382890574634075
vit_base,2,743,0.03337865322828293,0.004905604757368565
vit_base,2,744,0.03335021436214447,0.00490142498165369
vit_base,2,745,0.03303483873605728,0.004855074919760227
vit_base,2,746,0.032674625515937805,0.004802134819328785
vit_base,2,747,0.03267395496368408,0.004802036099135876
vit_base,2,748,0.03266569972038269,0.004800823051482439
vit_base,2,749,0.03213544562458992,0.004722892306745052
vit_base,2,750,0.031684186309576035,0.004656571429222822
vit_base,2,751,0.03143312409520149,0.0046196733601391315
vit_base,2,752,0.031052162870764732,0.004563684109598398
vit_base,2,753,0.030764257535338402,0.004521371331065893
vit_base,2,754,0.030384588986635208,0.004465572070330381
vit_base,2,755,0.029775302857160568,0.004376026336103678
vit_base,2,756,0.02936415560543537,0.004315600730478764
vit_base,2,757,0.029101518914103508,0.0042770011350512505
vit_base,2,758,0.028827521950006485,0.004236732609570026
vit_base,2,759,0.02790117636322975,0.004100589081645012
vit_base,2,760,0.027252910658717155,0.004005314316600561
vit_base,2,761,0.026735158637166023,0.003929221536964178
vit_base,2,762,0.015922147780656815,0.002340051345527172
vit_base,2,763,0.006744992919266224,0.0009913003304973245
vit_base,2,764,0.006375447381287813,0.0009369887993671
vit_base,2,765,0.006095546763390303,0.0008958522812463343
vit_base,2,766,0.002660009078681469,0.0003909370570909232
vit_base,2,767,0.0004807263030670583,7.065153477014974e-05
vit_base,8,0,1.677793264389038,1.0
vit_base,8,1,1.0530444383621216,0.6276366114616394
vit_base,8,2,1.0177524089813232,0.6066018342971802
vit_base,8,3,0.8654239177703857,0.5158108472824097
vit_base,8,4,0.7749341726303101,0.4618770480155945
vit_base,8,5,0.6536650061607361,0.3895980715751648
vit_base,8,6,0.5930984020233154,0.3534991145133972
vit_base,8,7,0.5392632484436035,0.32141220569610596
vit_base,8,8,0.5000495314598083,0.2980400323867798
vit_base,8,9,0.46789801120758057,0.27887704968452454
vit_base,8,10,0.45732423663139343,0.27257484197616577
vit_base,8,11,0.44912251830101013,0.2676864564418793
vit_base,8,12,0.43155038356781006,0.2572130858898163
vit_base,8,13,0.41755005717277527,0.24886859953403473
vit_base,8,14,0.3941288888454437,0.2349090874195099
vit_base,8,15,0.3740829527378082,0.22296129167079926
vit_base,8,16,0.35670530796051025,0.2126038521528244
vit_base,8,17,0.3511334955692291,0.20928293466567993
vit_base,8,18,0.3366051912307739,0.2006237655878067
vit_base,8,19,0.33044618368148804,0.19695286452770233
vit_base,8,20,0.3281777501106262,0.19560082256793976
vit_base,8,21,0.32698777318000793,0.1948915719985962
vit_base,8,22,0.3187130093574524,0.18995964527130127
vit_base,8,23,0.31567081809043884,0.1881464421749115
vit_base,8,24,0.2982241213321686,0.17774783074855804
vit_base,8,25,0.295011430978775,0.17583300173282623
vit_base,8,26,0.2920011281967163,0.17403879761695862
vit_base,8,27,0.2804393470287323,0.16714774072170258
vit_base,8,28,0.27814286947250366,0.1657789945602417
vit_base,8,29,0.2745654881000519,0.16364680230617523
vit_base,8,30,0.26540833711624146,0.15818893909454346
vit_base,8,31,0.26355230808258057,0.1570827066898346
vit_base,8,32,0.2559189796447754,0.15253308415412903
vit_base,8,33,0.2517223656177521,0.15003181993961334
vit_base,8,34,0.2502097189426422,0.14913024008274078
vit_base,8,35,0.2487337589263916,0.148250550031662
vit_base,8,36,0.2440938800573349,0.1454850733280182
vit_base,8,37,0.24052339792251587,0.14335699379444122
vit_base,8,38,0.23849010467529297,0.14214511215686798
vit_base,8,39,0.23532839119434357,0.14026066660881042
vit_base,8,40,0.23360088467597961,0.13923102617263794
vit_base,8,41,0.2318427413702011,0.13818314671516418
vit_base,8,42,0.22794879972934723,0.13586227595806122
vit_base,8,43,0.22264233231544495,0.13269950449466705
vit_base,8,44,0.22097888588905334,0.1317080557346344
vit_base,8,45,0.21892037987709045,0.13048113882541656
vit_base,8,46,0.2155163735151291,0.12845228612422943
vit_base,8,47,0.21222570538520813,0.126490980386734
vit_base,8,48,0.21164347231388092,0.1261439472436905
vit_base,8,49,0.2089204639196396,0.12452097982168198
vit_base,8,50,0.20796088874340057,0.12394905835390091
vit_base,8,51,0.20589391887187958,0.12271709740161896
vit_base,8,52,0.20497597754001617,0.12216998636722565
vit_base,8,53,0.20433710515499115,0.12178920209407806
vit_base,8,54,0.2007836252450943,0.11967125535011292
vit_base,8,55,0.20004957914352417,0.11923374980688095
vit_base,8,56,0.1977442353963852,0.11785971373319626
vit_base,8,57,0.1974502056837082,0.11768446862697601
vit_base,8,58,0.19522492587566376,0.11635815352201462
vit_base,8,59,0.1935872733592987,0.11538208276033401
vit_base,8,60,0.19090333580970764,0.11378239840269089
vit_base,8,61,0.18828366696834564,0.11222101747989655
vit_base,8,62,0.1877102553844452,0.11187925189733505
vit_base,8,63,0.18631617724895477,0.11104835569858551
vit_base,8,64,0.18517562747001648,0.11036856472492218
vit_base,8,65,0.1849292665719986,0.110221728682518
vit_base,8,66,0.18317939341068268,0.10917876660823822
vit_base,8,67,0.18197937309741974,0.10846352577209473
vit_base,8,68,0.1796729862689972,0.10708887130022049
vit_base,8,69,0.17873285710811615,0.10652853548526764
vit_base,8,70,0.17658710479736328,0.10524962097406387
vit_base,8,71,0.17603586614131927,0.10492107272148132
vit_base,8,72,0.17582941055297852,0.10479801893234253
vit_base,8,73,0.17409703135490417,0.10376548767089844
vit_base,8,74,0.17259013652801514,0.10286734253168106
vit_base,8,75,0.17118076980113983,0.10202733427286148
vit_base,8,76,0.1698286235332489,0.10122142732143402
vit_base,8,77,0.16905848681926727,0.10076240450143814
vit_base,8,78,0.1680406779050827,0.100155770778656
vit_base,8,79,0.16706916689872742,0.09957673400640488
vit_base,8,80,0.16506963968276978,0.09838496893644333
vit_base,8,81,0.1642240583896637,0.09788098931312561
vit_base,8,82,0.1628233641386032,0.0970461443066597
vit_base,8,83,0.16188664734363556,0.09648784250020981
vit_base,8,84,0.161412313580513,0.09620513021945953
vit_base,8,85,0.15928208827972412,0.09493546932935715
vit_base,8,86,0.1587272584438324,0.09460477530956268
vit_base,8,87,0.15713296830654144,0.09365455061197281
vit_base,8,88,0.15674421191215515,0.09342284500598907
vit_base,8,89,0.15629465878009796,0.0931548997759819
vit_base,8,90,0.155373677611351,0.09260597079992294
vit_base,8,91,0.15415899455547333,0.09188199788331985
vit_base,8,92,0.15345758199691772,0.09146393835544586
vit_base,8,93,0.15309755504131317,0.09124935418367386
vit_base,8,94,0.15292668342590332,0.0911475121974945
vit_base,8,95,0.1520330309867859,0.09061487764120102
vit_base,8,96,0.1506660431623459,0.08980012685060501
vit_base,8,97,0.1502522975206375,0.08955352753400803
vit_base,8,98,0.1493254452943802,0.08900110423564911
vit_base,8,99,0.14839015901088715,0.08844365179538727
vit_base,8,100,0.14833039045333862,0.08840803056955338
vit_base,8,101,0.14751580357551575,0.08792251348495483
vit_base,8,102,0.14693595468997955,0.08757691085338593
vit_base,8,103,0.14565107226371765,0.08681109547615051
vit_base,8,104,0.14549164474010468,0.08671607822179794
vit_base,8,105,0.14475823938846588,0.08627895265817642
vit_base,8,106,0.14361432194709778,0.08559715002775192
vit_base,8,107,0.14330579340457916,0.08541326224803925
vit_base,8,108,0.1424177587032318,0.08488397300243378
vit_base,8,109,0.1417330503463745,0.08447587490081787
vit_base,8,110,0.14124637842178345,0.08418580889701843
vit_base,8,111,0.14039529860019684,0.08367854356765747
vit_base,8,112,0.13881203532218933,0.08273489028215408
vit_base,8,113,0.1386875957250595,0.0826607197523117
vit_base,8,114,0.1374833732843399,0.08194297552108765
vit_base,8,115,0.137290820479393,0.08182821422815323
vit_base,8,116,0.13656125962734222,0.08139337599277496
vit_base,8,117,0.13638624548912048,0.08128906786441803
vit_base,8,118,0.13556164503097534,0.08079759031534195
vit_base,8,119,0.1349974274635315,0.0804613009095192
vit_base,8,120,0.1345197558403015,0.08017659932374954
vit_base,8,121,0.13326220214366913,0.079427070915699
vit_base,8,122,0.13263827562332153,0.07905519753694534
vit_base,8,123,0.1323871612548828,0.07890553027391434
vit_base,8,124,0.13197338581085205,0.07865890860557556
vit_base,8,125,0.13113196194171906,0.07815740257501602
vit_base,8,126,0.13097833096981049,0.07806583493947983
vit_base,8,127,0.130398228764534,0.07772008329629898
vit_base,8,128,0.13007724285125732,0.07752876728773117
vit_base,8,129,0.1293700486421585,0.0771072655916214
vit_base,8,130,0.12903383374214172,0.07690687477588654
vit_base,8,131,0.12893466651439667,0.07684776932001114
vit_base,8,132,0.1274677813053131,0.07597347348928452
vit_base,8,133,0.12727029621601105,0.07585576921701431
vit_base,8,134,0.12717503309249878,0.07579898834228516
vit_base,8,135,0.12699425220489502,0.07569123804569244
vit_base,8,136,0.12674610316753387,0.07554333657026291
vit_base,8,137,0.12599794566631317,0.07509741932153702
vit_base,8,138,0.12514016032218933,0.0745861604809761
vit_base,8,139,0.12469642609357834,0.0743216872215271
vit_base,8,140,0.12413431704044342,0.07398665696382523
vit_base,8,141,0.12393119931221008,0.07386559993028641
vit_base,8,142,0.12358471006155014,0.07365908473730087
vit_base,8,143,0.12297938019037247,0.07329829037189484
vit_base,8,144,0.12273454666137695,0.07315236330032349
vit_base,8,145,0.12205611169338226,0.07274800539016724
vit_base,8,146,0.1217564195394516,0.07256938517093658
vit_base,8,147,0.12110830843448639,0.07218309491872787
vit_base,8,148,0.12051747739315033,0.07183095067739487
vit_base,8,149,0.12019898742437363,0.07164111733436584
vit_base,8,150,0.11987941712141037,0.07145065069198608
vit_base,8,151,0.11965108662843704,0.07131455838680267
vit_base,8,152,0.11896490305662155,0.07090558111667633
vit_base,8,153,0.11855588108301163,0.07066179066896439
vit_base,8,154,0.1181895062327385,0.07044342905282974
vit_base,8,155,0.11786548793315887,0.07025030255317688
vit_base,8,156,0.11765624582767487,0.07012559473514557
vit_base,8,157,0.11722252517938614,0.0698670893907547
vit_base,8,158,0.11709669232368469,0.06979208439588547
vit_base,8,159,0.11606498807668686,0.06917717307806015
vit_base,8,160,0.11579370498657227,0.06901548057794571
vit_base,8,161,0.11556284874677658,0.06887788325548172
vit_base,8,162,0.11501031368970871,0.06854856014251709
vit_base,8,163,0.1148233562707901,0.0684371292591095
vit_base,8,164,0.11425448954105377,0.06809807568788528
vit_base,8,165,0.113926962018013,0.06790286302566528
vit_base,8,166,0.11357579380273819,0.0676935613155365
vit_base,8,167,0.11338412016630173,0.06757931411266327
vit_base,8,168,0.11312273144721985,0.06742352247238159
vit_base,8,169,0.11248552799224854,0.067043736577034
vit_base,8,170,0.11222454905509949,0.06688819080591202
vit_base,8,171,0.1118968054652214,0.06669284403324127
vit_base,8,172,0.11157681792974472,0.06650212407112122
vit_base,8,173,0.11127720773220062,0.06632354855537415
vit_base,8,174,0.11107009649276733,0.06620010733604431
vit_base,8,175,0.11024324595928192,0.06570728868246078
vit_base,8,176,0.1101173460483551,0.06563225388526917
vit_base,8,177,0.10971567779779434,0.06539284437894821
vit_base,8,178,0.1094762459397316,0.06525014340877533
vit_base,8,179,0.10931625962257385,0.0651547834277153
vit_base,8,180,0.10904450714588165,0.06499281525611877
vit_base,8,181,0.10856133699417114,0.06470483541488647
vit_base,8,182,0.10807211697101593,0.06441324949264526
vit_base,8,183,0.10774111747741699,0.06421596556901932
vit_base,8,184,0.10748926550149918,0.0640658587217331
vit_base,8,185,0.10733453929424286,0.06397363543510437
vit_base,8,186,0.10703758895397186,0.06379664689302444
vit_base,8,187,0.10690102726221085,0.06371525675058365
vit_base,8,188,0.1063273698091507,0.06337334215641022
vit_base,8,189,0.10611158609390259,0.06324473023414612
vit_base,8,190,0.10589605569839478,0.06311627477407455
vit_base,8,191,0.10567328333854675,0.06298349797725677
vit_base,8,192,0.1053599938750267,0.06279677152633667
vit_base,8,193,0.1049971655011177,0.06258051842451096
vit_base,8,194,0.10466638952493668,0.062383364886045456
vit_base,8,195,0.1044723317027092,0.06226770207285881
vit_base,8,196,0.10419010370969772,0.06209949031472206
vit_base,8,197,0.10380472242832184,0.0618697926402092
vit_base,8,198,0.10325536876916885,0.06154236942529678
vit_base,8,199,0.10309480875730515,0.061446670442819595
vit_base,8,200,0.10257280617952347,0.06113554537296295
vit_base,8,201,0.102451853454113,0.061063457280397415
vit_base,8,202,0.10212209820747375,0.06086691468954086
vit_base,8,203,0.10192801803350449,0.06075124070048332
vit_base,8,204,0.10158013552427292,0.06054389476776123
vit_base,8,205,0.1013680249452591,0.06041746959090233
vit_base,8,206,0.1012260913848877,0.060332875698804855
vit_base,8,207,0.10086639970541,0.06011849269270897
vit_base,8,208,0.1007729023694992,0.06006276607513428
vit_base,8,209,0.10064654797315598,0.05998745560646057
vit_base,8,210,0.1001574844121933,0.05969596281647682
vit_base,8,211,0.09998369961977005,0.05959238484501839
vit_base,8,212,0.09983311593532562,0.059502631425857544
vit_base,8,213,0.09929624944925308,0.059182651340961456
vit_base,8,214,0.09918224066495895,0.05911469832062721
vit_base,8,215,0.09882199019193649,0.058899980038404465
vit_base,8,216,0.09871631115674973,0.05883699283003807
vit_base,8,217,0.09833512455224991,0.058609798550605774
vit_base,8,218,0.09797083586454391,0.05839267373085022
vit_base,8,219,0.09776897728443146,0.058272361755371094
vit_base,8,220,0.09764362871646881,0.05819765105843544
vit_base,8,221,0.09745699912309647,0.058086417615413666
vit_base,8,222,0.0971185639500618,0.05788470432162285
vit_base,8,223,0.09684339910745621,0.05772069841623306
vit_base,8,224,0.0966966301202774,0.05763322114944458
vit_base,8,225,0.09646680951118469,0.057496242225170135
vit_base,8,226,0.09625586122274399,0.057370513677597046
vit_base,8,227,0.09622843563556671,0.057354167103767395
vit_base,8,228,0.09609922021627426,0.05727715417742729
vit_base,8,229,0.09546928107738495,0.05690169706940651
vit_base,8,230,0.09531798958778381,0.05681152269244194
vit_base,8,231,0.09489262104034424,0.056557994335889816
vit_base,8,232,0.09457848221063614,0.05637076124548912
vit_base,8,233,0.09423278272151947,0.05616471543908119
vit_base,8,234,0.09404502809047699,0.056052811443805695
vit_base,8,235,0.09395324438810349,0.05599810555577278
vit_base,8,236,0.09359803050756454,0.055786389857530594
vit_base,8,237,0.09349196404218674,0.055723175406455994
vit_base,8,238,0.09324049204587936,0.05557329207658768
vit_base,8,239,0.09312606602907181,0.055505089461803436
vit_base,8,240,0.09291458129882812,0.05537904053926468
vit_base,8,241,0.09246567636728287,0.05511148273944855
vit_base,8,242,0.09241169691085815,0.05507931113243103
vit_base,8,243,0.09213034808635712,0.054911620914936066
vit_base,8,244,0.092010997235775,0.054840486496686935
vit_base,8,245,0.0917930155992508,0.05471056327223778
vit_base,8,246,0.09163956344127655,0.05461910367012024
vit_base,8,247,0.09151524305343628,0.05454500764608383
vit_base,8,248,0.09128789603710175,0.05440950393676758
vit_base,8,249,0.09089062362909317,0.05417272076010704
vit_base,8,250,0.09067804366350174,0.054046016186475754
vit_base,8,251,0.09053244441747665,0.05395923927426338
vit_base,8,252,0.09040683507919312,0.05388437211513519
vit_base,8,253,0.09004481881856918,0.05366860330104828
vit_base,8,254,0.08990231901407242,0.053583670407533646
vit_base,8,255,0.08977493643760681,0.05350774526596069
vit_base,8,256,0.08958189934492111,0.053392693400382996
vit_base,8,257,0.08943859487771988,0.05330727994441986
vit_base,8,258,0.08916023373603821,0.05314137041568756
vit_base,8,259,0.0885963961482048,0.05280531197786331
vit_base,8,260,0.08855786919593811,0.05278234928846359
vit_base,8,261,0.08832044154405594,0.05264083668589592
vit_base,8,262,0.0882381722331047,0.052591804414987564
vit_base,8,263,0.08805961906909943,0.052485380321741104
vit_base,8,264,0.08780136704444885,0.052331458777189255
vit_base,8,265,0.08756230026483536,0.052188970148563385
vit_base,8,266,0.08744397759437561,0.0521184466779232
vit_base,8,267,0.08728087693452835,0.05202123522758484
vit_base,8,268,0.08701962977647781,0.05186552554368973
vit_base,8,269,0.08696983009576797,0.05183584615588188
vit_base,8,270,0.08651446551084518,0.05156443640589714
vit_base,8,271,0.08622775971889496,0.051393553614616394
vit_base,8,272,0.08615314215421677,0.051349081099033356
vit_base,8,273,0.08602673560380936,0.05127374082803726
vit_base,8,274,0.08559120446443558,0.05101415514945984
vit_base,8,275,0.08539140969514847,0.050895072519779205
vit_base,8,276,0.08499131351709366,0.05065660923719406
vit_base,8,277,0.08492069691419601,0.05061451718211174
vit_base,8,278,0.08486195653676987,0.050579506903886795
vit_base,8,279,0.08469956368207932,0.050482720136642456
vit_base,8,280,0.08462165296077728,0.05043628066778183
vit_base,8,281,0.08438608050346375,0.0502958744764328
vit_base,8,282,0.08413177728652954,0.05014430731534958
vit_base,8,283,0.08363143354654312,0.049846090376377106
vit_base,8,284,0.08353711664676666,0.049789875745773315
vit_base,8,285,0.08345098048448563,0.04973853752017021
vit_base,8,286,0.08339669555425644,0.04970618337392807
vit_base,8,287,0.08321327716112137,0.04959686100482941
vit_base,8,288,0.082929827272892,0.04942791908979416
vit_base,8,289,0.08283179253339767,0.049369487911462784
vit_base,8,290,0.08248008042573929,0.049159858375787735
vit_base,8,291,0.08231442421674728,0.0490611270070076
vit_base,8,292,0.08219441771507263,0.04898959770798683
vit_base,8,293,0.08205731213092804,0.04890787973999977
vit_base,8,294,0.08173051476478577,0.04871310293674469
vit_base,8,295,0.08167681843042374,0.048681098967790604
vit_base,8,296,0.08137273788452148,0.04849985986948013
vit_base,8,297,0.08125454932451248,0.04842941835522652
vit_base,8,298,0.08091822266578674,0.04822896048426628
vit_base,8,299,0.08067503571510315,0.048084016889333725
vit_base,8,300,0.08053158968687057,0.047998517751693726
vit_base,8,301,0.08044246584177017,0.04794539883732796
vit_base,8,302,0.08034978806972504,0.047890160232782364
vit_base,8,303,0.07992110401391983,0.047634657472372055
vit_base,8,304,0.07969143986701965,0.04749777168035507
vit_base,8,305,0.07959772646427155,0.047441914677619934
vit_base,8,306,0.07941977679729462,0.04733585566282272
vit_base,8,307,0.07929455488920212,0.04726121947169304
vit_base,8,308,0.07901283353567123,0.047093309462070465
vit_base,8,309,0.07889256626367569,0.04702162742614746
vit_base,8,310,0.07875971496105194,0.046942442655563354
vit_base,8,311,0.078497014939785,0.046785868704319
vit_base,8,312,0.07845112681388855,0.04675851762294769
vit_base,8,313,0.07823891192674637,0.046632032841444016
vit_base,8,314,0.07790614664554596,0.0464336983859539
vit_base,8,315,0.07777726650238037,0.04635688289999962
vit_base,8,316,0.07753641158342361,0.04621332883834839
vit_base,8,317,0.07733070850372314,0.04609072580933571
vit_base,8,318,0.07717066258192062,0.04599533602595329
vit_base,8,319,0.07711347937583923,0.045961253345012665
vit_base,8,320,0.0769447609782219,0.045860692858695984
vit_base,8,321,0.07680926471948624,0.045779936015605927
vit_base,8,322,0.07631393522024155,0.04548470675945282
vit_base,8,323,0.07617125660181046,0.04539966955780983
vit_base,8,324,0.0760989561676979,0.04535657539963722
vit_base,8,325,0.07601727545261383,0.04530789330601692
vit_base,8,326,0.07576888054609299,0.04515984281897545
vit_base,8,327,0.07571132481098175,0.04512554034590721
vit_base,8,328,0.07538532465696335,0.044931236654520035
vit_base,8,329,0.07513345777988434,0.044781118631362915
vit_base,8,330,0.07505004853010178,0.04473140463232994
vit_base,8,331,0.07485771179199219,0.04461676627397537
vit_base,8,332,0.07464548200368881,0.0444902740418911
vit_base,8,333,0.07431250810623169,0.044291816651821136
vit_base,8,334,0.07431045919656754,0.04429059475660324
vit_base,8,335,0.07406938821077347,0.044146910309791565
vit_base,8,336,0.07383926212787628,0.044009748846292496
vit_base,8,337,0.07364536076784134,0.04389418289065361
vit_base,8,338,0.07349526137113571,0.04380472004413605
vit_base,8,339,0.07325851917266846,0.043663617223501205
vit_base,8,340,0.07324281334877014,0.04365425556898117
vit_base,8,341,0.07292667776346207,0.04346583038568497
vit_base,8,342,0.07274314016103745,0.04335643723607063
vit_base,8,343,0.07256325334310532,0.0432492233812809
vit_base,8,344,0.07236465811729431,0.04313085600733757
vit_base,8,345,0.07215781509876251,0.04300757125020027
vit_base,8,346,0.0721137598156929,0.04298131540417671
vit_base,8,347,0.07185257971286774,0.042825646698474884
vit_base,8,348,0.07175512611865997,0.042767561972141266
vit_base,8,349,0.0715792253613472,0.04266272112727165
vit_base,8,350,0.07130000740289688,0.04249630123376846
vit_base,8,351,0.07112198323011398,0.04239019379019737
vit_base,8,352,0.07103516161441803,0.042338449507951736
vit_base,8,353,0.0709720104932785,0.04230080917477608
vit_base,8,354,0.07058354467153549,0.04206927493214607
vit_base,8,355,0.07041317224502563,0.0419677272439003
vit_base,8,356,0.07029709964990616,0.04189854860305786
vit_base,8,357,0.07015921920537949,0.04181636869907379
vit_base,8,358,0.06992731243371964,0.04167814552783966
vit_base,8,359,0.06987997144460678,0.04164993017911911
vit_base,8,360,0.0695745050907135,0.04146786406636238
vit_base,8,361,0.06934403628110886,0.041330501437187195
vit_base,8,362,0.06910292059183121,0.04118679091334343
vit_base,8,363,0.06887295097112656,0.04104972630739212
vit_base,8,364,0.06860771030187607,0.04089163616299629
vit_base,8,365,0.06857306510210037,0.04087098687887192
vit_base,8,366,0.06843886524438858,0.04079100117087364
vit_base,8,367,0.06817606091499329,0.040634363889694214
vit_base,8,368,0.06806962937116623,0.040570929646492004
vit_base,8,369,0.06789355725049973,0.040465984493494034
vit_base,8,370,0.06781558692455292,0.04041951522231102
vit_base,8,371,0.06763571500778198,0.040312305092811584
vit_base,8,372,0.06747108697891235,0.040214184671640396
vit_base,8,373,0.06708517670631409,0.03998417407274246
vit_base,8,374,0.06702106446027756,0.03994596004486084
vit_base,8,375,0.06675193458795547,0.03978555276989937
vit_base,8,376,0.06655315309762955,0.039667077362537384
vit_base,8,377,0.06641795486211777,0.039586495608091354
vit_base,8,378,0.06637563556432724,0.03956127166748047
vit_base,8,379,0.06618185341358185,0.039445772767066956
vit_base,8,380,0.06589172780513763,0.03927285224199295
vit_base,8,381,0.06574569642543793,0.039185814559459686
vit_base,8,382,0.0656624287366867,0.03913618624210358
vit_base,8,383,0.06552115082740784,0.039051979780197144
vit_base,8,384,0.06523787975311279,0.03888314589858055
vit_base,8,385,0.06514393538236618,0.03882715478539467
vit_base,8,386,0.06509456038475037,0.03879772499203682
vit_base,8,387,0.06492014229297638,0.03869376704096794
vit_base,8,388,0.06458879262208939,0.03849627822637558
vit_base,8,389,0.0644548088312149,0.03841641917824745
vit_base,8,390,0.06425844132900238,0.038299381732940674
vit_base,8,391,0.06417030096054077,0.038246847689151764
vit_base,8,392,0.06382493674755096,0.03804100304841995
vit_base,8,393,0.06363686174154282,0.037928905338048935
vit_base,8,394,0.06352336704730988,0.037861261516809464
vit_base,8,395,0.063254214823246,0.0377008393406868
vit_base,8,396,0.06317628920078278,0.03765439614653587
vit_base,8,397,0.0630171000957489,0.03755951300263405
vit_base,8,398,0.06285572052001953,0.03746332973241806
vit_base,8,399,0.06249476224184036,0.037248190492391586
vit_base,8,400,0.062381647527217865,0.03718077018857002
vit_base,8,401,0.062265537679195404,0.037111569195985794
vit_base,8,402,0.062076520174741745,0.03699890896677971
vit_base,8,403,0.061999641358852386,0.03695308789610863
vit_base,8,404,0.06188586726784706,0.036885276436805725
vit_base,8,405,0.061621688306331635,0.036727819591760635
vit_base,8,406,0.06154467910528183,0.036681920289993286
vit_base,8,407,0.06127466261386871,0.03652098402380943
vit_base,8,408,0.061167433857917786,0.03645707666873932
vit_base,8,409,0.060946010053157806,0.03632510080933571
vit_base,8,410,0.06087236478924751,0.03628120571374893
vit_base,8,411,0.06067842245101929,0.03616561368107796
vit_base,8,412,0.060494497418403625,0.03605598956346512
vit_base,8,413,0.060086335986852646,0.03581271693110466
vit_base,8,414,0.0600041039288044,0.035763707011938095
vit_base,8,415,0.05975986272096634,0.0356181338429451
vit_base,8,416,0.059492070227861404,0.0354585237801075
vit_base,8,417,0.05937189981341362,0.03538689762353897
vit_base,8,418,0.059287045150995255,0.03533632308244705
vit_base,8,419,0.05924367159605026,0.035310473293066025
vit_base,8,420,0.05909288674592972,0.03522060066461563
vit_base,8,421,0.058852534741163254,0.03507734462618828
vit_base,8,422,0.058724530041217804,0.03500105440616608
vit_base,8,423,0.058562058955430984,0.03490421548485756
vit_base,8,424,0.058429427444934845,0.0348251648247242
vit_base,8,425,0.05827170982956886,0.03473116084933281
vit_base,8,426,0.05797214061021805,0.03455261141061783
vit_base,8,427,0.05779338628053665,0.034446071833372116
vit_base,8,428,0.05770052224397659,0.03439072147011757
vit_base,8,429,0.05741335451602936,0.034219563007354736
vit_base,8,430,0.0573074147105217,0.034156423062086105
vit_base,8,431,0.05709949880838394,0.03403250128030777
vit_base,8,432,0.05688701942563057,0.03390585631132126
vit_base,8,433,0.05671807751059532,0.03380516543984413
vit_base,8,434,0.05650265887379646,0.03367676958441734
vit_base,8,435,0.056360404938459396,0.03359198570251465
vit_base,8,436,0.05628342926502228,0.03354610502719879
vit_base,8,437,0.056095853447914124,0.03343430534005165
vit_base,8,438,0.05583254247903824,0.03327736631035805
vit_base,8,439,0.05568486824631691,0.03318934887647629
vit_base,8,440,0.055583756417036057,0.03312908485531807
vit_base,8,441,0.05552871152758598,0.033096276223659515
vit_base,8,442,0.055417828261852264,0.0330301895737648
vit_base,8,443,0.055131155997514725,0.03285932540893555
vit_base,8,444,0.05487615615129471,0.0327073410153389
vit_base,8,445,0.05471087992191315,0.03260883316397667
vit_base,8,446,0.05439704284071922,0.0324217788875103
vit_base,8,447,0.05406929552555084,0.03222643584012985
vit_base,8,448,0.05383671820163727,0.032087814062833786
vit_base,8,449,0.05368927866220474,0.03199993818998337
vit_base,8,450,0.05351848900318146,0.031898144632577896
vit_base,8,451,0.0533234067261219,0.0317818708717823
vit_base,8,452,0.053246889263391495,0.031736262142658234
vit_base,8,453,0.05296885967254639,0.03157055377960205
vit_base,8,454,0.05275005102157593,0.031440138816833496
vit_base,8,455,0.0527491420507431,0.03143959492444992
vit_base,8,456,0.05246077850461006,0.03126772493124008
vit_base,8,457,0.05219048634171486,0.031106624752283096
vit_base,8,458,0.05205514281988144,0.031025957316160202
vit_base,8,459,0.05184873566031456,0.030902935191988945
vit_base,8,460,0.05151500552892685,0.03070402517914772
vit_base,8,461,0.05125804618000984,0.030550871044397354
vit_base,8,462,0.05108062922954559,0.030445126816630363
vit_base,8,463,0.051047053188085556,0.030425116419792175
vit_base,8,464,0.05088167265057564,0.030326545238494873
vit_base,8,465,0.05075603723526001,0.03025166317820549
vit_base,8,466,0.050576020032167435,0.03014436922967434
vit_base,8,467,0.050399694591760635,0.03003927692770958
vit_base,8,468,0.05031510442495346,0.029988858848810196
vit_base,8,469,0.05015788972377777,0.029895154759287834
vit_base,8,470,0.050057798624038696,0.029835499823093414
vit_base,8,471,0.049997396767139435,0.02979949861764908
vit_base,8,472,0.049542948603630066,0.02952863834798336
vit_base,8,473,0.04942137748003006,0.029456177726387978
vit_base,8,474,0.049230508506298065,0.029342416673898697
vit_base,8,475,0.049093522131443024,0.029260769486427307
vit_base,8,476,0.04883928224444389,0.02910923771560192
vit_base,8,477,0.04859643056988716,0.028964493423700333
vit_base,8,478,0.04843118414282799,0.028866002336144447
vit_base,8,479,0.048333790153265,0.028807953000068665
vit_base,8,480,0.048191141337156296,0.028722932562232018
vit_base,8,481,0.04809645563364029,0.028666498139500618
vit_base,8,482,0.047925081104040146,0.02856435440480709
vit_base,8,483,0.047805674374103546,0.028493186458945274
vit_base,8,484,0.047483138740062714,0.028300948441028595
vit_base,8,485,0.04735303670167923,0.02822340466082096
vit_base,8,486,0.04721487686038017,0.02814105711877346
vit_base,8,487,0.04703831300139427,0.02803582139313221
vit_base,8,488,0.04687410965561867,0.027937954291701317
vit_base,8,489,0.0467536561191082,0.02786616049706936
vit_base,8,490,0.04672975838184357,0.02785191684961319
vit_base,8,491,0.04651481285691261,0.027723805978894234
vit_base,8,492,0.046272024512290955,0.02757909893989563
vit_base,8,493,0.04601510241627693,0.027425967156887054
vit_base,8,494,0.04579631984233856,0.027295568957924843
vit_base,8,495,0.0457497201859951,0.02726779319345951
vit_base,8,496,0.04569052532315254,0.027232512831687927
vit_base,8,497,0.04542025551199913,0.027071425691246986
vit_base,8,498,0.04532800614833832,0.027016444131731987
vit_base,8,499,0.045072030276060104,0.02686387673020363
vit_base,8,500,0.04500243812799454,0.026822397485375404
vit_base,8,501,0.04463004693388939,0.026600444689393044
vit_base,8,502,0.044479936361312866,0.026510976254940033
vit_base,8,503,0.04442043602466583,0.026475513353943825
vit_base,8,504,0.04430678114295006,0.026407772675156593
vit_base,8,505,0.044284433126449585,0.026394451037049294
vit_base,8,506,0.044073525816202164,0.026268746703863144
vit_base,8,507,0.04386328533291817,0.02614343911409378
vit_base,8,508,0.04369163140654564,0.026041129603981972
vit_base,8,509,0.04359343647956848,0.025982603430747986
vit_base,8,510,0.043423399329185486,0.02588125690817833
vit_base,8,511,0.04314950853586197,0.02571801282465458
vit_base,8,512,0.04305746778845787,0.02566315419971943
vit_base,8,513,0.042690929025411606,0.025444690138101578
vit_base,8,514,0.042478449642658234,0.025318047031760216
vit_base,8,515,0.042397964745759964,0.02527007646858692
vit_base,8,516,0.04220892861485481,0.02515740692615509
vit_base,8,517,0.04214244335889816,0.02511778101325035
vit_base,8,518,0.042013559490442276,0.025040963664650917
vit_base,8,519,0.041989490389823914,0.02502661757171154
vit_base,8,520,0.041804321110248566,0.024916253983974457
vit_base,8,521,0.04162115231156349,0.024807080626487732
vit_base,8,522,0.04141131788492203,0.02468201518058777
vit_base,8,523,0.041236188262701035,0.024577634409070015
vit_base,8,524,0.041132256388664246,0.02451568841934204
vit_base,8,525,0.040908802300691605,0.02438250556588173
vit_base,8,526,0.04083654657006264,0.02433943934738636
vit_base,8,527,0.04047725722193718,0.024125294759869576
vit_base,8,528,0.04038407653570175,0.024069758132100105
vit_base,8,529,0.04013654962182045,0.023922225460410118
vit_base,8,530,0.040005773305892944,0.0238442812114954
vit_base,8,531,0.03984625265002251,0.023749202489852905
vit_base,8,532,0.039664607495069504,0.023640938103199005
vit_base,8,533,0.03941452503204346,0.023491883650422096
vit_base,8,534,0.03934876620769501,0.023452691733837128
vit_base,8,535,0.039173465222120285,0.023348208516836166
vit_base,8,536,0.03901397064328194,0.023253146559000015
vit_base,8,537,0.03895879536867142,0.023220259696245193
vit_base,8,538,0.038748856633901596,0.023095132783055305
vit_base,8,539,0.03848019242286682,0.02293500304222107
vit_base,8,540,0.03828137367963791,0.022816503420472145
vit_base,8,541,0.03819340094923973,0.022764068096876144
vit_base,8,542,0.03801441192626953,0.02265738695859909
vit_base,8,543,0.03788673132658005,0.02258128672838211
vit_base,8,544,0.03786543011665344,0.022568590939044952
vit_base,8,545,0.03754553198814392,0.022377924993634224
vit_base,8,546,0.037494905292987823,0.022347750142216682
vit_base,8,547,0.03737343102693558,0.022275349125266075
vit_base,8,548,0.037171054631471634,0.022154729813337326
vit_base,8,549,0.03696097061038017,0.022029515355825424
vit_base,8,550,0.03694286197423935,0.02201872132718563
vit_base,8,551,0.036816228181123734,0.021943245083093643
vit_base,8,552,0.036740805953741074,0.021898292005062103
vit_base,8,553,0.03657115250825882,0.021797174587845802
vit_base,8,554,0.03646349161863327,0.021733006462454796
vit_base,8,555,0.03627904877066612,0.021623075008392334
vit_base,8,556,0.03621022403240204,0.02158205397427082
vit_base,8,557,0.03594784811139107,0.021425671875476837
vit_base,8,558,0.035796791315078735,0.02133563905954361
vit_base,8,559,0.03558460623025894,0.021209172904491425
vit_base,8,560,0.035407423973083496,0.021103568375110626
vit_base,8,561,0.03532838076353073,0.021056456491351128
vit_base,8,562,0.03527871146798134,0.0210268534719944
vit_base,8,563,0.03500436991453171,0.02086333930492401
vit_base,8,564,0.03487157076597214,0.02078418806195259
vit_base,8,565,0.034610483795404434,0.02062857523560524
vit_base,8,566,0.034516338258981705,0.020572463050484657
vit_base,8,567,0.034385524690151215,0.020494494587183
vit_base,8,568,0.034254033118486404,0.020416123792529106
vit_base,8,569,0.03414508327841759,0.020351186394691467
vit_base,8,570,0.03388876095414162,0.020198412239551544
vit_base,8,571,0.033833883702754974,0.02016570419073105
vit_base,8,572,0.03382639214396477,0.020161239430308342
vit_base,8,573,0.03364356607198715,0.020052270963788033
vit_base,8,574,0.0334516316652298,0.019937874749302864
vit_base,8,575,0.03344009816646576,0.019930999726057053
vit_base,8,576,0.03313843160867691,0.019751200452446938
vit_base,8,577,0.03305642306804657,0.019702322781085968
vit_base,8,578,0.03290772810578346,0.01961369626224041
vit_base,8,579,0.032586053013801575,0.019421972334384918
vit_base,8,580,0.03249306604266167,0.01936654932796955
vit_base,8,581,0.03234701603651047,0.01927950046956539
vit_base,8,582,0.03226185962557793,0.019228745251893997
vit_base,8,583,0.032186359167099,0.019183745607733727
vit_base,8,584,0.03208770975470543,0.019124949350953102
vit_base,8,585,0.031989339739084244,0.01906631886959076
vit_base,8,586,0.03166096657514572,0.018870601430535316
vit_base,8,587,0.03153647109866142,0.018796399235725403
vit_base,8,588,0.031477514654397964,0.01876126043498516
vit_base,8,589,0.03139880299568176,0.01871434599161148
vit_base,8,590,0.031386714428663254,0.018707141280174255
vit_base,8,591,0.030964847654104233,0.01845569908618927
vit_base,8,592,0.03094150684773922,0.018441786989569664
vit_base,8,593,0.03079519234597683,0.01835458166897297
vit_base,8,594,0.030779337510466576,0.01834513060748577
vit_base,8,595,0.03042910248041153,0.018136383965611458
vit_base,8,596,0.03038562461733818,0.018110470846295357
vit_base,8,597,0.03029826283454895,0.018058400601148605
vit_base,8,598,0.030217770487070084,0.018010426312685013
vit_base,8,599,0.03009697049856186,0.01793842576444149
vit_base,8,600,0.029960744082927704,0.017857233062386513
vit_base,8,601,0.02976096235215664,0.017738157883286476
vit_base,8,602,0.029650088399648666,0.01767207495868206
vit_base,8,603,0.029499558731913567,0.017582356929779053
vit_base,8,604,0.0294791329652071,0.01757018268108368
vit_base,8,605,0.029360229149460793,0.01749931275844574
vit_base,8,606,0.029208848252892494,0.017409086227416992
vit_base,8,607,0.02909301035106182,0.017340045422315598
vit_base,8,608,0.029031382873654366,0.017303314059972763
vit_base,8,609,0.02872738242149353,0.017122123390436172
vit_base,8,610,0.02854890748858452,0.017015747725963593
vit_base,8,611,0.028505811467766762,0.016990061849355698
vit_base,8,612,0.028315288946032524,0.01687650755047798
vit_base,8,613,0.028213568031787872,0.016815878450870514
vit_base,8,614,0.028002994135022163,0.016690371558070183
vit_base,8,615,0.02787662297487259,0.01661505177617073
vit_base,8,616,0.0277479887008667,0.016538383439183235
vit_base,8,617,0.02763807587325573,0.016472874209284782
vit_base,8,618,0.027552533894777298,0.016421888023614883
vit_base,8,619,0.02744314819574356,0.0163566917181015
vit_base,8,620,0.027361614629626274,0.016308097168803215
vit_base,8,621,0.02719973400235176,0.01621161215007305
vit_base,8,622,0.027130229398608208,0.016170186921954155
vit_base,8,623,0.02695687860250473,0.016066865995526314
vit_base,8,624,0.026857875287532806,0.016007857397198677
vit_base,8,625,0.026837652549147606,0.015995804220438004
vit_base,8,626,0.02669263444840908,0.01590937003493309
vit_base,8,627,0.026469331234693527,0.01577627658843994
vit_base,8,628,0.026455091312527657,0.015767790377140045
vit_base,8,629,0.026245692744851112,0.015642983838915825
vit_base,8,630,0.026214325800538063,0.015624288469552994
vit_base,8,631,0.026057031005620956,0.015530537813901901
vit_base,8,632,0.025938408449292183,0.015459836460649967
vit_base,8,633,0.025891203433275223,0.015431701205670834
vit_base,8,634,0.02583775855600834,0.015399846248328686
vit_base,8,635,0.025668812915682793,0.01529915165156126
vit_base,8,636,0.025526810437440872,0.015214514918625355
vit_base,8,637,0.02541605941951275,0.015148504637181759
vit_base,8,638,0.02529756911098957,0.015077882446348667
vit_base,8,639,0.025192903354763985,0.015015499666333199
vit_base,8,640,0.025155190378427505,0.01499302126467228
vit_base,8,641,0.02506714127957821,0.014940542168915272
vit_base,8,642,0.024856388568878174,0.014814929105341434
vit_base,8,643,0.024742383509874344,0.01474697981029749
vit_base,8,644,0.024692818522453308,0.014717438258230686
vit_base,8,645,0.024588271975517273,0.014655126258730888
vit_base,8,646,0.024496568366885185,0.014600468799471855
vit_base,8,647,0.024316875264048576,0.014493368566036224
vit_base,8,648,0.024186719208955765,0.014415792189538479
vit_base,8,649,0.024052295833826065,0.014335673302412033
vit_base,8,650,0.023936809971928596,0.014266841113567352
vit_base,8,651,0.023910056799650192,0.01425089593976736
vit_base,8,652,0.023908788338303566,0.014250139705836773
vit_base,8,653,0.023595385253429413,0.014063345268368721
vit_base,8,654,0.02352486364543438,0.014021312817931175
vit_base,8,655,0.023455671966075897,0.013980072923004627
vit_base,8,656,0.02336195670068264,0.013924216851592064
vit_base,8,657,0.023286515846848488,0.013879252597689629
vit_base,8,658,0.0231736171990633,0.013811962679028511
vit_base,8,659,0.02299058996140957,0.013702874071896076
vit_base,8,660,0.02278302237391472,0.01357915997505188
vit_base,8,661,0.022712143138051033,0.013536914251744747
vit_base,8,662,0.02270677126944065,0.01353371236473322
vit_base,8,663,0.02254042960703373,0.013434569351375103
vit_base,8,664,0.0224057137966156,0.013354276306927204
vit_base,8,665,0.022354278713464737,0.013323619030416012
vit_base,8,666,0.0223074983805418,0.013295737095177174
vit_base,8,667,0.02212064154446125,0.01318436674773693
vit_base,8,668,0.021962923929095268,0.013090363703668118
vit_base,8,669,0.021924618631601334,0.013067533262073994
vit_base,8,670,0.021784109994769096,0.01298378687351942
vit_base,8,671,0.021734464913606644,0.012954197824001312
vit_base,8,672,0.0216083861887455,0.012879052199423313
vit_base,8,673,0.021548740565776825,0.012843501754105091
vit_base,8,674,0.021494831889867783,0.012811371125280857
vit_base,8,675,0.021443966776132584,0.012781054712831974
vit_base,8,676,0.02120053395628929,0.012635963037610054
vit_base,8,677,0.021105309948325157,0.012579208239912987
vit_base,8,678,0.021029306575655937,0.01253390870988369
vit_base,8,679,0.020930763334035873,0.012475174851715565
vit_base,8,680,0.020843418315052986,0.012423114851117134
vit_base,8,681,0.020700722932815552,0.012338065542280674
vit_base,8,682,0.020632123574614525,0.012297178618609905
vit_base,8,683,0.020505258813500404,0.012221564538776875
vit_base,8,684,0.020424004644155502,0.01217313576489687
vit_base,8,685,0.020401015877723694,0.012159434147179127
vit_base,8,686,0.020311733707785606,0.012106219306588173
vit_base,8,687,0.020144708454608917,0.01200666930526495
vit_base,8,688,0.02004290372133255,0.011945991776883602
vit_base,8,689,0.019998617470264435,0.01191959623247385
vit_base,8,690,0.019889989867806435,0.011854851618409157
vit_base,8,691,0.01985897868871689,0.011836368590593338
vit_base,8,692,0.019771983847022057,0.011784517206251621
vit_base,8,693,0.01959070935845375,0.01167647447437048
vit_base,8,694,0.019474299624562263,0.011607091873884201
vit_base,8,695,0.019472213461995125,0.011605847626924515
vit_base,8,696,0.019376320764422417,0.011548694223165512
vit_base,8,697,0.019197119399905205,0.01144188642501831
vit_base,8,698,0.01914777234196663,0.011412474326789379
vit_base,8,699,0.01903475634753704,0.011345114558935165
vit_base,8,700,0.0188999455422163,0.011264764703810215
vit_base,8,701,0.01888580247759819,0.011256334371864796
vit_base,8,702,0.018789120018482208,0.011198709718883038
vit_base,8,703,0.01860487461090088,0.011088895611464977
vit_base,8,704,0.0185810849070549,0.011074717156589031
vit_base,8,705,0.018533755093812943,0.011046507395803928
vit_base,8,706,0.018327713012695312,0.010923701338469982
vit_base,8,707,0.018315013498067856,0.010916132479906082
vit_base,8,708,0.018177634105086327,0.010834251530468464
vit_base,8,709,0.018132587894797325,0.010807403363287449
vit_base,8,710,0.017977287992835045,0.010714841075241566
vit_base,8,711,0.017907243221998215,0.010673092678189278
vit_base,8,712,0.017798366025090218,0.01060819998383522
vit_base,8,713,0.01768399588763714,0.010540032759308815
vit_base,8,714,0.01763661950826645,0.010511795990169048
vit_base,8,715,0.017540082335472107,0.010454257018864155
vit_base,8,716,0.01746811904013157,0.010411365889012814
vit_base,8,717,0.0173477940261364,0.010339649394154549
vit_base,8,718,0.0172304417937994,0.010269705206155777
vit_base,8,719,0.01712191291153431,0.010205019265413284
vit_base,8,720,0.017050791531801224,0.01016263011842966
vit_base,8,721,0.01701463758945465,0.010141081176698208
vit_base,8,722,0.016879700124263763,0.010060655884444714
vit_base,8,723,0.01675460673868656,0.009986096993088722
vit_base,8,724,0.016578149050474167,0.009880924597382545
vit_base,8,725,0.01652977429330349,0.0098520927131176
vit_base,8,726,0.016527649015188217,0.009850826114416122
vit_base,8,727,0.016384398564696312,0.0097654452547431
vit_base,8,728,0.01633039489388466,0.009733257815241814
vit_base,8,729,0.016190271824598312,0.009649742394685745
vit_base,8,730,0.015993354842066765,0.009532375261187553
vit_base,8,731,0.015921929851174355,0.00948980450630188
vit_base,8,732,0.01591487228870392,0.009485597722232342
vit_base,8,733,0.015887729823589325,0.009469420649111271
vit_base,8,734,0.015720175579190254,0.009369554929435253
vit_base,8,735,0.01569809950888157,0.009356397204101086
vit_base,8,736,0.015529803931713104,0.009256089106202126
vit_base,8,737,0.015461668372154236,0.009215478785336018
vit_base,8,738,0.015238995663821697,0.009082761593163013
vit_base,8,739,0.01522494200617075,0.009074385277926922
vit_base,8,740,0.015147276222705841,0.009028094820678234
vit_base,8,741,0.015005307272076607,0.00894347857683897
vit_base,8,742,0.0149350855499506,0.00890162494033575
vit_base,8,743,0.014751477167010307,0.008792189881205559
vit_base,8,744,0.014735260978341103,0.0087825246155262
vit_base,8,745,0.014496250078082085,0.008640069514513016
vit_base,8,746,0.014481144957244396,0.008631066419184208
vit_base,8,747,0.014452220872044563,0.0086138267070055
vit_base,8,748,0.014338124543428421,0.008545823395252228
vit_base,8,749,0.0141887366771698,0.00845678523182869
vit_base,8,750,0.014054893516004086,0.008377011865377426
vit_base,8,751,0.014016494154930115,0.00835412461310625
vit_base,8,752,0.013863863423466682,0.008263153955340385
vit_base,8,753,0.013666374608874321,0.008145445957779884
vit_base,8,754,0.013375288806855679,0.00797195266932249
vit_base,8,755,0.01336633414030075,0.007966616190969944
vit_base,8,756,0.013286173343658447,0.007918838411569595
vit_base,8,757,0.013074861839413643,0.007792892400175333
vit_base,8,758,0.013031725771725178,0.007767182309180498
vit_base,8,759,0.012808458879590034,0.0076341102831065655
vit_base,8,760,0.012494418770074844,0.0074469358660280704
vit_base,8,761,0.012102153152227402,0.007213137578219175
vit_base,8,762,0.008573349565267563,0.005109896417707205
vit_base,8,763,0.0028562380466610193,0.0017023778054863214
vit_base,8,764,0.002212455729022622,0.0013186701107770205
vit_base,8,765,0.0021377531811594963,0.0012741457903757691
vit_base,8,766,0.0005488472525030375,0.00032712449319660664
vit_base,8,767,0.00012931291712448,7.707321492489427e-05
vit_base,11,0,0.38329437375068665,1.0
vit_base,11,1,0.20582924783229828,0.5370004773139954
vit_base,11,2,0.17525093257427216,0.4572228193283081
vit_base,11,3,0.1580108404159546,0.41224411129951477
vit_base,11,4,0.13511328399181366,0.35250526666641235
vit_base,11,5,0.1266762912273407,0.3304934799671173
vit_base,11,6,0.11945853382349014,0.3116626441478729
vit_base,11,7,0.11770790070295334,0.30709531903266907
vit_base,11,8,0.11250828951597214,0.2935297191143036
vit_base,11,9,0.10840791463851929,0.28283199667930603
vit_base,11,10,0.10299315303564072,0.2687050998210907
vit_base,11,11,0.10066667199134827,0.26263540983200073
vit_base,11,12,0.09972494840621948,0.26017847657203674
vit_base,11,13,0.09601573646068573,0.2505013048648834
vit_base,11,14,0.09332138299942017,0.24347183108329773
vit_base,11,15,0.09178192913532257,0.2394554615020752
vit_base,11,16,0.0902915894985199,0.23556722700595856
vit_base,11,17,0.08926047384738922,0.23287709057331085
vit_base,11,18,0.0889524295926094,0.23207341134548187
vit_base,11,19,0.08817078918218613,0.23003414273262024
vit_base,11,20,0.08772685378789902,0.22887593507766724
vit_base,11,21,0.08712287992238998,0.22730018198490143
vit_base,11,22,0.08604595065116882,0.22449052333831787
vit_base,11,23,0.08518506586551666,0.2222445011138916
vit_base,11,24,0.08451969921588898,0.22050859034061432
vit_base,11,25,0.08429865539073944,0.21993188560009003
vit_base,11,26,0.08319509774446487,0.21705275774002075
vit_base,11,27,0.08296573907136917,0.2164543718099594
vit_base,11,28,0.0826936587691307,0.2157445251941681
vit_base,11,29,0.0820339098572731,0.21402326226234436
vit_base,11,30,0.08186458051204681,0.21358148753643036
vit_base,11,31,0.08133681118488312,0.21220456063747406
vit_base,11,32,0.08059651404619217,0.2102731466293335
vit_base,11,33,0.08045195043087006,0.20989598333835602
vit_base,11,34,0.07996045798063278,0.20861370861530304
vit_base,11,35,0.07940582931041718,0.20716670155525208
vit_base,11,36,0.07919424772262573,0.206614688038826
vit_base,11,37,0.07898429036140442,0.20606692135334015
vit_base,11,38,0.07821803539991379,0.20406779646873474
vit_base,11,39,0.07791947573423386,0.20328886806964874
vit_base,11,40,0.07776492089033127,0.20288564264774323
vit_base,11,41,0.07734476774930954,0.2017894685268402
vit_base,11,42,0.07699314504861832,0.20087210834026337
vit_base,11,43,0.07675855606794357,0.20026007294654846
vit_base,11,44,0.07653889805078506,0.19968698918819427
vit_base,11,45,0.0764484778046608,0.19945108890533447
vit_base,11,46,0.07625186443328857,0.19893813133239746
vit_base,11,47,0.07557425647974014,0.19717027246952057
vit_base,11,48,0.07525911927223206,0.19634810090065002
vit_base,11,49,0.07509252429008484,0.19591346383094788
vit_base,11,50,0.07477771490812302,0.1950921267271042
vit_base,11,51,0.07472163438796997,0.194945827126503
vit_base,11,52,0.07429023832082748,0.19382032752037048
vit_base,11,53,0.07383029907941818,0.19262036681175232
vit_base,11,54,0.07345280796289444,0.19163550436496735
vit_base,11,55,0.07343533635139465,0.19158992171287537
vit_base,11,56,0.07330489903688431,0.19124960899353027
vit_base,11,57,0.07280834019184113,0.18995411694049835
vit_base,11,58,0.07265575230121613,0.18955601751804352
vit_base,11,59,0.0722406879067421,0.18847312033176422
vit_base,11,60,0.07205958664417267,0.1880006343126297
vit_base,11,61,0.07192864269018173,0.18765901029109955
vit_base,11,62,0.07173272967338562,0.18714788556098938
vit_base,11,63,0.07142938673496246,0.18635646998882294
vit_base,11,64,0.07101576030254364,0.18527734279632568
vit_base,11,65,0.07073141634464264,0.18453550338745117
vit_base,11,66,0.07066798955202103,0.1843700259923935
vit_base,11,67,0.07016368955373764,0.18305431306362152
vit_base,11,68,0.06999494880437851,0.18261408805847168
vit_base,11,69,0.06979609280824661,0.18209527432918549
vit_base,11,70,0.06955847144126892,0.18147532641887665
vit_base,11,71,0.0691499412059784,0.1804094910621643
vit_base,11,72,0.06899413466453552,0.18000300228595734
vit_base,11,73,0.06870661675930023,0.17925287783145905
vit_base,11,74,0.06864779442548752,0.1790994107723236
vit_base,11,75,0.06856594979763031,0.17888587713241577
vit_base,11,76,0.06844591349363327,0.17857271432876587
vit_base,11,77,0.06838428974151611,0.17841193079948425
vit_base,11,78,0.06802300363779068,0.17746935784816742
vit_base,11,79,0.06771807372570038,0.1766737997531891
vit_base,11,80,0.06745527684688568,0.17598818242549896
vit_base,11,81,0.06717412918806076,0.1752546727657318
vit_base,11,82,0.06713724136352539,0.17515844106674194
vit_base,11,83,0.06685392558574677,0.17441926896572113
vit_base,11,84,0.06672053784132004,0.1740712672472
vit_base,11,85,0.0664108395576477,0.173263281583786
vit_base,11,86,0.06625951826572418,0.1728684902191162
vit_base,11,87,0.06598691642284393,0.17215728759765625
vit_base,11,88,0.06593979895114899,0.172034353017807
vit_base,11,89,0.06557603925466537,0.17108531296253204
vit_base,11,90,0.06550107151269913,0.1708897352218628
vit_base,11,91,0.06516577303409576,0.17001494765281677
vit_base,11,92,0.06505714356899261,0.16973154246807098
vit_base,11,93,0.06491439789533615,0.16935911774635315
vit_base,11,94,0.06479079276323318,0.1690366417169571
vit_base,11,95,0.06466243416070938,0.16870175302028656
vit_base,11,96,0.06440206617116928,0.16802246868610382
vit_base,11,97,0.0641711950302124,0.1674201339483261
vit_base,11,98,0.06384608894586563,0.1665719449520111
vit_base,11,99,0.06359733641147614,0.16592295467853546
vit_base,11,100,0.0635657012462616,0.16584043204784393
vit_base,11,101,0.06319242715835571,0.16486656665802002
vit_base,11,102,0.06306961923837662,0.1645461618900299
vit_base,11,103,0.06301728636026382,0.16440963745117188
vit_base,11,104,0.06280868500471115,0.16386540234088898
vit_base,11,105,0.06250008940696716,0.1630602926015854
vit_base,11,106,0.06233615055680275,0.16263258457183838
vit_base,11,107,0.062134239822626114,0.16210579872131348
vit_base,11,108,0.061984337866306305,0.16171471774578094
vit_base,11,109,0.06185448169708252,0.16137592494487762
vit_base,11,110,0.061700060963630676,0.16097304224967957
vit_base,11,111,0.06146983429789543,0.16037239134311676
vit_base,11,112,0.0612112358212471,0.15969771146774292
vit_base,11,113,0.06112333759665489,0.1594683974981308
vit_base,11,114,0.06092353165149689,0.15894711017608643
vit_base,11,115,0.06083402410149574,0.15871359407901764
vit_base,11,116,0.06046845018863678,0.15775981545448303
vit_base,11,117,0.06043296307325363,0.15766723453998566
vit_base,11,118,0.06029791012406349,0.15731488168239594
vit_base,11,119,0.060047633945941925,0.15666192770004272
vit_base,11,120,0.05978654325008392,0.15598075091838837
vit_base,11,121,0.059661854058504105,0.15565544366836548
vit_base,11,122,0.05943569168448448,0.1550653874874115
vit_base,11,123,0.05931529402732849,0.15475128591060638
vit_base,11,124,0.05922011658549309,0.1545029729604721
vit_base,11,125,0.059063270688056946,0.15409375727176666
vit_base,11,126,0.05894143134355545,0.1537758857011795
vit_base,11,127,0.05888935178518295,0.153640016913414
vit_base,11,128,0.05876724049448967,0.15332143008708954
vit_base,11,129,0.05857493728399277,0.15281972289085388
vit_base,11,130,0.058324575424194336,0.15216653048992157
vit_base,11,131,0.05825112760066986,0.15197491645812988
vit_base,11,132,0.0581643283367157,0.15174846351146698
vit_base,11,133,0.0579710379242897,0.1512441635131836
vit_base,11,134,0.05794428288936615,0.1511743664741516
vit_base,11,135,0.057499367743730545,0.15001359581947327
vit_base,11,136,0.05743207037448883,0.14983803033828735
vit_base,11,137,0.0573028102517128,0.1495007872581482
vit_base,11,138,0.057266052812337875,0.1494048833847046
vit_base,11,139,0.057139452546834946,0.14907459914684296
vit_base,11,140,0.05702119693160057,0.14876607060432434
vit_base,11,141,0.0569317452609539,0.1485326886177063
vit_base,11,142,0.056723449379205704,0.14798925817012787
vit_base,11,143,0.05651598051190376,0.14744798839092255
vit_base,11,144,0.05630539730191231,0.14689858257770538
vit_base,11,145,0.05623529106378555,0.1467156708240509
vit_base,11,146,0.05601320043206215,0.14613625407218933
vit_base,11,147,0.055979907512664795,0.1460493952035904
vit_base,11,148,0.0556553415954113,0.1452026069164276
vit_base,11,149,0.05563819408416748,0.14515787363052368
vit_base,11,150,0.05545374006032944,0.14467664062976837
vit_base,11,151,0.055315084755420685,0.14431488513946533
vit_base,11,152,0.0552852489054203,0.14423705637454987
vit_base,11,153,0.055176425725221634,0.1439531296491623
vit_base,11,154,0.05508563667535782,0.14371627569198608
vit_base,11,155,0.05469591170549393,0.1426994949579239
vit_base,11,156,0.05462956428527832,0.14252638816833496
vit_base,11,157,0.05450873449444771,0.1422111541032791
vit_base,11,158,0.054325491189956665,0.1417330801486969
vit_base,11,159,0.054249148815870285,0.14153391122817993
vit_base,11,160,0.05418490618467331,0.14136630296707153
vit_base,11,161,0.0540577732026577,0.14103461802005768
vit_base,11,162,0.053845152258872986,0.1404798924922943
vit_base,11,163,0.053632330149412155,0.13992464542388916
vit_base,11,164,0.053456664085388184,0.13946634531021118
vit_base,11,165,0.05341361090540886,0.13935402035713196
vit_base,11,166,0.05311834067106247,0.13858367502689362
vit_base,11,167,0.053067538887262344,0.13845112919807434
vit_base,11,168,0.052899762988090515,0.13801340758800507
vit_base,11,169,0.05282006040215492,0.13780547678470612
vit_base,11,170,0.05264836177229881,0.13735751807689667
vit_base,11,171,0.05257332697510719,0.1371617466211319
vit_base,11,172,0.05242956429719925,0.13678668439388275
vit_base,11,173,0.05221964791417122,0.13623902201652527
vit_base,11,174,0.052110616117715836,0.13595455884933472
vit_base,11,175,0.05191224068403244,0.13543701171875
vit_base,11,176,0.05170004814863205,0.13488340377807617
vit_base,11,177,0.051551878452301025,0.13449683785438538
vit_base,11,178,0.05150829628109932,0.13438312709331512
vit_base,11,179,0.05135370418429375,0.13397979736328125
vit_base,11,180,0.05120985582470894,0.1336045116186142
vit_base,11,181,0.051001761108636856,0.13306160271167755
vit_base,11,182,0.05090944841504097,0.1328207552433014
vit_base,11,183,0.05066581442952156,0.13218513131141663
vit_base,11,184,0.05060066282749176,0.1320151537656784
vit_base,11,185,0.050339870154857635,0.13133475184440613
vit_base,11,186,0.050279781222343445,0.13117797672748566
vit_base,11,187,0.050125475972890854,0.13077540695667267
vit_base,11,188,0.050077639520168304,0.130650594830513
vit_base,11,189,0.04993762448430061,0.13028530776500702
vit_base,11,190,0.04982408881187439,0.12998910248279572
vit_base,11,191,0.049584366381168365,0.12936367094516754
vit_base,11,192,0.049503736197948456,0.129153311252594
vit_base,11,193,0.04943278059363365,0.12896819412708282
vit_base,11,194,0.04931392893195152,0.12865811586380005
vit_base,11,195,0.04912048205733299,0.12815341353416443
vit_base,11,196,0.04899783805012703,0.12783344089984894
vit_base,11,197,0.04896920174360275,0.12775872647762299
vit_base,11,198,0.04884621873497963,0.12743787467479706
vit_base,11,199,0.04877106100320816,0.12724179029464722
vit_base,11,200,0.04866064339876175,0.12695372104644775
vit_base,11,201,0.04853347688913345,0.12662194669246674
vit_base,11,202,0.04843761399388313,0.1263718456029892
vit_base,11,203,0.04821512848138809,0.12579138576984406
vit_base,11,204,0.04803343862295151,0.12531736493110657
vit_base,11,205,0.048007987439632416,0.12525096535682678
vit_base,11,206,0.04784361273050308,0.12482210993766785
vit_base,11,207,0.0475357323884964,0.12401886284351349
vit_base,11,208,0.04731712117791176,0.12344852089881897
vit_base,11,209,0.04719087481498718,0.12311914563179016
vit_base,11,210,0.047154925763607025,0.12302535772323608
vit_base,11,211,0.047080814838409424,0.12283200025558472
vit_base,11,212,0.04703788086771965,0.12271998822689056
vit_base,11,213,0.04692930728197098,0.12243672460317612
vit_base,11,214,0.0468498170375824,0.12222933769226074
vit_base,11,215,0.04667636379599571,0.12177680432796478
vit_base,11,216,0.04642808064818382,0.12112904340028763
vit_base,11,217,0.046308375895023346,0.12081673741340637
vit_base,11,218,0.04616052284836769,0.12043099850416183
vit_base,11,219,0.046035606414079666,0.12010509520769119
vit_base,11,220,0.045834533870220184,0.11958050727844238
vit_base,11,221,0.0457000695168972,0.11922969669103622
vit_base,11,222,0.04563082754611969,0.11904904246330261
vit_base,11,223,0.045497749000787735,0.11870184540748596
vit_base,11,224,0.045406274497509,0.1184631958603859
vit_base,11,225,0.045259226113557816,0.11807955056428909
vit_base,11,226,0.04508344456553459,0.11762094497680664
vit_base,11,227,0.044997453689575195,0.11739659309387207
vit_base,11,228,0.04487770423293114,0.11708417534828186
vit_base,11,229,0.04480733349919319,0.11690057814121246
vit_base,11,230,0.04452721029520035,0.1161697506904602
vit_base,11,231,0.044446300715208054,0.11595866084098816
vit_base,11,232,0.04428119584918022,0.11552790552377701
vit_base,11,233,0.044166237115859985,0.11522798240184784
vit_base,11,234,0.04401430860161781,0.11483161151409149
vit_base,11,235,0.043920405209064484,0.11458662152290344
vit_base,11,236,0.0438171811401844,0.11431731283664703
vit_base,11,237,0.04372309148311615,0.11407183110713959
vit_base,11,238,0.04355984926223755,0.11364594101905823
vit_base,11,239,0.04343540593981743,0.11332127451896667
vit_base,11,240,0.04330054298043251,0.11296942085027695
vit_base,11,241,0.04326009750366211,0.11286389827728271
vit_base,11,242,0.04322429373860359,0.11277049034833908
vit_base,11,243,0.04304678738117218,0.11230738461017609
vit_base,11,244,0.04290461540222168,0.11193646490573883
vit_base,11,245,0.04282363876700401,0.11172519624233246
vit_base,11,246,0.04263606667518616,0.11123582720756531
vit_base,11,247,0.042595550417900085,0.11113012582063675
vit_base,11,248,0.04241713136434555,0.11066463589668274
vit_base,11,249,0.04227377846837044,0.11029063165187836
vit_base,11,250,0.04216795042157173,0.11001453548669815
vit_base,11,251,0.042156919836997986,0.10998575389385223
vit_base,11,252,0.04185851663351059,0.10920723527669907
vit_base,11,253,0.04169585555791855,0.10878285765647888
vit_base,11,254,0.04163336753845215,0.108619824051857
vit_base,11,255,0.041465841233730316,0.10818275809288025
vit_base,11,256,0.04130813106894493,0.10777129977941513
vit_base,11,257,0.04122605547308922,0.10755716264247894
vit_base,11,258,0.04113603010773659,0.10732229053974152
vit_base,11,259,0.041057754307985306,0.10711807757616043
vit_base,11,260,0.04094554856419563,0.1068253368139267
vit_base,11,261,0.04077336937189102,0.10637612640857697
vit_base,11,262,0.04067882150411606,0.10612945258617401
vit_base,11,263,0.04056181758642197,0.10582419484853745
vit_base,11,264,0.04044392332434654,0.10551661252975464
vit_base,11,265,0.040334612131118774,0.10523142665624619
vit_base,11,266,0.04024956747889519,0.1050095483660698
vit_base,11,267,0.040034759789705276,0.10444912314414978
vit_base,11,268,0.03993263840675354,0.10418269038200378
vit_base,11,269,0.039773259311914444,0.10376687347888947
vit_base,11,270,0.03975314646959305,0.10371440649032593
vit_base,11,271,0.03964211419224739,0.10342472791671753
vit_base,11,272,0.039570167660713196,0.10323701798915863
vit_base,11,273,0.03944362699985504,0.10290688276290894
vit_base,11,274,0.03935806825757027,0.1026836633682251
vit_base,11,275,0.03920074924826622,0.10227321833372116
vit_base,11,276,0.03899340331554413,0.10173226147890091
vit_base,11,277,0.038743142038583755,0.10107934474945068
vit_base,11,278,0.038709260523319244,0.10099094361066818
vit_base,11,279,0.03855619207024574,0.10059159994125366
vit_base,11,280,0.0384378507733345,0.10028284788131714
vit_base,11,281,0.0382920503616333,0.09990245848894119
vit_base,11,282,0.03820931166410446,0.09968660026788712
vit_base,11,283,0.038186218589544296,0.09962634742259979
vit_base,11,284,0.03809206932783127,0.09938071668148041
vit_base,11,285,0.03796464204788208,0.09904826432466507
vit_base,11,286,0.03784762695431709,0.09874297678470612
vit_base,11,287,0.03776514157652855,0.09852777421474457
vit_base,11,288,0.03762545436620712,0.09816333651542664
vit_base,11,289,0.03751453384757042,0.09787394851446152
vit_base,11,290,0.03746206313371658,0.09773705899715424
vit_base,11,291,0.037368837743997574,0.09749383479356766
vit_base,11,292,0.0373104028403759,0.0973413810133934
vit_base,11,293,0.03710335120558739,0.09680119156837463
vit_base,11,294,0.037005264312028885,0.09654528647661209
vit_base,11,295,0.036864034831523895,0.09617682546377182
vit_base,11,296,0.03666205331683159,0.09564986079931259
vit_base,11,297,0.036608822643756866,0.09551098197698593
vit_base,11,298,0.0364922471344471,0.0952068418264389
vit_base,11,299,0.03628353029489517,0.09466230869293213
vit_base,11,300,0.036254964768886566,0.0945877879858017
vit_base,11,301,0.03609753027558327,0.09417704492807388
vit_base,11,302,0.03595529869198799,0.09380596876144409
vit_base,11,303,0.03590041399002075,0.09366277605295181
vit_base,11,304,0.03573564440011978,0.0932328999042511
vit_base,11,305,0.035647064447402954,0.09300179779529572
vit_base,11,306,0.03552985563874245,0.09269600361585617
vit_base,11,307,0.03544814512133598,0.09248282015323639
vit_base,11,308,0.0353652723133564,0.09226661175489426
vit_base,11,309,0.03534390777349472,0.09221087396144867
vit_base,11,310,0.03524934500455856,0.09196416288614273
vit_base,11,311,0.034998420625925064,0.09130951017141342
vit_base,11,312,0.03494007885456085,0.09115729480981827
vit_base,11,313,0.034775808453559875,0.09072872251272202
vit_base,11,314,0.03468377888202667,0.09048862010240555
vit_base,11,315,0.03463337570428848,0.09035712480545044
vit_base,11,316,0.0345730297267437,0.09019967913627625
vit_base,11,317,0.034413937479257584,0.08978461474180222
vit_base,11,318,0.034238483756780624,0.08932686597108841
vit_base,11,319,0.034216124564409256,0.0892685279250145
vit_base,11,320,0.034115180373191833,0.08900517225265503
vit_base,11,321,0.03399622067809105,0.08869481086730957
vit_base,11,322,0.03380684554576874,0.08820074051618576
vit_base,11,323,0.03365873545408249,0.0878143236041069
vit_base,11,324,0.03363388404250145,0.08774948865175247
vit_base,11,325,0.0335177406668663,0.08744647353887558
vit_base,11,326,0.03331806883215904,0.08692553639411926
vit_base,11,327,0.0331965871155262,0.08660859614610672
vit_base,11,328,0.03311220183968544,0.08638843894004822
vit_base,11,329,0.0330401174724102,0.08620037138462067
vit_base,11,330,0.032916177064180374,0.08587701618671417
vit_base,11,331,0.03285349905490875,0.08571349084377289
vit_base,11,332,0.032688744366168976,0.08528365194797516
vit_base,11,333,0.032601699233055115,0.08505655825138092
vit_base,11,334,0.03250594064593315,0.08480672538280487
vit_base,11,335,0.03233141824603081,0.08435140550136566
vit_base,11,336,0.032240480184555054,0.08411414921283722
vit_base,11,337,0.03201654180884361,0.08352990448474884
vit_base,11,338,0.031984299421310425,0.08344578742980957
vit_base,11,339,0.031915731728076935,0.08326689153909683
vit_base,11,340,0.03178437054157257,0.08292417973279953
vit_base,11,341,0.031623903661966324,0.08250552415847778
vit_base,11,342,0.03155168890953064,0.08231712132692337
vit_base,11,343,0.03154117241501808,0.0822896808385849
vit_base,11,344,0.031353678554296494,0.08180052042007446
vit_base,11,345,0.031337328255176544,0.08175786584615707
vit_base,11,346,0.031190695241093636,0.08137530088424683
vit_base,11,347,0.03104214370250702,0.08098773658275604
vit_base,11,348,0.03094833716750145,0.08074299991130829
vit_base,11,349,0.030892563983798027,0.08059749007225037
vit_base,11,350,0.03068273700773716,0.08005005866289139
vit_base,11,351,0.030601993203163147,0.07983940094709396
vit_base,11,352,0.030388223007321358,0.07928168773651123
vit_base,11,353,0.030269557610154152,0.07897209376096725
vit_base,11,354,0.030240463092923164,0.0788961872458458
vit_base,11,355,0.03019959107041359,0.07878955453634262
vit_base,11,356,0.03010624088346958,0.07854600250720978
vit_base,11,357,0.029932532459497452,0.07809280604124069
vit_base,11,358,0.029696833342313766,0.07747787237167358
vit_base,11,359,0.02967970073223114,0.07743317633867264
vit_base,11,360,0.029520539566874504,0.07701793313026428
vit_base,11,361,0.02943640947341919,0.0767984390258789
vit_base,11,362,0.029341114684939384,0.07654982060194016
vit_base,11,363,0.029235627502202988,0.07627461105585098
vit_base,11,364,0.02909642830491066,0.07591143995523453
vit_base,11,365,0.028995012864470482,0.07564685493707657
vit_base,11,366,0.028881577774882317,0.07535090297460556
vit_base,11,367,0.028772976249456406,0.07506757229566574
vit_base,11,368,0.02869216725230217,0.07485674321651459
vit_base,11,369,0.028553791344165802,0.07449572533369064
vit_base,11,370,0.028394224122166634,0.07407941669225693
vit_base,11,371,0.02831544168293476,0.07387387752532959
vit_base,11,372,0.02815769426524639,0.07346232235431671
vit_base,11,373,0.028035318478941917,0.07314305007457733
vit_base,11,374,0.027939144521951675,0.07289213687181473
vit_base,11,375,0.02764892764389515,0.07213497161865234
vit_base,11,376,0.02760601043701172,0.07202300429344177
vit_base,11,377,0.02749377116560936,0.07173017412424088
vit_base,11,378,0.027389710769057274,0.07145868241786957
vit_base,11,379,0.02730051800608635,0.07122598588466644
vit_base,11,380,0.027230143547058105,0.07104238122701645
vit_base,11,381,0.027024807408452034,0.07050666213035583
vit_base,11,382,0.02689126320183277,0.07015825062990189
vit_base,11,383,0.02685161866247654,0.07005482167005539
vit_base,11,384,0.02664862386882305,0.06952521950006485
vit_base,11,385,0.02663254737854004,0.06948327273130417
vit_base,11,386,0.026549557223916054,0.06926675885915756
vit_base,11,387,0.02647717483341694,0.06907791644334793
vit_base,11,388,0.026316499337553978,0.06865871697664261
vit_base,11,389,0.02627705968916416,0.0685558170080185
vit_base,11,390,0.026023302227258682,0.06789378076791763
vit_base,11,391,0.025925226509571075,0.06763789802789688
vit_base,11,392,0.025859365239739418,0.06746607273817062
vit_base,11,393,0.025680914521217346,0.06700050085783005
vit_base,11,394,0.02561173029243946,0.06682000309228897
vit_base,11,395,0.025311773642897606,0.06603742390871048
vit_base,11,396,0.025303998962044716,0.06601714342832565
vit_base,11,397,0.025131460279226303,0.06556699424982071
vit_base,11,398,0.02498750388622284,0.06519141793251038
vit_base,11,399,0.02484707720577717,0.06482505053281784
vit_base,11,400,0.0247697401791811,0.06462328135967255
vit_base,11,401,0.02475222572684288,0.06457758694887161
vit_base,11,402,0.02462899312376976,0.06425607949495316
vit_base,11,403,0.024504218250513077,0.06393054872751236
vit_base,11,404,0.024427322670817375,0.06372992694377899
vit_base,11,405,0.02433161810040474,0.06348024308681488
vit_base,11,406,0.024112887680530548,0.0629095807671547
vit_base,11,407,0.024003002792596817,0.06262289732694626
vit_base,11,408,0.023887667804956436,0.062321990728378296
vit_base,11,409,0.023857055231928825,0.06224212422966957
vit_base,11,410,0.02371189184486866,0.06186339631676674
vit_base,11,411,0.023586848750710487,0.06153716519474983
vit_base,11,412,0.023458492010831833,0.061202287673950195
vit_base,11,413,0.023330768570303917,0.06086906045675278
vit_base,11,414,0.023231808096170425,0.060610879212617874
vit_base,11,415,0.023138679563999176,0.06036790832877159
vit_base,11,416,0.023010145872831345,0.060032568871974945
vit_base,11,417,0.022910410538315773,0.05977236479520798
vit_base,11,418,0.022824563086032867,0.05954839289188385
vit_base,11,419,0.022777318954467773,0.05942513421177864
vit_base,11,420,0.022487713024020195,0.058669563382864
vit_base,11,421,0.0224661435931921,0.05861328914761543
vit_base,11,422,0.02232631854712963,0.05824849009513855
vit_base,11,423,0.02220650017261505,0.057935889810323715
vit_base,11,424,0.022041622549295425,0.05750573053956032
vit_base,11,425,0.021985571831464767,0.057359497994184494
vit_base,11,426,0.02190936915576458,0.05716068670153618
vit_base,11,427,0.02165466919541359,0.056496184319257736
vit_base,11,428,0.021549111232161522,0.05622078850865364
vit_base,11,429,0.02151849865913391,0.056140922009944916
vit_base,11,430,0.021392637863755226,0.05581255629658699
vit_base,11,431,0.021245678886771202,0.05542914569377899
vit_base,11,432,0.02115049958229065,0.05518082529306412
vit_base,11,433,0.020854732021689415,0.05440917983651161
vit_base,11,434,0.020635085180401802,0.05383612960577011
vit_base,11,435,0.020512543618679047,0.05351642519235611
vit_base,11,436,0.02049056440591812,0.053459081798791885
vit_base,11,437,0.020425310358405113,0.053288836032152176
vit_base,11,438,0.020356139168143272,0.053108371794223785
vit_base,11,439,0.020214803516864777,0.05273963138461113
vit_base,11,440,0.020090598613023758,0.05241558700799942
vit_base,11,441,0.01989428512752056,0.051903411746025085
vit_base,11,442,0.01979229599237442,0.051637325435876846
vit_base,11,443,0.019695423543453217,0.051384590566158295
vit_base,11,444,0.01956915482878685,0.05105515941977501
vit_base,11,445,0.019480276852846146,0.05082327872514725
vit_base,11,446,0.019387463107705116,0.050581131130456924
vit_base,11,447,0.019329560920596123,0.050430066883563995
vit_base,11,448,0.0190428514033556,0.04968205466866493
vit_base,11,449,0.01901152729988098,0.049600329250097275
vit_base,11,450,0.018952980637550354,0.04944758489727974
vit_base,11,451,0.01879284344613552,0.049029793590307236
vit_base,11,452,0.01867108792066574,0.04871213808655739
vit_base,11,453,0.018486954271793365,0.048231739550828934
vit_base,11,454,0.018407460302114487,0.04802434518933296
vit_base,11,455,0.018330521881580353,0.04782361537218094
vit_base,11,456,0.01824403926730156,0.047597985714673996
vit_base,11,457,0.018165351822972298,0.04739269241690636
vit_base,11,458,0.01789829507470131,0.046695951372385025
vit_base,11,459,0.0177475493401289,0.046302661299705505
vit_base,11,460,0.017665104940533638,0.04608756676316261
vit_base,11,461,0.017562059685587883,0.04581872746348381
vit_base,11,462,0.017441578209400177,0.04550439491868019
vit_base,11,463,0.017237449064850807,0.044971831142902374
vit_base,11,464,0.017131298780441284,0.04469488933682442
vit_base,11,465,0.016958270221948624,0.0442434623837471
vit_base,11,466,0.016904575750231743,0.04410337656736374
vit_base,11,467,0.01665351167321205,0.04344835877418518
vit_base,11,468,0.01657802425324917,0.04325141757726669
vit_base,11,469,0.016346149146556854,0.042646463960409164
vit_base,11,470,0.01624927669763565,0.042393725365400314
vit_base,11,471,0.016139477491378784,0.04210726544260979
vit_base,11,472,0.01602882519364357,0.04181857779622078
vit_base,11,473,0.015875771641731262,0.041419267654418945
vit_base,11,474,0.015831373631954193,0.04130343347787857
vit_base,11,475,0.015747221186757088,0.04108388349413872
vit_base,11,476,0.015569291077554226,0.04061967134475708
vit_base,11,477,0.015311246737837791,0.03994644433259964
vit_base,11,478,0.015216349624097347,0.03969886153936386
vit_base,11,479,0.015119891613721848,0.03944720700383186
vit_base,11,480,0.015032407827675343,0.0392189621925354
vit_base,11,481,0.015015368349850178,0.039174508303403854
vit_base,11,482,0.014898531138896942,0.03886968642473221
vit_base,11,483,0.014740943908691406,0.03845854476094246
vit_base,11,484,0.01464688777923584,0.038213156163692474
vit_base,11,485,0.014560111798346043,0.03798676282167435
vit_base,11,486,0.014358526095747948,0.03746083378791809
vit_base,11,487,0.01412547193467617,0.03685280308127403
vit_base,11,488,0.013955497182905674,0.036409344524145126
vit_base,11,489,0.013800195418298244,0.03600417077541351
vit_base,11,490,0.01374009158462286,0.035847362130880356
vit_base,11,491,0.013631404377520084,0.03556380048394203
vit_base,11,492,0.013574653305113316,0.03541573882102966
vit_base,11,493,0.01335608959197998,0.034845516085624695
vit_base,11,494,0.013279463164508343,0.034645598381757736
vit_base,11,495,0.013216338120400906,0.03448091074824333
vit_base,11,496,0.013107829727232456,0.034197814762592316
vit_base,11,497,0.01297396793961525,0.03384857624769211
vit_base,11,498,0.012850983068346977,0.033527713268995285
vit_base,11,499,0.012728354893624783,0.03320778161287308
vit_base,11,500,0.01257772371172905,0.032814789563417435
vit_base,11,501,0.012498495168983936,0.03260808438062668
vit_base,11,502,0.012411492876708508,0.032381098717451096
vit_base,11,503,0.012276296503841877,0.032028377056121826
vit_base,11,504,0.0121245002374053,0.03163234516978264
vit_base,11,505,0.012071754783391953,0.031494736671447754
vit_base,11,506,0.011954202316701412,0.03118804655969143
vit_base,11,507,0.011848481371998787,0.03091222420334816
vit_base,11,508,0.011760497465729713,0.030682677403092384
vit_base,11,509,0.011638098396360874,0.03036334365606308
vit_base,11,510,0.01145904790610075,0.02989620715379715
vit_base,11,511,0.011333229951560497,0.029567953199148178
vit_base,11,512,0.011265292763710022,0.02939070761203766
vit_base,11,513,0.011133224703371525,0.02904614806175232
vit_base,11,514,0.010994700714945793,0.028684744611382484
vit_base,11,515,0.010921593755483627,0.028494011610746384
vit_base,11,516,0.010801902040839195,0.028181739151477814
vit_base,11,517,0.010686091147363186,0.027879593893885612
vit_base,11,518,0.010596580803394318,0.02764606475830078
vit_base,11,519,0.010382142849266529,0.02708660438656807
vit_base,11,520,0.010312394239008427,0.02690463326871395
vit_base,11,521,0.010303820483386517,0.026882264763116837
vit_base,11,522,0.010190669447183609,0.02658705785870552
vit_base,11,523,0.010124288499355316,0.026413872838020325
vit_base,11,524,0.010056201368570328,0.026236236095428467
vit_base,11,525,0.009993553161621094,0.02607278898358345
vit_base,11,526,0.009912681765854359,0.025861799716949463
vit_base,11,527,0.009755851700901985,0.025452636182308197
vit_base,11,528,0.009650963358581066,0.02517898567020893
vit_base,11,529,0.009482043795287609,0.024738281965255737
vit_base,11,530,0.009409192018210888,0.024548213928937912
vit_base,11,531,0.009340361692011356,0.024368638172745705
vit_base,11,532,0.00918958242982626,0.02397526055574417
vit_base,11,533,0.009179465472698212,0.02394886687397957
vit_base,11,534,0.009109857492148876,0.0237672608345747
vit_base,11,535,0.008924818597733974,0.02328450232744217
vit_base,11,536,0.008799655362963676,0.022957956418395042
vit_base,11,537,0.008702919818460941,0.022705577313899994
vit_base,11,538,0.008651075884699821,0.02257031761109829
vit_base,11,539,0.008558819070458412,0.022329624742269516
vit_base,11,540,0.008537659421563148,0.02227441966533661
vit_base,11,541,0.008350138552486897,0.021785184741020203
vit_base,11,542,0.008306501433253288,0.021671338006854057
vit_base,11,543,0.00810755044221878,0.021152282133698463
vit_base,11,544,0.008031194098293781,0.020953070372343063
vit_base,11,545,0.008006867952644825,0.020889604464173317
vit_base,11,546,0.007959246635437012,0.020765362307429314
vit_base,11,547,0.007860797457396984,0.02050851285457611
vit_base,11,548,0.007709766738116741,0.020114479586482048
vit_base,11,549,0.007649621926248074,0.019957564771175385
vit_base,11,550,0.00761307030916214,0.019862202927470207
vit_base,11,551,0.00755695765838027,0.01971580646932125
vit_base,11,552,0.0073915584944188595,0.019284287467598915
vit_base,11,553,0.0073234387673437595,0.019106565043330193
vit_base,11,554,0.007207110989838839,0.018803071230649948
vit_base,11,555,0.007143914233893156,0.018638191744685173
vit_base,11,556,0.0070792087353765965,0.018469378352165222
vit_base,11,557,0.00704024825245142,0.01836773194372654
vit_base,11,558,0.006953439675271511,0.018141252920031548
vit_base,11,559,0.006895767990499735,0.01799078844487667
vit_base,11,560,0.006744564510881901,0.017596304416656494
vit_base,11,561,0.006689430680125952,0.017452463507652283
vit_base,11,562,0.006626201327890158,0.017287500202655792
vit_base,11,563,0.006598078645765781,0.017214128747582436
vit_base,11,564,0.00653836177662015,0.01705832965672016
vit_base,11,565,0.006441967096179724,0.016806840896606445
vit_base,11,566,0.006360157392919064,0.01659340225160122
vit_base,11,567,0.006310520693659782,0.016463901847600937
vit_base,11,568,0.006255240645259619,0.016319677233695984
vit_base,11,569,0.006227036938071251,0.016246095299720764
vit_base,11,570,0.006136404350399971,0.016009638085961342
vit_base,11,571,0.00608727615326643,0.01588146574795246
vit_base,11,572,0.006071474868804216,0.015840239822864532
vit_base,11,573,0.0058717005886137486,0.01531903725117445
vit_base,11,574,0.005818018224090338,0.01517898216843605
vit_base,11,575,0.00580625282600522,0.015148286707699299
vit_base,11,576,0.005765144247561693,0.01504103560000658
vit_base,11,577,0.005690637044608593,0.014846649020910263
vit_base,11,578,0.005685364827513695,0.014832894317805767
vit_base,11,579,0.005596805363893509,0.014601846225559711
vit_base,11,580,0.005488021299242973,0.014318033121526241
vit_base,11,581,0.005407463759183884,0.014107861556112766
vit_base,11,582,0.005373294465243816,0.014018715359270573
vit_base,11,583,0.00532793253660202,0.01390036754310131
vit_base,11,584,0.0052690524607896805,0.013746751472353935
vit_base,11,585,0.0052086832001805305,0.013589250855147839
vit_base,11,586,0.005153381731361151,0.013444971293210983
vit_base,11,587,0.005120504181832075,0.013359194621443748
vit_base,11,588,0.005061044357717037,0.013204067014157772
vit_base,11,589,0.004975723568350077,0.012981467880308628
vit_base,11,590,0.004870117176324129,0.012705945409834385
vit_base,11,591,0.004807284101843834,0.012542015872895718
vit_base,11,592,0.004793353378772736,0.012505671009421349
vit_base,11,593,0.004710655193775892,0.012289915233850479
vit_base,11,594,0.00462736003100872,0.012072601355612278
vit_base,11,595,0.004564331844449043,0.01190816331654787
vit_base,11,596,0.004528081975877285,0.011813588440418243
vit_base,11,597,0.004434199072420597,0.011568651534616947
vit_base,11,598,0.004382936283946037,0.011434908956289291
vit_base,11,599,0.004326771479099989,0.011288377456367016
vit_base,11,600,0.004268092103302479,0.011135285720229149
vit_base,11,601,0.0041771866381168365,0.010898116044700146
vit_base,11,602,0.004104150924831629,0.010707569308578968
vit_base,11,603,0.0040961322374641895,0.01068664900958538
vit_base,11,604,0.004058254417032003,0.010587827302515507
vit_base,11,605,0.004048340022563934,0.010561960749328136
vit_base,11,606,0.003984043840318918,0.010394214652478695
vit_base,11,607,0.003909033723175526,0.010198515839874744
vit_base,11,608,0.0038128625601530075,0.009947609156370163
vit_base,11,609,0.003789699636399746,0.009887178428471088
vit_base,11,610,0.003742675296962261,0.009764493443071842
vit_base,11,611,0.003684065770357847,0.009611583314836025
vit_base,11,612,0.0036799563094973564,0.009600861929357052
vit_base,11,613,0.0036160233430564404,0.009434062987565994
vit_base,11,614,0.0035996006336063147,0.00939121749252081
vit_base,11,615,0.003545447951182723,0.009249934926629066
vit_base,11,616,0.0034732867497950792,0.009061668999493122
vit_base,11,617,0.003453620942309499,0.00901036150753498
vit_base,11,618,0.0034328321926295757,0.008956125006079674
vit_base,11,619,0.0033397087827324867,0.00871316995471716
vit_base,11,620,0.003299080766737461,0.008607172407209873
vit_base,11,621,0.003266122192144394,0.008521185256540775
vit_base,11,622,0.003207453293725848,0.008368120528757572
vit_base,11,623,0.003180747851729393,0.008298446424305439
vit_base,11,624,0.003149999538436532,0.008218225091695786
vit_base,11,625,0.003103892784565687,0.008097934536635876
vit_base,11,626,0.003083133138716221,0.008043773472309113
vit_base,11,627,0.0030133482068777084,0.007861707359552383
vit_base,11,628,0.0030010249465703964,0.007829556241631508
vit_base,11,629,0.0029804438818246126,0.00777586130425334
vit_base,11,630,0.0029321368783712387,0.0076498305425047874
vit_base,11,631,0.002930619055405259,0.007645870558917522
vit_base,11,632,0.002885915106162429,0.007529239635914564
vit_base,11,633,0.0028498938772827387,0.007435261737555265
vit_base,11,634,0.002830339130014181,0.0073842438869178295
vit_base,11,635,0.002758566290140152,0.007196991704404354
vit_base,11,636,0.0027172230184078217,0.007089128717780113
vit_base,11,637,0.0027167177759110928,0.007087810430675745
vit_base,11,638,0.0026289145462214947,0.006858735345304012
vit_base,11,639,0.00262863258831203,0.006857999600470066
vit_base,11,640,0.0025906169321388006,0.006758818402886391
vit_base,11,641,0.0025522131472826004,0.006658624392002821
vit_base,11,642,0.0025057601742446423,0.006537430454045534
vit_base,11,643,0.0024922185111790895,0.006502100732177496
vit_base,11,644,0.002454765373840928,0.006404386833310127
vit_base,11,645,0.0024094106629490852,0.006286058109253645
vit_base,11,646,0.0024072632659226656,0.0062804557383060455
vit_base,11,647,0.0023555161897093058,0.0061454493552446365
vit_base,11,648,0.0023539939429610968,0.006141478195786476
vit_base,11,649,0.0022718028631061316,0.005927044898271561
vit_base,11,650,0.002261123387143016,0.005899182520806789
vit_base,11,651,0.002239634282886982,0.0058431182987987995
vit_base,11,652,0.0021876513492316008,0.005707496777176857
vit_base,11,653,0.0021860101260244846,0.005703215021640062
vit_base,11,654,0.0021574145648628473,0.0056286100298166275
vit_base,11,655,0.0020492381881922483,0.005346382036805153
vit_base,11,656,0.0020246070344001055,0.005282120313495398
vit_base,11,657,0.002020118059590459,0.005270408932119608
vit_base,11,658,0.002018196042627096,0.005265394691377878
vit_base,11,659,0.0019286226015537977,0.00503170071169734
vit_base,11,660,0.0018811371410265565,0.004907813388854265
vit_base,11,661,0.0018644798547029495,0.004864355083554983
vit_base,11,662,0.001833220012485981,0.004782799165695906
vit_base,11,663,0.0018121335888281465,0.004727785475552082
vit_base,11,664,0.0017968870233744383,0.00468800775706768
vit_base,11,665,0.0017816786421462893,0.0046483296900987625
vit_base,11,666,0.0017277494771406054,0.004507630597800016
vit_base,11,667,0.0017216397682204843,0.0044916910119354725
vit_base,11,668,0.0016940721543505788,0.004419767763465643
vit_base,11,669,0.0016799423610791564,0.004382903687655926
vit_base,11,670,0.0016458197496831417,0.004293879494071007
vit_base,11,671,0.0016015920555219054,0.0041784909553825855
vit_base,11,672,0.0015799666289240122,0.0041220709681510925
vit_base,11,673,0.0015339795500040054,0.004002092406153679
vit_base,11,674,0.001515961717814207,0.003955084830522537
vit_base,11,675,0.0014672158285975456,0.0038279087748378515
vit_base,11,676,0.001458707032725215,0.0038057095371186733
vit_base,11,677,0.0014174699317663908,0.0036981236189603806
vit_base,11,678,0.0014043240807950497,0.0036638265009969473
vit_base,11,679,0.001371772144921124,0.0035788998939096928
vit_base,11,680,0.0013597426004707813,0.0035475152544677258
vit_base,11,681,0.0013250726042315364,0.0034570626448839903
vit_base,11,682,0.001283544348552823,0.003348717000335455
vit_base,11,683,0.0012761126272380352,0.0033293277956545353
vit_base,11,684,0.0012511973036453128,0.003264324739575386
vit_base,11,685,0.0012395535595715046,0.0032339466270059347
vit_base,11,686,0.0011816832702606916,0.00308296550065279
vit_base,11,687,0.0011667747749015689,0.0030440697446465492
vit_base,11,688,0.0011657386785373092,0.003041366580873728
vit_base,11,689,0.0011449978919699788,0.0029872546438127756
vit_base,11,690,0.001091448008082807,0.0028475450817495584
vit_base,11,691,0.001078905537724495,0.0028148223645985126
vit_base,11,692,0.0010395641438663006,0.0027121822349727154
vit_base,11,693,0.0010215818183496594,0.0026652670931071043
vit_base,11,694,0.0009943871991708875,0.0025943173095583916
vit_base,11,695,0.0009859083220362663,0.002572196302935481
vit_base,11,696,0.000971384986769408,0.0025343054439872503
vit_base,11,697,0.0009531977702863514,0.00248685572296381
vit_base,11,698,0.0009426340111531317,0.0024592953268438578
vit_base,11,699,0.0009330092580057681,0.002434184541925788
vit_base,11,700,0.0008851746097207069,0.002309385919943452
vit_base,11,701,0.000872958276886493,0.0022775139659643173
vit_base,11,702,0.0008505760924890637,0.002219119807705283
vit_base,11,703,0.000843547866679728,0.0022007834631949663
vit_base,11,704,0.0008152110385708511,0.0021268536802381277
vit_base,11,705,0.0007980407099239528,0.002082057064399123
vit_base,11,706,0.000763534102588892,0.0019920305348932743
vit_base,11,707,0.0007615632493980229,0.0019868887029588223
vit_base,11,708,0.0007318636635318398,0.0019094037124887109
vit_base,11,709,0.0007313500973396003,0.0019080637721344829
vit_base,11,710,0.0007146982825361192,0.0018646199023351073
vit_base,11,711,0.000703686207998544,0.001835889765061438
vit_base,11,712,0.0006749435560777783,0.0017609013011679053
vit_base,11,713,0.0006338608218356967,0.001653718063607812
vit_base,11,714,0.0006150990957394242,0.0016047694953158498
vit_base,11,715,0.000603651802521199,0.0015749039594084024
vit_base,11,716,0.0005869940505363047,0.001531444489955902
vit_base,11,717,0.0005602561286650598,0.0014616863336414099
vit_base,11,718,0.0005523139261640608,0.001440965454094112
vit_base,11,719,0.0005437328363768756,0.001418577739968896
vit_base,11,720,0.0005282830679789186,0.0013782698661088943
vit_base,11,721,0.0005193304386921227,0.0013549127615988255
vit_base,11,722,0.0004740752629004419,0.001236843760125339
vit_base,11,723,0.0004263703303877264,0.0011123835574835539
vit_base,11,724,0.0004255451785866171,0.0011102306889370084
vit_base,11,725,0.0004145099956076592,0.0010814403649419546
vit_base,11,726,0.0004142573452554643,0.0010807812213897705
vit_base,11,727,0.000396531424485147,0.001034535001963377
vit_base,11,728,0.00037580731441266835,0.000980466604232788
vit_base,11,729,0.00037140079075470567,0.000968970125541091
vit_base,11,730,0.0003558174357749522,0.0009283137624152005
vit_base,11,731,0.000336844299454242,0.0008788136183284223
vit_base,11,732,0.00032833925797604024,0.0008566242759115994
vit_base,11,733,0.00030894935480318964,0.0008060367545112967
vit_base,11,734,0.00030188748496584594,0.0007876126328483224
vit_base,11,735,0.00028739607660099864,0.0007498051272705197
vit_base,11,736,0.00026781760971061885,0.0006987256347201765
vit_base,11,737,0.0002575401740614325,0.0006719122175127268
vit_base,11,738,0.000230935329454951,0.0006025012116879225
vit_base,11,739,0.00022371922386810184,0.0005836747004650533
vit_base,11,740,0.0002086998283630237,0.0005444897105917335
vit_base,11,741,0.0002000024978769943,0.0005217986763454974
vit_base,11,742,0.00019152072491124272,0.0004996701027266681
vit_base,11,743,0.00017696988652460277,0.00046170750283636153
vit_base,11,744,0.00017140198906417936,0.0004471810825634748
vit_base,11,745,0.00014760323392692953,0.00038509105797857046
vit_base,11,746,0.0001429208932677284,0.00037287501618266106
vit_base,11,747,0.000137045732117258,0.00035754696000367403
vit_base,11,748,0.0001297700946452096,0.00033856509253382683
vit_base,11,749,0.00012275928747840226,0.00032027417910285294
vit_base,11,750,0.00010970521543640643,0.00028621661476790905
vit_base,11,751,6.073185431887396e-05,0.00015844703011680394
vit_base,11,752,3.0628940294263884e-05,7.9909703345038e-05
vit_base,11,753,1.1966744750679936e-05,3.122077032458037e-05
vit_base,11,754,0.0,0.0
vit_base,11,755,0.0,0.0
vit_base,11,756,0.0,0.0
vit_base,11,757,0.0,0.0
vit_base,11,758,0.0,0.0
vit_base,11,759,0.0,0.0
vit_base,11,760,0.0,0.0
vit_base,11,761,0.0,0.0
vit_base,11,762,0.0,0.0
vit_base,11,763,0.0,0.0
vit_base,11,764,0.0,0.0
vit_base,11,765,0.0,0.0
vit_base,11,766,0.0,0.0
vit_base,11,767,0.0,0.0
