arch,depth,mode_index,singular_value,normalized_singular_value
deit_small,2,0,0.1145050972700119,0.9999999403953552
deit_small,2,1,0.10547018051147461,0.9210959076881409
deit_small,2,2,0.10286211967468262,0.8983191251754761
deit_small,2,3,0.10013293474912643,0.8744844794273376
deit_small,2,4,0.09702328592538834,0.8473271727561951
deit_small,2,5,0.0949903056025505,0.8295726776123047
deit_small,2,6,0.0936937928199768,0.8182499408721924
deit_small,2,7,0.09139800816774368,0.7982003092765808
deit_small,2,8,0.08926907181739807,0.7796078324317932
deit_small,2,9,0.08884450048208237,0.7758999466896057
deit_small,2,10,0.08569679409265518,0.7484102845191956
deit_small,2,11,0.085150346159935,0.7436380386352539
deit_small,2,12,0.08360955119132996,0.730181872844696
deit_small,2,13,0.08120685815811157,0.7091985940933228
deit_small,2,14,0.07944324612617493,0.6937965750694275
deit_small,2,15,0.07855328917503357,0.6860243678092957
deit_small,2,16,0.07705795764923096,0.6729652881622314
deit_small,2,17,0.07580209523439407,0.6619975566864014
deit_small,2,18,0.07526182383298874,0.6572791934013367
deit_small,2,19,0.07483913004398346,0.6535877585411072
deit_small,2,20,0.07459476590156555,0.6514536738395691
deit_small,2,21,0.07195449620485306,0.6283955574035645
deit_small,2,22,0.07085122168064117,0.6187604069709778
deit_small,2,23,0.07007855176925659,0.612012505531311
deit_small,2,24,0.069816455245018,0.6097235083580017
deit_small,2,25,0.0692451000213623,0.6047337651252747
deit_small,2,26,0.06784586608409882,0.592513918876648
deit_small,2,27,0.06714184582233429,0.5863655209541321
deit_small,2,28,0.06629062443971634,0.5789316296577454
deit_small,2,29,0.06525395065546036,0.569878101348877
deit_small,2,30,0.06406780332326889,0.5595192313194275
deit_small,2,31,0.0632166787981987,0.5520861148834229
deit_small,2,32,0.062421295791864395,0.5451398491859436
deit_small,2,33,0.06171219423413277,0.5389471054077148
deit_small,2,34,0.06078227609395981,0.5308259129524231
deit_small,2,35,0.06009412184357643,0.52481609582901
deit_small,2,36,0.058685287833213806,0.5125124454498291
deit_small,2,37,0.05755474045872688,0.50263911485672
deit_small,2,38,0.05708643049001694,0.498549222946167
deit_small,2,39,0.05611620470881462,0.4900760352611542
deit_small,2,40,0.05566880479454994,0.486168771982193
deit_small,2,41,0.055236462503671646,0.4823930263519287
deit_small,2,42,0.054778240621089935,0.47839125990867615
deit_small,2,43,0.054612740874290466,0.4769459068775177
deit_small,2,44,0.05414614826440811,0.4728710651397705
deit_small,2,45,0.05149342492222786,0.44970420002937317
deit_small,2,46,0.051153697073459625,0.44673728942871094
deit_small,2,47,0.04825862869620323,0.42145395278930664
deit_small,2,48,0.04675666615366936,0.40833696722984314
deit_small,2,49,0.04570426046848297,0.39914605021476746
deit_small,2,50,0.044876616448163986,0.3919180631637573
deit_small,2,51,0.044469717890024185,0.3883645236492157
deit_small,2,52,0.044011909514665604,0.38436636328697205
deit_small,2,53,0.04248587787151337,0.37103918194770813
deit_small,2,54,0.0417824350297451,0.36489585041999817
deit_small,2,55,0.041322384029626846,0.3608781099319458
deit_small,2,56,0.04102402925491333,0.3582724928855896
deit_small,2,57,0.040336910635232925,0.3522717356681824
deit_small,2,58,0.03973522037267685,0.3470170199871063
deit_small,2,59,0.03930847719311714,0.34329017996788025
deit_small,2,60,0.03818431496620178,0.3334726095199585
deit_small,2,61,0.03759574890136719,0.3283325135707855
deit_small,2,62,0.03731374070048332,0.32586967945098877
deit_small,2,63,0.036978885531425476,0.3229452967643738
deit_small,2,64,0.03665291517972946,0.32009854912757874
deit_small,2,65,0.03621342033147812,0.31626030802726746
deit_small,2,66,0.036019135266542435,0.3145635724067688
deit_small,2,67,0.035616591572761536,0.31104809045791626
deit_small,2,68,0.03511012718081474,0.30662500858306885
deit_small,2,69,0.034325893968343735,0.2997761070728302
deit_small,2,70,0.034030478447675705,0.2971961796283722
deit_small,2,71,0.03384704142808914,0.295594185590744
deit_small,2,72,0.03347811475396156,0.2923722565174103
deit_small,2,73,0.032993197441101074,0.2881373465061188
deit_small,2,74,0.032570980489254,0.2844500243663788
deit_small,2,75,0.03216441720724106,0.28089943528175354
deit_small,2,76,0.03174078091979027,0.27719971537590027
deit_small,2,77,0.031532373279333115,0.27537962794303894
deit_small,2,78,0.031222311779856682,0.27267178893089294
deit_small,2,79,0.030506635084748268,0.2664216160774231
deit_small,2,80,0.03042791225016117,0.26573410630226135
deit_small,2,81,0.03029797412455082,0.26459935307502747
deit_small,2,82,0.030019288882613182,0.26216551661491394
deit_small,2,83,0.029661916196346283,0.25904449820518494
deit_small,2,84,0.029500167816877365,0.25763189792633057
deit_small,2,85,0.029377344995737076,0.256559282541275
deit_small,2,86,0.02897339127957821,0.2530314326286316
deit_small,2,87,0.028745897114276886,0.25104469060897827
deit_small,2,88,0.02821933850646019,0.24644611775875092
deit_small,2,89,0.02799753099679947,0.2445090264081955
deit_small,2,90,0.027840135619044304,0.24313445389270782
deit_small,2,91,0.027657385915517807,0.24153846502304077
deit_small,2,92,0.02740730531513691,0.2393544465303421
deit_small,2,93,0.02719825878739357,0.23752880096435547
deit_small,2,94,0.02680521458387375,0.2340962439775467
deit_small,2,95,0.02668548934161663,0.2330506592988968
deit_small,2,96,0.026566186919808388,0.23200877010822296
deit_small,2,97,0.026202639564871788,0.22883382439613342
deit_small,2,98,0.025804944336414337,0.22536064684391022
deit_small,2,99,0.025563163682818413,0.22324912250041962
deit_small,2,100,0.025282375514507294,0.22079694271087646
deit_small,2,101,0.025010734796524048,0.21842463314533234
deit_small,2,102,0.024873608723282814,0.21722708642482758
deit_small,2,103,0.024625368416309357,0.21505913138389587
deit_small,2,104,0.024468205869197845,0.21368660032749176
deit_small,2,105,0.02424490451812744,0.21173645555973053
deit_small,2,106,0.02413593791425228,0.21078482270240784
deit_small,2,107,0.02389487437903881,0.20867955684661865
deit_small,2,108,0.023839283734560013,0.2081940770149231
deit_small,2,109,0.023507412523031235,0.20529577136039734
deit_small,2,110,0.023453107103705406,0.20482149720191956
deit_small,2,111,0.023272402584552765,0.20324337482452393
deit_small,2,112,0.022967824712395668,0.20058341324329376
deit_small,2,113,0.022728532552719116,0.19849362969398499
deit_small,2,114,0.022623976692557335,0.1975805163383484
deit_small,2,115,0.022465430200099945,0.19619588553905487
deit_small,2,116,0.022176148369908333,0.19366952776908875
deit_small,2,117,0.02185177057981491,0.19083665311336517
deit_small,2,118,0.021807566285133362,0.19045060873031616
deit_small,2,119,0.021723607555031776,0.1897173821926117
deit_small,2,120,0.02148445136845112,0.18762877583503723
deit_small,2,121,0.02131827175617218,0.18617749214172363
deit_small,2,122,0.021005842834711075,0.18344897031784058
deit_small,2,123,0.020810667425394058,0.18174445629119873
deit_small,2,124,0.020620903000235558,0.18008719384670258
deit_small,2,125,0.02039642073214054,0.1781267374753952
deit_small,2,126,0.020313424989581108,0.17740191519260406
deit_small,2,127,0.02017764188349247,0.17621609568595886
deit_small,2,128,0.019976232200860977,0.1744571328163147
deit_small,2,129,0.019534137099981308,0.17059621214866638
deit_small,2,130,0.019360266625881195,0.1690777689218521
deit_small,2,131,0.019022833555936813,0.1661308854818344
deit_small,2,132,0.018855473026633263,0.16466929018497467
deit_small,2,133,0.018619803711771965,0.16261112689971924
deit_small,2,134,0.018502162769436836,0.16158373653888702
deit_small,2,135,0.018236447125673294,0.15926317870616913
deit_small,2,136,0.0182050671428442,0.15898913145065308
deit_small,2,137,0.018008172512054443,0.15726961195468903
deit_small,2,138,0.017602169886231422,0.15372389554977417
deit_small,2,139,0.017492149025201797,0.15276305377483368
deit_small,2,140,0.01732868328690529,0.1513354629278183
deit_small,2,141,0.017297925427556038,0.151066854596138
deit_small,2,142,0.01723266951739788,0.1504969596862793
deit_small,2,143,0.017079459503293037,0.14915893971920013
deit_small,2,144,0.01682101935148239,0.1469019204378128
deit_small,2,145,0.01677296869456768,0.14648228883743286
deit_small,2,146,0.01651967689394951,0.14427022635936737
deit_small,2,147,0.016487695276737213,0.1439909189939499
deit_small,2,148,0.016376106068491936,0.14301638305187225
deit_small,2,149,0.01616602949798107,0.14118173718452454
deit_small,2,150,0.016094641759991646,0.14055828750133514
deit_small,2,151,0.0158485509455204,0.13840912282466888
deit_small,2,152,0.015648817643523216,0.13666480779647827
deit_small,2,153,0.015398993156850338,0.13448302447795868
deit_small,2,154,0.015312494710087776,0.13372762501239777
deit_small,2,155,0.015259657055139542,0.13326618075370789
deit_small,2,156,0.015169530175626278,0.13247907161712646
deit_small,2,157,0.014874465763568878,0.1299022138118744
deit_small,2,158,0.01474850531667471,0.12880216538906097
deit_small,2,159,0.0143032381311059,0.1249135434627533
deit_small,2,160,0.01421293430030346,0.12412489950656891
deit_small,2,161,0.014074968174099922,0.12292000651359558
deit_small,2,162,0.013859298080205917,0.12103651463985443
deit_small,2,163,0.013842780143022537,0.12089225649833679
deit_small,2,164,0.013558278791606426,0.11840763688087463
deit_small,2,165,0.013327250257134438,0.11639001220464706
deit_small,2,166,0.013313389383256435,0.11626896262168884
deit_small,2,167,0.013213736936450005,0.11539867520332336
deit_small,2,168,0.013001332059502602,0.11354368925094604
deit_small,2,169,0.01294513326138258,0.11305289715528488
deit_small,2,170,0.0127257714048028,0.11113715916872025
deit_small,2,171,0.012567105703055859,0.10975149273872375
deit_small,2,172,0.012396903708577156,0.10826507955789566
deit_small,2,173,0.01225450448691845,0.10702147334814072
deit_small,2,174,0.01209990307688713,0.10567130148410797
deit_small,2,175,0.011948628351092339,0.10435018688440323
deit_small,2,176,0.011912512592971325,0.10403477400541306
deit_small,2,177,0.011736307293176651,0.10249593108892441
deit_small,2,178,0.01160112302750349,0.10131533443927765
deit_small,2,179,0.011364998295903206,0.09925320744514465
deit_small,2,180,0.011170185171067715,0.0975518524646759
deit_small,2,181,0.011018821969628334,0.09622996300458908
deit_small,2,182,0.010980521328747272,0.09589547663927078
deit_small,2,183,0.010859311558306217,0.09483692049980164
deit_small,2,184,0.010814454406499863,0.09444517642259598
deit_small,2,185,0.01066895667463541,0.093174509704113
deit_small,2,186,0.010570243932306767,0.09231242537498474
deit_small,2,187,0.010344008915126324,0.09033666551113129
deit_small,2,188,0.010317949578166008,0.09010908007621765
deit_small,2,189,0.010219847783446312,0.08925233781337738
deit_small,2,190,0.009977320209145546,0.08713428676128387
deit_small,2,191,0.009844633750617504,0.08597550541162491
deit_small,2,192,0.009777930565178394,0.08539296686649323
deit_small,2,193,0.009612614288926125,0.08394922316074371
deit_small,2,194,0.009451905265450478,0.08254571259021759
deit_small,2,195,0.009404082782566547,0.08212807029485703
deit_small,2,196,0.009242026135325432,0.08071278780698776
deit_small,2,197,0.009211053140461445,0.08044229447841644
deit_small,2,198,0.008986911736428738,0.07848481833934784
deit_small,2,199,0.008813237771391869,0.07696808129549026
deit_small,2,200,0.008804944343864918,0.07689565420150757
deit_small,2,201,0.008592571131885052,0.07504094392061234
deit_small,2,202,0.008419736288487911,0.07353153824806213
deit_small,2,203,0.008378214202821255,0.07316891849040985
deit_small,2,204,0.008303382433950901,0.07251539081335068
deit_small,2,205,0.008067860268056393,0.07045852392911911
deit_small,2,206,0.008019190281629562,0.0700334757566452
deit_small,2,207,0.007968783378601074,0.06959325820207596
deit_small,2,208,0.00785871408879757,0.06863199919462204
deit_small,2,209,0.007667882833629847,0.06696542352437973
deit_small,2,210,0.007625944446772337,0.06659916788339615
deit_small,2,211,0.007516530808061361,0.06564363092184067
deit_small,2,212,0.007309689652174711,0.06383723765611649
deit_small,2,213,0.007195033598691225,0.0628359243273735
deit_small,2,214,0.007112681865692139,0.062116723507642746
deit_small,2,215,0.007058531977236271,0.0616438202559948
deit_small,2,216,0.007031519431620836,0.0614079125225544
deit_small,2,217,0.006910805590450764,0.06035369262099266
deit_small,2,218,0.00665636919438839,0.058131638914346695
deit_small,2,219,0.0066275945864617825,0.05788034200668335
deit_small,2,220,0.006527953781187534,0.05701015517115593
deit_small,2,221,0.006404877174645662,0.05593530088663101
deit_small,2,222,0.006346869748085737,0.05542870610952377
deit_small,2,223,0.006248051300644875,0.05456570163369179
deit_small,2,224,0.006169687025249004,0.05388132855296135
deit_small,2,225,0.005970119033008814,0.05213845521211624
deit_small,2,226,0.005925534293055534,0.051749084144830704
deit_small,2,227,0.005843848921358585,0.05103570967912674
deit_small,2,228,0.00570058636367321,0.04978456348180771
deit_small,2,229,0.005601033568382263,0.04891514405608177
deit_small,2,230,0.005541393533349037,0.04839429259300232
deit_small,2,231,0.00546147720888257,0.04769636690616608
deit_small,2,232,0.005357076413929462,0.04678460955619812
deit_small,2,233,0.0053356182761490345,0.046597208827733994
deit_small,2,234,0.005135518964380026,0.0448496975004673
deit_small,2,235,0.005087929777801037,0.044434089213609695
deit_small,2,236,0.004973235074430704,0.043432433158159256
deit_small,2,237,0.004849644843488932,0.04235308989882469
deit_small,2,238,0.00480098370462656,0.04192811995744705
deit_small,2,239,0.004701550118625164,0.041059743613004684
deit_small,2,240,0.004623469430953264,0.04037784785032272
deit_small,2,241,0.0045418827794492245,0.039665330201387405
deit_small,2,242,0.0044944738037884235,0.03925129771232605
deit_small,2,243,0.004402610473334789,0.038449034094810486
deit_small,2,244,0.004354734439402819,0.038030922412872314
deit_small,2,245,0.0042704991064965725,0.037295274436473846
deit_small,2,246,0.004129362292587757,0.03606269136071205
deit_small,2,247,0.0041143144480884075,0.03593127802014351
deit_small,2,248,0.00404675817117095,0.0353412926197052
deit_small,2,249,0.003990967757999897,0.034854061901569366
deit_small,2,250,0.0038869744166731834,0.03394586220383644
deit_small,2,251,0.003769191913306713,0.032917238771915436
deit_small,2,252,0.0036440910771489143,0.03182470425963402
deit_small,2,253,0.0036153881810605526,0.03157403692603111
deit_small,2,254,0.00356499501504004,0.03113394044339657
deit_small,2,255,0.003526450600475073,0.03079732321202755
deit_small,2,256,0.003481928026303649,0.030408496037125587
deit_small,2,257,0.003426799550652504,0.029927046969532967
deit_small,2,258,0.0032956853974610567,0.02878199703991413
deit_small,2,259,0.003253948874771595,0.028417501598596573
deit_small,2,260,0.003169424133375287,0.0276793260127306
deit_small,2,261,0.003127302508801222,0.02731146849691868
deit_small,2,262,0.0031016350258141756,0.02708730846643448
deit_small,2,263,0.0030523277819156647,0.02665669657289982
deit_small,2,264,0.00294239679351449,0.0256966445595026
deit_small,2,265,0.002889707451686263,0.025236494839191437
deit_small,2,266,0.0028482971247285604,0.024874849244952202
deit_small,2,267,0.002791316481307149,0.02437722310423851
deit_small,2,268,0.002705650171265006,0.023629080504179
deit_small,2,269,0.002677858341485262,0.023386366665363312
deit_small,2,270,0.002603356260806322,0.022735722362995148
deit_small,2,271,0.002578793093562126,0.022521207109093666
deit_small,2,272,0.0025056046433746815,0.021882034838199615
deit_small,2,273,0.002482030773535371,0.021676158532500267
deit_small,2,274,0.0024546675849705935,0.02143719047307968
deit_small,2,275,0.002329551614820957,0.02034452185034752
deit_small,2,276,0.0022676512598991394,0.019803931936621666
deit_small,2,277,0.0022586246486753225,0.019725101068615913
deit_small,2,278,0.002161343116313219,0.018875518813729286
deit_small,2,279,0.0021359515376389027,0.018653767183423042
deit_small,2,280,0.002082728547975421,0.01818895898759365
deit_small,2,281,0.0020380797795951366,0.017799030989408493
deit_small,2,282,0.0020026282873004675,0.017489423975348473
deit_small,2,283,0.001975987572222948,0.017256764695048332
deit_small,2,284,0.0019057594472542405,0.016643445938825607
deit_small,2,285,0.0018884408054873347,0.016492197290062904
deit_small,2,286,0.0018412683857604861,0.016080230474472046
deit_small,2,287,0.001812863047234714,0.01583215966820717
deit_small,2,288,0.0017835574690252542,0.015576227568089962
deit_small,2,289,0.001746802357956767,0.015255236066877842
deit_small,2,290,0.0017071968177333474,0.014909351244568825
deit_small,2,291,0.0016724111046642065,0.014605559408664703
deit_small,2,292,0.001610998180694878,0.014069226570427418
deit_small,2,293,0.0015374915674328804,0.01342727616429329
deit_small,2,294,0.0015283103566616774,0.01334709394723177
deit_small,2,295,0.0015080904122442007,0.013170508667826653
deit_small,2,296,0.0014773522270843387,0.012902064248919487
deit_small,2,297,0.0014345559757202864,0.01252831518650055
deit_small,2,298,0.001399531844072044,0.012222440913319588
deit_small,2,299,0.0013528303243219852,0.011814585886895657
deit_small,2,300,0.0012820103438571095,0.011196098290383816
deit_small,2,301,0.0012767785228788853,0.01115040760487318
deit_small,2,302,0.001253793598152697,0.010949674993753433
deit_small,2,303,0.0012436476536095142,0.010861068032681942
deit_small,2,304,0.0012236539041623473,0.01068645715713501
deit_small,2,305,0.0011839700164273381,0.010339888744056225
deit_small,2,306,0.0011614472605288029,0.010143192484974861
deit_small,2,307,0.0011276908917352557,0.009848389774560928
deit_small,2,308,0.0010781701421365142,0.009415913373231888
deit_small,2,309,0.0010467086685821414,0.00914115272462368
deit_small,2,310,0.0010255009401589632,0.008955941535532475
deit_small,2,311,0.0009957532165572047,0.008696147240698338
deit_small,2,312,0.0009768912568688393,0.008531421422958374
deit_small,2,313,0.0009676593472249806,0.008450796827673912
deit_small,2,314,0.0009141381597146392,0.007983383722603321
deit_small,2,315,0.0008868123986758292,0.007744741626083851
deit_small,2,316,0.0008730195695534348,0.0076242852956056595
deit_small,2,317,0.0008458854863420129,0.007387317251414061
deit_small,2,318,0.0008301014313474298,0.007249471265822649
deit_small,2,319,0.0008115051314234734,0.007087065372616053
deit_small,2,320,0.0007616564398631454,0.0066517251543700695
deit_small,2,321,0.0007472515571862459,0.006525923497974873
deit_small,2,322,0.0007334541296586394,0.00640542758628726
deit_small,2,323,0.0007070148712955415,0.006174527108669281
deit_small,2,324,0.0006908116047270596,0.006033020559698343
deit_small,2,325,0.0006750970496796072,0.005895781330764294
deit_small,2,326,0.000645713706035167,0.005639169830828905
deit_small,2,327,0.000623372383415699,0.005444057751446962
deit_small,2,328,0.0006070369854569435,0.005301396828144789
deit_small,2,329,0.0005820027436129749,0.005082766991108656
deit_small,2,330,0.0005704904324375093,0.0049822269938886166
deit_small,2,331,0.0005489607574418187,0.0047942036762833595
deit_small,2,332,0.0005346203688532114,0.004668965470045805
deit_small,2,333,0.0005231187678873539,0.004568519536405802
deit_small,2,334,0.0005008850712329149,0.004374347161501646
deit_small,2,335,0.0004912287113256752,0.0042900159023702145
deit_small,2,336,0.00047416117740795016,0.004140960983932018
deit_small,2,337,0.0004564161063171923,0.00398598937317729
deit_small,2,338,0.00044406091910786927,0.0038780884351581335
deit_small,2,339,0.00042799959192052484,0.0037378212437033653
deit_small,2,340,0.000422044686274603,0.003685815492644906
deit_small,2,341,0.0003920953313354403,0.003424260765314102
deit_small,2,342,0.00038602808490395546,0.003371274098753929
deit_small,2,343,0.00037697108928114176,0.003292177338153124
deit_small,2,344,0.00036022739368490875,0.0031459506135433912
deit_small,2,345,0.00035118733649142087,0.003067001700401306
deit_small,2,346,0.00033280786010436714,0.0029064894188195467
deit_small,2,347,0.0003216938057448715,0.0028094276785850525
deit_small,2,348,0.0003184845845680684,0.0027814009226858616
deit_small,2,349,0.00029007860575802624,0.0025333247613161802
deit_small,2,350,0.0002865476708393544,0.0025024882052093744
deit_small,2,351,0.0002721681958064437,0.002376908902078867
deit_small,2,352,0.0002469148894306272,0.0021563658956438303
deit_small,2,353,0.00024077919078990817,0.002102781319990754
deit_small,2,354,0.00022203758999239653,0.0019391064997762442
deit_small,2,355,0.00021817533706780523,0.0019053765572607517
deit_small,2,356,0.00021250624558888376,0.0018558670999482274
deit_small,2,357,0.000202987837838009,0.001772740506567061
deit_small,2,358,0.00019266219169367105,0.0016825642669573426
deit_small,2,359,0.00018221602658741176,0.0015913354000076652
deit_small,2,360,0.0001722939923638478,0.0015046839835122228
deit_small,2,361,0.00016670934564899653,0.0014559119008481503
deit_small,2,362,0.00015585873916279525,0.0013611511094495654
deit_small,2,363,0.00014246435603126884,0.0012441747821867466
deit_small,2,364,0.0001367113582091406,0.0011939324904233217
deit_small,2,365,0.00013556449266616255,0.0011839165817946196
deit_small,2,366,0.00011837210331577808,0.0010337714338675141
deit_small,2,367,0.0001140329914051108,0.0009958769660443068
deit_small,2,368,0.00010863996430998668,0.0009487783536314964
deit_small,2,369,9.951242827810347e-05,0.0008690654649399221
deit_small,2,370,9.392950596520677e-05,0.0008203084580600262
deit_small,2,371,8.365896064788103e-05,0.0007306134211830795
deit_small,2,372,7.338229625020176e-05,0.0006408648914657533
deit_small,2,373,6.951737304916605e-05,0.0006071116076782346
deit_small,2,374,6.439768912969157e-05,0.0005624001496471465
deit_small,2,375,6.188143015606329e-05,0.000540425069630146
deit_small,2,376,4.9114063585875556e-05,0.0004289246862754226
deit_small,2,377,4.3151732825208455e-05,0.00037685423740185797
deit_small,2,378,4.177908704150468e-05,0.000364866602467373
deit_small,2,379,3.2472980819875374e-05,0.0002835941850207746
deit_small,2,380,2.827985917974729e-05,0.00024697466869838536
deit_small,2,381,1.3772755664831493e-05,0.00012028071796521544
deit_small,2,382,1.3221319022704847e-05,0.00011546489258762449
deit_small,2,383,1.7045163076545577e-06,1.4885941709508188e-05
deit_small,8,0,0.24469737708568573,1.0
deit_small,8,1,0.15347570180892944,0.6272061467170715
deit_small,8,2,0.14880308508872986,0.6081106662750244
deit_small,8,3,0.1452830582857132,0.5937254428863525
deit_small,8,4,0.14317525923252106,0.5851114988327026
deit_small,8,5,0.13965314626693726,0.5707177519798279
deit_small,8,6,0.13918639719486237,0.5688103437423706
deit_small,8,7,0.13645310699939728,0.5576402544975281
deit_small,8,8,0.13496409356594086,0.5515550971031189
deit_small,8,9,0.1331992894411087,0.5443429350852966
deit_small,8,10,0.13112302124500275,0.5358578562736511
deit_small,8,11,0.1309550255537033,0.5351713299751282
deit_small,8,12,0.12805750966072083,0.5233300924301147
deit_small,8,13,0.12693645060062408,0.5187487006187439
deit_small,8,14,0.12613968551158905,0.5154925584793091
deit_small,8,15,0.12430965155363083,0.5080138444900513
deit_small,8,16,0.1234186515212059,0.5043725967407227
deit_small,8,17,0.12151018530130386,0.4965732991695404
deit_small,8,18,0.12093792110681534,0.4942346215248108
deit_small,8,19,0.11948637664318085,0.48830264806747437
deit_small,8,20,0.11819922924041748,0.48304247856140137
deit_small,8,21,0.11658617854118347,0.47645044326782227
deit_small,8,22,0.11628028750419617,0.4752003848552704
deit_small,8,23,0.11579624563455582,0.4732222557067871
deit_small,8,24,0.1147996187210083,0.4691493511199951
deit_small,8,25,0.11439170688390732,0.4674823582172394
deit_small,8,26,0.11370966583490372,0.4646950662136078
deit_small,8,27,0.11139819771051407,0.4552488327026367
deit_small,8,28,0.10990268737077713,0.4491371512413025
deit_small,8,29,0.10939769446849823,0.44707342982292175
deit_small,8,30,0.10857322067022324,0.4437040686607361
deit_small,8,31,0.10821493715047836,0.4422398507595062
deit_small,8,32,0.10735563933849335,0.4387281835079193
deit_small,8,33,0.1059076115489006,0.43281057476997375
deit_small,8,34,0.1055602952837944,0.431391179561615
deit_small,8,35,0.10461543500423431,0.42752984166145325
deit_small,8,36,0.10435928404331207,0.42648303508758545
deit_small,8,37,0.10341594368219376,0.42262792587280273
deit_small,8,38,0.1024470180273056,0.4186682105064392
deit_small,8,39,0.10190680623054504,0.4164605438709259
deit_small,8,40,0.10114119946956635,0.4133317470550537
deit_small,8,41,0.1002669632434845,0.4097590446472168
deit_small,8,42,0.09926854074001312,0.40567880868911743
deit_small,8,43,0.09903811663389206,0.4047371447086334
deit_small,8,44,0.09811979532241821,0.4009842574596405
deit_small,8,45,0.09664314985275269,0.39494967460632324
deit_small,8,46,0.09607046842575073,0.39260929822921753
deit_small,8,47,0.09563402086496353,0.39082568883895874
deit_small,8,48,0.09539419412612915,0.3898455798625946
deit_small,8,49,0.09492277354001999,0.38791903853416443
deit_small,8,50,0.09411429613828659,0.38461506366729736
deit_small,8,51,0.09338515996932983,0.38163530826568604
deit_small,8,52,0.09322797507047653,0.38099294900894165
deit_small,8,53,0.09275881201028824,0.3790756165981293
deit_small,8,54,0.09156309813261032,0.3741891086101532
deit_small,8,55,0.091351717710495,0.37332528829574585
deit_small,8,56,0.09130474179983139,0.3731333017349243
deit_small,8,57,0.08963768184185028,0.36632055044174194
deit_small,8,58,0.08915647864341736,0.36435404419898987
deit_small,8,59,0.08844517916440964,0.36144718527793884
deit_small,8,60,0.08791470527648926,0.3592793047428131
deit_small,8,61,0.08759227395057678,0.35796162486076355
deit_small,8,62,0.08703390508890152,0.3556797504425049
deit_small,8,63,0.08671897649765015,0.35439273715019226
deit_small,8,64,0.08567294478416443,0.350117951631546
deit_small,8,65,0.08520102500915527,0.3481893539428711
deit_small,8,66,0.08513742685317993,0.347929447889328
deit_small,8,67,0.08429893851280212,0.3445028066635132
deit_small,8,68,0.08383764326572418,0.3426176607608795
deit_small,8,69,0.08321502804756165,0.34007322788238525
deit_small,8,70,0.08298847079277039,0.3391473591327667
deit_small,8,71,0.08214936405420303,0.33571818470954895
deit_small,8,72,0.08213876932859421,0.335674911737442
deit_small,8,73,0.0814192071557045,0.33273428678512573
deit_small,8,74,0.08068551123142242,0.3297359049320221
deit_small,8,75,0.08061937987804413,0.3294656276702881
deit_small,8,76,0.07979751378297806,0.3261069357395172
deit_small,8,77,0.07930506765842438,0.3240944743156433
deit_small,8,78,0.0789155438542366,0.32250261306762695
deit_small,8,79,0.07835809886455536,0.32022449374198914
deit_small,8,80,0.07733943313360214,0.3160615563392639
deit_small,8,81,0.07718900591135025,0.31544679403305054
deit_small,8,82,0.0763966366648674,0.3122086524963379
deit_small,8,83,0.07630614191293716,0.3118388056755066
deit_small,8,84,0.07624559104442596,0.31159135699272156
deit_small,8,85,0.0759737491607666,0.3104804456233978
deit_small,8,86,0.07575765252113342,0.30959731340408325
deit_small,8,87,0.07492253184318542,0.30618444085121155
deit_small,8,88,0.07431091368198395,0.30368494987487793
deit_small,8,89,0.07364851981401443,0.3009779751300812
deit_small,8,90,0.07316675782203674,0.29900914430618286
deit_small,8,91,0.07266511768102646,0.2969591021537781
deit_small,8,92,0.07243221253156662,0.29600730538368225
deit_small,8,93,0.07213842123746872,0.29480665922164917
deit_small,8,94,0.07200998812913895,0.29428181052207947
deit_small,8,95,0.07139170169830322,0.2917550802230835
deit_small,8,96,0.07087433338165283,0.28964075446128845
deit_small,8,97,0.07024748623371124,0.2870790362358093
deit_small,8,98,0.06992998719215393,0.28578150272369385
deit_small,8,99,0.06935274600982666,0.2834224998950958
deit_small,8,100,0.06924668699502945,0.2829890847206116
deit_small,8,101,0.06886813044548035,0.2814420461654663
deit_small,8,102,0.06850720196962357,0.2799670398235321
deit_small,8,103,0.06786619126796722,0.2773474454879761
deit_small,8,104,0.06736572831869125,0.2753022015094757
deit_small,8,105,0.06689513474702835,0.27337902784347534
deit_small,8,106,0.06631870567798615,0.27102336287498474
deit_small,8,107,0.06600724905729294,0.26975053548812866
deit_small,8,108,0.06578043848276138,0.26882362365722656
deit_small,8,109,0.0656740814447403,0.2683889865875244
deit_small,8,110,0.06527134031057358,0.26674309372901917
deit_small,8,111,0.06486621499061584,0.2650874853134155
deit_small,8,112,0.0642140582203865,0.2624223232269287
deit_small,8,113,0.06407803297042847,0.2618664503097534
deit_small,8,114,0.0638677254319191,0.2610069811344147
deit_small,8,115,0.06304209679365158,0.25763291120529175
deit_small,8,116,0.06289297342300415,0.25702348351478577
deit_small,8,117,0.06247152015566826,0.2553011476993561
deit_small,8,118,0.061866097152233124,0.2528269588947296
deit_small,8,119,0.061465419828891754,0.25118952989578247
deit_small,8,120,0.06118549779057503,0.2500455677509308
deit_small,8,121,0.06067962571978569,0.24797824025154114
deit_small,8,122,0.06002116948366165,0.24528734385967255
deit_small,8,123,0.05962847173213959,0.24368250370025635
deit_small,8,124,0.05946463346481323,0.2430129498243332
deit_small,8,125,0.05890190973877907,0.24071328341960907
deit_small,8,126,0.05840020254254341,0.2386629581451416
deit_small,8,127,0.05823161080479622,0.23797398805618286
deit_small,8,128,0.05787881836295128,0.23653222620487213
deit_small,8,129,0.057495035231113434,0.23496383428573608
deit_small,8,130,0.05736900866031647,0.23444880545139313
deit_small,8,131,0.057147085666656494,0.23354187607765198
deit_small,8,132,0.05651404708623886,0.2309548556804657
deit_small,8,133,0.056173186749219894,0.22956186532974243
deit_small,8,134,0.05577605962753296,0.2279389351606369
deit_small,8,135,0.05549940839409828,0.2268083393573761
deit_small,8,136,0.055268071591854095,0.22586295008659363
deit_small,8,137,0.054664529860019684,0.22339646518230438
deit_small,8,138,0.054304447025060654,0.22192491590976715
deit_small,8,139,0.054094839841127396,0.22106832265853882
deit_small,8,140,0.05396097153425217,0.2205212414264679
deit_small,8,141,0.05341927707195282,0.2183075100183487
deit_small,8,142,0.053297512233257294,0.21780990064144135
deit_small,8,143,0.052823860198259354,0.21587423980236053
deit_small,8,144,0.05252862721681595,0.21466770768165588
deit_small,8,145,0.05173175409436226,0.21141114830970764
deit_small,8,146,0.05152140185236931,0.21055150032043457
deit_small,8,147,0.051207881420850754,0.20927023887634277
deit_small,8,148,0.05079666152596474,0.20758971571922302
deit_small,8,149,0.05041757971048355,0.20604053139686584
deit_small,8,150,0.05033421143889427,0.2056998312473297
deit_small,8,151,0.050070520490407944,0.20462220907211304
deit_small,8,152,0.04987537860870361,0.2038247287273407
deit_small,8,153,0.04958497732877731,0.2026379555463791
deit_small,8,154,0.049355678260326385,0.20170088112354279
deit_small,8,155,0.04915964603424072,0.20089976489543915
deit_small,8,156,0.04875844344496727,0.1992601752281189
deit_small,8,157,0.04843314364552498,0.19793078303337097
deit_small,8,158,0.048160653561353683,0.19681720435619354
deit_small,8,159,0.04765242710709572,0.19474023580551147
deit_small,8,160,0.04748208820819855,0.1940441131591797
deit_small,8,161,0.047017794102430344,0.19214670360088348
deit_small,8,162,0.04683878272771835,0.19141513109207153
deit_small,8,163,0.04648488759994507,0.18996888399124146
deit_small,8,164,0.04637313634157181,0.1895121932029724
deit_small,8,165,0.04618915542960167,0.18876031041145325
deit_small,8,166,0.04593929648399353,0.18773922324180603
deit_small,8,167,0.04528096318244934,0.18504881858825684
deit_small,8,168,0.0448419414460659,0.1832546889781952
deit_small,8,169,0.04459457844495773,0.18224379420280457
deit_small,8,170,0.044335152953863144,0.1811836063861847
deit_small,8,171,0.04401732608675957,0.17988474667072296
deit_small,8,172,0.04361274838447571,0.1782313585281372
deit_small,8,173,0.04353441670536995,0.17791125178337097
deit_small,8,174,0.04308789223432541,0.1760864406824112
deit_small,8,175,0.042991235852241516,0.17569144070148468
deit_small,8,176,0.042826443910598755,0.17501798272132874
deit_small,8,177,0.04265331104397774,0.17431044578552246
deit_small,8,178,0.04227959364652634,0.17278318107128143
deit_small,8,179,0.04202832654118538,0.1717563420534134
deit_small,8,180,0.04163055866956711,0.17013078927993774
deit_small,8,181,0.04155399277806282,0.16981789469718933
deit_small,8,182,0.041075434535741806,0.1678621768951416
deit_small,8,183,0.040838491171598434,0.1668938547372818
deit_small,8,184,0.040695670992136,0.16631020605564117
deit_small,8,185,0.04043003171682358,0.1652246117591858
deit_small,8,186,0.04023734852671623,0.1644371896982193
deit_small,8,187,0.04006979987025261,0.1637524664402008
deit_small,8,188,0.03948260843753815,0.16135279834270477
deit_small,8,189,0.03922322392463684,0.16029277443885803
deit_small,8,190,0.03904170170426369,0.1595509648323059
deit_small,8,191,0.0388166606426239,0.15863128006458282
deit_small,8,192,0.03844887763261795,0.15712827444076538
deit_small,8,193,0.03825657442212105,0.15634238719940186
deit_small,8,194,0.0380815714597702,0.15562720596790314
deit_small,8,195,0.03769174963235855,0.15403413772583008
deit_small,8,196,0.03740008547902107,0.1528421938419342
deit_small,8,197,0.037183698266744614,0.15195788443088531
deit_small,8,198,0.03696606680750847,0.15106849372386932
deit_small,8,199,0.036453977227211,0.14897575974464417
deit_small,8,200,0.0362536758184433,0.14815719425678253
deit_small,8,201,0.035829585045576096,0.1464240700006485
deit_small,8,202,0.03553752973675728,0.14523053169250488
deit_small,8,203,0.03539581969380379,0.144651398062706
deit_small,8,204,0.03515375405550003,0.14366215467453003
deit_small,8,205,0.034855421632528305,0.1424429714679718
deit_small,8,206,0.03476216644048691,0.14206185936927795
deit_small,8,207,0.03433135524392128,0.14030127227306366
deit_small,8,208,0.03413937985897064,0.13951674103736877
deit_small,8,209,0.033904772251844406,0.13855797052383423
deit_small,8,210,0.033406734466552734,0.13652265071868896
deit_small,8,211,0.033244989812374115,0.13586165010929108
deit_small,8,212,0.033036310225725174,0.13500884175300598
deit_small,8,213,0.03283872827887535,0.13420139253139496
deit_small,8,214,0.032597143203020096,0.1332141011953354
deit_small,8,215,0.0322723351418972,0.13188672065734863
deit_small,8,216,0.03194215148687363,0.13053736090660095
deit_small,8,217,0.03148651495575905,0.12867532670497894
deit_small,8,218,0.03137768805027008,0.12823058664798737
deit_small,8,219,0.03132282570004463,0.12800638377666473
deit_small,8,220,0.031109660863876343,0.1271352469921112
deit_small,8,221,0.030779602006077766,0.12578639388084412
deit_small,8,222,0.030642401427030563,0.1252257078886032
deit_small,8,223,0.030507810413837433,0.12467566877603531
deit_small,8,224,0.030177541077136993,0.12332596629858017
deit_small,8,225,0.029925985261797905,0.12229793518781662
deit_small,8,226,0.029709599912166595,0.12141364067792892
deit_small,8,227,0.029506327584385872,0.1205829307436943
deit_small,8,228,0.029469316825270653,0.12043167650699615
deit_small,8,229,0.029343539848923683,0.11991766840219498
deit_small,8,230,0.028847241774201393,0.11788945645093918
deit_small,8,231,0.028455238789319992,0.1162874698638916
deit_small,8,232,0.028186721727252007,0.11519012600183487
deit_small,8,233,0.02803167887032032,0.11455651372671127
deit_small,8,234,0.027772367000579834,0.11349678784608841
deit_small,8,235,0.027555793523788452,0.11261171847581863
deit_small,8,236,0.027259329333901405,0.11140016466379166
deit_small,8,237,0.027037596330046654,0.11049401760101318
deit_small,8,238,0.026872185990214348,0.10981803387403488
deit_small,8,239,0.026771483942866325,0.1094065010547638
deit_small,8,240,0.0266287662088871,0.1088232547044754
deit_small,8,241,0.026599155738949776,0.10870224982500076
deit_small,8,242,0.026091018691658974,0.10662565380334854
deit_small,8,243,0.02586921490728855,0.10571921616792679
deit_small,8,244,0.025460675358772278,0.10404964536428452
deit_small,8,245,0.025311682373285294,0.10344075411558151
deit_small,8,246,0.02499479427933693,0.1021457388997078
deit_small,8,247,0.02472948469221592,0.10106150060892105
deit_small,8,248,0.02453146129846573,0.10025224089622498
deit_small,8,249,0.0242178812623024,0.09897074103355408
deit_small,8,250,0.02404910698533058,0.09828101098537445
deit_small,8,251,0.023753659799695015,0.09707361459732056
deit_small,8,252,0.023625921458005905,0.09655158966779709
deit_small,8,253,0.02348174899816513,0.09596240520477295
deit_small,8,254,0.02326469123363495,0.09507536143064499
deit_small,8,255,0.02303162030875683,0.09412287175655365
deit_small,8,256,0.02285800315439701,0.0934133529663086
deit_small,8,257,0.022756991907954216,0.09300055354833603
deit_small,8,258,0.02259458601474762,0.09233684837818146
deit_small,8,259,0.02221459522843361,0.09078395366668701
deit_small,8,260,0.022131040692329407,0.09044249355792999
deit_small,8,261,0.021936167031526566,0.0896461009979248
deit_small,8,262,0.021675728261470795,0.08858177065849304
deit_small,8,263,0.021155161783099174,0.08645438402891159
deit_small,8,264,0.021069979295134544,0.08610627055168152
deit_small,8,265,0.020822394639253616,0.08509447425603867
deit_small,8,266,0.02073661796748638,0.084743931889534
deit_small,8,267,0.02055242843925953,0.08399120718240738
deit_small,8,268,0.020333070307970047,0.0830947607755661
deit_small,8,269,0.02011483535170555,0.08220290392637253
deit_small,8,270,0.020075319334864616,0.0820414125919342
deit_small,8,271,0.019815102219581604,0.08097799122333527
deit_small,8,272,0.01956070214509964,0.07993833720684052
deit_small,8,273,0.019182471558451653,0.0783926323056221
deit_small,8,274,0.018984103575348854,0.0775819644331932
deit_small,8,275,0.0187819916754961,0.07675600051879883
deit_small,8,276,0.0186307355761528,0.07613786309957504
deit_small,8,277,0.018597228452563286,0.07600092887878418
deit_small,8,278,0.01818750612437725,0.0743265226483345
deit_small,8,279,0.017885593697428703,0.07309270650148392
deit_small,8,280,0.017772126942873,0.07262900471687317
deit_small,8,281,0.017627965658903122,0.07203986495733261
deit_small,8,282,0.017491310834884644,0.07148139923810959
deit_small,8,283,0.017414161935448647,0.07116611301898956
deit_small,8,284,0.017255911603569984,0.07051939517259598
deit_small,8,285,0.01711142435669899,0.06992892175912857
deit_small,8,286,0.01700732856988907,0.06950351595878601
deit_small,8,287,0.016645541414618492,0.06802500784397125
deit_small,8,288,0.01624806970357895,0.0664006695151329
deit_small,8,289,0.016066422685980797,0.065658338367939
deit_small,8,290,0.016023479402065277,0.06548283994197845
deit_small,8,291,0.01582673192024231,0.06467879563570023
deit_small,8,292,0.015541136264801025,0.06351165473461151
deit_small,8,293,0.015068800188601017,0.06158136948943138
deit_small,8,294,0.014929825440049171,0.06101342663168907
deit_small,8,295,0.01482172030955553,0.06057163327932358
deit_small,8,296,0.014616858214139938,0.05973442643880844
deit_small,8,297,0.014414921402931213,0.05890917778015137
deit_small,8,298,0.014295857399702072,0.058422598987817764
deit_small,8,299,0.014105293899774551,0.0576438270509243
deit_small,8,300,0.013963417150080204,0.05706402286887169
deit_small,8,301,0.013737000524997711,0.05613873153924942
deit_small,8,302,0.013677893206477165,0.05589717999100685
deit_small,8,303,0.013376831077039242,0.05466683208942413
deit_small,8,304,0.013319266960024834,0.05443158745765686
deit_small,8,305,0.012964949011802673,0.0529836043715477
deit_small,8,306,0.012721501290798187,0.05198870971798897
deit_small,8,307,0.012575570493936539,0.051392339169979095
deit_small,8,308,0.012389009818434715,0.05062992498278618
deit_small,8,309,0.012182648293673992,0.04978659003973007
deit_small,8,310,0.011998029425740242,0.04903211072087288
deit_small,8,311,0.011895098723471165,0.048611465841531754
deit_small,8,312,0.011809694580733776,0.048262447118759155
deit_small,8,313,0.011539370752871037,0.04715771973133087
deit_small,8,314,0.011277267709374428,0.046086590737104416
deit_small,8,315,0.011003709398210049,0.04496864229440689
deit_small,8,316,0.010930136777460575,0.04466797411441803
deit_small,8,317,0.01077671255916357,0.0440409816801548
deit_small,8,318,0.010638249106705189,0.04347512498497963
deit_small,8,319,0.010448366403579712,0.04269913583993912
deit_small,8,320,0.010294719599187374,0.042071230709552765
deit_small,8,321,0.010248908773064613,0.04188401624560356
deit_small,8,322,0.01006812509149313,0.041145209223032
deit_small,8,323,0.009915295988321304,0.040520645678043365
deit_small,8,324,0.009547789581120014,0.03901876509189606
deit_small,8,325,0.009428618475794792,0.038531750440597534
deit_small,8,326,0.00916918832808733,0.03747154399752617
deit_small,8,327,0.008976307697594166,0.036683302372694016
deit_small,8,328,0.008791175670921803,0.03592672571539879
deit_small,8,329,0.008623119443655014,0.03523993492126465
deit_small,8,330,0.00847905594855547,0.03465119004249573
deit_small,8,331,0.008463557809591293,0.03458785638213158
deit_small,8,332,0.008165569975972176,0.03337007388472557
deit_small,8,333,0.008037570863962173,0.03284698352217674
deit_small,8,334,0.007831974886357784,0.032006777822971344
deit_small,8,335,0.007610740605741739,0.03110266476869583
deit_small,8,336,0.007290941197425127,0.029795747250318527
deit_small,8,337,0.00716116838157177,0.029265407472848892
deit_small,8,338,0.007002562750130892,0.028617236763238907
deit_small,8,339,0.0067726438865065575,0.0276776310056448
deit_small,8,340,0.006519211456179619,0.026641933247447014
deit_small,8,341,0.00639471597969532,0.026133161038160324
deit_small,8,342,0.006280226167291403,0.025665277615189552
deit_small,8,343,0.006240817718207836,0.025504227727651596
deit_small,8,344,0.006066325586289167,0.024791134521365166
deit_small,8,345,0.005891359876841307,0.024076104164123535
deit_small,8,346,0.005779996979981661,0.023621000349521637
deit_small,8,347,0.005627139937132597,0.0229963231831789
deit_small,8,348,0.005513918586075306,0.02253362350165844
deit_small,8,349,0.005322720855474472,0.021752258762717247
deit_small,8,350,0.005047285929322243,0.020626643672585487
deit_small,8,351,0.004920570179820061,0.020108798518776894
deit_small,8,352,0.004653408657759428,0.019016994163393974
deit_small,8,353,0.004600689746439457,0.018801549449563026
deit_small,8,354,0.004503100644797087,0.01840273290872574
deit_small,8,355,0.004353559110313654,0.01779160462319851
deit_small,8,356,0.00431476254016161,0.01763305626809597
deit_small,8,357,0.003724654670804739,0.015221472829580307
deit_small,8,358,0.0036855731159448624,0.015061759389936924
deit_small,8,359,0.003535038325935602,0.014446571469306946
deit_small,8,360,0.0032551600597798824,0.013302799314260483
deit_small,8,361,0.0031699552200734615,0.012954593636095524
deit_small,8,362,0.0031034094281494617,0.012682642787694931
deit_small,8,363,0.003033282933756709,0.012396058067679405
deit_small,8,364,0.002729106927290559,0.011152987368404865
deit_small,8,365,0.00259162625297904,0.010591148398816586
deit_small,8,366,0.002358865225687623,0.009639928117394447
deit_small,8,367,0.002244281582534313,0.009171661920845509
deit_small,8,368,0.0021674770396202803,0.00885778572410345
deit_small,8,369,0.0018998486921191216,0.007764074485749006
deit_small,8,370,0.0018353048944845796,0.007500304374843836
deit_small,8,371,0.0017775882733985782,0.007264435291290283
deit_small,8,372,0.0015140316681936383,0.006187363527715206
deit_small,8,373,0.0014116998063400388,0.00576916616410017
deit_small,8,374,0.0012497230200096965,0.005107218399643898
deit_small,8,375,0.0011744580697268248,0.00479963468387723
deit_small,8,376,0.0009547793306410313,0.0039018779061734676
deit_small,8,377,0.0008499902323819697,0.0034736383240669966
deit_small,8,378,0.0007405715296044946,0.0030264791566878557
deit_small,8,379,0.000502527691423893,0.0020536701194941998
deit_small,8,380,0.0004195507790427655,0.0017145699821412563
deit_small,8,381,0.00026039453223347664,0.001064149197191
deit_small,8,382,0.00012868252815678716,0.0005258843884803355
deit_small,8,383,0.0,0.0
deit_small,11,0,0.3712550103664398,1.0
deit_small,11,1,0.20433741807937622,0.5503963828086853
deit_small,11,2,0.2024896740913391,0.5454193949699402
deit_small,11,3,0.19868165254592896,0.5351622104644775
deit_small,11,4,0.197785422205925,0.5327481627464294
deit_small,11,5,0.19490808248519897,0.5249978303909302
deit_small,11,6,0.194667249917984,0.5243491530418396
deit_small,11,7,0.1938420683145523,0.5221264958381653
deit_small,11,8,0.19211986660957336,0.5174875855445862
deit_small,11,9,0.19129560887813568,0.5152674317359924
deit_small,11,10,0.19086980819702148,0.5141204595565796
deit_small,11,11,0.1895635426044464,0.5106019973754883
deit_small,11,12,0.18890435993671417,0.5088264346122742
deit_small,11,13,0.18798285722732544,0.5063443183898926
deit_small,11,14,0.18682965636253357,0.5032380819320679
deit_small,11,15,0.18583503365516663,0.5005589723587036
deit_small,11,16,0.18523454666137695,0.4989415407180786
deit_small,11,17,0.18497446179389954,0.49824097752571106
deit_small,11,18,0.18384426832199097,0.49519672989845276
deit_small,11,19,0.18243290483951569,0.49139511585235596
deit_small,11,20,0.18188157677650452,0.4899100959300995
deit_small,11,21,0.18114084005355835,0.4879148602485657
deit_small,11,22,0.1804216504096985,0.4859776794910431
deit_small,11,23,0.18023952841758728,0.4854871332645416
deit_small,11,24,0.1797000914812088,0.48403412103652954
deit_small,11,25,0.17877671122550964,0.48154693841934204
deit_small,11,26,0.17814306914806366,0.47984015941619873
deit_small,11,27,0.1778222769498825,0.4789761006832123
deit_small,11,28,0.17741060256958008,0.4778672158718109
deit_small,11,29,0.17696011066436768,0.4766537845134735
deit_small,11,30,0.1756647229194641,0.4731645882129669
deit_small,11,31,0.17548216879367828,0.47267284989356995
deit_small,11,32,0.175288587808609,0.47215142846107483
deit_small,11,33,0.17476271092891693,0.47073495388031006
deit_small,11,34,0.17403265833854675,0.46876850724220276
deit_small,11,35,0.17280440032482147,0.4654601216316223
deit_small,11,36,0.1723642498254776,0.464274525642395
deit_small,11,37,0.17178037762641907,0.46270182728767395
deit_small,11,38,0.17105786502361298,0.46075570583343506
deit_small,11,39,0.17062778770923615,0.45959725975990295
deit_small,11,40,0.16992230713367462,0.4576970040798187
deit_small,11,41,0.16893085837364197,0.4550264775753021
deit_small,11,42,0.16799047589302063,0.45249348878860474
deit_small,11,43,0.1675720512866974,0.4513664245605469
deit_small,11,44,0.16680559515953064,0.44930192828178406
deit_small,11,45,0.16632570326328278,0.44800931215286255
deit_small,11,46,0.16598625481128693,0.44709497690200806
deit_small,11,47,0.16554763913154602,0.44591355323791504
deit_small,11,48,0.16525126993656158,0.44511526823043823
deit_small,11,49,0.16488930583000183,0.4441402852535248
deit_small,11,50,0.16397811472415924,0.44168591499328613
deit_small,11,51,0.16314558684825897,0.4394434690475464
deit_small,11,52,0.1629716157913208,0.43897485733032227
deit_small,11,53,0.16204938292503357,0.4364907741546631
deit_small,11,54,0.16163642704486847,0.43537843227386475
deit_small,11,55,0.16133031249046326,0.4345538914203644
deit_small,11,56,0.16099973022937775,0.4336634576320648
deit_small,11,57,0.160444438457489,0.43216773867607117
deit_small,11,58,0.15936486423015594,0.4292598366737366
deit_small,11,59,0.1590581238269806,0.4284335970878601
deit_small,11,60,0.1587509959936142,0.42760634422302246
deit_small,11,61,0.15851785242557526,0.42697834968566895
deit_small,11,62,0.1577824503183365,0.4249975085258484
deit_small,11,63,0.157094344496727,0.42314404249191284
deit_small,11,64,0.15619918704032898,0.42073285579681396
deit_small,11,65,0.1560027152299881,0.42020365595817566
deit_small,11,66,0.15538986027240753,0.4185529053211212
deit_small,11,67,0.15492507815361023,0.4173009693622589
deit_small,11,68,0.15453757345676422,0.41625720262527466
deit_small,11,69,0.15410520136356354,0.4150925874710083
deit_small,11,70,0.15339022874832153,0.41316676139831543
deit_small,11,71,0.15317480266094208,0.4125864803791046
deit_small,11,72,0.15269121527671814,0.4112839102745056
deit_small,11,73,0.15230591595172882,0.4102460741996765
deit_small,11,74,0.15161186456680298,0.4083766043186188
deit_small,11,75,0.15098007023334503,0.4066748321056366
deit_small,11,76,0.1508992612361908,0.40645715594291687
deit_small,11,77,0.15010134875774384,0.40430793166160583
deit_small,11,78,0.14987581968307495,0.40370047092437744
deit_small,11,79,0.14944300055503845,0.4025346338748932
deit_small,11,80,0.14909183979034424,0.4015887677669525
deit_small,11,81,0.14840196073055267,0.39973053336143494
deit_small,11,82,0.14802367985248566,0.39871159195899963
deit_small,11,83,0.14770498871803284,0.39785319566726685
deit_small,11,84,0.1475333571434021,0.39739087224006653
deit_small,11,85,0.14647263288497925,0.39453375339508057
deit_small,11,86,0.1459728330373764,0.3931874930858612
deit_small,11,87,0.1454373300075531,0.39174509048461914
deit_small,11,88,0.14497999846935272,0.39051324129104614
deit_small,11,89,0.14452627301216125,0.38929110765457153
deit_small,11,90,0.14363449811935425,0.3868890404701233
deit_small,11,91,0.14310939610004425,0.38547465205192566
deit_small,11,92,0.1429930478334427,0.38516125082969666
deit_small,11,93,0.14257638156414032,0.38403892517089844
deit_small,11,94,0.14211779832839966,0.38280370831489563
deit_small,11,95,0.14187821745872498,0.38215839862823486
deit_small,11,96,0.14157292246818542,0.3813360631465912
deit_small,11,97,0.14069977402687073,0.3789841830730438
deit_small,11,98,0.13999266922473907,0.3770795464515686
deit_small,11,99,0.13977043330669403,0.37648093700408936
deit_small,11,100,0.1394723504781723,0.37567803263664246
deit_small,11,101,0.13912740349769592,0.3747488856315613
deit_small,11,102,0.13827836513519287,0.3724619448184967
deit_small,11,103,0.13790692389011383,0.3714614510536194
deit_small,11,104,0.13749830424785614,0.370360791683197
deit_small,11,105,0.13728825747966766,0.369795024394989
deit_small,11,106,0.13662467896938324,0.368007630109787
deit_small,11,107,0.1362208127975464,0.36691978573799133
deit_small,11,108,0.13596172630786896,0.36622193455696106
deit_small,11,109,0.1356121003627777,0.3652801811695099
deit_small,11,110,0.13505850732326508,0.36378905177116394
deit_small,11,111,0.1348264515399933,0.3631639778614044
deit_small,11,112,0.13417643308639526,0.3614131212234497
deit_small,11,113,0.13390852510929108,0.36069148778915405
deit_small,11,114,0.1333983838558197,0.3593173921108246
deit_small,11,115,0.13273997604846954,0.3575439155101776
deit_small,11,116,0.13262927532196045,0.3572457432746887
deit_small,11,117,0.1319599747657776,0.35544294118881226
deit_small,11,118,0.13109388947486877,0.35311007499694824
deit_small,11,119,0.13090446591377258,0.3525998592376709
deit_small,11,120,0.13025282323360443,0.3508446216583252
deit_small,11,121,0.1301250010728836,0.35050031542778015
deit_small,11,122,0.1294473558664322,0.34867504239082336
deit_small,11,123,0.12837131321430206,0.34577664732933044
deit_small,11,124,0.1283329874277115,0.34567341208457947
deit_small,11,125,0.1277693212032318,0.34415513277053833
deit_small,11,126,0.12761248648166656,0.34373268485069275
deit_small,11,127,0.12712550163269043,0.3424209654331207
deit_small,11,128,0.12682783603668213,0.34161919355392456
deit_small,11,129,0.12620067596435547,0.33992987871170044
deit_small,11,130,0.1257542222738266,0.33872732520103455
deit_small,11,131,0.12519775331020355,0.3372284471988678
deit_small,11,132,0.1249699518084526,0.33661484718322754
deit_small,11,133,0.12375400215387344,0.3333396017551422
deit_small,11,134,0.12347505986690521,0.332588255405426
deit_small,11,135,0.12297696620225906,0.33124661445617676
deit_small,11,136,0.12269815057516098,0.33049559593200684
deit_small,11,137,0.12219901382923126,0.3291511535644531
deit_small,11,138,0.12174020707607269,0.3279153108596802
deit_small,11,139,0.12099006772041321,0.3258947730064392
deit_small,11,140,0.1200074553489685,0.323248028755188
deit_small,11,141,0.11941780894994736,0.32165977358818054
deit_small,11,142,0.11937876790761948,0.32155463099479675
deit_small,11,143,0.11900507658720016,0.32054805755615234
deit_small,11,144,0.11887318640947342,0.320192813873291
deit_small,11,145,0.11799106746912003,0.31781676411628723
deit_small,11,146,0.11780762672424316,0.31732264161109924
deit_small,11,147,0.1173657774925232,0.316132515668869
deit_small,11,148,0.11681120097637177,0.3146387040615082
deit_small,11,149,0.11644811183214188,0.31366071105003357
deit_small,11,150,0.11625151336193085,0.3131311535835266
deit_small,11,151,0.11571431159973145,0.31168416142463684
deit_small,11,152,0.11495096236467361,0.30962803959846497
deit_small,11,153,0.11434552818536758,0.3079972565174103
deit_small,11,154,0.11326860636472702,0.30509650707244873
deit_small,11,155,0.11289925128221512,0.3041016161441803
deit_small,11,156,0.11286027729511261,0.30399665236473083
deit_small,11,157,0.11196605116128922,0.3015879988670349
deit_small,11,158,0.11123468726873398,0.2996180057525635
deit_small,11,159,0.11055025458335876,0.29777443408966064
deit_small,11,160,0.11002703756093979,0.2963651120662689
deit_small,11,161,0.10971014946699142,0.2955115735530853
deit_small,11,162,0.10904666781425476,0.2937244176864624
deit_small,11,163,0.10852206498384476,0.2923113703727722
deit_small,11,164,0.10817301273345947,0.2913711965084076
deit_small,11,165,0.1077348068356514,0.29019084572792053
deit_small,11,166,0.10710122436285019,0.28848424553871155
deit_small,11,167,0.1066107228398323,0.28716304898262024
deit_small,11,168,0.10572490096092224,0.28477704524993896
deit_small,11,169,0.10519281774759293,0.2833438217639923
deit_small,11,170,0.1049584373831749,0.28271251916885376
deit_small,11,171,0.1043780967593193,0.28114932775497437
deit_small,11,172,0.10326509177684784,0.27815136313438416
deit_small,11,173,0.10312353074550629,0.277770072221756
deit_small,11,174,0.10249421000480652,0.27607494592666626
deit_small,11,175,0.10196834057569504,0.2746585011482239
deit_small,11,176,0.10139109939336777,0.27310365438461304
deit_small,11,177,0.10098052024841309,0.27199772000312805
deit_small,11,178,0.10063306987285614,0.27106183767318726
deit_small,11,179,0.10018716007471085,0.26986077427864075
deit_small,11,180,0.09911849349737167,0.26698222756385803
deit_small,11,181,0.09852047264575958,0.2653714418411255
deit_small,11,182,0.09811469912528992,0.26427844166755676
deit_small,11,183,0.09710091352462769,0.2615477442741394
deit_small,11,184,0.09618726372718811,0.2590867877006531
deit_small,11,185,0.09595825523138046,0.25846993923187256
deit_small,11,186,0.0954052060842514,0.2569802403450012
deit_small,11,187,0.09434472769498825,0.2541237771511078
deit_small,11,188,0.0935388058423996,0.25195297598838806
deit_small,11,189,0.09336631745100021,0.2514883577823639
deit_small,11,190,0.09268394857645035,0.24965035915374756
deit_small,11,191,0.09180113673210144,0.24727244675159454
deit_small,11,192,0.09128903597593307,0.24589307606220245
deit_small,11,193,0.091094471514225,0.24536900222301483
deit_small,11,194,0.09020587056875229,0.24297548830509186
deit_small,11,195,0.0899677649140358,0.24233414232730865
deit_small,11,196,0.08980433642864227,0.24189393222332
deit_small,11,197,0.0892433300614357,0.2403828352689743
deit_small,11,198,0.08875340968370438,0.23906318843364716
deit_small,11,199,0.08869289606809616,0.23890019953250885
deit_small,11,200,0.08737339079380035,0.2353460192680359
deit_small,11,201,0.08697661757469177,0.23427729308605194
deit_small,11,202,0.08608207106590271,0.23186776041984558
deit_small,11,203,0.08584117889404297,0.23121890425682068
deit_small,11,204,0.0854109674692154,0.23006010055541992
deit_small,11,205,0.08470875769853592,0.22816865146160126
deit_small,11,206,0.08381439000368118,0.2257596254348755
deit_small,11,207,0.08330249041318893,0.22438077628612518
deit_small,11,208,0.082820825278759,0.22308339178562164
deit_small,11,209,0.0822444036602974,0.2215307503938675
deit_small,11,210,0.08120223879814148,0.2187236100435257
deit_small,11,211,0.08088451623916626,0.21786780655384064
deit_small,11,212,0.07999099791049957,0.21546106040477753
deit_small,11,213,0.07939652353525162,0.21385979652404785
deit_small,11,214,0.07902918010950089,0.21287034451961517
deit_small,11,215,0.07855675369501114,0.21159783005714417
deit_small,11,216,0.07737860083580017,0.2084243893623352
deit_small,11,217,0.07659783959388733,0.2063213586807251
deit_small,11,218,0.07579699903726578,0.20416423678398132
deit_small,11,219,0.07519230991601944,0.202535480260849
deit_small,11,220,0.07493534684181213,0.20184332132339478
deit_small,11,221,0.07366225868463516,0.1984141767024994
deit_small,11,222,0.07309267669916153,0.19687996804714203
deit_small,11,223,0.0729907974600792,0.19660554826259613
deit_small,11,224,0.07210591435432434,0.19422206282615662
deit_small,11,225,0.07177315652370453,0.19332575798034668
deit_small,11,226,0.07051556557416916,0.18993835151195526
deit_small,11,227,0.0703691840171814,0.18954406678676605
deit_small,11,228,0.06931458413600922,0.18670342862606049
deit_small,11,229,0.06818906217813492,0.1836717575788498
deit_small,11,230,0.06782997399568558,0.18270453810691833
deit_small,11,231,0.06724108755588531,0.18111832439899445
deit_small,11,232,0.0661163330078125,0.1780887246131897
deit_small,11,233,0.06576640158891678,0.17714616656303406
deit_small,11,234,0.06533189117908478,0.17597578465938568
deit_small,11,235,0.06519201397895813,0.17559900879859924
deit_small,11,236,0.06440243870019913,0.17347224056720734
deit_small,11,237,0.06399435549974442,0.17237304151058197
deit_small,11,238,0.06337965279817581,0.1707172989845276
deit_small,11,239,0.06230180338025093,0.16781404614448547
deit_small,11,240,0.061891667544841766,0.1667093187570572
deit_small,11,241,0.061846498399972916,0.16658765077590942
deit_small,11,242,0.060393474996089935,0.16267383098602295
deit_small,11,243,0.05945965647697449,0.16015852987766266
deit_small,11,244,0.059178005903959274,0.1593998819589615
deit_small,11,245,0.05861058831214905,0.15787149965763092
deit_small,11,246,0.057520776987075806,0.1549360305070877
deit_small,11,247,0.057054970413446426,0.15368135273456573
deit_small,11,248,0.05639414116740227,0.15190136432647705
deit_small,11,249,0.05625905469059944,0.15153749287128448
deit_small,11,250,0.05460304766893387,0.14707693457603455
deit_small,11,251,0.053817033767700195,0.14495974779129028
deit_small,11,252,0.0536075122654438,0.1443953961133957
deit_small,11,253,0.052681054919958115,0.14189991354942322
deit_small,11,254,0.05211027339100838,0.1403624713420868
deit_small,11,255,0.05176575109362602,0.13943448662757874
deit_small,11,256,0.05078013613820076,0.13677966594696045
deit_small,11,257,0.050225138664245605,0.13528473675251007
deit_small,11,258,0.04976785182952881,0.13405300676822662
deit_small,11,259,0.04907038435339928,0.1321743279695511
deit_small,11,260,0.04892193153500557,0.13177447021007538
deit_small,11,261,0.04790006950497627,0.129022017121315
deit_small,11,262,0.04721928760409355,0.1271882802248001
deit_small,11,263,0.04681113362312317,0.12608888745307922
deit_small,11,264,0.046704765409231186,0.12580238282680511
deit_small,11,265,0.04592878371477127,0.12371222674846649
deit_small,11,266,0.04531172290444374,0.12205012887716293
deit_small,11,267,0.04484836012125015,0.12080202996730804
deit_small,11,268,0.04403331130743027,0.11860664188861847
deit_small,11,269,0.04348612576723099,0.1171327605843544
deit_small,11,270,0.04295237734913826,0.11569507420063019
deit_small,11,271,0.04254923388361931,0.11460918188095093
deit_small,11,272,0.04139412194490433,0.11149781197309494
deit_small,11,273,0.04074619337916374,0.10975257307291031
deit_small,11,274,0.040599577128887177,0.10935765504837036
deit_small,11,275,0.0397469736635685,0.10706111043691635
deit_small,11,276,0.03921101614832878,0.1056174710392952
deit_small,11,277,0.03875471651554108,0.10438840091228485
deit_small,11,278,0.03817254304885864,0.10282027721405029
deit_small,11,279,0.03785701468586922,0.1019703820347786
deit_small,11,280,0.03580791875720024,0.09645100682973862
deit_small,11,281,0.03513504937291145,0.09463858604431152
deit_small,11,282,0.03484312444925308,0.09385226666927338
deit_small,11,283,0.034573283046483994,0.09312543272972107
deit_small,11,284,0.034212205559015274,0.09215284138917923
deit_small,11,285,0.03322526067495346,0.08949444442987442
deit_small,11,286,0.0326446034014225,0.08793040364980698
deit_small,11,287,0.03206732124090195,0.08637546002864838
deit_small,11,288,0.03185485303401947,0.08580315858125687
deit_small,11,289,0.031244494020938873,0.08415911346673965
deit_small,11,290,0.03050086833536625,0.08215611428022385
deit_small,11,291,0.02966585010290146,0.07990693300962448
deit_small,11,292,0.029589619487524033,0.07970160245895386
deit_small,11,293,0.02924564853310585,0.07877509295940399
deit_small,11,294,0.028574993833899498,0.07696864008903503
deit_small,11,295,0.028004780411720276,0.07543273270130157
deit_small,11,296,0.027399057522416115,0.0738011822104454
deit_small,11,297,0.026721635833382607,0.07197649776935577
deit_small,11,298,0.026341088116168976,0.07095146924257278
deit_small,11,299,0.026109755039215088,0.07032835483551025
deit_small,11,300,0.025667956098914146,0.06913834065198898
deit_small,11,301,0.0252063125371933,0.06789487600326538
deit_small,11,302,0.024692105129361153,0.06650982052087784
deit_small,11,303,0.024055762216448784,0.06479579210281372
deit_small,11,304,0.023409530520439148,0.063055120408535
deit_small,11,305,0.022881710901856422,0.0616334043443203
deit_small,11,306,0.02268129773437977,0.06109357997775078
deit_small,11,307,0.021890714764595032,0.058964092284440994
deit_small,11,308,0.0216902457177639,0.05842411518096924
deit_small,11,309,0.021335437893867493,0.05746841803193092
deit_small,11,310,0.020852120593190193,0.056166570633649826
deit_small,11,311,0.01997130922973156,0.05379404500126839
deit_small,11,312,0.01963675208389759,0.05289289355278015
deit_small,11,313,0.018877051770687103,0.05084659159183502
deit_small,11,314,0.01859743706882,0.050093431025743484
deit_small,11,315,0.018393805250525475,0.049544934183359146
deit_small,11,316,0.018113277852535248,0.048789314925670624
deit_small,11,317,0.017735516652464867,0.04777178913354874
deit_small,11,318,0.017413277179002762,0.0469038151204586
deit_small,11,319,0.016403986141085625,0.044185224920511246
deit_small,11,320,0.016209090128540993,0.04366026073694229
deit_small,11,321,0.015913471579551697,0.04286399111151695
deit_small,11,322,0.015312177129089832,0.04124436527490616
deit_small,11,323,0.015023755840957165,0.040467482060194016
deit_small,11,324,0.014496507123112679,0.039047304540872574
deit_small,11,325,0.014243572019040585,0.03836600482463837
deit_small,11,326,0.013846974819898605,0.03729774430394173
deit_small,11,327,0.01373731903731823,0.037002380937337875
deit_small,11,328,0.013252608478069305,0.03569677844643593
deit_small,11,329,0.012858728878200054,0.034635838121175766
deit_small,11,330,0.012685052119195461,0.034168027341365814
deit_small,11,331,0.012414965778589249,0.03344053402543068
deit_small,11,332,0.012238843366503716,0.03296613693237305
deit_small,11,333,0.011895179748535156,0.03204045444726944
deit_small,11,334,0.01155724748969078,0.031130213290452957
deit_small,11,335,0.011267098598182201,0.030348677188158035
deit_small,11,336,0.011163436807692051,0.03006945736706257
deit_small,11,337,0.010849196463823318,0.02922303043305874
deit_small,11,338,0.010521193034946918,0.028339531272649765
deit_small,11,339,0.010201218537986279,0.027477659285068512
deit_small,11,340,0.009912146255373955,0.026699023321270943
deit_small,11,341,0.009815921075642109,0.026439834386110306
deit_small,11,342,0.009464719332754612,0.02549384906888008
deit_small,11,343,0.009369312785565853,0.025236865505576134
deit_small,11,344,0.009211009368300438,0.024810465052723885
deit_small,11,345,0.00872648973017931,0.023505378514528275
deit_small,11,346,0.008446608670055866,0.022751500830054283
deit_small,11,347,0.008091051131486893,0.021793782711029053
deit_small,11,348,0.007561864797025919,0.020368384197354317
deit_small,11,349,0.007437178399413824,0.020032532513141632
deit_small,11,350,0.0072150686755776405,0.019434265792369843
deit_small,11,351,0.0068619935773313046,0.01848323456943035
deit_small,11,352,0.006648706737905741,0.0179087333381176
deit_small,11,353,0.006479322444647551,0.017452483996748924
deit_small,11,354,0.006237625610083342,0.016801457852125168
deit_small,11,355,0.006115629803389311,0.01647285372018814
deit_small,11,356,0.005869017448276281,0.01580858789384365
deit_small,11,357,0.005833076313138008,0.01571177877485752
deit_small,11,358,0.005510898772627115,0.014843971468508244
deit_small,11,359,0.005133158527314663,0.013826502487063408
deit_small,11,360,0.004761345684528351,0.01282500009983778
deit_small,11,361,0.004651441238820553,0.012528965249657631
deit_small,11,362,0.004532363265752792,0.012208221480250359
deit_small,11,363,0.004242673050612211,0.011427921243011951
deit_small,11,364,0.004018292762339115,0.010823537595570087
deit_small,11,365,0.003780932864174247,0.010184193029999733
deit_small,11,366,0.0035996034275740385,0.009695770218968391
deit_small,11,367,0.003231918904930353,0.008705387823283672
deit_small,11,368,0.0030082303564995527,0.008102867752313614
deit_small,11,369,0.0029115360230207443,0.007842415012419224
deit_small,11,370,0.0025956856552511454,0.006991651374846697
deit_small,11,371,0.002435344271361828,0.006559761241078377
deit_small,11,372,0.0024128484074026346,0.006499167066067457
deit_small,11,373,0.002360148821026087,0.0063572172075510025
deit_small,11,374,0.0019496934255585074,0.0052516283467411995
deit_small,11,375,0.0016643546987324953,0.004483049735426903
deit_small,11,376,0.001532339141704142,0.004127457272261381
deit_small,11,377,0.0012442574370652437,0.0033514900133013725
deit_small,11,378,0.0009918820578604937,0.0026717002037912607
deit_small,11,379,0.0008052933262661099,0.002169111045077443
deit_small,11,380,0.0005209656665101647,0.001403255620971322
deit_small,11,381,0.0002477967645972967,0.00066745700314641
deit_small,11,382,0.00016261180280707777,0.0004380056634545326
deit_small,11,383,0.0,0.0
vit_base,2,0,0.26848700642585754,1.0
vit_base,2,1,0.2512383759021759,0.9357562065124512
vit_base,2,2,0.2423100471496582,0.9025019407272339
vit_base,2,3,0.2358926385641098,0.8785998225212097
vit_base,2,4,0.227285698056221,0.8465426564216614
vit_base,2,5,0.219448059797287,0.8173507452011108
vit_base,2,6,0.2158614546060562,0.8039922118186951
vit_base,2,7,0.20488601922988892,0.7631133794784546
vit_base,2,8,0.20408116281032562,0.7601156234741211
vit_base,2,9,0.19935330748558044,0.7425063252449036
vit_base,2,10,0.19559122622013092,0.7284942269325256
vit_base,2,11,0.1947087049484253,0.7252072095870972
vit_base,2,12,0.19260980188846588,0.7173896431922913
vit_base,2,13,0.1910036951303482,0.7114076018333435
vit_base,2,14,0.18652871251106262,0.6947401762008667
vit_base,2,15,0.1854863166809082,0.6908577084541321
vit_base,2,16,0.18381524085998535,0.6846336722373962
vit_base,2,17,0.18256594240665436,0.6799805760383606
vit_base,2,18,0.18051983416080475,0.6723596453666687
vit_base,2,19,0.17812106013298035,0.6634252667427063
vit_base,2,20,0.17607270181179047,0.6557959914207458
vit_base,2,21,0.17505191266536713,0.651993989944458
vit_base,2,22,0.1742449402809143,0.6489883661270142
vit_base,2,23,0.17201998829841614,0.6407013535499573
vit_base,2,24,0.16900008916854858,0.6294535398483276
vit_base,2,25,0.1687789261341095,0.6286298036575317
vit_base,2,26,0.16735336184501648,0.6233201622962952
vit_base,2,27,0.16623127460479736,0.6191408634185791
vit_base,2,28,0.16463680565357208,0.6132021546363831
vit_base,2,29,0.16366980969905853,0.6096004843711853
vit_base,2,30,0.16285866498947144,0.6065793037414551
vit_base,2,31,0.1617785394191742,0.6025562882423401
vit_base,2,32,0.15844543278217316,0.5901418924331665
vit_base,2,33,0.15765957534313202,0.5872149467468262
vit_base,2,34,0.1569347083568573,0.5845150947570801
vit_base,2,35,0.15547344088554382,0.5790724754333496
vit_base,2,36,0.15492869913578033,0.5770435929298401
vit_base,2,37,0.1511109620332718,0.5628241300582886
vit_base,2,38,0.1506672203540802,0.5611713528633118
vit_base,2,39,0.14883649349212646,0.5543527007102966
vit_base,2,40,0.14732512831687927,0.5487235188484192
vit_base,2,41,0.1451437920331955,0.5405989289283752
vit_base,2,42,0.14374178647994995,0.5353770852088928
vit_base,2,43,0.14269046485424042,0.5314613580703735
vit_base,2,44,0.14214828610420227,0.5294419527053833
vit_base,2,45,0.13920088112354279,0.5184641480445862
vit_base,2,46,0.13829411566257477,0.515086829662323
vit_base,2,47,0.13590474426746368,0.5061874389648438
vit_base,2,48,0.13548707962036133,0.5046318173408508
vit_base,2,49,0.13352259993553162,0.4973149299621582
vit_base,2,50,0.13282248377799988,0.494707316160202
vit_base,2,51,0.13162484765052795,0.49024662375450134
vit_base,2,52,0.1296434998512268,0.48286694288253784
vit_base,2,53,0.12910160422325134,0.48084861040115356
vit_base,2,54,0.12648509442806244,0.4711032211780548
vit_base,2,55,0.1252913773059845,0.4666571319103241
vit_base,2,56,0.12351661920547485,0.4600469172000885
vit_base,2,57,0.1230485811829567,0.45830366015434265
vit_base,2,58,0.12247287482023239,0.45615941286087036
vit_base,2,59,0.12039870023727417,0.4484339952468872
vit_base,2,60,0.11799897253513336,0.4394960403442383
vit_base,2,61,0.11748598515987396,0.43758535385131836
vit_base,2,62,0.11670520901679993,0.4346773028373718
vit_base,2,63,0.11645826697349548,0.4337575435638428
vit_base,2,64,0.11580623686313629,0.43132901191711426
vit_base,2,65,0.1128198504447937,0.4202060103416443
vit_base,2,66,0.11172480881214142,0.41612744331359863
vit_base,2,67,0.11083958297967911,0.4128303527832031
vit_base,2,68,0.11008704453706741,0.4100274443626404
vit_base,2,69,0.10933524370193481,0.4072273075580597
vit_base,2,70,0.10887821018695831,0.4055250585079193
vit_base,2,71,0.10783479362726212,0.40163877606391907
vit_base,2,72,0.10749839246273041,0.4003858268260956
vit_base,2,73,0.10687647759914398,0.39806947112083435
vit_base,2,74,0.10658645629882812,0.39698925614356995
vit_base,2,75,0.10451020300388336,0.389256089925766
vit_base,2,76,0.10330518335103989,0.38476791977882385
vit_base,2,77,0.102474145591259,0.3816726505756378
vit_base,2,78,0.10111487656831741,0.3766099512577057
vit_base,2,79,0.1002059057354927,0.3732244074344635
vit_base,2,80,0.09875021129846573,0.36780256032943726
vit_base,2,81,0.09793107211589813,0.3647516369819641
vit_base,2,82,0.09757474064826965,0.3634244501590729
vit_base,2,83,0.09663454443216324,0.3599226176738739
vit_base,2,84,0.09653930366039276,0.35956788063049316
vit_base,2,85,0.095205157995224,0.3545987606048584
vit_base,2,86,0.09486439824104309,0.3533295691013336
vit_base,2,87,0.09416089951992035,0.35070934891700745
vit_base,2,88,0.09376189857721329,0.34922322630882263
vit_base,2,89,0.09208247065544128,0.34296807646751404
vit_base,2,90,0.0919889435172081,0.34261971712112427
vit_base,2,91,0.0912974625825882,0.3400442600250244
vit_base,2,92,0.08988754451274872,0.3347929120063782
vit_base,2,93,0.08966308832168579,0.33395689725875854
vit_base,2,94,0.08876670897006989,0.3306182622909546
vit_base,2,95,0.0871606171131134,0.3246362507343292
vit_base,2,96,0.08679373562335968,0.323269784450531
vit_base,2,97,0.08627743273973465,0.3213467597961426
vit_base,2,98,0.08574151247739792,0.3193506896495819
vit_base,2,99,0.0852651447057724,0.31757643818855286
vit_base,2,100,0.08469649404287338,0.3154584467411041
vit_base,2,101,0.08415425568819046,0.3134388327598572
vit_base,2,102,0.08324189484119415,0.310040682554245
vit_base,2,103,0.08236914128065109,0.3067900538444519
vit_base,2,104,0.08182448148727417,0.3047614097595215
vit_base,2,105,0.0808117464184761,0.30098941922187805
vit_base,2,106,0.08005312085151672,0.29816386103630066
vit_base,2,107,0.07962393760681152,0.29656532406806946
vit_base,2,108,0.07924791425466537,0.2951647937297821
vit_base,2,109,0.07884742319583893,0.29367315769195557
vit_base,2,110,0.07837069034576416,0.2918975055217743
vit_base,2,111,0.07784701883792877,0.2899470627307892
vit_base,2,112,0.07734242081642151,0.28806763887405396
vit_base,2,113,0.07651681452989578,0.28499260544776917
vit_base,2,114,0.07605763524770737,0.2832823693752289
vit_base,2,115,0.07516355812549591,0.2799523174762726
vit_base,2,116,0.074996218085289,0.2793290317058563
vit_base,2,117,0.07426774501800537,0.27661579847335815
vit_base,2,118,0.07343277335166931,0.2735058665275574
vit_base,2,119,0.07223845273256302,0.2690575420856476
vit_base,2,120,0.07151833921670914,0.26637542247772217
vit_base,2,121,0.07112813740968704,0.2649220824241638
vit_base,2,122,0.07085579633712769,0.2639077305793762
vit_base,2,123,0.07033887505531311,0.26198241114616394
vit_base,2,124,0.06970296055078506,0.25961390137672424
vit_base,2,125,0.06920187175273895,0.2577475607395172
vit_base,2,126,0.0689331665635109,0.25674673914909363
vit_base,2,127,0.0684075579047203,0.2547890841960907
vit_base,2,128,0.06820680946111679,0.2540413737297058
vit_base,2,129,0.06721222400665283,0.25033697485923767
vit_base,2,130,0.06633215397596359,0.24705909192562103
vit_base,2,131,0.06611610949039459,0.24625441431999207
vit_base,2,132,0.06540537625551224,0.24360723793506622
vit_base,2,133,0.06477463245391846,0.24125798046588898
vit_base,2,134,0.0643509179353714,0.23967982828617096
vit_base,2,135,0.0640212669968605,0.2384520173072815
vit_base,2,136,0.06358025968074799,0.23680944740772247
vit_base,2,137,0.06315995007753372,0.23524397611618042
vit_base,2,138,0.06292475014925003,0.2343679517507553
vit_base,2,139,0.06237317994236946,0.2323135882616043
vit_base,2,140,0.06159435212612152,0.22941279411315918
vit_base,2,141,0.06151273101568222,0.2291087806224823
vit_base,2,142,0.06100551038980484,0.2272195965051651
vit_base,2,143,0.060504477471113205,0.22535346448421478
vit_base,2,144,0.059944480657577515,0.22326771914958954
vit_base,2,145,0.059505779296159744,0.22163374722003937
vit_base,2,146,0.05900753289461136,0.21977798640727997
vit_base,2,147,0.058858923614025116,0.2192244827747345
vit_base,2,148,0.05792522802948952,0.21574686467647552
vit_base,2,149,0.05764995887875557,0.21472160518169403
vit_base,2,150,0.057255975902080536,0.2132541835308075
vit_base,2,151,0.05611905828118324,0.20901964604854584
vit_base,2,152,0.055540721863508224,0.206865593791008
vit_base,2,153,0.054983943700790405,0.2047918289899826
vit_base,2,154,0.05475505068898201,0.203939288854599
vit_base,2,155,0.054668113589286804,0.2036154866218567
vit_base,2,156,0.05392608791589737,0.20085176825523376
vit_base,2,157,0.05347730591893196,0.1991802453994751
vit_base,2,158,0.05312258005142212,0.1978590339422226
vit_base,2,159,0.05263355374336243,0.19603762030601501
vit_base,2,160,0.0525239072740078,0.19562923908233643
vit_base,2,161,0.05187869444489479,0.19322608411312103
vit_base,2,162,0.05149112269282341,0.19178254902362823
vit_base,2,163,0.051278699189424515,0.1909913569688797
vit_base,2,164,0.050998520106077194,0.18994781374931335
vit_base,2,165,0.050480253994464874,0.18801748752593994
vit_base,2,166,0.050062984228134155,0.1864633411169052
vit_base,2,167,0.04972057789564133,0.18518802523612976
vit_base,2,168,0.04940936714410782,0.18402889370918274
vit_base,2,169,0.0493222139775753,0.18370428681373596
vit_base,2,170,0.04879932478070259,0.18175674974918365
vit_base,2,171,0.048433080315589905,0.18039263784885406
vit_base,2,172,0.048107586801052094,0.1791803240776062
vit_base,2,173,0.04742636904120445,0.17664307355880737
vit_base,2,174,0.046960391104221344,0.17490750551223755
vit_base,2,175,0.04656323418021202,0.1734282672405243
vit_base,2,176,0.04636498913168907,0.17268988490104675
vit_base,2,177,0.04577293619513512,0.1704847365617752
vit_base,2,178,0.04545050114393234,0.16928380727767944
vit_base,2,179,0.04514900967478752,0.16816087067127228
vit_base,2,180,0.04454158619046211,0.16589848697185516
vit_base,2,181,0.04442954063415527,0.16548116505146027
vit_base,2,182,0.04407702013850212,0.16416816413402557
vit_base,2,183,0.04364901781082153,0.16257403790950775
vit_base,2,184,0.04350707679986954,0.16204537451267242
vit_base,2,185,0.043205298483371735,0.1609213799238205
vit_base,2,186,0.04257099702954292,0.15855887532234192
vit_base,2,187,0.042239073663949966,0.15732260048389435
vit_base,2,188,0.04217071458697319,0.15706798434257507
vit_base,2,189,0.041938960552215576,0.15620480477809906
vit_base,2,190,0.04142148792743683,0.15427744388580322
vit_base,2,191,0.04132268577814102,0.15390944480895996
vit_base,2,192,0.0410216860473156,0.15278834104537964
vit_base,2,193,0.04091912508010864,0.15240634977817535
vit_base,2,194,0.04086499661207199,0.1522047519683838
vit_base,2,195,0.040515024214982986,0.15090124309062958
vit_base,2,196,0.039881300181150436,0.1485408991575241
vit_base,2,197,0.03933853283524513,0.14651931822299957
vit_base,2,198,0.0392112210392952,0.14604513347148895
vit_base,2,199,0.03890971466898918,0.1449221521615982
vit_base,2,200,0.0386311300098896,0.143884539604187
vit_base,2,201,0.038467731326818466,0.14327594637870789
vit_base,2,202,0.03778737038373947,0.14074189960956573
vit_base,2,203,0.03772923722863197,0.14052537083625793
vit_base,2,204,0.037558414041996,0.13988913595676422
vit_base,2,205,0.03715100139379501,0.13837169110774994
vit_base,2,206,0.036826908588409424,0.13716457784175873
vit_base,2,207,0.03643937036395073,0.13572117686271667
vit_base,2,208,0.03621778264641762,0.13489584624767303
vit_base,2,209,0.03600544109940529,0.13410496711730957
vit_base,2,210,0.03594352677464485,0.13387435674667358
vit_base,2,211,0.035605039447546005,0.1326136440038681
vit_base,2,212,0.03543146699666977,0.13196715712547302
vit_base,2,213,0.03509976342320442,0.1307317018508911
vit_base,2,214,0.03463488072156906,0.1290002167224884
vit_base,2,215,0.034593094140291214,0.12884457409381866
vit_base,2,216,0.034198641777038574,0.12737540900707245
vit_base,2,217,0.034156378358602524,0.12721799314022064
vit_base,2,218,0.033900316804647446,0.1262642741203308
vit_base,2,219,0.033428944647312164,0.12450861185789108
vit_base,2,220,0.03308385610580444,0.12322330474853516
vit_base,2,221,0.032863616943359375,0.12240301072597504
vit_base,2,222,0.03273116797208786,0.12190969288349152
vit_base,2,223,0.03250471502542496,0.12106624990701675
vit_base,2,224,0.032417651265859604,0.12074197828769684
vit_base,2,225,0.03193612024188042,0.11894847452640533
vit_base,2,226,0.031781766563653946,0.1183735728263855
vit_base,2,227,0.03142738714814186,0.11705366522073746
vit_base,2,228,0.03129762411117554,0.11657034605741501
vit_base,2,229,0.031101644039154053,0.11584040522575378
vit_base,2,230,0.03082089126110077,0.11479472368955612
vit_base,2,231,0.030624546110630035,0.11406341940164566
vit_base,2,232,0.03032049350440502,0.11293095350265503
vit_base,2,233,0.03025801107287407,0.11269823461771011
vit_base,2,234,0.029980720952153206,0.11166544258594513
vit_base,2,235,0.02987642213702202,0.11127697676420212
vit_base,2,236,0.029489852488040924,0.10983716696500778
vit_base,2,237,0.029261894524097443,0.10898812115192413
vit_base,2,238,0.028934573754668236,0.10776899009943008
vit_base,2,239,0.028775064274668694,0.10717488825321198
vit_base,2,240,0.028650563210248947,0.10671117156744003
vit_base,2,241,0.028315648436546326,0.10546375811100006
vit_base,2,242,0.02812655083835125,0.10475944727659225
vit_base,2,243,0.028040751814842224,0.1044398844242096
vit_base,2,244,0.027769027277827263,0.10342782735824585
vit_base,2,245,0.02748124673962593,0.1023559644818306
vit_base,2,246,0.02735326997935772,0.1018793061375618
vit_base,2,247,0.02726374752819538,0.10154587030410767
vit_base,2,248,0.02708468772470951,0.10087895393371582
vit_base,2,249,0.026988470926880836,0.10052058845758438
vit_base,2,250,0.026805901899933815,0.09984059631824493
vit_base,2,251,0.026540404185652733,0.09885172545909882
vit_base,2,252,0.026336323469877243,0.09809160977602005
vit_base,2,253,0.026003452017903328,0.09685181081295013
vit_base,2,254,0.025832517072558403,0.0962151512503624
vit_base,2,255,0.02561361901462078,0.09539984911680222
vit_base,2,256,0.02542993240058422,0.09471569210290909
vit_base,2,257,0.02524997666478157,0.09404543042182922
vit_base,2,258,0.024954598397016525,0.09294527769088745
vit_base,2,259,0.024847254157066345,0.09254546463489532
vit_base,2,260,0.02466384507715702,0.09186234325170517
vit_base,2,261,0.024431753903627396,0.09099790453910828
vit_base,2,262,0.02431013248860836,0.09054490923881531
vit_base,2,263,0.024208029732108116,0.09016462415456772
vit_base,2,264,0.02403075620532036,0.08950435370206833
vit_base,2,265,0.02381347119808197,0.08869506418704987
vit_base,2,266,0.023567629978060722,0.08777940273284912
vit_base,2,267,0.023345908150076866,0.08695358783006668
vit_base,2,268,0.023187993094325066,0.08636541664600372
vit_base,2,269,0.023017313331365585,0.08572971075773239
vit_base,2,270,0.022521132603287697,0.08388164639472961
vit_base,2,271,0.022385813295841217,0.0833776444196701
vit_base,2,272,0.02213679812848568,0.08245016634464264
vit_base,2,273,0.022111840546131134,0.08235721290111542
vit_base,2,274,0.02201782539486885,0.0820070430636406
vit_base,2,275,0.021895570680499077,0.081551693379879
vit_base,2,276,0.021669834852218628,0.08071092516183853
vit_base,2,277,0.02149125188589096,0.08004578202962875
vit_base,2,278,0.021468406543135643,0.07996068894863129
vit_base,2,279,0.021258441731333733,0.07917866110801697
vit_base,2,280,0.02113603986799717,0.0787227675318718
vit_base,2,281,0.021018266677856445,0.0782841145992279
vit_base,2,282,0.020798102021217346,0.07746408879756927
vit_base,2,283,0.020722515881061554,0.07718256860971451
vit_base,2,284,0.020387018099427223,0.07593297958374023
vit_base,2,285,0.020345617085695267,0.0757787749171257
vit_base,2,286,0.0202464796602726,0.07540953159332275
vit_base,2,287,0.020007411018013954,0.07451910525560379
vit_base,2,288,0.019916396588087082,0.07418011128902435
vit_base,2,289,0.01963997632265091,0.07315056771039963
vit_base,2,290,0.019421977922320366,0.07233861088752747
vit_base,2,291,0.01937277615070343,0.07215535640716553
vit_base,2,292,0.019222715869545937,0.07159645110368729
vit_base,2,293,0.019122235476970673,0.0712222009897232
vit_base,2,294,0.018837515264749527,0.07016173750162125
vit_base,2,295,0.0187089703977108,0.06968296319246292
vit_base,2,296,0.018536802381277084,0.06904171407222748
vit_base,2,297,0.01845819316804409,0.06874892860651016
vit_base,2,298,0.018391134217381477,0.06849916279315948
vit_base,2,299,0.01826157607138157,0.06801661103963852
vit_base,2,300,0.01818033866584301,0.06771403551101685
vit_base,2,301,0.017985176295042038,0.06698714196681976
vit_base,2,302,0.01782613806426525,0.06639479100704193
vit_base,2,303,0.017518818378448486,0.06525015085935593
vit_base,2,304,0.017493678256869316,0.06515651941299438
vit_base,2,305,0.017440855503082275,0.06495977193117142
vit_base,2,306,0.017254874110221863,0.06426707655191422
vit_base,2,307,0.017056241631507874,0.06352724879980087
vit_base,2,308,0.016824668273329735,0.06266473978757858
vit_base,2,309,0.01676316373050213,0.062435660511255264
vit_base,2,310,0.0166198518127203,0.06190188601613045
vit_base,2,311,0.01651320978999138,0.06150468811392784
vit_base,2,312,0.016382604837417603,0.061018239706754684
vit_base,2,313,0.01630321703851223,0.060722555965185165
vit_base,2,314,0.016231870278716087,0.06045681983232498
vit_base,2,315,0.016109025105834007,0.05999927222728729
vit_base,2,316,0.016081830486655235,0.05989798530936241
vit_base,2,317,0.015812942758202553,0.058896493166685104
vit_base,2,318,0.015766868367791176,0.05872488394379616
vit_base,2,319,0.015704797580838203,0.05849369615316391
vit_base,2,320,0.015573261305689812,0.058003779500722885
vit_base,2,321,0.015429460443556309,0.05746818333864212
vit_base,2,322,0.015200642868876457,0.056615933775901794
vit_base,2,323,0.015151869505643845,0.0564342737197876
vit_base,2,324,0.014999020844697952,0.055864978581666946
vit_base,2,325,0.014810603111982346,0.055163200944662094
vit_base,2,326,0.014798593707382679,0.05511847138404846
vit_base,2,327,0.014591848477721214,0.05434843525290489
vit_base,2,328,0.01453697681427002,0.05414406210184097
vit_base,2,329,0.014433643780648708,0.05375919118523598
vit_base,2,330,0.014287684112787247,0.05321555212140083
vit_base,2,331,0.01423050370067358,0.053002577275037766
vit_base,2,332,0.014140041545033455,0.052665647119283676
vit_base,2,333,0.013934468850493431,0.051899973303079605
vit_base,2,334,0.013830434530973434,0.05151249095797539
vit_base,2,335,0.013692635111510754,0.050999246537685394
vit_base,2,336,0.013537119142711163,0.050420016050338745
vit_base,2,337,0.013416999951004982,0.04997262358665466
vit_base,2,338,0.013381414115428925,0.04984008148312569
vit_base,2,339,0.01335132122039795,0.04972799867391586
vit_base,2,340,0.0131699712947011,0.04905254766345024
vit_base,2,341,0.01304823812097311,0.04859914258122444
vit_base,2,342,0.01290748082101345,0.048074882477521896
vit_base,2,343,0.012871164828538895,0.04793962091207504
vit_base,2,344,0.012834683991968632,0.04780374467372894
vit_base,2,345,0.012737363576889038,0.047441266477108
vit_base,2,346,0.012676788493990898,0.04721565172076225
vit_base,2,347,0.012513517402112484,0.04660753533244133
vit_base,2,348,0.01246664673089981,0.04643296077847481
vit_base,2,349,0.012303945608437061,0.04582696780562401
vit_base,2,350,0.012197209522128105,0.045429423451423645
vit_base,2,351,0.012129388749599457,0.04517681896686554
vit_base,2,352,0.012080543674528599,0.044994890689849854
vit_base,2,353,0.011981082148849964,0.044624440371990204
vit_base,2,354,0.011900540441274643,0.04432445764541626
vit_base,2,355,0.01182739157229662,0.04405200853943825
vit_base,2,356,0.011730389669537544,0.04369071498513222
vit_base,2,357,0.011614035815000534,0.043257348239421844
vit_base,2,358,0.011605785228312016,0.04322661831974983
vit_base,2,359,0.0115324342623353,0.04295341670513153
vit_base,2,360,0.01144243311136961,0.042618200182914734
vit_base,2,361,0.011393418535590172,0.04243564233183861
vit_base,2,362,0.011225085705518723,0.04180867224931717
vit_base,2,363,0.011141818016767502,0.041498538106679916
vit_base,2,364,0.010930056683719158,0.04070981591939926
vit_base,2,365,0.01087614893913269,0.04050903394818306
vit_base,2,366,0.010815214365720749,0.040282078087329865
vit_base,2,367,0.010706770233809948,0.03987817093729973
vit_base,2,368,0.010657595470547676,0.03969501331448555
vit_base,2,369,0.010524931363761425,0.03920089825987816
vit_base,2,370,0.010420448146760464,0.03881173953413963
vit_base,2,371,0.010339649394154549,0.038510799407958984
vit_base,2,372,0.010293059051036835,0.03833727166056633
vit_base,2,373,0.010230878368020058,0.03810567408800125
vit_base,2,374,0.010162870399653912,0.03785237297415733
vit_base,2,375,0.010110601782798767,0.03765769675374031
vit_base,2,376,0.009956056252121925,0.03708207979798317
vit_base,2,377,0.009791512973606586,0.0364692248404026
vit_base,2,378,0.009727563709020615,0.036231040954589844
vit_base,2,379,0.00968835037201643,0.036084987223148346
vit_base,2,380,0.009673633612692356,0.03603017330169678
vit_base,2,381,0.009547121822834015,0.035558972507715225
vit_base,2,382,0.009503357112407684,0.03539596498012543
vit_base,2,383,0.009367506951093674,0.034889981150627136
vit_base,2,384,0.009294082410633564,0.03461650758981705
vit_base,2,385,0.009234819561243057,0.03439577668905258
vit_base,2,386,0.009196759201586246,0.03425401821732521
vit_base,2,387,0.00907394289970398,0.033796582370996475
vit_base,2,388,0.008969796821475029,0.03340868279337883
vit_base,2,389,0.008929707109928131,0.03325936570763588
vit_base,2,390,0.00881426315754652,0.03282938525080681
vit_base,2,391,0.008743871003389359,0.03256720304489136
vit_base,2,392,0.00866986159235239,0.03229155018925667
vit_base,2,393,0.008631693199276924,0.03214938938617706
vit_base,2,394,0.008552887476980686,0.03185587003827095
vit_base,2,395,0.008471925742924213,0.03155432268977165
vit_base,2,396,0.008463728241622448,0.03152379021048546
vit_base,2,397,0.008414668031036854,0.0313410609960556
vit_base,2,398,0.0083969971165061,0.031275246292352676
vit_base,2,399,0.008290737867355347,0.03087947517633438
vit_base,2,400,0.008234908804297447,0.030671535059809685
vit_base,2,401,0.008182503283023834,0.030476346611976624
vit_base,2,402,0.008094603195786476,0.030148956924676895
vit_base,2,403,0.008058267645537853,0.03001362271606922
vit_base,2,404,0.007924511097371578,0.02951543591916561
vit_base,2,405,0.00783194787800312,0.029170677065849304
vit_base,2,406,0.007792625110596418,0.029024217277765274
vit_base,2,407,0.007749768905341625,0.028864596039056778
vit_base,2,408,0.007677898742258549,0.02859690971672535
vit_base,2,409,0.007625381462275982,0.02840130589902401
vit_base,2,410,0.007524800952523947,0.028026685118675232
vit_base,2,411,0.007455282844603062,0.027767760679125786
vit_base,2,412,0.007416148670017719,0.027622003108263016
vit_base,2,413,0.007346934173256159,0.027364207431674004
vit_base,2,414,0.007264974061399698,0.02705894038081169
vit_base,2,415,0.007227943278849125,0.026921017095446587
vit_base,2,416,0.00719045102596283,0.026781374588608742
vit_base,2,417,0.007139598485082388,0.026591969653964043
vit_base,2,418,0.0070379446260631084,0.026213353499770164
vit_base,2,419,0.0069603160955011845,0.02592421881854534
vit_base,2,420,0.006899279076606035,0.025696882978081703
vit_base,2,421,0.006827088538557291,0.025428002700209618
vit_base,2,422,0.006822323892265558,0.025410257279872894
vit_base,2,423,0.0067308745346963406,0.025069646537303925
vit_base,2,424,0.006691907532513142,0.024924511089920998
vit_base,2,425,0.006644001230597496,0.024746080860495567
vit_base,2,426,0.006589931435883045,0.024544693529605865
vit_base,2,427,0.006513533182442188,0.0242601428180933
vit_base,2,428,0.006425472442060709,0.02393215522170067
vit_base,2,429,0.006409723311662674,0.023873494938015938
vit_base,2,430,0.006369296927005053,0.023722924292087555
vit_base,2,431,0.006347814109176397,0.02364291064441204
vit_base,2,432,0.006249796599149704,0.02327783592045307
vit_base,2,433,0.006206453312188387,0.023116400465369225
vit_base,2,434,0.0061482698656618595,0.022899692878127098
vit_base,2,435,0.006103967782109976,0.022734686732292175
vit_base,2,436,0.006060569081455469,0.022573044523596764
vit_base,2,437,0.006030688993632793,0.022461753338575363
vit_base,2,438,0.0059368968941271305,0.022112417966127396
vit_base,2,439,0.005885669495910406,0.021921617910265923
vit_base,2,440,0.005861956626176834,0.021833296865224838
vit_base,2,441,0.0058237407356500626,0.021690959110856056
vit_base,2,442,0.00573140662163496,0.021347053349018097
vit_base,2,443,0.00567806139588356,0.02114836499094963
vit_base,2,444,0.005651420447975397,0.02104914002120495
vit_base,2,445,0.005617497488856316,0.020922791212797165
vit_base,2,446,0.0055648828856647015,0.020726824179291725
vit_base,2,447,0.005563689395785332,0.02072237804532051
vit_base,2,448,0.005517303477972746,0.020549610257148743
vit_base,2,449,0.005486989859491587,0.020436706021428108
vit_base,2,450,0.005439744796603918,0.02026073820888996
vit_base,2,451,0.005363324657082558,0.01997610554099083
vit_base,2,452,0.005348287522792816,0.019920097663998604
vit_base,2,453,0.005296049639582634,0.019725535064935684
vit_base,2,454,0.00523426802828908,0.019495423883199692
vit_base,2,455,0.005119824782013893,0.01906917244195938
vit_base,2,456,0.005116813816130161,0.01905795745551586
vit_base,2,457,0.005075354594737291,0.018903538584709167
vit_base,2,458,0.005036496557295322,0.018758809193968773
vit_base,2,459,0.0049886698834598064,0.01858067512512207
vit_base,2,460,0.0049558668397367,0.018458498641848564
vit_base,2,461,0.004899356514215469,0.018248021602630615
vit_base,2,462,0.0048524378798902035,0.018073268234729767
vit_base,2,463,0.004831585567444563,0.017995603382587433
vit_base,2,464,0.004728453233838081,0.01761147938668728
vit_base,2,465,0.004707100335508585,0.017531948164105415
vit_base,2,466,0.00467153824865818,0.017399495467543602
vit_base,2,467,0.004617316648364067,0.017197541892528534
vit_base,2,468,0.0045891753397881985,0.01709272712469101
vit_base,2,469,0.004538946785032749,0.0169056486338377
vit_base,2,470,0.0044722845777869225,0.016657359898090363
vit_base,2,471,0.004460273310542107,0.016612622886896133
vit_base,2,472,0.0044518718495965,0.016581330448389053
vit_base,2,473,0.004354550037533045,0.016218848526477814
vit_base,2,474,0.004349908791482449,0.0162015613168478
vit_base,2,475,0.004318547435104847,0.016084754839539528
vit_base,2,476,0.004280526656657457,0.015943143516778946
vit_base,2,477,0.00422394135966897,0.015732387080788612
vit_base,2,478,0.004191677086055279,0.015612215735018253
vit_base,2,479,0.00416366895660758,0.015507897362112999
vit_base,2,480,0.004128498490899801,0.015376902185380459
vit_base,2,481,0.004115553107112646,0.015328686684370041
vit_base,2,482,0.0041113318875432014,0.015312964096665382
vit_base,2,483,0.0040579019114375114,0.015113960020244122
vit_base,2,484,0.004001835361123085,0.014905136078596115
vit_base,2,485,0.003972561098635197,0.014796101488173008
vit_base,2,486,0.003935319371521473,0.014657392166554928
vit_base,2,487,0.00390892568975687,0.014559087343513966
vit_base,2,488,0.0038759447634220123,0.014436246827244759
vit_base,2,489,0.003840947523713112,0.014305897057056427
vit_base,2,490,0.0038180069532245398,0.014220453798770905
vit_base,2,491,0.0037704515270888805,0.014043329283595085
vit_base,2,492,0.0037122955545783043,0.013826723210513592
vit_base,2,493,0.003697957843542099,0.01377332117408514
vit_base,2,494,0.003656563116237521,0.013619143515825272
vit_base,2,495,0.0036172408144921064,0.013472684659063816
vit_base,2,496,0.0035878801718354225,0.013363328762352467
vit_base,2,497,0.003562013618648052,0.013266987167298794
vit_base,2,498,0.0035229739733040333,0.013121580705046654
vit_base,2,499,0.0034924554638564587,0.013007912784814835
vit_base,2,500,0.0034901739563792944,0.012999414466321468
vit_base,2,501,0.0034367991611361504,0.012800616212189198
vit_base,2,502,0.0034358485136181116,0.01279707532376051
vit_base,2,503,0.003395486855879426,0.012646745890378952
vit_base,2,504,0.0033555706031620502,0.01249807421118021
vit_base,2,505,0.003327204380184412,0.012392422184348106
vit_base,2,506,0.0032693592365831137,0.01217697374522686
vit_base,2,507,0.0032332241535186768,0.012042385526001453
vit_base,2,508,0.003167160088196397,0.011796325445175171
vit_base,2,509,0.0031323127914220095,0.011666534468531609
vit_base,2,510,0.0031244319397956133,0.011637181043624878
vit_base,2,511,0.003104492789134383,0.011562916450202465
vit_base,2,512,0.0030665553640574217,0.01142161525785923
vit_base,2,513,0.003032076172530651,0.011293195188045502
vit_base,2,514,0.0030251690186560154,0.011267469264566898
vit_base,2,515,0.0030192723497748375,0.011245506815612316
vit_base,2,516,0.0029887473210692406,0.011131813749670982
vit_base,2,517,0.0029567137826234102,0.011012502014636993
vit_base,2,518,0.0029275240376591682,0.010903783142566681
vit_base,2,519,0.002895925659686327,0.010786092840135098
vit_base,2,520,0.002865319373086095,0.010672097094357014
vit_base,2,521,0.002864289563149214,0.010668260976672173
vit_base,2,522,0.002822244307026267,0.010511660948395729
vit_base,2,523,0.002805098658427596,0.010447800159454346
vit_base,2,524,0.002756137400865555,0.010265440680086613
vit_base,2,525,0.002752354135736823,0.01025134976953268
vit_base,2,526,0.0027123799081891775,0.010102462954819202
vit_base,2,527,0.0026958065573126078,0.010040733963251114
vit_base,2,528,0.0026903394609689713,0.010020371526479721
vit_base,2,529,0.002664287341758609,0.009923337958753109
vit_base,2,530,0.002609965391457081,0.009721011854708195
vit_base,2,531,0.0025819698348641396,0.009616740047931671
vit_base,2,532,0.002561307279393077,0.009539781138300896
vit_base,2,533,0.0025217365473508835,0.009392396546900272
vit_base,2,534,0.0024842536076903343,0.009252789430320263
vit_base,2,535,0.0024824216961860657,0.009245965629816055
vit_base,2,536,0.0024424809962511063,0.009097203612327576
vit_base,2,537,0.002438633469864726,0.009082873351871967
vit_base,2,538,0.0024202268105000257,0.009014316834509373
vit_base,2,539,0.002388304565101862,0.008895419538021088
vit_base,2,540,0.0023631916847079992,0.008801884949207306
vit_base,2,541,0.002347138011828065,0.008742091245949268
vit_base,2,542,0.0023443158715963364,0.008731580339372158
vit_base,2,543,0.002314048120751977,0.008618845604360104
vit_base,2,544,0.0022595252376049757,0.008415771648287773
vit_base,2,545,0.0022388745564967394,0.008338856510818005
vit_base,2,546,0.0022294584196060896,0.008303784765303135
vit_base,2,547,0.002208053134381771,0.008224059827625751
vit_base,2,548,0.002194763161242008,0.008174560032784939
vit_base,2,549,0.0021603689529001713,0.00804645661264658
vit_base,2,550,0.002127378946170211,0.007923582568764687
vit_base,2,551,0.0021204992663115263,0.007897959090769291
vit_base,2,552,0.0021088572684675455,0.007854596711695194
vit_base,2,553,0.0020931828767061234,0.007796216756105423
vit_base,2,554,0.002056397730484605,0.007659207563847303
vit_base,2,555,0.0020266983192414045,0.007548590190708637
vit_base,2,556,0.0020253027323633432,0.007543392013758421
vit_base,2,557,0.0020078804809600115,0.0074785016477108
vit_base,2,558,0.001988620962947607,0.007406767923384905
vit_base,2,559,0.001965211471542716,0.007319577503949404
vit_base,2,560,0.001948503078892827,0.00725734606385231
vit_base,2,561,0.0019185328856110573,0.007145719602704048
vit_base,2,562,0.0019018466118723154,0.007083570584654808
vit_base,2,563,0.001893947017379105,0.0070541477762162685
vit_base,2,564,0.001863294281065464,0.006939979270100594
vit_base,2,565,0.0018566569779068232,0.00691525824368
vit_base,2,566,0.0018357429653406143,0.006837362423539162
vit_base,2,567,0.0018024018500000238,0.006713180802762508
vit_base,2,568,0.0017848871648311615,0.006647946313023567
vit_base,2,569,0.0017811139114201069,0.00663389265537262
vit_base,2,570,0.0017590716015547514,0.006551794242113829
vit_base,2,571,0.0017307496163994074,0.0064463065937161446
vit_base,2,572,0.001710859127342701,0.006372223142534494
vit_base,2,573,0.001686773612163961,0.00628251489251852
vit_base,2,574,0.0016692760400474072,0.006217343732714653
vit_base,2,575,0.0016619915841147304,0.006190212443470955
vit_base,2,576,0.0016383471665903926,0.0061021470464766026
vit_base,2,577,0.0016169059090316296,0.006022287532687187
vit_base,2,578,0.0016132640885189176,0.0060087232850492
vit_base,2,579,0.0015931614907458425,0.005933849606662989
vit_base,2,580,0.0015739758964627981,0.0058623915538191795
vit_base,2,581,0.0015507683856412768,0.0057759531773626804
vit_base,2,582,0.0015327850123867393,0.0057089729234576225
vit_base,2,583,0.0015271238517016172,0.005687887314707041
vit_base,2,584,0.0015044966712594032,0.005603610537946224
vit_base,2,585,0.001486071734689176,0.005534985568374395
vit_base,2,586,0.0014572840882465243,0.005427763797342777
vit_base,2,587,0.0014383827801793814,0.005357364658266306
vit_base,2,588,0.0014329300029203296,0.005337055306881666
vit_base,2,589,0.0014272206462919712,0.005315790418535471
vit_base,2,590,0.0013962705852463841,0.005200514569878578
vit_base,2,591,0.0013829570962116122,0.005150927696377039
vit_base,2,592,0.0013690737541764975,0.005099217873066664
vit_base,2,593,0.001360590453259647,0.005067621357738972
vit_base,2,594,0.0013394922716543078,0.004989039618521929
vit_base,2,595,0.001314559718593955,0.004896176513284445
vit_base,2,596,0.0013124168617650867,0.00488819507881999
vit_base,2,597,0.0012843030272051692,0.004783483222126961
vit_base,2,598,0.0012837803224101663,0.004781536292284727
vit_base,2,599,0.0012831480707973242,0.004779181443154812
vit_base,2,600,0.0012491528177633882,0.0046525634825229645
vit_base,2,601,0.0012422442669048905,0.004626831971108913
vit_base,2,602,0.0012247174745425582,0.004561552312225103
vit_base,2,603,0.0012210964923724532,0.004548065364360809
vit_base,2,604,0.0011646045604720712,0.004337657243013382
vit_base,2,605,0.0011642229510471225,0.004336235579103231
vit_base,2,606,0.001156397396698594,0.004307088907808065
vit_base,2,607,0.0011546501191332936,0.0043005808256566525
vit_base,2,608,0.0011278311721980572,0.004200691822916269
vit_base,2,609,0.0011043979320675135,0.00411341292783618
vit_base,2,610,0.0011007077991962433,0.004099668934941292
vit_base,2,611,0.0011003720574080944,0.004098418168723583
vit_base,2,612,0.0010878108441829681,0.004051633179187775
vit_base,2,613,0.0010616622166708112,0.003954240586608648
vit_base,2,614,0.0010325787588953972,0.00384591706097126
vit_base,2,615,0.0010181370889768004,0.003792128060013056
vit_base,2,616,0.0010149702429771423,0.0037803328596055508
vit_base,2,617,0.001004033605568111,0.0037395984400063753
vit_base,2,618,0.0009801354026421905,0.0036505877505987883
vit_base,2,619,0.0009787160670384765,0.003645301330834627
vit_base,2,620,0.0009593502036295831,0.0035731717944145203
vit_base,2,621,0.0009562385967001319,0.0035615824162960052
vit_base,2,622,0.0009360713884234428,0.0034864682238548994
vit_base,2,623,0.0009242844535037875,0.003442566841840744
vit_base,2,624,0.0009053763351403177,0.0033721420913934708
vit_base,2,625,0.0009037801064550877,0.003366196760907769
vit_base,2,626,0.0009013184462673962,0.0033570281229913235
vit_base,2,627,0.0009012093069031835,0.003356621600687504
vit_base,2,628,0.0008769766427576542,0.0032663652673363686
vit_base,2,629,0.0008594325045123696,0.0032010208815336227
vit_base,2,630,0.0008367426926270127,0.0031165110412985086
vit_base,2,631,0.0008350928546860814,0.003110365942120552
vit_base,2,632,0.0008302200003527105,0.003092216793447733
vit_base,2,633,0.0008054141071625054,0.002999825170263648
vit_base,2,634,0.0008050752221606672,0.0029985629953444004
vit_base,2,635,0.0007701014401391149,0.002868300536647439
vit_base,2,636,0.0007644966244697571,0.002847424941137433
vit_base,2,637,0.0007603151607327163,0.0028318508993834257
vit_base,2,638,0.0007591102039441466,0.0028273628558963537
vit_base,2,639,0.0007445623050443828,0.0027731782756745815
vit_base,2,640,0.00071859045419842,0.0026764441281557083
vit_base,2,641,0.0007175178034231067,0.0026724489871412516
vit_base,2,642,0.0007159138913266361,0.0026664750184863806
vit_base,2,643,0.0007086722180247307,0.002639502752572298
vit_base,2,644,0.000690207933075726,0.002570731332525611
vit_base,2,645,0.0006687631830573082,0.0024908585473895073
vit_base,2,646,0.0006564568029716611,0.002445022575557232
vit_base,2,647,0.0006418031407520175,0.0023904440458863974
vit_base,2,648,0.0006415457464754581,0.0023894852492958307
vit_base,2,649,0.0006334478384815156,0.002359323902055621
vit_base,2,650,0.000632012146525085,0.0023539767134934664
vit_base,2,651,0.0006149020628072321,0.0022902488708496094
vit_base,2,652,0.0006122586783021688,0.002280403394252062
vit_base,2,653,0.0006020633736625314,0.0022424301132559776
vit_base,2,654,0.0005909905303269625,0.002201188588514924
vit_base,2,655,0.0005789147689938545,0.002156211528927088
vit_base,2,656,0.0005730164120905101,0.0021342425607144833
vit_base,2,657,0.0005722777568735182,0.002131491433829069
vit_base,2,658,0.0005628780927509069,0.0020964816212654114
vit_base,2,659,0.000555763894226402,0.0020699843298643827
vit_base,2,660,0.00053688685875386,0.0019996752962470055
vit_base,2,661,0.0005327305989339948,0.0019841950852423906
vit_base,2,662,0.0005150896613486111,0.001918490044772625
vit_base,2,663,0.0005050196778029203,0.0018809837056323886
vit_base,2,664,0.00048836536007002,0.001818953431211412
vit_base,2,665,0.00047882623039186,0.0017834241734817624
vit_base,2,666,0.0004774999979417771,0.0017784845549613237
vit_base,2,667,0.0004748442443087697,0.0017685929778963327
vit_base,2,668,0.00046574234147556126,0.0017346922541037202
vit_base,2,669,0.00045167957432568073,0.001682314439676702
vit_base,2,670,0.0004454785957932472,0.001659218454733491
vit_base,2,671,0.00043928661034442484,0.001636155997402966
vit_base,2,672,0.00043669191654771566,0.001626491779461503
vit_base,2,673,0.0004251670034136623,0.0015835664235055447
vit_base,2,674,0.00041480030631646514,0.0015449548372998834
vit_base,2,675,0.0004073084855917841,0.0015170510159805417
vit_base,2,676,0.000383909820811823,0.0014299009926617146
vit_base,2,677,0.000382057303795591,0.0014230010565370321
vit_base,2,678,0.0003801695420406759,0.0014159700367599726
vit_base,2,679,0.00036996352719143033,0.0013779569417238235
vit_base,2,680,0.000359332567313686,0.0013383610639721155
vit_base,2,681,0.00035763438791036606,0.0013320361031219363
vit_base,2,682,0.00034899008460342884,0.001299839816056192
vit_base,2,683,0.00034598898491822183,0.0012886619661003351
vit_base,2,684,0.0003433421952649951,0.0012788038002327085
vit_base,2,685,0.0003432532830629498,0.0012784725986421108
vit_base,2,686,0.0003358272078912705,0.0012508135987445712
vit_base,2,687,0.00033110607182607055,0.0012332294136285782
vit_base,2,688,0.0003215520700905472,0.0011976448586210608
vit_base,2,689,0.00029956898652017117,0.0011157671688124537
vit_base,2,690,0.0002906589361373335,0.001082581002265215
vit_base,2,691,0.0002835435443557799,0.001056079170666635
vit_base,2,692,0.00027934039826504886,0.001040424220263958
vit_base,2,693,0.0002783695817925036,0.0010368083603680134
vit_base,2,694,0.00027081326697953045,0.0010086643742397428
vit_base,2,695,0.000258406886132434,0.0009624558151699603
vit_base,2,696,0.0002554621605668217,0.0009514879784546793
vit_base,2,697,0.0002472641644999385,0.0009209539275616407
vit_base,2,698,0.00024498222046531737,0.0009124546777456999
vit_base,2,699,0.00024045148165896535,0.0008955795783549547
vit_base,2,700,0.00023458806390408427,0.0008737408206798136
vit_base,2,701,0.000227823737077415,0.0008485466241836548
vit_base,2,702,0.00022559904027730227,0.000840260530821979
vit_base,2,703,0.00022069319675210863,0.0008219883893616498
vit_base,2,704,0.0002169460494769737,0.0008080318220891058
vit_base,2,705,0.00021490502695087343,0.000800429901573807
vit_base,2,706,0.0002123891463270411,0.0007910593412816525
vit_base,2,707,0.00021065059991087765,0.0007845839718356729
vit_base,2,708,0.0002015002683037892,0.0007505028625018895
vit_base,2,709,0.000195781554793939,0.0007292031077668071
vit_base,2,710,0.0001912924344651401,0.0007124830153770745
vit_base,2,711,0.00018507213098928332,0.0006893150275573134
vit_base,2,712,0.00018473603995516896,0.0006880632718093693
vit_base,2,713,0.0001787523360690102,0.0006657764897681773
vit_base,2,714,0.00017731373372953385,0.0006604182999581099
vit_base,2,715,0.000170283077750355,0.0006342321285046637
vit_base,2,716,0.00016723600856494159,0.0006228830898180604
vit_base,2,717,0.00015855702804401517,0.0005905575235374272
vit_base,2,718,0.00015096389688551426,0.0005622763419523835
vit_base,2,719,0.0001438287872588262,0.0005357011104933918
vit_base,2,720,0.00013981429219711572,0.0005207488429732621
vit_base,2,721,0.00013522208610083908,0.0005036448128521442
vit_base,2,722,0.00012950811651535332,0.00048236269503831863
vit_base,2,723,0.00012925476767122746,0.0004814190906472504
vit_base,2,724,0.00012764855637215078,0.00047543662367388606
vit_base,2,725,0.00012514772242866457,0.0004661220882553607
vit_base,2,726,0.00012029497884213924,0.0004480476782191545
vit_base,2,727,0.00011790567077696323,0.00043914851266890764
vit_base,2,728,0.00011288936366327107,0.00042046490125358105
vit_base,2,729,0.00010956374171655625,0.0004080783692188561
vit_base,2,730,0.00010533309978200123,0.00039232103154063225
vit_base,2,731,9.805966692510992e-05,0.0003652305749710649
vit_base,2,732,7.883074431447312e-05,0.0002936110249720514
vit_base,2,733,7.879440818214789e-05,0.00029347569216042757
vit_base,2,734,7.442461355822161e-05,0.00027720004436559975
vit_base,2,735,7.42139236535877e-05,0.00027641531778499484
vit_base,2,736,7.359870505752042e-05,0.0002741238859016448
vit_base,2,737,7.345691847149283e-05,0.0002735957968980074
vit_base,2,738,7.232395728351548e-05,0.0002693760034162551
vit_base,2,739,7.211745833046734e-05,0.000268606876488775
vit_base,2,740,7.189450116129592e-05,0.00026777645689435303
vit_base,2,741,6.0449328884715214e-05,0.00022514806187245995
vit_base,2,742,5.605697151622735e-05,0.00020878839131910354
vit_base,2,743,5.593388414126821e-05,0.00020832994778174907
vit_base,2,744,5.246341970632784e-05,0.0001954039471456781
vit_base,2,745,4.506768527789973e-05,0.0001678579719737172
vit_base,2,746,4.249438279657625e-05,0.0001582735130796209
vit_base,2,747,2.1337844373192638e-05,7.947440462885424e-05
vit_base,2,748,1.8801260011969134e-05,7.002670463407412e-05
vit_base,2,749,0.0,0.0
vit_base,2,750,0.0,0.0
vit_base,2,751,0.0,0.0
vit_base,2,752,0.0,0.0
vit_base,2,753,0.0,0.0
vit_base,2,754,0.0,0.0
vit_base,2,755,0.0,0.0
vit_base,2,756,0.0,0.0
vit_base,2,757,0.0,0.0
vit_base,2,758,0.0,0.0
vit_base,2,759,0.0,0.0
vit_base,2,760,0.0,0.0
vit_base,2,761,0.0,0.0
vit_base,2,762,0.0,0.0
vit_base,2,763,0.0,0.0
vit_base,2,764,0.0,0.0
vit_base,2,765,0.0,0.0
vit_base,2,766,0.0,0.0
vit_base,2,767,0.0,0.0
vit_base,8,0,0.8388003706932068,0.9999999403953552
vit_base,8,1,0.668160617351532,0.7965668439865112
vit_base,8,2,0.6323467493057251,0.7538703680038452
vit_base,8,3,0.6106621026992798,0.7280183434486389
vit_base,8,4,0.5894642472267151,0.7027467489242554
vit_base,8,5,0.5755494236946106,0.686157763004303
vit_base,8,6,0.5615268349647522,0.6694403290748596
vit_base,8,7,0.5547831654548645,0.6614006757736206
vit_base,8,8,0.535306453704834,0.6381809711456299
vit_base,8,9,0.5186607837677002,0.6183363795280457
vit_base,8,10,0.5136637091636658,0.6123789548873901
vit_base,8,11,0.503136932849884,0.5998291373252869
vit_base,8,12,0.4957387149333954,0.5910091400146484
vit_base,8,13,0.4946228265762329,0.5896788239479065
vit_base,8,14,0.49148276448249817,0.5859352946281433
vit_base,8,15,0.481059193611145,0.5735085606575012
vit_base,8,16,0.47752702236175537,0.5692975521087646
vit_base,8,17,0.47440531849861145,0.5655759572982788
vit_base,8,18,0.4659843444824219,0.5555366277694702
vit_base,8,19,0.4616660475730896,0.5503884553909302
vit_base,8,20,0.4582592248916626,0.5463268756866455
vit_base,8,21,0.45288413763046265,0.539918839931488
vit_base,8,22,0.4508397579193115,0.5374815464019775
vit_base,8,23,0.4502498209476471,0.5367782711982727
vit_base,8,24,0.4460464119911194,0.5317670702934265
vit_base,8,25,0.44202569127082825,0.5269736051559448
vit_base,8,26,0.43562376499176025,0.5193414092063904
vit_base,8,27,0.43408504128456116,0.5175069570541382
vit_base,8,28,0.43032321333885193,0.5130221843719482
vit_base,8,29,0.42603006958961487,0.5079039931297302
vit_base,8,30,0.42317649722099304,0.50450199842453
vit_base,8,31,0.4217669665813446,0.5028216242790222
vit_base,8,32,0.4211181700229645,0.502048134803772
vit_base,8,33,0.41867971420288086,0.49914103746414185
vit_base,8,34,0.4156301021575928,0.49550536274909973
vit_base,8,35,0.41029009222984314,0.4891391098499298
vit_base,8,36,0.40735259652137756,0.4856370985507965
vit_base,8,37,0.4033604562282562,0.48087775707244873
vit_base,8,38,0.4024657607078552,0.4798111319541931
vit_base,8,39,0.39980262517929077,0.4766361713409424
vit_base,8,40,0.39721184968948364,0.4735475182533264
vit_base,8,41,0.3952232301235199,0.47117671370506287
vit_base,8,42,0.392531156539917,0.46796730160713196
vit_base,8,43,0.3851160705089569,0.45912718772888184
vit_base,8,44,0.381592720746994,0.4549267292022705
vit_base,8,45,0.3808354437351227,0.45402392745018005
vit_base,8,46,0.3798294961452484,0.4528246521949768
vit_base,8,47,0.378499835729599,0.4512394666671753
vit_base,8,48,0.37410303950309753,0.4459976851940155
vit_base,8,49,0.3723585307598114,0.4439179301261902
vit_base,8,50,0.37131592631340027,0.4426749348640442
vit_base,8,51,0.3687956929206848,0.4396703839302063
vit_base,8,52,0.36659711599349976,0.4370492696762085
vit_base,8,53,0.36489519476890564,0.4350202977657318
vit_base,8,54,0.35914069414138794,0.4281598925590515
vit_base,8,55,0.35632842779159546,0.4248071610927582
vit_base,8,56,0.35538193583488464,0.42367878556251526
vit_base,8,57,0.3514011800289154,0.4189330041408539
vit_base,8,58,0.35014235973358154,0.4174322783946991
vit_base,8,59,0.3494141697883606,0.41656413674354553
vit_base,8,60,0.34706953167915344,0.4137689173221588
vit_base,8,61,0.3449464738368988,0.41123783588409424
vit_base,8,62,0.3440380394458771,0.4101548194885254
vit_base,8,63,0.34311696887016296,0.40905675292015076
vit_base,8,64,0.34231382608413696,0.4080992639064789
vit_base,8,65,0.3380156457424164,0.40297505259513855
vit_base,8,66,0.3367171585559845,0.4014270305633545
vit_base,8,67,0.3357033431529999,0.4002183973789215
vit_base,8,68,0.3335181772708893,0.3976132869720459
vit_base,8,69,0.33115553855895996,0.39479658007621765
vit_base,8,70,0.3304804563522339,0.39399176836013794
vit_base,8,71,0.3289056420326233,0.3921143114566803
vit_base,8,72,0.32627853751182556,0.3889823257923126
vit_base,8,73,0.3230534791946411,0.38513749837875366
vit_base,8,74,0.322059690952301,0.38395270705223083
vit_base,8,75,0.32025185227394104,0.3817974328994751
vit_base,8,76,0.3189220130443573,0.38021203875541687
vit_base,8,77,0.31599530577659607,0.37672287225723267
vit_base,8,78,0.3153638243675232,0.3759700357913971
vit_base,8,79,0.3123323619365692,0.37235599756240845
vit_base,8,80,0.3111153542995453,0.3709051012992859
vit_base,8,81,0.3098304867744446,0.3693733215332031
vit_base,8,82,0.30843329429626465,0.36770761013031006
vit_base,8,83,0.3068355321884155,0.3658027946949005
vit_base,8,84,0.3056667447090149,0.3644093871116638
vit_base,8,85,0.3026190996170044,0.36077606678009033
vit_base,8,86,0.3012923300266266,0.3591943085193634
vit_base,8,87,0.30050554871559143,0.3582563102245331
vit_base,8,88,0.2999325096607208,0.35757315158843994
vit_base,8,89,0.298499196767807,0.35586440563201904
vit_base,8,90,0.29737234115600586,0.3545209765434265
vit_base,8,91,0.29527154564857483,0.3520164489746094
vit_base,8,92,0.2939203679561615,0.35040560364723206
vit_base,8,93,0.2936108708381653,0.35003662109375
vit_base,8,94,0.29081809520721436,0.34670713543891907
vit_base,8,95,0.2898856997489929,0.3455955684185028
vit_base,8,96,0.28931400179862976,0.3449139893054962
vit_base,8,97,0.28740543127059937,0.34263864159584045
vit_base,8,98,0.28631457686424255,0.3413381576538086
vit_base,8,99,0.2850956618785858,0.33988499641418457
vit_base,8,100,0.28357765078544617,0.3380752503871918
vit_base,8,101,0.28155192732810974,0.3356602191925049
vit_base,8,102,0.27933400869369507,0.3330160677433014
vit_base,8,103,0.27909860014915466,0.33273541927337646
vit_base,8,104,0.2786619961261749,0.332214891910553
vit_base,8,105,0.277109831571579,0.3303644359111786
vit_base,8,106,0.2760789096355438,0.32913538813591003
vit_base,8,107,0.27377063035964966,0.3263835310935974
vit_base,8,108,0.27258700132369995,0.3249724209308624
vit_base,8,109,0.2707562744617462,0.32278987765312195
vit_base,8,110,0.270270973443985,0.32221129536628723
vit_base,8,111,0.2695901393890381,0.32139962911605835
vit_base,8,112,0.2686961889266968,0.320333868265152
vit_base,8,113,0.26746201515197754,0.31886252760887146
vit_base,8,114,0.26565709710121155,0.3167107403278351
vit_base,8,115,0.26459282636642456,0.31544193625450134
vit_base,8,116,0.2634914517402649,0.31412890553474426
vit_base,8,117,0.26310545206069946,0.31366872787475586
vit_base,8,118,0.2610888183116913,0.3112645447254181
vit_base,8,119,0.25989630818367004,0.3098428547382355
vit_base,8,120,0.25900915265083313,0.30878520011901855
vit_base,8,121,0.25746580958366394,0.306945264339447
vit_base,8,122,0.2572477161884308,0.30668526887893677
vit_base,8,123,0.25609704852104187,0.30531346797943115
vit_base,8,124,0.2543913722038269,0.3032799959182739
vit_base,8,125,0.252908855676651,0.30151256918907166
vit_base,8,126,0.25151342153549194,0.2998489439487457
vit_base,8,127,0.25053635239601135,0.29868412017822266
vit_base,8,128,0.24918802082538605,0.29707664251327515
vit_base,8,129,0.24826791882514954,0.29597973823547363
vit_base,8,130,0.24669167399406433,0.2941005527973175
vit_base,8,131,0.2459106147289276,0.29316940903663635
vit_base,8,132,0.24444469809532166,0.2914217710494995
vit_base,8,133,0.24408285319805145,0.2909903824329376
vit_base,8,134,0.2433813065290451,0.29015401005744934
vit_base,8,135,0.24213974177837372,0.28867384791374207
vit_base,8,136,0.24152664840221405,0.28794294595718384
vit_base,8,137,0.24003539979457855,0.2861650884151459
vit_base,8,138,0.23959895968437195,0.2856447696685791
vit_base,8,139,0.2383880913257599,0.2842012047767639
vit_base,8,140,0.2364737093448639,0.2819189131259918
vit_base,8,141,0.23553940653800964,0.2808050811290741
vit_base,8,142,0.23500296473503113,0.28016552329063416
vit_base,8,143,0.23326832056045532,0.278097540140152
vit_base,8,144,0.23316682875156403,0.27797654271125793
vit_base,8,145,0.23176097869873047,0.2763005197048187
vit_base,8,146,0.23015940189361572,0.27439114451408386
vit_base,8,147,0.22939124703407288,0.27347537875175476
vit_base,8,148,0.22816935181617737,0.2720186412334442
vit_base,8,149,0.22746379673480988,0.2711775004863739
vit_base,8,150,0.2265336811542511,0.2700686454772949
vit_base,8,151,0.22590117156505585,0.26931455731391907
vit_base,8,152,0.22491152584552765,0.268134742975235
vit_base,8,153,0.22421617805957794,0.26730576157569885
vit_base,8,154,0.22365815937519073,0.2666405141353607
vit_base,8,155,0.22310090065002441,0.2659761607646942
vit_base,8,156,0.22173911333084106,0.2643526494503021
vit_base,8,157,0.2207266092300415,0.2631455659866333
vit_base,8,158,0.21995380520820618,0.2622242569923401
vit_base,8,159,0.2191735953092575,0.26129409670829773
vit_base,8,160,0.21822574734687805,0.2601640820503235
vit_base,8,161,0.21703894436359406,0.25874921679496765
vit_base,8,162,0.2154952734708786,0.2569088935852051
vit_base,8,163,0.2140267789363861,0.2551581859588623
vit_base,8,164,0.21361736953258514,0.25467008352279663
vit_base,8,165,0.2126946747303009,0.2535700798034668
vit_base,8,166,0.21221154928207397,0.2529940903186798
vit_base,8,167,0.2116565704345703,0.2523324489593506
vit_base,8,168,0.21045823395252228,0.25090381503105164
vit_base,8,169,0.2099676877260208,0.2503190040588379
vit_base,8,170,0.20923255383968353,0.24944259226322174
vit_base,8,171,0.20847590267658234,0.24854053556919098
vit_base,8,172,0.2079840749502182,0.24795418977737427
vit_base,8,173,0.20790503919124603,0.24785996973514557
vit_base,8,174,0.2057812362909317,0.24532800912857056
vit_base,8,175,0.20501355826854706,0.24441280961036682
vit_base,8,176,0.20405791699886322,0.2432735115289688
vit_base,8,177,0.2036566585302353,0.24279513955116272
vit_base,8,178,0.20133274793624878,0.2400246262550354
vit_base,8,179,0.201136976480484,0.23979122936725616
vit_base,8,180,0.20078693330287933,0.23937390744686127
vit_base,8,181,0.2001655101776123,0.23863306641578674
vit_base,8,182,0.19950786232948303,0.23784902691841125
vit_base,8,183,0.19855056703090668,0.23670776188373566
vit_base,8,184,0.19810248911380768,0.2361735701560974
vit_base,8,185,0.19740743935108185,0.23534494638442993
vit_base,8,186,0.19687989354133606,0.2347160279750824
vit_base,8,187,0.19567780196666718,0.2332829087972641
vit_base,8,188,0.1942371279001236,0.23156537115573883
vit_base,8,189,0.19358466565608978,0.2307875156402588
vit_base,8,190,0.19287869334220886,0.22994586825370789
vit_base,8,191,0.19214944541454315,0.22907647490501404
vit_base,8,192,0.19122803211212158,0.22797799110412598
vit_base,8,193,0.19091379642486572,0.22760336101055145
vit_base,8,194,0.18959225714206696,0.22602786123752594
vit_base,8,195,0.18876367807388306,0.22504004836082458
vit_base,8,196,0.1880667358636856,0.22420915961265564
vit_base,8,197,0.18781183660030365,0.2239052802324295
vit_base,8,198,0.1866447627544403,0.22251391410827637
vit_base,8,199,0.1863265037536621,0.22213450074195862
vit_base,8,200,0.1853438764810562,0.2209630310535431
vit_base,8,201,0.18453744053840637,0.22000160813331604
vit_base,8,202,0.18412050604820251,0.21950455009937286
vit_base,8,203,0.18377119302749634,0.2190881073474884
vit_base,8,204,0.18286526203155518,0.21800807118415833
vit_base,8,205,0.18232044577598572,0.2173585593700409
vit_base,8,206,0.18080368638038635,0.21555030345916748
vit_base,8,207,0.180402010679245,0.215071439743042
vit_base,8,208,0.17920659482479095,0.2136462926864624
vit_base,8,209,0.1784767359495163,0.21277616918087006
vit_base,8,210,0.17791350185871124,0.2121046930551529
vit_base,8,211,0.1774245649576187,0.21152178943157196
vit_base,8,212,0.17712019383907318,0.21115893125534058
vit_base,8,213,0.1761121302843094,0.20995713770389557
vit_base,8,214,0.17430192232131958,0.2077990472316742
vit_base,8,215,0.17411908507347107,0.2075810730457306
vit_base,8,216,0.17352283000946045,0.20687022805213928
vit_base,8,217,0.17309947311878204,0.20636551082134247
vit_base,8,218,0.1725025326013565,0.2056538462638855
vit_base,8,219,0.17179171741008759,0.20480643212795258
vit_base,8,220,0.17078350484371185,0.20360445976257324
vit_base,8,221,0.1702505499124527,0.20296908915042877
vit_base,8,222,0.16907115280628204,0.2015630304813385
vit_base,8,223,0.16861002147197723,0.20101328194141388
vit_base,8,224,0.16839127242565155,0.20075249671936035
vit_base,8,225,0.16806785762310028,0.20036692917346954
vit_base,8,226,0.16776230931282043,0.20000265538692474
vit_base,8,227,0.16676664352416992,0.19881564378738403
vit_base,8,228,0.1665126085281372,0.19851279258728027
vit_base,8,229,0.16558484733104706,0.19740673899650574
vit_base,8,230,0.16417977213859558,0.19573162496089935
vit_base,8,231,0.16374415159225464,0.19521228969097137
vit_base,8,232,0.16347065567970276,0.1948862373828888
vit_base,8,233,0.16273024678230286,0.19400353729724884
vit_base,8,234,0.16230465471744537,0.19349615275859833
vit_base,8,235,0.1612970530986786,0.1922949105501175
vit_base,8,236,0.16064077615737915,0.19151251018047333
vit_base,8,237,0.15997128188610077,0.19071435928344727
vit_base,8,238,0.15940991044044495,0.19004510343074799
vit_base,8,239,0.15905892848968506,0.18962666392326355
vit_base,8,240,0.15834274888038635,0.18877285718917847
vit_base,8,241,0.15786507725715637,0.1882033795118332
vit_base,8,242,0.15727649629116058,0.1875016987323761
vit_base,8,243,0.15689440071582794,0.18704617023468018
vit_base,8,244,0.15660327672958374,0.18669909238815308
vit_base,8,245,0.15542003512382507,0.1852884590625763
vit_base,8,246,0.15481112897396088,0.1845625340938568
vit_base,8,247,0.15403985977172852,0.18364304304122925
vit_base,8,248,0.15366634726524353,0.1831977516412735
vit_base,8,249,0.15275107324123383,0.18210658431053162
vit_base,8,250,0.15208721160888672,0.18131513893604279
vit_base,8,251,0.151933491230011,0.18113186955451965
vit_base,8,252,0.1507967710494995,0.17977669835090637
vit_base,8,253,0.15020546317100525,0.17907175421714783
vit_base,8,254,0.15011578798294067,0.17896485328674316
vit_base,8,255,0.1485300213098526,0.17707432806491852
vit_base,8,256,0.14814813435077667,0.1766190528869629
vit_base,8,257,0.1469581574201584,0.17520038783550262
vit_base,8,258,0.14670152962207794,0.17489443719387054
vit_base,8,259,0.14646221697330475,0.17460913956165314
vit_base,8,260,0.14563187956809998,0.17361922562122345
vit_base,8,261,0.1450105905532837,0.17287854850292206
vit_base,8,262,0.14446480572223663,0.1722278743982315
vit_base,8,263,0.1438489705324173,0.17149367928504944
vit_base,8,264,0.14331676065921783,0.1708591878414154
vit_base,8,265,0.14303196966648102,0.1705196648836136
vit_base,8,266,0.14292126893997192,0.17038770020008087
vit_base,8,267,0.1417398452758789,0.1689792275428772
vit_base,8,268,0.1411007046699524,0.1682172566652298
vit_base,8,269,0.140648752450943,0.16767844557762146
vit_base,8,270,0.1397908627986908,0.16665568947792053
vit_base,8,271,0.13937878608703613,0.16616442799568176
vit_base,8,272,0.13868120312690735,0.16533277928829193
vit_base,8,273,0.13783560693264008,0.16432467103004456
vit_base,8,274,0.13719642162322998,0.16356265544891357
vit_base,8,275,0.13681767880916595,0.1631111204624176
vit_base,8,276,0.13644853234291077,0.1626710444688797
vit_base,8,277,0.13525016605854034,0.16124236583709717
vit_base,8,278,0.13521641492843628,0.16120213270187378
vit_base,8,279,0.13458505272865295,0.16044943034648895
vit_base,8,280,0.13384413719177246,0.15956613421440125
vit_base,8,281,0.13311684131622314,0.15869906544685364
vit_base,8,282,0.132929265499115,0.15847544372081757
vit_base,8,283,0.1323668658733368,0.1578049659729004
vit_base,8,284,0.13187561929225922,0.1572193056344986
vit_base,8,285,0.13129647076129913,0.15652886033058167
vit_base,8,286,0.13094112277030945,0.15610522031784058
vit_base,8,287,0.1301639825105667,0.1551787257194519
vit_base,8,288,0.13012434542179108,0.1551314741373062
vit_base,8,289,0.12957213819026947,0.15447314083576202
vit_base,8,290,0.1291450560092926,0.15396398305892944
vit_base,8,291,0.12887969613075256,0.15364763140678406
vit_base,8,292,0.12840096652507782,0.1530769020318985
vit_base,8,293,0.1278274953365326,0.15239322185516357
vit_base,8,294,0.12686294317245483,0.15124329924583435
vit_base,8,295,0.12658938765525818,0.1509171724319458
vit_base,8,296,0.1258186250925064,0.14999829232692719
vit_base,8,297,0.12519048154354095,0.14924943447113037
vit_base,8,298,0.12438333034515381,0.14828716218471527
vit_base,8,299,0.12367605417966843,0.1474439650774002
vit_base,8,300,0.12297379225492477,0.14660674333572388
vit_base,8,301,0.1228848323225975,0.14650067687034607
vit_base,8,302,0.12224746495485306,0.1457408219575882
vit_base,8,303,0.12171872705221176,0.14511047303676605
vit_base,8,304,0.12111067771911621,0.14438557624816895
vit_base,8,305,0.1203160509467125,0.14343823492527008
vit_base,8,306,0.12000732868909836,0.14307019114494324
vit_base,8,307,0.1198643296957016,0.14289970695972443
vit_base,8,308,0.11909259855747223,0.1419796645641327
vit_base,8,309,0.1185387372970581,0.1413193643093109
vit_base,8,310,0.11833500862121582,0.1410764753818512
vit_base,8,311,0.11806265264749527,0.14075177907943726
vit_base,8,312,0.1175571084022522,0.1401490867137909
vit_base,8,313,0.11697157472372055,0.1394510269165039
vit_base,8,314,0.11633233726024628,0.13868893682956696
vit_base,8,315,0.11581174284219742,0.1380683034658432
vit_base,8,316,0.11532127857208252,0.13748358190059662
vit_base,8,317,0.1148337796330452,0.13690239191055298
vit_base,8,318,0.1144556775689125,0.1364516168832779
vit_base,8,319,0.11401031166315079,0.1359206736087799
vit_base,8,320,0.11378137022256851,0.1356477290391922
vit_base,8,321,0.11329896003007889,0.13507260382175446
vit_base,8,322,0.11307104676961899,0.13480089604854584
vit_base,8,323,0.11284652352333069,0.13453322649002075
vit_base,8,324,0.11188803613185883,0.13339053094387054
vit_base,8,325,0.11154035478830338,0.13297604024410248
vit_base,8,326,0.11072488874197006,0.13200385868549347
vit_base,8,327,0.11020117253065109,0.13137950003147125
vit_base,8,328,0.1097966656088829,0.13089725375175476
vit_base,8,329,0.10963006317615509,0.13069863617420197
vit_base,8,330,0.10908682644367218,0.13005098700523376
vit_base,8,331,0.10844138264656067,0.12928150594234467
vit_base,8,332,0.1081833615899086,0.12897390127182007
vit_base,8,333,0.10765872150659561,0.1283484399318695
vit_base,8,334,0.10743863880634308,0.12808606028556824
vit_base,8,335,0.10701163858175278,0.12757699191570282
vit_base,8,336,0.10638100653886795,0.12682516872882843
vit_base,8,337,0.10578341037034988,0.12611272931098938
vit_base,8,338,0.10548659414052963,0.12575887143611908
vit_base,8,339,0.10505320876836777,0.1252422034740448
vit_base,8,340,0.10437431186437607,0.12443283200263977
vit_base,8,341,0.10398391634225845,0.12396741658449173
vit_base,8,342,0.1029423326253891,0.12272565811872482
vit_base,8,343,0.10270261019468307,0.12243986874818802
vit_base,8,344,0.10198255628347397,0.12158143520355225
vit_base,8,345,0.10184431076049805,0.1214166209101677
vit_base,8,346,0.10118471831083298,0.12063027173280716
vit_base,8,347,0.10088581591844559,0.12027392536401749
vit_base,8,348,0.10048209130764008,0.11979261040687561
vit_base,8,349,0.10040369629859924,0.1196991503238678
vit_base,8,350,0.10015328973531723,0.11940062046051025
vit_base,8,351,0.09970443695783615,0.11886551231145859
vit_base,8,352,0.09911321848630905,0.1181606724858284
vit_base,8,353,0.09786418825387955,0.1166716068983078
vit_base,8,354,0.09752726554870605,0.11626993119716644
vit_base,8,355,0.09738998115062714,0.11610626429319382
vit_base,8,356,0.09670653194189072,0.11529146879911423
vit_base,8,357,0.0963248535990715,0.1148364394903183
vit_base,8,358,0.09571143239736557,0.11410513520240784
vit_base,8,359,0.09530231356620789,0.11361739039421082
vit_base,8,360,0.094831183552742,0.11305572092533112
vit_base,8,361,0.09473337233066559,0.11293911188840866
vit_base,8,362,0.09437016397714615,0.11250609904527664
vit_base,8,363,0.09371648728847504,0.1117268055677414
vit_base,8,364,0.09351271390914917,0.1114838644862175
vit_base,8,365,0.092801533639431,0.11063601076602936
vit_base,8,366,0.09236837923526764,0.11011961847543716
vit_base,8,367,0.09172187745571136,0.10934887081384659
vit_base,8,368,0.0916365385055542,0.1092471331357956
vit_base,8,369,0.09148770570755005,0.10906969755887985
vit_base,8,370,0.09086227416992188,0.1083240732550621
vit_base,8,371,0.09073350578546524,0.10817055404186249
vit_base,8,372,0.09008389711380005,0.10739610344171524
vit_base,8,373,0.08981775492429733,0.10707881301641464
vit_base,8,374,0.08934824168682098,0.10651907324790955
vit_base,8,375,0.0887882187962532,0.1058514267206192
vit_base,8,376,0.08834750205278397,0.10532601177692413
vit_base,8,377,0.08793649077415466,0.10483601689338684
vit_base,8,378,0.08762982487678528,0.10447040945291519
vit_base,8,379,0.08757754415273666,0.10440808534622192
vit_base,8,380,0.0871763527393341,0.1039297953248024
vit_base,8,381,0.08698969334363937,0.10370726138353348
vit_base,8,382,0.08644094318151474,0.10305305570363998
vit_base,8,383,0.0861981064081192,0.10276354849338531
vit_base,8,384,0.0856010764837265,0.10205177962779999
vit_base,8,385,0.08445879817008972,0.10068998485803604
vit_base,8,386,0.08394954353570938,0.10008285939693451
vit_base,8,387,0.08350598067045212,0.09955405443906784
vit_base,8,388,0.08344069868326187,0.09947622567415237
vit_base,8,389,0.08302395790815353,0.0989793986082077
vit_base,8,390,0.0824800431728363,0.09833095222711563
vit_base,8,391,0.08216384053230286,0.09795398265123367
vit_base,8,392,0.08151175081729889,0.09717657417058945
vit_base,8,393,0.08129069954156876,0.09691303968429565
vit_base,8,394,0.08073399215936661,0.09624934941530228
vit_base,8,395,0.08026523143053055,0.09569050371646881
vit_base,8,396,0.07983148843050003,0.09517340362071991
vit_base,8,397,0.07933847606182098,0.09458564221858978
vit_base,8,398,0.078839510679245,0.09399078786373138
vit_base,8,399,0.0786375105381012,0.09374997019767761
vit_base,8,400,0.07842426747083664,0.09349574148654938
vit_base,8,401,0.07795446366071701,0.09293565154075623
vit_base,8,402,0.07759110629558563,0.09250246733427048
vit_base,8,403,0.07736595720052719,0.0922340452671051
vit_base,8,404,0.0772780254483223,0.09212921559810638
vit_base,8,405,0.07686924189329147,0.0916418731212616
vit_base,8,406,0.07669427245855331,0.09143327921628952
vit_base,8,407,0.07564450055360794,0.09018176794052124
vit_base,8,408,0.07559384405612946,0.09012137353420258
vit_base,8,409,0.07504240423440933,0.08946395665407181
vit_base,8,410,0.07453853636980057,0.08886326104402542
vit_base,8,411,0.07447775453329086,0.08879079669713974
vit_base,8,412,0.07419774681329727,0.08845697343349457
vit_base,8,413,0.07383746653795242,0.0880274549126625
vit_base,8,414,0.07310592383146286,0.08715532720088959
vit_base,8,415,0.07288059592247009,0.0868866965174675
vit_base,8,416,0.07274838536977768,0.08672907948493958
vit_base,8,417,0.07235798239707947,0.08626364916563034
vit_base,8,418,0.07202606648206711,0.08586794137954712
vit_base,8,419,0.07168111950159073,0.08545670658349991
vit_base,8,420,0.07156448066234589,0.08531764894723892
vit_base,8,421,0.07098893821239471,0.08463150262832642
vit_base,8,422,0.07065645605325699,0.08423512428998947
vit_base,8,423,0.07041025161743164,0.08394160121679306
vit_base,8,424,0.06997094303369522,0.0834178701043129
vit_base,8,425,0.06965187191963196,0.08303748071193695
vit_base,8,426,0.06914279609918594,0.08243057131767273
vit_base,8,427,0.06877151876688004,0.08198793977499008
vit_base,8,428,0.06850114464759827,0.08166560530662537
vit_base,8,429,0.06820586323738098,0.08131358027458191
vit_base,8,430,0.06773661077022552,0.08075414597988129
vit_base,8,431,0.06770094484090805,0.08071162551641464
vit_base,8,432,0.06699533760547638,0.07987041771411896
vit_base,8,433,0.06690042465925217,0.07975726574659348
vit_base,8,434,0.06637328863143921,0.07912882417440414
vit_base,8,435,0.06619075685739517,0.07891121506690979
vit_base,8,436,0.06571082770824432,0.07833904772996902
vit_base,8,437,0.06513693928718567,0.0776548758149147
vit_base,8,438,0.06498987972736359,0.07747954875230789
vit_base,8,439,0.0645778477191925,0.0769883394241333
vit_base,8,440,0.06438197940587997,0.07675482332706451
vit_base,8,441,0.0641622543334961,0.07649287581443787
vit_base,8,442,0.0634855106472969,0.07568607479333878
vit_base,8,443,0.06331490725278854,0.07548268884420395
vit_base,8,444,0.06293877214193344,0.07503426820039749
vit_base,8,445,0.06260427087545395,0.07463548332452774
vit_base,8,446,0.06230803206562996,0.07428231090307236
vit_base,8,447,0.06206061691045761,0.07398734986782074
vit_base,8,448,0.06165323033928871,0.07350166887044907
vit_base,8,449,0.06137092784047127,0.07316511124372482
vit_base,8,450,0.06104607507586479,0.07277783006429672
vit_base,8,451,0.06070668250322342,0.07237321883440018
vit_base,8,452,0.059865135699510574,0.07136993855237961
vit_base,8,453,0.05978808179497719,0.07127808034420013
vit_base,8,454,0.059623874723911285,0.07108231633901596
vit_base,8,455,0.05916725844144821,0.07053794711828232
vit_base,8,456,0.05893435701727867,0.07026028633117676
vit_base,8,457,0.058693647384643555,0.06997331976890564
vit_base,8,458,0.058301519602537155,0.06950583308935165
vit_base,8,459,0.057987697422504425,0.06913170218467712
vit_base,8,460,0.05758008360862732,0.06864575296640396
vit_base,8,461,0.05725177004933357,0.06825434416532516
vit_base,8,462,0.05698920041322708,0.06794131547212601
vit_base,8,463,0.05690691992640495,0.06784322112798691
vit_base,8,464,0.0568833127617836,0.06781507283449173
vit_base,8,465,0.05634131655097008,0.06716892123222351
vit_base,8,466,0.05586099997162819,0.06659629940986633
vit_base,8,467,0.05573112517595291,0.06644146144390106
vit_base,8,468,0.05538534000515938,0.06602922081947327
vit_base,8,469,0.05510987341403961,0.06570082157850266
vit_base,8,470,0.05502006784081459,0.06559375673532486
vit_base,8,471,0.05465724319219589,0.06516120582818985
vit_base,8,472,0.05416672304272652,0.0645764172077179
vit_base,8,473,0.053942494094371796,0.06430909037590027
vit_base,8,474,0.05386475473642349,0.06421641260385513
vit_base,8,475,0.053405728191137314,0.06366917490959167
vit_base,8,476,0.05310174822807312,0.0633067712187767
vit_base,8,477,0.05280578136444092,0.06295392662286758
vit_base,8,478,0.0526140071451664,0.06272529810667038
vit_base,8,479,0.05228525027632713,0.0623333640396595
vit_base,8,480,0.0520988292992115,0.06211111694574356
vit_base,8,481,0.05187086760997772,0.06183934584259987
vit_base,8,482,0.051602669060230255,0.06151960417628288
vit_base,8,483,0.05126495286822319,0.061116985976696014
vit_base,8,484,0.05093991756439209,0.060729485005140305
vit_base,8,485,0.05037977173924446,0.06006169319152832
vit_base,8,486,0.05031963437795639,0.05998999625444412
vit_base,8,487,0.05021263286471367,0.05986243113875389
vit_base,8,488,0.05000888183712959,0.05961952358484268
vit_base,8,489,0.04957319051027298,0.05910010263323784
vit_base,8,490,0.04948040470480919,0.05898948758840561
vit_base,8,491,0.04923549294471741,0.05869750678539276
vit_base,8,492,0.04884641245007515,0.058233652263879776
vit_base,8,493,0.04792870581150055,0.05713958293199539
vit_base,8,494,0.04747232422232628,0.05659549683332443
vit_base,8,495,0.04737591743469238,0.05648056045174599
vit_base,8,496,0.04705430939793587,0.05609714612364769
vit_base,8,497,0.04680180922150612,0.055796120315790176
vit_base,8,498,0.04672349989414215,0.05570276081562042
vit_base,8,499,0.046235207468271255,0.05512063205242157
vit_base,8,500,0.04578603059053421,0.054585132747888565
vit_base,8,501,0.04573352262377739,0.05452253296971321
vit_base,8,502,0.045444685965776443,0.05417818948626518
vit_base,8,503,0.04529362544417381,0.05399809777736664
vit_base,8,504,0.044752661138772964,0.05335317179560661
vit_base,8,505,0.04466915503144264,0.05325361713767052
vit_base,8,506,0.044287655502557755,0.0527988001704216
vit_base,8,507,0.04421279579401016,0.05270955339074135
vit_base,8,508,0.04375643655657768,0.05216549336910248
vit_base,8,509,0.04358752816915512,0.05196412280201912
vit_base,8,510,0.043319087475538254,0.05164409428834915
vit_base,8,511,0.04322154074907303,0.051527801901102066
vit_base,8,512,0.042773351073265076,0.050993479788303375
vit_base,8,513,0.04241129010915756,0.05056183785200119
vit_base,8,514,0.04228819161653519,0.05041508376598358
vit_base,8,515,0.04193684831261635,0.04999621957540512
vit_base,8,516,0.04166346788406372,0.049670301377773285
vit_base,8,517,0.041609130799770355,0.04960552230477333
vit_base,8,518,0.04107627272605896,0.048970259726047516
vit_base,8,519,0.040784403681755066,0.04862229898571968
vit_base,8,520,0.040616724640131,0.048422396183013916
vit_base,8,521,0.040398914366960526,0.04816272482275963
vit_base,8,522,0.04006306082010269,0.04776233062148094
vit_base,8,523,0.039950963109731674,0.04762868955731392
vit_base,8,524,0.03938322514295578,0.046951841562986374
vit_base,8,525,0.03929740935564041,0.046849533915519714
vit_base,8,526,0.03892214596271515,0.04640215262770653
vit_base,8,527,0.03867470473051071,0.04610716179013252
vit_base,8,528,0.03845956549048424,0.04585067555308342
vit_base,8,529,0.03807968646287918,0.045397792011499405
vit_base,8,530,0.037896983325481415,0.045179978013038635
vit_base,8,531,0.03780894726514816,0.04507502168416977
vit_base,8,532,0.03755009546875954,0.04476642608642578
vit_base,8,533,0.03704318404197693,0.044162094593048096
vit_base,8,534,0.03691874444484711,0.04401374235749245
vit_base,8,535,0.03671739622950554,0.043773699551820755
vit_base,8,536,0.03657861799001694,0.043608251959085464
vit_base,8,537,0.036478228867053986,0.04348856955766678
vit_base,8,538,0.03618653863668442,0.043140821158885956
vit_base,8,539,0.03611293062567711,0.04305306822061539
vit_base,8,540,0.035838328301906586,0.04272569343447685
vit_base,8,541,0.03566627576947212,0.04252057522535324
vit_base,8,542,0.035059764981269836,0.04179750755429268
vit_base,8,543,0.03486548736691475,0.04156589135527611
vit_base,8,544,0.034732233732938766,0.0414070300757885
vit_base,8,545,0.034617189317941666,0.041269876062870026
vit_base,8,546,0.03449651971459389,0.04112601652741432
vit_base,8,547,0.0343426950275898,0.04094263166189194
vit_base,8,548,0.03407390043139458,0.040622178465127945
vit_base,8,549,0.033743664622306824,0.040228478610515594
vit_base,8,550,0.03341647982597351,0.03983841463923454
vit_base,8,551,0.033261075615882874,0.039653148502111435
vit_base,8,552,0.0330110602080822,0.0393550843000412
vit_base,8,553,0.032987672835588455,0.03932720050215721
vit_base,8,554,0.03268559277057648,0.0389670692384243
vit_base,8,555,0.03234195336699486,0.03855738788843155
vit_base,8,556,0.03212428092956543,0.03829788416624069
vit_base,8,557,0.03180678188800812,0.03791936859488487
vit_base,8,558,0.03172179311513901,0.037818048149347305
vit_base,8,559,0.03119122050702572,0.037185508757829666
vit_base,8,560,0.03109845332801342,0.03707491606473923
vit_base,8,561,0.030983584001660347,0.03693797066807747
vit_base,8,562,0.03088201768696308,0.03681688383221626
vit_base,8,563,0.030549488961696625,0.03642044961452484
vit_base,8,564,0.03012683056294918,0.03591656684875488
vit_base,8,565,0.02993195690214634,0.035684242844581604
vit_base,8,566,0.029693517833948135,0.03539998084306717
vit_base,8,567,0.029348503798246384,0.034988660365343094
vit_base,8,568,0.029220320284366608,0.03483584523200989
vit_base,8,569,0.029173215851187706,0.034779686480760574
vit_base,8,570,0.02888236939907074,0.034432947635650635
vit_base,8,571,0.028646662831306458,0.034151941537857056
vit_base,8,572,0.0283054132014513,0.03374511003494263
vit_base,8,573,0.028108343482017517,0.03351017087697983
vit_base,8,574,0.02798718772828579,0.033365730196237564
vit_base,8,575,0.027791213244199753,0.03313209488987923
vit_base,8,576,0.027670294046401978,0.032987937331199646
vit_base,8,577,0.02742007002234459,0.03268962353467941
vit_base,8,578,0.02726217359304428,0.03250138461589813
vit_base,8,579,0.02706780843436718,0.032269664108753204
vit_base,8,580,0.026828685775399208,0.031984589993953705
vit_base,8,581,0.026657355949282646,0.03178033232688904
vit_base,8,582,0.02646319381892681,0.03154885768890381
vit_base,8,583,0.0263011883944273,0.03135571628808975
vit_base,8,584,0.026138126850128174,0.031161319464445114
vit_base,8,585,0.025975285097956657,0.03096718154847622
vit_base,8,586,0.02572488598525524,0.03066866099834442
vit_base,8,587,0.025483915582299232,0.030381381511688232
vit_base,8,588,0.025389768183231354,0.030269142240285873
vit_base,8,589,0.025251448154449463,0.03010423853993416
vit_base,8,590,0.025009145960211754,0.029815372079610825
vit_base,8,591,0.024611160159111023,0.029340902343392372
vit_base,8,592,0.02445988543331623,0.029160555452108383
vit_base,8,593,0.024456951767206192,0.029157057404518127
vit_base,8,594,0.024091811850667,0.028721746057271957
vit_base,8,595,0.023905370384454727,0.028499474748969078
vit_base,8,596,0.02373083122074604,0.02829139120876789
vit_base,8,597,0.023588739335536957,0.02812199294567108
vit_base,8,598,0.023300914093852043,0.027778854593634605
vit_base,8,599,0.023190084844827652,0.027646725997328758
vit_base,8,600,0.0230262391269207,0.027451392263174057
vit_base,8,601,0.02291710488498211,0.027321284636855125
vit_base,8,602,0.022834060713648796,0.0272222813218832
vit_base,8,603,0.02253544330596924,0.026866275817155838
vit_base,8,604,0.022488387301564217,0.0268101766705513
vit_base,8,605,0.02239842154085636,0.026702921837568283
vit_base,8,606,0.02200828678905964,0.026237811893224716
vit_base,8,607,0.02182983234524727,0.026025062426924706
vit_base,8,608,0.021576805040240288,0.025723407045006752
vit_base,8,609,0.021406661719083786,0.02552056685090065
vit_base,8,610,0.02120980992913246,0.025285884737968445
vit_base,8,611,0.021132787689566612,0.025194060057401657
vit_base,8,612,0.02100936509668827,0.02504691854119301
vit_base,8,613,0.020664695650339127,0.024636009708046913
vit_base,8,614,0.020624719560146332,0.02458835206925869
vit_base,8,615,0.02030203677713871,0.024203656241297722
vit_base,8,616,0.020032599568367004,0.023882439360022545
vit_base,8,617,0.01991654373705387,0.02374408021569252
vit_base,8,618,0.019845373928546906,0.02365923300385475
vit_base,8,619,0.01971425488591194,0.02350291609764099
vit_base,8,620,0.019525134935975075,0.02327745035290718
vit_base,8,621,0.0191660039126873,0.022849302738904953
vit_base,8,622,0.019106529653072357,0.022778397426009178
vit_base,8,623,0.018938733264803886,0.02257835492491722
vit_base,8,624,0.018739378079771996,0.0223406869918108
vit_base,8,625,0.018513677641749382,0.022071612998843193
vit_base,8,626,0.018222346901893616,0.021724294871091843
vit_base,8,627,0.017885303124785423,0.021322477608919144
vit_base,8,628,0.01774405688047409,0.021154087036848068
vit_base,8,629,0.01772361993789673,0.021129721775650978
vit_base,8,630,0.017626557499170303,0.021014006808400154
vit_base,8,631,0.017476573586463928,0.02083519846200943
vit_base,8,632,0.017222650349140167,0.020532477647066116
vit_base,8,633,0.01714467443525791,0.020439516752958298
vit_base,8,634,0.017032209783792496,0.020305437967181206
vit_base,8,635,0.01689925603568554,0.020146934315562248
vit_base,8,636,0.01680099405348301,0.020029786974191666
vit_base,8,637,0.01664021797478199,0.019838113337755203
vit_base,8,638,0.01635816879570484,0.019501861184835434
vit_base,8,639,0.01621364615857601,0.01932956464588642
vit_base,8,640,0.01585635542869568,0.018903609365224838
vit_base,8,641,0.015745578333735466,0.018771544098854065
vit_base,8,642,0.0156304519623518,0.018634293228387833
vit_base,8,643,0.015528100542724133,0.018512271344661713
vit_base,8,644,0.015391678549349308,0.018349632620811462
vit_base,8,645,0.015285264700651169,0.018222767859697342
vit_base,8,646,0.015123537741601467,0.018029959872364998
vit_base,8,647,0.014959498308598995,0.017834395170211792
vit_base,8,648,0.014812317676842213,0.017658930271863937
vit_base,8,649,0.01464672852307558,0.017461517825722694
vit_base,8,650,0.014406300149857998,0.01717488467693329
vit_base,8,651,0.014227103441953659,0.016961250454187393
vit_base,8,652,0.014043357223272324,0.016742192208766937
vit_base,8,653,0.014006274752318859,0.01669798232614994
vit_base,8,654,0.013749232515692711,0.016391541808843613
vit_base,8,655,0.01362911518663168,0.016248341649770737
vit_base,8,656,0.013602664694190025,0.016216807067394257
vit_base,8,657,0.013471364974975586,0.016060274094343185
vit_base,8,658,0.013231851160526276,0.01577473059296608
vit_base,8,659,0.013147355988621712,0.01567399874329567
vit_base,8,660,0.013051588088274002,0.015559826046228409
vit_base,8,661,0.012912490405142307,0.015393996611237526
vit_base,8,662,0.012715529650449753,0.015159184113144875
vit_base,8,663,0.012471162714064121,0.014867855235934258
vit_base,8,664,0.012386222369968891,0.014766590669751167
vit_base,8,665,0.01219974271953106,0.014544273726642132
vit_base,8,666,0.012026495300233364,0.014337731525301933
vit_base,8,667,0.011951315216720104,0.014248103834688663
vit_base,8,668,0.011896169744431973,0.014182360842823982
vit_base,8,669,0.011761251837015152,0.014021513983607292
vit_base,8,670,0.011635392904281616,0.013871467672288418
vit_base,8,671,0.01137941237539053,0.013566293753683567
vit_base,8,672,0.01132784504443407,0.013504816219210625
vit_base,8,673,0.011266323737800121,0.013431471772491932
vit_base,8,674,0.01106962002813816,0.013196965679526329
vit_base,8,675,0.010912257246673107,0.013009360991418362
vit_base,8,676,0.010757860727608204,0.01282529253512621
vit_base,8,677,0.010688637383282185,0.012742766179144382
vit_base,8,678,0.010605642572045326,0.01264382153749466
vit_base,8,679,0.010373983532190323,0.012367642484605312
vit_base,8,680,0.010264083743095398,0.012236622162163258
vit_base,8,681,0.010194451548159122,0.012153608724474907
vit_base,8,682,0.009977645240724087,0.01189513597637415
vit_base,8,683,0.00978072825819254,0.011660376563668251
vit_base,8,684,0.009679021313786507,0.011539123021066189
vit_base,8,685,0.009670165367424488,0.011528565548360348
vit_base,8,686,0.009295838885009289,0.011082300916314125
vit_base,8,687,0.009215759113430977,0.010986831970512867
vit_base,8,688,0.009121637791395187,0.010874622501432896
vit_base,8,689,0.008975157514214516,0.010699992068111897
vit_base,8,690,0.008952469564974308,0.01067294366657734
vit_base,8,691,0.008714080788195133,0.01038874126970768
vit_base,8,692,0.008708943612873554,0.010382616892457008
vit_base,8,693,0.008666900917887688,0.010332494974136353
vit_base,8,694,0.008510078303515911,0.010145534761250019
vit_base,8,695,0.008345821872353554,0.00994971115142107
vit_base,8,696,0.008167041465640068,0.009736573323607445
vit_base,8,697,0.008043763227760792,0.009589603170752525
vit_base,8,698,0.007927323691546917,0.009450786747038364
vit_base,8,699,0.00776418624445796,0.00925629772245884
vit_base,8,700,0.0076725962571799755,0.009147105738520622
vit_base,8,701,0.007415154483169317,0.008840189315378666
vit_base,8,702,0.0073037235997617245,0.008707343600690365
vit_base,8,703,0.007089762017130852,0.008452263660728931
vit_base,8,704,0.0069418130442500114,0.00827588140964508
vit_base,8,705,0.0069242860190570354,0.008254986256361008
vit_base,8,706,0.006724406499415636,0.008016694337129593
vit_base,8,707,0.006717292126268148,0.00800821278244257
vit_base,8,708,0.006474768277257681,0.007719080895185471
vit_base,8,709,0.006370963994413614,0.00759532768279314
vit_base,8,710,0.006184038706123829,0.007372479420155287
vit_base,8,711,0.006092132534831762,0.007262910716235638
vit_base,8,712,0.005961540155112743,0.007107221521437168
vit_base,8,713,0.005945193115621805,0.007087732665240765
vit_base,8,714,0.005774728488177061,0.006884508300572634
vit_base,8,715,0.005612487439066172,0.00669108796864748
vit_base,8,716,0.005501260980963707,0.006558486260473728
vit_base,8,717,0.005398629233241081,0.006436130963265896
vit_base,8,718,0.005261733662337065,0.006272926926612854
vit_base,8,719,0.0050729382783174515,0.006047849077731371
vit_base,8,720,0.004914452787488699,0.005858906079083681
vit_base,8,721,0.004891009069979191,0.005830957088619471
vit_base,8,722,0.0046407245099544525,0.005532572977244854
vit_base,8,723,0.004563783295452595,0.005440845154225826
vit_base,8,724,0.0044401600025594234,0.005293464288115501
vit_base,8,725,0.004305933136492968,0.005133441649377346
vit_base,8,726,0.0042976378463208675,0.005123552400618792
vit_base,8,727,0.004089226480573416,0.004875089041888714
vit_base,8,728,0.003954789601266384,0.004714815877377987
vit_base,8,729,0.0039440784603357315,0.004702046513557434
vit_base,8,730,0.003880120348185301,0.004625796806067228
vit_base,8,731,0.003805354004725814,0.004536662250757217
vit_base,8,732,0.0037571790162473917,0.004479228984564543
vit_base,8,733,0.003544790204614401,0.004226023331284523
vit_base,8,734,0.0034906708169728518,0.004161503631621599
vit_base,8,735,0.0033713970333337784,0.004019307903945446
vit_base,8,736,0.0033183018676936626,0.003956008702516556
vit_base,8,737,0.003205692395567894,0.003821758320555091
vit_base,8,738,0.0031008769292384386,0.003696799511089921
vit_base,8,739,0.0029513519257307053,0.0035185390152037144
vit_base,8,740,0.002862609690055251,0.0034127424005419016
vit_base,8,741,0.002751832129433751,0.0032806757371872663
vit_base,8,742,0.002659945283085108,0.003171130083501339
vit_base,8,743,0.0025366812478750944,0.0030241773929446936
vit_base,8,744,0.002466953359544277,0.002941049402579665
vit_base,8,745,0.0022677388042211533,0.002703550038859248
vit_base,8,746,0.0021962970495224,0.0026183787267655134
vit_base,8,747,0.002180778654292226,0.002599878003820777
vit_base,8,748,0.0020676148124039173,0.002464966382831335
vit_base,8,749,0.0019238449167460203,0.0022935669403523207
vit_base,8,750,0.0016726027242839336,0.0019940414931625128
vit_base,8,751,0.0016227916348725557,0.0019346576882526278
vit_base,8,752,0.0015980650205165148,0.0019051791168749332
vit_base,8,753,0.00152814039029181,0.0018218164332211018
vit_base,8,754,0.0014811913715675473,0.0017658448778092861
vit_base,8,755,0.0013364198384806514,0.001593251246958971
vit_base,8,756,0.0011666874634101987,0.0013908999972045422
vit_base,8,757,0.0010786701459437609,0.0012859676498919725
vit_base,8,758,0.0009667192935012281,0.0011525021400302649
vit_base,8,759,0.0007872889400459826,0.000938589102588594
vit_base,8,760,0.0007242925348691642,0.0008634861442260444
vit_base,8,761,0.0006398597033694386,0.000762827112339437
vit_base,8,762,0.0005354404565878212,0.0006383407162502408
vit_base,8,763,0.000507207412738353,0.0006046819034963846
vit_base,8,764,0.00021859419939573854,0.0002606033522170037
vit_base,8,765,0.0001980630331672728,0.0002361265360377729
vit_base,8,766,0.0,0.0
vit_base,8,767,0.0,0.0
vit_base,11,0,2.5557167530059814,1.0
vit_base,11,1,1.2735607624053955,0.4983184337615967
vit_base,11,2,0.7322421073913574,0.28651145100593567
vit_base,11,3,0.7026408314704895,0.27492907643318176
vit_base,11,4,0.6978368163108826,0.27304935455322266
vit_base,11,5,0.6916474103927612,0.27062755823135376
vit_base,11,6,0.68728107213974,0.26891911029815674
vit_base,11,7,0.6830542683601379,0.267265260219574
vit_base,11,8,0.6808226704597473,0.2663920819759369
vit_base,11,9,0.6783468723297119,0.26542332768440247
vit_base,11,10,0.6741033792495728,0.2637629508972168
vit_base,11,11,0.6709251999855042,0.26251938939094543
vit_base,11,12,0.6666780114173889,0.26085755228996277
vit_base,11,13,0.6635916233062744,0.2596499025821686
vit_base,11,14,0.6632304191589355,0.25950857996940613
vit_base,11,15,0.6593296527862549,0.2579822838306427
vit_base,11,16,0.6574462652206421,0.25724536180496216
vit_base,11,17,0.6531771421432495,0.25557494163513184
vit_base,11,18,0.6505268216133118,0.2545379102230072
vit_base,11,19,0.6498447060585022,0.2542710304260254
vit_base,11,20,0.6475269198417664,0.25336411595344543
vit_base,11,21,0.643143355846405,0.2516489326953888
vit_base,11,22,0.6430872678756714,0.25162696838378906
vit_base,11,23,0.6393662691116333,0.250171035528183
vit_base,11,24,0.6379539370536804,0.24961841106414795
vit_base,11,25,0.6357783675193787,0.24876715242862701
vit_base,11,26,0.6336907744407654,0.24795031547546387
vit_base,11,27,0.6324352025985718,0.2474590390920639
vit_base,11,28,0.6282604932785034,0.24582555890083313
vit_base,11,29,0.6266985535621643,0.24521440267562866
vit_base,11,30,0.6238408088684082,0.24409621953964233
vit_base,11,31,0.622124969959259,0.24342484772205353
vit_base,11,32,0.6201975345611572,0.2426706850528717
vit_base,11,33,0.6193884611129761,0.2423541098833084
vit_base,11,34,0.6172512173652649,0.24151785671710968
vit_base,11,35,0.6165727972984314,0.24125239253044128
vit_base,11,36,0.6146577596664429,0.24050308763980865
vit_base,11,37,0.6127655506134033,0.23976269364356995
vit_base,11,38,0.6099197268486023,0.2386491894721985
vit_base,11,39,0.6088247299194336,0.23822073638439178
vit_base,11,40,0.6060945391654968,0.23715247213840485
vit_base,11,41,0.6056356430053711,0.23697291314601898
vit_base,11,42,0.6040573716163635,0.23635536432266235
vit_base,11,43,0.6020167469978333,0.23555691540241241
vit_base,11,44,0.6003987789154053,0.2349238395690918
vit_base,11,45,0.5996220111846924,0.2346199005842209
vit_base,11,46,0.5977699756622314,0.23389524221420288
vit_base,11,47,0.5973955392837524,0.23374873399734497
vit_base,11,48,0.5961987972259521,0.2332804650068283
vit_base,11,49,0.594994843006134,0.232809379696846
vit_base,11,50,0.5933593511581421,0.23216944932937622
vit_base,11,51,0.5910758972167969,0.23127597570419312
vit_base,11,52,0.5891016125679016,0.23050348460674286
vit_base,11,53,0.5877754092216492,0.2299845665693283
vit_base,11,54,0.5856049656867981,0.22913531959056854
vit_base,11,55,0.5837659239768982,0.22841574251651764
vit_base,11,56,0.5817736983299255,0.2276362180709839
vit_base,11,57,0.5801957249641418,0.2270187884569168
vit_base,11,58,0.5800153613090515,0.22694821655750275
vit_base,11,59,0.5790671706199646,0.22657720744609833
vit_base,11,60,0.5770161747932434,0.22577469050884247
vit_base,11,61,0.5751731991767883,0.2250535786151886
vit_base,11,62,0.5750414729118347,0.22500203549861908
vit_base,11,63,0.5728663802146912,0.22415097057819366
vit_base,11,64,0.5713919997215271,0.22357407212257385
vit_base,11,65,0.5698069930076599,0.2229538857936859
vit_base,11,66,0.5690919756889343,0.22267411649227142
vit_base,11,67,0.5671548843383789,0.22191616892814636
vit_base,11,68,0.5662769079208374,0.2215726375579834
vit_base,11,69,0.563627302646637,0.22053590416908264
vit_base,11,70,0.5626775622367859,0.22016428411006927
vit_base,11,71,0.5590713620185852,0.21875326335430145
vit_base,11,72,0.558692455291748,0.21860499680042267
vit_base,11,73,0.5572593808174133,0.21804426610469818
vit_base,11,74,0.5537759065628052,0.21668125689029694
vit_base,11,75,0.5535266995429993,0.2165837436914444
vit_base,11,76,0.5521911978721619,0.21606118977069855
vit_base,11,77,0.5502508282661438,0.21530196070671082
vit_base,11,78,0.549065887928009,0.21483831107616425
vit_base,11,79,0.5481223464012146,0.21446913480758667
vit_base,11,80,0.5477685928344727,0.21433071792125702
vit_base,11,81,0.5463134050369263,0.2137613296508789
vit_base,11,82,0.5451138019561768,0.2132919430732727
vit_base,11,83,0.5437366366386414,0.2127530872821808
vit_base,11,84,0.5419414639472961,0.2120506763458252
vit_base,11,85,0.5404170751571655,0.21145421266555786
vit_base,11,86,0.5387690663337708,0.2108093798160553
vit_base,11,87,0.5380750298500061,0.21053782105445862
vit_base,11,88,0.5365719199180603,0.20994968712329865
vit_base,11,89,0.5360215306282043,0.20973432064056396
vit_base,11,90,0.5343063473701477,0.20906321704387665
vit_base,11,91,0.5335239768028259,0.20875708758831024
vit_base,11,92,0.530984103679657,0.20776328444480896
vit_base,11,93,0.5297961831092834,0.20729847252368927
vit_base,11,94,0.5287350416183472,0.2068832665681839
vit_base,11,95,0.5284541249275208,0.20677335560321808
vit_base,11,96,0.527413547039032,0.20636619627475739
vit_base,11,97,0.5269566774368286,0.2061874270439148
vit_base,11,98,0.5254232287406921,0.20558743178844452
vit_base,11,99,0.5244829058647156,0.20521949231624603
vit_base,11,100,0.5238124132156372,0.20495714247226715
vit_base,11,101,0.5216677188873291,0.20411796867847443
vit_base,11,102,0.5212544798851013,0.20395627617835999
vit_base,11,103,0.5188345313072205,0.20300939679145813
vit_base,11,104,0.5182230472564697,0.2027701437473297
vit_base,11,105,0.5171022415161133,0.20233158767223358
vit_base,11,106,0.5159733295440674,0.20188987255096436
vit_base,11,107,0.5154263377189636,0.20167584717273712
vit_base,11,108,0.5127370953559875,0.20062360167503357
vit_base,11,109,0.5113194584846497,0.2000689059495926
vit_base,11,110,0.51059889793396,0.1997869610786438
vit_base,11,111,0.5089722871780396,0.19915050268173218
vit_base,11,112,0.5083847045898438,0.1989205926656723
vit_base,11,113,0.506569504737854,0.19821034371852875
vit_base,11,114,0.5061830878257751,0.19805915653705597
vit_base,11,115,0.5057057738304138,0.19787238538265228
vit_base,11,116,0.5021173357963562,0.1964683085680008
vit_base,11,117,0.5016840100288391,0.196298748254776
vit_base,11,118,0.5011900663375854,0.1961054801940918
vit_base,11,119,0.4999259114265442,0.19561085104942322
vit_base,11,120,0.4975687265396118,0.19468852877616882
vit_base,11,121,0.49698376655578613,0.19445964694023132
vit_base,11,122,0.49621888995170593,0.1941603571176529
vit_base,11,123,0.49499937891960144,0.1936831921339035
vit_base,11,124,0.4941011965274811,0.1933317482471466
vit_base,11,125,0.49240145087242126,0.1926666796207428
vit_base,11,126,0.4910127520561218,0.19212330877780914
vit_base,11,127,0.48879674077033997,0.19125622510910034
vit_base,11,128,0.48778432607650757,0.1908600926399231
vit_base,11,129,0.4863453805446625,0.19029705226421356
vit_base,11,130,0.4854699969291687,0.18995453417301178
vit_base,11,131,0.48375654220581055,0.18928410112857819
vit_base,11,132,0.48341742157936096,0.18915140628814697
vit_base,11,133,0.48286211490631104,0.18893413245677948
vit_base,11,134,0.481932669878006,0.18857045471668243
vit_base,11,135,0.4806010127067566,0.18804940581321716
vit_base,11,136,0.4794442057609558,0.18759676814079285
vit_base,11,137,0.4780459403991699,0.18704965710639954
vit_base,11,138,0.4779292941093445,0.18700401484966278
vit_base,11,139,0.47634434700012207,0.18638385832309723
vit_base,11,140,0.47424331307411194,0.18556176126003265
vit_base,11,141,0.4738665223121643,0.18541432917118073
vit_base,11,142,0.4727998673915863,0.18499697744846344
vit_base,11,143,0.47120335698127747,0.18437229096889496
vit_base,11,144,0.4709222912788391,0.18426232039928436
vit_base,11,145,0.4687269330024719,0.18340331315994263
vit_base,11,146,0.46726998686790466,0.1828332394361496
vit_base,11,147,0.4665042757987976,0.1825336366891861
vit_base,11,148,0.46508949995040894,0.18198005855083466
vit_base,11,149,0.46475106477737427,0.18184764683246613
vit_base,11,150,0.4636291563510895,0.18140865862369537
vit_base,11,151,0.4614173173904419,0.1805432140827179
vit_base,11,152,0.461129754781723,0.18043069541454315
vit_base,11,153,0.4606468081474304,0.18024173378944397
vit_base,11,154,0.45922568440437317,0.17968566715717316
vit_base,11,155,0.45811283588409424,0.17925024032592773
vit_base,11,156,0.45741164684295654,0.1789758801460266
vit_base,11,157,0.45583200454711914,0.178357794880867
vit_base,11,158,0.455357164144516,0.1781720072031021
vit_base,11,159,0.45347005128860474,0.17743360996246338
vit_base,11,160,0.45197129249572754,0.1768471747636795
vit_base,11,161,0.4510994851589203,0.17650605738162994
vit_base,11,162,0.4501354694366455,0.17612886428833008
vit_base,11,163,0.4492650628089905,0.1757882833480835
vit_base,11,164,0.44766485691070557,0.1751621514558792
vit_base,11,165,0.4475570321083069,0.17511996626853943
vit_base,11,166,0.44598352909088135,0.17450428009033203
vit_base,11,167,0.44424527883529663,0.17382414638996124
vit_base,11,168,0.4437119960784912,0.1736154854297638
vit_base,11,169,0.4423038065433502,0.1730644851922989
vit_base,11,170,0.44141218066215515,0.17271560430526733
vit_base,11,171,0.4406622350215912,0.17242217063903809
vit_base,11,172,0.43987149000167847,0.17211277782917023
vit_base,11,173,0.43907424807548523,0.17180082201957703
vit_base,11,174,0.4380270838737488,0.1713910847902298
vit_base,11,175,0.436099112033844,0.17063671350479126
vit_base,11,176,0.4351387321949005,0.1702609360218048
vit_base,11,177,0.4346067011356354,0.17005276679992676
vit_base,11,178,0.43377527594566345,0.16972744464874268
vit_base,11,179,0.4325793981552124,0.16925951838493347
vit_base,11,180,0.4317852556705475,0.16894878447055817
vit_base,11,181,0.4306630790233612,0.16850970685482025
vit_base,11,182,0.42967289686203003,0.16812226176261902
vit_base,11,183,0.42849621176719666,0.1676618605852127
vit_base,11,184,0.42716875672340393,0.16714245080947876
vit_base,11,185,0.4258752465248108,0.16663631796836853
vit_base,11,186,0.4253265857696533,0.16642165184020996
vit_base,11,187,0.4235258400440216,0.16571705043315887
vit_base,11,188,0.4228772222995758,0.16546325385570526
vit_base,11,189,0.4220462441444397,0.1651381105184555
vit_base,11,190,0.421521931886673,0.1649329662322998
vit_base,11,191,0.42071089148521423,0.16461561620235443
vit_base,11,192,0.4190126657485962,0.16395114362239838
vit_base,11,193,0.4181431233882904,0.16361090540885925
vit_base,11,194,0.41752976179122925,0.16337090730667114
vit_base,11,195,0.41690608859062195,0.1631268709897995
vit_base,11,196,0.4155532419681549,0.16259753704071045
vit_base,11,197,0.41313615441322327,0.16165177524089813
vit_base,11,198,0.4127236008644104,0.16149035096168518
vit_base,11,199,0.4120273292064667,0.16121791303157806
vit_base,11,200,0.4116249084472656,0.16106045246124268
vit_base,11,201,0.411149263381958,0.1608743518590927
vit_base,11,202,0.40930047631263733,0.16015096008777618
vit_base,11,203,0.4085603952407837,0.15986137092113495
vit_base,11,204,0.40828758478164673,0.15975463390350342
vit_base,11,205,0.40755653381347656,0.15946859121322632
vit_base,11,206,0.40701425075531006,0.15925639867782593
vit_base,11,207,0.40585535764694214,0.15880295634269714
vit_base,11,208,0.40397050976753235,0.15806545317173004
vit_base,11,209,0.4034430980682373,0.15785908699035645
vit_base,11,210,0.4019944667816162,0.15729226171970367
vit_base,11,211,0.40121254324913025,0.1569863110780716
vit_base,11,212,0.40075555443763733,0.15680749714374542
vit_base,11,213,0.3991859257221222,0.1561933308839798
vit_base,11,214,0.3977564871311188,0.15563403069972992
vit_base,11,215,0.3967578113079071,0.15524326264858246
vit_base,11,216,0.3958866596221924,0.1549023985862732
vit_base,11,217,0.39451250433921814,0.1543647199869156
vit_base,11,218,0.3936992287635803,0.15404650568962097
vit_base,11,219,0.3929097354412079,0.15373758971691132
vit_base,11,220,0.3919614255428314,0.15336653590202332
vit_base,11,221,0.39105984568595886,0.15301376581192017
vit_base,11,222,0.3903951644897461,0.15275369584560394
vit_base,11,223,0.38931044936180115,0.15232926607131958
vit_base,11,224,0.387576162815094,0.15165066719055176
vit_base,11,225,0.3866003751754761,0.151268869638443
vit_base,11,226,0.38590186834335327,0.15099555253982544
vit_base,11,227,0.38442355394363403,0.15041711926460266
vit_base,11,228,0.38388127088546753,0.15020494163036346
vit_base,11,229,0.38311851024627686,0.1499064862728119
vit_base,11,230,0.382833331823349,0.14979489147663116
vit_base,11,231,0.3821679651737213,0.14953455328941345
vit_base,11,232,0.3818982243537903,0.14942900836467743
vit_base,11,233,0.3804866075515747,0.14887666702270508
vit_base,11,234,0.38020968437194824,0.1487683206796646
vit_base,11,235,0.3789694309234619,0.14828303456306458
vit_base,11,236,0.3772859275341034,0.14762431383132935
vit_base,11,237,0.37688395380973816,0.14746703207492828
vit_base,11,238,0.3767230808734894,0.14740407466888428
vit_base,11,239,0.37545517086982727,0.1469079703092575
vit_base,11,240,0.37446558475494385,0.14652076363563538
vit_base,11,241,0.3736593723297119,0.14620532095432281
vit_base,11,242,0.3722871243953705,0.1456683874130249
vit_base,11,243,0.3717963993549347,0.14547637104988098
vit_base,11,244,0.37105339765548706,0.145185649394989
vit_base,11,245,0.37020641565322876,0.14485424757003784
vit_base,11,246,0.3682650923728943,0.14409464597702026
vit_base,11,247,0.3681025505065918,0.14403104782104492
vit_base,11,248,0.36748799681663513,0.1437905877828598
vit_base,11,249,0.3669472634792328,0.14357900619506836
vit_base,11,250,0.36637043952941895,0.14335329830646515
vit_base,11,251,0.3641297519207001,0.14247657358646393
vit_base,11,252,0.3631729185581207,0.1421021819114685
vit_base,11,253,0.3623926043510437,0.14179685711860657
vit_base,11,254,0.36208319664001465,0.14167580008506775
vit_base,11,255,0.3610726296901703,0.1412803828716278
vit_base,11,256,0.3596431612968445,0.14072105288505554
vit_base,11,257,0.35835450887680054,0.14021682739257812
vit_base,11,258,0.358040452003479,0.14009395241737366
vit_base,11,259,0.3561866581439972,0.13936859369277954
vit_base,11,260,0.35602089762687683,0.13930374383926392
vit_base,11,261,0.3548254072666168,0.13883596658706665
vit_base,11,262,0.3532959222793579,0.13823750615119934
vit_base,11,263,0.35241183638572693,0.13789159059524536
vit_base,11,264,0.3518008291721344,0.13765251636505127
vit_base,11,265,0.3510633111000061,0.13736394047737122
vit_base,11,266,0.3494710624217987,0.13674092292785645
vit_base,11,267,0.3487165868282318,0.13644571602344513
vit_base,11,268,0.34837478399276733,0.13631196320056915
vit_base,11,269,0.3473043739795685,0.13589313626289368
vit_base,11,270,0.346282422542572,0.13549327850341797
vit_base,11,271,0.34544333815574646,0.13516496121883392
vit_base,11,272,0.3441525995731354,0.13465991616249084
vit_base,11,273,0.34250953793525696,0.13401702046394348
vit_base,11,274,0.3423563241958618,0.13395707309246063
vit_base,11,275,0.34130358695983887,0.1335451602935791
vit_base,11,276,0.34106993675231934,0.13345372676849365
vit_base,11,277,0.34008294343948364,0.1330675482749939
vit_base,11,278,0.33914047479629517,0.13269877433776855
vit_base,11,279,0.33798179030418396,0.13224540650844574
vit_base,11,280,0.3371705710887909,0.1319279819726944
vit_base,11,281,0.3362979590892792,0.13158655166625977
vit_base,11,282,0.33526837825775146,0.1311836987733841
vit_base,11,283,0.33519846200942993,0.1311563402414322
vit_base,11,284,0.3344941735267639,0.13088077306747437
vit_base,11,285,0.33396291732788086,0.1306729018688202
vit_base,11,286,0.3330860435962677,0.13032980263233185
vit_base,11,287,0.33122408390045166,0.12960125505924225
vit_base,11,288,0.33111271262168884,0.12955766916275024
vit_base,11,289,0.3299481272697449,0.12910199165344238
vit_base,11,290,0.32877182960510254,0.128641739487648
vit_base,11,291,0.3281329572200775,0.12839175760746002
vit_base,11,292,0.3268149197101593,0.12787602841854095
vit_base,11,293,0.3256585896015167,0.12742358446121216
vit_base,11,294,0.32527464628219604,0.1272733509540558
vit_base,11,295,0.3242383897304535,0.1268678903579712
vit_base,11,296,0.3238667845726013,0.12672248482704163
vit_base,11,297,0.3230282664299011,0.1263943910598755
vit_base,11,298,0.3217093348503113,0.12587831914424896
vit_base,11,299,0.3207044303417206,0.1254851222038269
vit_base,11,300,0.320315420627594,0.12533290684223175
vit_base,11,301,0.31910112500190735,0.12485778331756592
vit_base,11,302,0.3178195357322693,0.12435632199048996
vit_base,11,303,0.31745442748069763,0.12421346455812454
vit_base,11,304,0.31566187739372253,0.12351207435131073
vit_base,11,305,0.3147456645965576,0.12315358221530914
vit_base,11,306,0.3141056299209595,0.12290314584970474
vit_base,11,307,0.31373611092567444,0.12275855988264084
vit_base,11,308,0.31280234456062317,0.12239319831132889
vit_base,11,309,0.31159764528274536,0.12192182242870331
vit_base,11,310,0.3112506568431854,0.12178605049848557
vit_base,11,311,0.31053006649017334,0.12150409817695618
vit_base,11,312,0.3095189332962036,0.12110846489667892
vit_base,11,313,0.307293176651001,0.1202375739812851
vit_base,11,314,0.30663684010505676,0.11998075991868973
vit_base,11,315,0.3062666654586792,0.11983592063188553
vit_base,11,316,0.30530962347984314,0.11946144700050354
vit_base,11,317,0.30494359135627747,0.11931822448968887
vit_base,11,318,0.3037872314453125,0.11886576563119888
vit_base,11,319,0.3028619885444641,0.11850374191999435
vit_base,11,320,0.30193135142326355,0.1181396022439003
vit_base,11,321,0.3013976812362671,0.11793078482151031
vit_base,11,322,0.3006319999694824,0.11763118952512741
vit_base,11,323,0.2998485565185547,0.11732464283704758
vit_base,11,324,0.29886966943740845,0.11694162338972092
vit_base,11,325,0.29806584119796753,0.11662710458040237
vit_base,11,326,0.2969455122947693,0.11618874222040176
vit_base,11,327,0.29613855481147766,0.11587299406528473
vit_base,11,328,0.29582831263542175,0.11575160175561905
vit_base,11,329,0.29511019587516785,0.11547061800956726
vit_base,11,330,0.293913334608078,0.11500231176614761
vit_base,11,331,0.2928219437599182,0.11457527428865433
vit_base,11,332,0.2920846939086914,0.11428680270910263
vit_base,11,333,0.29110753536224365,0.11390446126461029
vit_base,11,334,0.2904459238052368,0.11364558339118958
vit_base,11,335,0.290024071931839,0.11348052322864532
vit_base,11,336,0.2880353331565857,0.1127023696899414
vit_base,11,337,0.286448210477829,0.1120813637971878
vit_base,11,338,0.2859134376049042,0.1118721142411232
vit_base,11,339,0.28533002734184265,0.11164383590221405
vit_base,11,340,0.284344881772995,0.1112583726644516
vit_base,11,341,0.28338006138801575,0.11088085919618607
vit_base,11,342,0.28294864296913147,0.11071205139160156
vit_base,11,343,0.2816348671913147,0.1101979985833168
vit_base,11,344,0.28082358837127686,0.10988055914640427
vit_base,11,345,0.27941614389419556,0.10932985693216324
vit_base,11,346,0.27860045433044434,0.10901069641113281
vit_base,11,347,0.2779185175895691,0.10874386876821518
vit_base,11,348,0.27645403146743774,0.10817084461450577
vit_base,11,349,0.27588021755218506,0.10794632136821747
vit_base,11,350,0.27505770325660706,0.10762448608875275
vit_base,11,351,0.2740817070007324,0.10724259912967682
vit_base,11,352,0.2730894386768341,0.10685434192419052
vit_base,11,353,0.271607369184494,0.10627444088459015
vit_base,11,354,0.27127301692962646,0.10614361613988876
vit_base,11,355,0.270755410194397,0.10594108700752258
vit_base,11,356,0.2692604959011078,0.10535615682601929
vit_base,11,357,0.26864105463027954,0.10511378198862076
vit_base,11,358,0.26758095622062683,0.10469898581504822
vit_base,11,359,0.2667139768600464,0.10435975342988968
vit_base,11,360,0.26531878113746643,0.10381384193897247
vit_base,11,361,0.2643958330154419,0.10345271229743958
vit_base,11,362,0.2643290162086487,0.10342656821012497
vit_base,11,363,0.26207616925239563,0.10254507511854172
vit_base,11,364,0.260994017124176,0.10212165117263794
vit_base,11,365,0.2596189081668854,0.10158360004425049
vit_base,11,366,0.2595402002334595,0.1015528067946434
vit_base,11,367,0.2581905722618103,0.10102472454309464
vit_base,11,368,0.2576844394207001,0.1008266806602478
vit_base,11,369,0.257384330034256,0.10070925205945969
vit_base,11,370,0.2552065849304199,0.0998571440577507
vit_base,11,371,0.25474074482917786,0.09967487305402756
vit_base,11,372,0.25360313057899475,0.09922974556684494
vit_base,11,373,0.25309768319129944,0.0990319773554802
vit_base,11,374,0.25254741311073303,0.09881667047739029
vit_base,11,375,0.2507387399673462,0.09810896962881088
vit_base,11,376,0.24983064830303192,0.09775365144014359
vit_base,11,377,0.24931874871253967,0.09755335748195648
vit_base,11,378,0.24866487085819244,0.09729750454425812
vit_base,11,379,0.24772191047668457,0.09692854434251785
vit_base,11,380,0.24588492512702942,0.09620977193117142
vit_base,11,381,0.24411500990390778,0.09551724046468735
vit_base,11,382,0.2430712878704071,0.09510885179042816
vit_base,11,383,0.24240310490131378,0.09484740346670151
vit_base,11,384,0.24106043577194214,0.09432204812765121
vit_base,11,385,0.24019315838813782,0.09398269653320312
vit_base,11,386,0.2396070659160614,0.0937533751130104
vit_base,11,387,0.23814499378204346,0.0931812971830368
vit_base,11,388,0.23739193379878998,0.09288663417100906
vit_base,11,389,0.2355947345495224,0.0921834260225296
vit_base,11,390,0.2345414012670517,0.09177128225564957
vit_base,11,391,0.23421643674373627,0.09164413064718246
vit_base,11,392,0.23243294656276703,0.09094628691673279
vit_base,11,393,0.23116916418075562,0.09045179188251495
vit_base,11,394,0.23015812039375305,0.09005619585514069
vit_base,11,395,0.2296242117881775,0.08984728157520294
vit_base,11,396,0.22926603257656097,0.0897071361541748
vit_base,11,397,0.227485790848732,0.0890105664730072
vit_base,11,398,0.22663478553295135,0.08867758512496948
vit_base,11,399,0.22610636055469513,0.08847082406282425
vit_base,11,400,0.22535431385040283,0.08817656338214874
vit_base,11,401,0.2235344499349594,0.08746448159217834
vit_base,11,402,0.2227315753698349,0.08715033531188965
vit_base,11,403,0.22067373991012573,0.08634515106678009
vit_base,11,404,0.21967020630836487,0.08595248311758041
vit_base,11,405,0.21872855722904205,0.08558403700590134
vit_base,11,406,0.21731828153133392,0.08503222465515137
vit_base,11,407,0.21646055579185486,0.08469661325216293
vit_base,11,408,0.21561580896377563,0.0843660831451416
vit_base,11,409,0.21453048288822174,0.08394141495227814
vit_base,11,410,0.2141093909740448,0.08377665281295776
vit_base,11,411,0.2133808135986328,0.08349157124757767
vit_base,11,412,0.2120644748210907,0.08297652006149292
vit_base,11,413,0.21205125749111176,0.08297134190797806
vit_base,11,414,0.2107713669538498,0.08247055113315582
vit_base,11,415,0.20913071930408478,0.08182860165834427
vit_base,11,416,0.20763851702213287,0.08124472945928574
vit_base,11,417,0.20605850219726562,0.08062650263309479
vit_base,11,418,0.20530444383621216,0.08033145219087601
vit_base,11,419,0.20394374430179596,0.07979904115200043
vit_base,11,420,0.20271314680576324,0.07931753247976303
vit_base,11,421,0.20093609392642975,0.07862220704555511
vit_base,11,422,0.19997522234916687,0.07824623584747314
vit_base,11,423,0.19906291365623474,0.07788927108049393
vit_base,11,424,0.19774696230888367,0.07737436890602112
vit_base,11,425,0.19618676602840424,0.07676389068365097
vit_base,11,426,0.19530564546585083,0.07641912996768951
vit_base,11,427,0.19347988069057465,0.07570474594831467
vit_base,11,428,0.19202667474746704,0.07513613253831863
vit_base,11,429,0.19072946906089783,0.0746285617351532
vit_base,11,430,0.18979685008525848,0.07426364719867706
vit_base,11,431,0.18793360888957977,0.07353460043668747
vit_base,11,432,0.1869417428970337,0.07314649969339371
vit_base,11,433,0.18653146922588348,0.07298596948385239
vit_base,11,434,0.18473291397094727,0.07228223234415054
vit_base,11,435,0.18309898674488068,0.0716429129242897
vit_base,11,436,0.18275269865989685,0.07150741666555405
vit_base,11,437,0.18115974962711334,0.07088412344455719
vit_base,11,438,0.17931310832500458,0.07016157358884811
vit_base,11,439,0.17815332114696503,0.06970777362585068
vit_base,11,440,0.1779719591140747,0.06963680684566498
vit_base,11,441,0.17612019181251526,0.06891225278377533
vit_base,11,442,0.17444220185279846,0.06825568526983261
vit_base,11,443,0.1736142933368683,0.06793174147605896
vit_base,11,444,0.17252032458782196,0.06750369817018509
vit_base,11,445,0.17123860120773315,0.06700218468904495
vit_base,11,446,0.17048527300357819,0.06670741736888885
vit_base,11,447,0.17006708681583405,0.06654379516839981
vit_base,11,448,0.16775396466255188,0.0656387135386467
vit_base,11,449,0.16619864106178284,0.06503015011548996
vit_base,11,450,0.16565221548080444,0.06481634080410004
vit_base,11,451,0.16375134885311127,0.06407257169485092
vit_base,11,452,0.16205431520938873,0.06340856105089188
vit_base,11,453,0.1616392582654953,0.06324615329504013
vit_base,11,454,0.16125740110874176,0.06309673935174942
vit_base,11,455,0.15968331694602966,0.06248083338141441
vit_base,11,456,0.1579381227493286,0.06179797649383545
vit_base,11,457,0.15624123811721802,0.06113401800394058
vit_base,11,458,0.15570956468582153,0.060925986617803574
vit_base,11,459,0.15520009398460388,0.06072664260864258
vit_base,11,460,0.15451285243034363,0.0604577362537384
vit_base,11,461,0.15204814076423645,0.05949334427714348
vit_base,11,462,0.1511736959218979,0.059151194989681244
vit_base,11,463,0.1496683955192566,0.058562200516462326
vit_base,11,464,0.14918667078018188,0.05837371200323105
vit_base,11,465,0.14676398038864136,0.057425759732723236
vit_base,11,466,0.14566278457641602,0.056994885206222534
vit_base,11,467,0.14399896562099457,0.056343868374824524
vit_base,11,468,0.14316853880882263,0.05601893737912178
vit_base,11,469,0.1410568654537201,0.05519268289208412
vit_base,11,470,0.14063115417957306,0.055026110261678696
vit_base,11,471,0.13945181667804718,0.05456466227769852
vit_base,11,472,0.13870777189731598,0.05427353084087372
vit_base,11,473,0.13805745542049408,0.05401907488703728
vit_base,11,474,0.1361767053604126,0.05328317731618881
vit_base,11,475,0.1350068598985672,0.0528254397213459
vit_base,11,476,0.1340457946062088,0.05244939401745796
vit_base,11,477,0.13271047174930573,0.05192691087722778
vit_base,11,478,0.1320166140794754,0.05165541544556618
vit_base,11,479,0.13040009140968323,0.051022905856370926
vit_base,11,480,0.1286693960428238,0.05034571886062622
vit_base,11,481,0.12743298709392548,0.04986193776130676
vit_base,11,482,0.1268310844898224,0.049626424908638
vit_base,11,483,0.12581045925617218,0.04922707378864288
vit_base,11,484,0.12480124831199646,0.04883218929171562
vit_base,11,485,0.12390162795782089,0.048480186611413956
vit_base,11,486,0.12350527942180634,0.048325106501579285
vit_base,11,487,0.12209110707044601,0.047771766781806946
vit_base,11,488,0.12182021886110306,0.04766577482223511
vit_base,11,489,0.12113223969936371,0.04739658161997795
vit_base,11,490,0.11923974007368088,0.046656087040901184
vit_base,11,491,0.11803655326366425,0.04618530347943306
vit_base,11,492,0.11688725650310516,0.04573560506105423
vit_base,11,493,0.11581908911466599,0.04531765356659889
vit_base,11,494,0.114071786403656,0.04463396966457367
vit_base,11,495,0.11342834681272507,0.044382207095623016
vit_base,11,496,0.11286065727472305,0.04416007921099663
vit_base,11,497,0.1121721863746643,0.04389069601893425
vit_base,11,498,0.11002945154905319,0.04305228590965271
vit_base,11,499,0.10924798250198364,0.042746514081954956
vit_base,11,500,0.10915160924196243,0.042708806693553925
vit_base,11,501,0.10754655301570892,0.04208077862858772
vit_base,11,502,0.10601179301738739,0.041480258107185364
vit_base,11,503,0.10454566031694412,0.04090658947825432
vit_base,11,504,0.10369797050952911,0.04057490825653076
vit_base,11,505,0.10295972973108292,0.040286049246788025
vit_base,11,506,0.10219699144363403,0.039987605065107346
vit_base,11,507,0.1017981693148613,0.039831552654504776
vit_base,11,508,0.10086234658956528,0.03946538642048836
vit_base,11,509,0.09965457767248154,0.03899281099438667
vit_base,11,510,0.09841691702604294,0.03850853815674782
vit_base,11,511,0.09709223359823227,0.03799021616578102
vit_base,11,512,0.09630406647920609,0.03768182173371315
vit_base,11,513,0.09464138001203537,0.03703124821186066
vit_base,11,514,0.09433400630950928,0.036910977214574814
vit_base,11,515,0.09284970164299011,0.0363302007317543
vit_base,11,516,0.09258478134870529,0.0362265408039093
vit_base,11,517,0.09178419411182404,0.035913288593292236
vit_base,11,518,0.09105469286441803,0.03562784940004349
vit_base,11,519,0.0900963768362999,0.035252880305051804
vit_base,11,520,0.08914346247911453,0.03488002344965935
vit_base,11,521,0.08727895468473434,0.03415048122406006
vit_base,11,522,0.08702100813388824,0.03404955193400383
vit_base,11,523,0.08592868596315384,0.033622149378061295
vit_base,11,524,0.08475804328918457,0.03316409885883331
vit_base,11,525,0.0846807137131691,0.033133842051029205
vit_base,11,526,0.08385834842920303,0.03281206637620926
vit_base,11,527,0.08381061255931854,0.03279338777065277
vit_base,11,528,0.08232741057872772,0.03221304342150688
vit_base,11,529,0.08121462166309357,0.03177763149142265
vit_base,11,530,0.08031238615512848,0.03142460435628891
vit_base,11,531,0.08020193129777908,0.031381383538246155
vit_base,11,532,0.07827813178300858,0.030628642067313194
vit_base,11,533,0.07777087390422821,0.030430162325501442
vit_base,11,534,0.07691513001918793,0.030095325782895088
vit_base,11,535,0.07589805126190186,0.029697364196181297
vit_base,11,536,0.07572688162326813,0.0296303890645504
vit_base,11,537,0.07495468854904175,0.029328245669603348
vit_base,11,538,0.07485444098711014,0.029289020225405693
vit_base,11,539,0.07302601635456085,0.028573594987392426
vit_base,11,540,0.07278667390346527,0.02847994491457939
vit_base,11,541,0.07186257094144821,0.02811836265027523
vit_base,11,542,0.07145348936319351,0.027958298102021217
vit_base,11,543,0.07065102458000183,0.027644310146570206
vit_base,11,544,0.06975441426038742,0.027293484658002853
vit_base,11,545,0.06858769059181213,0.026836968958377838
vit_base,11,546,0.06806691735982895,0.02663320116698742
vit_base,11,547,0.06737586855888367,0.02636280655860901
vit_base,11,548,0.06630520522594452,0.025943879038095474
vit_base,11,549,0.06540541350841522,0.025591809302568436
vit_base,11,550,0.06481212377548218,0.025359665974974632
vit_base,11,551,0.06459905207157135,0.025276295840740204
vit_base,11,552,0.0637233704328537,0.02493365854024887
vit_base,11,553,0.06357260793447495,0.024874668568372726
vit_base,11,554,0.06260930001735687,0.0244977455586195
vit_base,11,555,0.06206325441598892,0.024284088984131813
vit_base,11,556,0.06174599006772041,0.024159951135516167
vit_base,11,557,0.06090986728668213,0.023832792416214943
vit_base,11,558,0.060265056788921356,0.023580491542816162
vit_base,11,559,0.05974963307380676,0.02337881736457348
vit_base,11,560,0.0586816631257534,0.02296094223856926
vit_base,11,561,0.05819258838891983,0.02276957593858242
vit_base,11,562,0.05753643810749054,0.02251283824443817
vit_base,11,563,0.05736310034990311,0.022445015609264374
vit_base,11,564,0.05612461268901825,0.021960420534014702
vit_base,11,565,0.05553535372018814,0.021729854866862297
vit_base,11,566,0.05506007373332977,0.02154388651251793
vit_base,11,567,0.05408087000250816,0.02116074413061142
vit_base,11,568,0.05309631675481796,0.020775509998202324
vit_base,11,569,0.05288061499595642,0.02069110982120037
vit_base,11,570,0.052580513060092926,0.020573684945702553
vit_base,11,571,0.052221331745386124,0.02043314464390278
vit_base,11,572,0.05100492015480995,0.01995718851685524
vit_base,11,573,0.050553061068058014,0.019780384376645088
vit_base,11,574,0.050031132996082306,0.019576165825128555
vit_base,11,575,0.04922962933778763,0.01926255226135254
vit_base,11,576,0.04883227497339249,0.019107075408101082
vit_base,11,577,0.048524100333452225,0.018986493349075317
vit_base,11,578,0.04747079312801361,0.01857435703277588
vit_base,11,579,0.04726846143603325,0.018495187163352966
vit_base,11,580,0.04682595655322075,0.018322044983506203
vit_base,11,581,0.04610153287649155,0.018038593232631683
vit_base,11,582,0.04586963728070259,0.017947856336832047
vit_base,11,583,0.045228153467178345,0.017696857452392578
vit_base,11,584,0.04480474069714546,0.01753118447959423
vit_base,11,585,0.04395127296447754,0.01719724014401436
vit_base,11,586,0.043689046055078506,0.01709463633596897
vit_base,11,587,0.04335557296872139,0.016964154317975044
vit_base,11,588,0.04277949035167694,0.01673874445259571
vit_base,11,589,0.04232453182339668,0.01656072959303856
vit_base,11,590,0.041933316737413406,0.01640765368938446
vit_base,11,591,0.041513409465551376,0.016243353486061096
vit_base,11,592,0.040370501577854156,0.015796156600117683
vit_base,11,593,0.04008309170603752,0.015683699399232864
vit_base,11,594,0.03991011530160904,0.015616016462445259
vit_base,11,595,0.03908542916178703,0.015293333679437637
vit_base,11,596,0.03884999826550484,0.015201214700937271
vit_base,11,597,0.038638319820165634,0.015118389390408993
vit_base,11,598,0.03794761747121811,0.014848130755126476
vit_base,11,599,0.03752201050519943,0.014681600034236908
vit_base,11,600,0.03698880597949028,0.014472967945039272
vit_base,11,601,0.036750681698322296,0.014379794709384441
vit_base,11,602,0.03599466383457184,0.014083979651331902
vit_base,11,603,0.03594433143734932,0.014064285904169083
vit_base,11,604,0.035351380705833435,0.013832276687026024
vit_base,11,605,0.03513107821345329,0.013746076263487339
vit_base,11,606,0.03450271859765053,0.0135002126917243
vit_base,11,607,0.03376898169517517,0.013213115744292736
vit_base,11,608,0.03345838189125061,0.013091584667563438
vit_base,11,609,0.033069685101509094,0.012939495034515858
vit_base,11,610,0.032625433057546616,0.012765668332576752
vit_base,11,611,0.03232550621032715,0.01264831330627203
vit_base,11,612,0.03216439485549927,0.012585273943841457
vit_base,11,613,0.031868770718574524,0.012469601817429066
vit_base,11,614,0.03168609365820885,0.012398123741149902
vit_base,11,615,0.030735893175005913,0.012026330456137657
vit_base,11,616,0.03040732815861702,0.011897768825292587
vit_base,11,617,0.029813511297106743,0.011665420606732368
vit_base,11,618,0.029545502737164497,0.01156055461615324
vit_base,11,619,0.028852121904492378,0.011289248242974281
vit_base,11,620,0.02873420901596546,0.011243111453950405
vit_base,11,621,0.028532693162560463,0.011164262890815735
vit_base,11,622,0.028338439762592316,0.011088254861533642
vit_base,11,623,0.02798042632639408,0.010948171839118004
vit_base,11,624,0.027255874127149582,0.010664669796824455
vit_base,11,625,0.02696743980050087,0.010551811195909977
vit_base,11,626,0.02693456970155239,0.010538949631154537
vit_base,11,627,0.02645782195031643,0.010352407582104206
vit_base,11,628,0.026001201942563057,0.010173741728067398
vit_base,11,629,0.025764036923646927,0.010080943815410137
vit_base,11,630,0.02562308870255947,0.010025793686509132
vit_base,11,631,0.02508530206978321,0.009815368801355362
vit_base,11,632,0.024837780743837357,0.009718518704175949
vit_base,11,633,0.024707378819584846,0.009667495265603065
vit_base,11,634,0.024367937818169594,0.009534678421914577
vit_base,11,635,0.02387380041182041,0.00934133306145668
vit_base,11,636,0.023454969748854637,0.009177452884614468
vit_base,11,637,0.023379230871796608,0.009147817268967628
vit_base,11,638,0.02315017767250538,0.009058194234967232
vit_base,11,639,0.022712357342243195,0.008886883966624737
vit_base,11,640,0.02243504673242569,0.008778377436101437
vit_base,11,641,0.022112775593996048,0.008652279153466225
vit_base,11,642,0.02181428112089634,0.008535484783351421
vit_base,11,643,0.021756526082754135,0.008512886241078377
vit_base,11,644,0.021278174594044685,0.00832571741193533
vit_base,11,645,0.02104814350605011,0.008235710673034191
vit_base,11,646,0.020935775712132454,0.008191742934286594
vit_base,11,647,0.020862095057964325,0.008162913843989372
vit_base,11,648,0.02060675621032715,0.008063004352152348
vit_base,11,649,0.020367039367556572,0.007969208061695099
vit_base,11,650,0.01986641250550747,0.007773323450237513
vit_base,11,651,0.019455526024103165,0.007612551562488079
vit_base,11,652,0.01937815546989441,0.007582278456538916
vit_base,11,653,0.018947405740618706,0.007413734681904316
vit_base,11,654,0.01875685527920723,0.007339176256209612
vit_base,11,655,0.018742062151432037,0.007333387620747089
vit_base,11,656,0.01857275888323784,0.007267143111675978
vit_base,11,657,0.0179396141320467,0.0070194061845541
vit_base,11,658,0.017562706023454666,0.006871929857879877
vit_base,11,659,0.01747399941086769,0.00683722086250782
vit_base,11,660,0.017085229977965355,0.006685103289783001
vit_base,11,661,0.016704564914107323,0.00653615640476346
vit_base,11,662,0.016467537730932236,0.006443412508815527
vit_base,11,663,0.01638892851769924,0.006412654649466276
vit_base,11,664,0.015980681404471397,0.006252915598452091
vit_base,11,665,0.015852732583880424,0.006202851887792349
vit_base,11,666,0.015404338017106056,0.006027404218912125
vit_base,11,667,0.015220851637423038,0.005955609958618879
vit_base,11,668,0.014942853711545467,0.005846834741532803
vit_base,11,669,0.014552218839526176,0.005693987477570772
vit_base,11,670,0.014333907514810562,0.0056085665710270405
vit_base,11,671,0.014313306659460068,0.0056005059741437435
vit_base,11,672,0.014168951660394669,0.005544022656977177
vit_base,11,673,0.013855495490133762,0.005421373527497053
vit_base,11,674,0.013714632019400597,0.005366256460547447
vit_base,11,675,0.013513784855604172,0.005287669133394957
vit_base,11,676,0.013106134720146656,0.005128163844347
vit_base,11,677,0.012857929803431034,0.005031046457588673
vit_base,11,678,0.012706882320344448,0.004971944727003574
vit_base,11,679,0.012494291178882122,0.004888762254267931
vit_base,11,680,0.012472004629671574,0.004880041815340519
vit_base,11,681,0.012220784090459347,0.004781744442880154
vit_base,11,682,0.012138987891376019,0.004749739076942205
vit_base,11,683,0.011724801734089851,0.004587676376104355
vit_base,11,684,0.011473521590232849,0.004489355720579624
vit_base,11,685,0.011014611460268497,0.004309793468564749
vit_base,11,686,0.010808944702148438,0.004229320213198662
vit_base,11,687,0.010730590671300888,0.004198662005364895
vit_base,11,688,0.010509626008570194,0.004112203139811754
vit_base,11,689,0.01021699421107769,0.0039977021515369415
vit_base,11,690,0.01012521330267191,0.003961789887398481
vit_base,11,691,0.009777023456990719,0.0038255504332482815
vit_base,11,692,0.009375764057040215,0.0036685457453131676
vit_base,11,693,0.009362779557704926,0.00366346538066864
vit_base,11,694,0.009138894267380238,0.0035758635494858027
vit_base,11,695,0.009039727970957756,0.003537061857059598
vit_base,11,696,0.008993018418550491,0.0035187853500247
vit_base,11,697,0.008646703325212002,0.00338327931240201
vit_base,11,698,0.008607511408627033,0.0033679441548883915
vit_base,11,699,0.008451912552118301,0.0033070615027099848
vit_base,11,700,0.008252858184278011,0.0032291756942868233
vit_base,11,701,0.008103112690150738,0.003170583164319396
vit_base,11,702,0.008007599040865898,0.003133210586383939
vit_base,11,703,0.007947842590510845,0.00310982926748693
vit_base,11,704,0.007609274238348007,0.0029773542191833258
vit_base,11,705,0.007541668601334095,0.0029509016312658787
vit_base,11,706,0.007169521879404783,0.0028052881825715303
vit_base,11,707,0.007152241189032793,0.0027985265478491783
vit_base,11,708,0.0069701834581792355,0.0027272910811007023
vit_base,11,709,0.006798204965889454,0.0026599992997944355
vit_base,11,710,0.0065927463583648205,0.0025796075351536274
vit_base,11,711,0.006252919789403677,0.002446640282869339
vit_base,11,712,0.006210042629390955,0.0024298634380102158
vit_base,11,713,0.006207000929862261,0.002428673207759857
vit_base,11,714,0.00607147254049778,0.002375643700361252
vit_base,11,715,0.00606708787381649,0.00237392820417881
vit_base,11,716,0.005682429298758507,0.002223419025540352
vit_base,11,717,0.0055503821931779385,0.0021717518102377653
vit_base,11,718,0.005128214601427317,0.0020065661519765854
vit_base,11,719,0.005022384226322174,0.0019651567563414574
vit_base,11,720,0.0049637435004115105,0.0019422118784859776
vit_base,11,721,0.004811613354831934,0.0018826865125447512
vit_base,11,722,0.00473130913451314,0.0018512650858610868
vit_base,11,723,0.0044821868650615215,0.0017537885578349233
vit_base,11,724,0.004467116668820381,0.0017478918889537454
vit_base,11,725,0.00439169118180871,0.0017183794407173991
vit_base,11,726,0.004281119909137487,0.0016751151997596025
vit_base,11,727,0.004218838177621365,0.0016507456311956048
vit_base,11,728,0.004030751530081034,0.0015771511243656278
vit_base,11,729,0.0036687329411506653,0.0014355005696415901
vit_base,11,730,0.0036388610024005175,0.001423812354914844
vit_base,11,731,0.0035313295666128397,0.0013817374128848314
vit_base,11,732,0.0035198121331632137,0.0013772309757769108
vit_base,11,733,0.003298278199508786,0.0012905491748824716
vit_base,11,734,0.0032685366459190845,0.0012789119500666857
vit_base,11,735,0.002969536231830716,0.0011619190918281674
vit_base,11,736,0.0029017901979386806,0.001135411555878818
vit_base,11,737,0.0027280538342893124,0.0010674319928511977
vit_base,11,738,0.002622406231239438,0.0010260941926389933
vit_base,11,739,0.002487987047061324,0.0009734987397678196
vit_base,11,740,0.0023997612297534943,0.0009389777551405132
vit_base,11,741,0.0023746637161821127,0.0009291576570831239
vit_base,11,742,0.0023254973348230124,0.0009099198505282402
vit_base,11,743,0.0022918968461453915,0.0008967726607806981
vit_base,11,744,0.0021951599046587944,0.0008589214412495494
vit_base,11,745,0.001956918276846409,0.0007657023379579186
vit_base,11,746,0.0016954453894868493,0.0006633932935073972
vit_base,11,747,0.0015787193551659584,0.0006177207687869668
vit_base,11,748,0.0014429690781980753,0.0005646044737659395
vit_base,11,749,0.0013799088774248958,0.0005399303045123816
vit_base,11,750,0.0013069645501673222,0.0005113886436447501
vit_base,11,751,0.0012858584523200989,0.0005031302571296692
vit_base,11,752,0.001030659768730402,0.0004032762080896646
vit_base,11,753,0.0008287851233035326,0.0003242867533117533
vit_base,11,754,0.0008259430178441107,0.0003231746959500015
vit_base,11,755,0.0007124610710889101,0.00027877153479494154
vit_base,11,756,0.0006316350772976875,0.0002471459738444537
vit_base,11,757,0.0005979767302051187,0.0002339761413168162
vit_base,11,758,0.0005191940581426024,0.00020315007714089006
vit_base,11,759,0.0004817814042326063,0.00018851127242669463
vit_base,11,760,0.0004641326959244907,0.0001816056901589036
vit_base,11,761,0.00019935298769269139,7.80027694418095e-05
vit_base,11,762,0.0,0.0
vit_base,11,763,0.0,0.0
vit_base,11,764,0.0,0.0
vit_base,11,765,0.0,0.0
vit_base,11,766,0.0,0.0
vit_base,11,767,0.0,0.0
