model_key,depth,token_pattern,feature_dir,scale_s,alpha,margin_damage,logit_l2,kl_divergence,top1_flip_rate,top1_accuracy
deit_small,5,single_central,jac_top,0.0,0.0,0.0,0.0,0.0,0.0,1.0
deit_small,5,single_central,jac_top,0.1,1.6539815902709962,0.0004291486693546176,0.046032682061195374,3.097010676356149e-06,0.0,1.0
deit_small,5,single_central,jac_top,0.25,4.13495397567749,0.001555533381178975,0.11084745824337006,1.773051917552948e-05,0.0,1.0
deit_small,5,single_central,jac_top,0.5,8.26990795135498,0.004492068197578192,0.21664100885391235,6.275578925851732e-05,0.0,1.0
deit_small,5,single_central,jac_top,1.0,16.53981590270996,0.01371435634791851,0.4457286596298218,0.0002249616663902998,0.0,1.0
deit_small,5,single_central,jac_top,2.0,33.07963180541992,0.04837983846664429,1.326698899269104,0.001705361413769424,0.009999999776482582,0.9899999499320984
deit_small,5,single_central,jac_top,4.0,66.15926361083984,0.137891486287117,5.153276443481445,0.011743555776774883,0.029999999329447746,0.9699999690055847
deit_small,5,single_central,jac_null,0.0,0.0,0.0,0.0,0.0,0.0,1.0
deit_small,5,single_central,jac_null,0.1,1.6539815902709962,0.0001615285873413086,0.03172772005200386,8.491508083352528e-07,0.0,1.0
deit_small,5,single_central,jac_null,0.25,4.13495397567749,0.0008190488442778587,0.08331523835659027,6.278492492128862e-06,0.0,1.0
deit_small,5,single_central,jac_null,0.5,8.26990795135498,0.002202057745307684,0.1747022420167923,3.0142724426696077e-05,0.0,1.0
deit_small,5,single_central,jac_null,1.0,16.53981590270996,0.005462589208036661,0.35263341665267944,0.00013449625112116337,0.0,1.0
deit_small,5,single_central,jac_null,2.0,33.07963180541992,0.007330818101763725,1.816711664199829,0.0007758430438116193,0.0,1.0
deit_small,5,single_central,jac_null,4.0,66.15926361083984,-0.019629286602139473,6.294772624969482,0.005598637741059065,0.0,1.0
deit_small,5,single_central,pc1,0.0,0.0,0.0,0.0,0.0,0.0,1.0
deit_small,5,single_central,pc1,0.1,1.6539815902709962,-0.0003812885261140764,0.04727359488606453,1.1690286783050396e-06,0.0,1.0
deit_small,5,single_central,pc1,0.25,4.13495397567749,-0.0011958170216530561,0.13448871672153473,8.982461622508708e-06,0.0,1.0
deit_small,5,single_central,pc1,0.5,8.26990795135498,0.003000659868121147,0.353889524936676,0.00012867727491538972,0.0,1.0
deit_small,5,single_central,pc1,1.0,16.53981590270996,0.00893387757241726,0.5407916307449341,0.00021444469166453928,0.0,1.0
deit_small,5,single_central,pc1,2.0,33.07963180541992,0.010876593180000782,0.615323007106781,0.00026037998031824827,0.0,1.0
deit_small,5,single_central,pc1,4.0,66.15926361083984,0.008373928256332874,0.7395861148834229,0.00031326955650001764,0.0,1.0
deit_small,5,single_central,rand_dir,0.0,0.0,0.0,0.0,0.0,0.0,1.0
deit_small,5,single_central,rand_dir,0.1,1.6539815902709962,0.00013354778639040887,0.031287774443626404,9.034434356181009e-07,0.0,1.0
deit_small,5,single_central,rand_dir,0.25,4.13495397567749,0.0004966735723428428,0.07655463367700577,4.86603448734968e-06,0.0,1.0
deit_small,5,single_central,rand_dir,0.5,8.26990795135498,0.0010836839210242033,0.14637044072151184,1.5482171875191852e-05,0.0,1.0
deit_small,5,single_central,rand_dir,1.0,16.53981590270996,0.002637848723679781,0.25152388215065,4.235813321429305e-05,0.0,1.0
deit_small,5,single_central,rand_dir,2.0,33.07963180541992,0.004666705150157213,0.47457265853881836,0.00018179976905230433,0.0,1.0
deit_small,5,single_central,rand_dir,4.0,66.15926361083984,-0.014527148567140102,1.5996438264846802,0.0006695361225865781,0.0,1.0
deit_small,5,single_central,centroid_dir,0.0,0.0,0.0,0.0,0.0,0.0,1.0
deit_small,5,single_central,centroid_dir,0.1,1.6539815902709962,0.0010661267442628741,0.0684671550989151,8.952338248491287e-06,0.0,1.0
deit_small,5,single_central,centroid_dir,0.25,4.13495397567749,0.0035784149076789618,0.14512933790683746,5.1949544285889715e-05,0.0,1.0
deit_small,5,single_central,centroid_dir,0.5,8.26990795135498,0.007055916823446751,0.21909593045711517,0.00011721294140443206,0.0,1.0
deit_small,5,single_central,centroid_dir,1.0,16.53981590270996,0.010729369707405567,0.2707907259464264,0.00015968739171512425,0.0,1.0
deit_small,5,single_central,centroid_dir,2.0,33.07963180541992,0.011862806975841522,0.2898842990398407,0.00017180759459733963,0.0,1.0
deit_small,5,single_central,centroid_dir,4.0,66.15926361083984,0.011754817329347134,0.2975398898124695,0.00017602115985937417,0.0,1.0
deit_small,5,single_corner,jac_top,0.0,0.0,0.0,0.0,0.0,0.0,1.0
deit_small,5,single_corner,jac_top,0.1,1.6539815902709962,0.0029495859052985907,0.051277097314596176,7.413327693939209e-06,0.0,1.0
deit_small,5,single_corner,jac_top,0.25,4.13495397567749,0.00748239504173398,0.12664932012557983,4.617594095179811e-05,0.0,1.0
deit_small,5,single_corner,jac_top,0.5,8.26990795135498,0.014209508895874023,0.23965004086494446,0.00016227900050580502,0.0,1.0
deit_small,5,single_corner,jac_top,1.0,16.53981590270996,0.02264205925166607,0.4375751316547394,0.00043505072244443,0.0,1.0
deit_small,5,single_corner,jac_top,2.0,33.07963180541992,0.04762990027666092,1.2647461891174316,0.002217540517449379,0.009999999776482582,0.9899999499320984
deit_small,5,single_corner,jac_top,4.0,66.15926361083984,0.14448118209838867,5.606164455413818,0.015608074143528938,0.029999999329447746,0.9699999690055847
deit_small,5,single_corner,jac_null,0.0,0.0,0.0,0.0,0.0,0.0,1.0
deit_small,5,single_corner,jac_null,0.1,1.6539815902709962,-0.00022172450553625822,0.031196128576993942,1.0902608664764557e-06,0.0,1.0
deit_small,5,single_corner,jac_null,0.25,4.13495397567749,-0.0005814170581288636,0.07809893786907196,5.40550536243245e-06,0.0,1.0
deit_small,5,single_corner,jac_null,0.5,8.26990795135498,-0.001436104765161872,0.1569492518901825,1.6474876247229986e-05,0.0,1.0
deit_small,5,single_corner,jac_null,1.0,16.53981590270996,-0.004029636271297932,0.33271926641464233,6.601550558116287e-05,0.0,1.0
deit_small,5,single_corner,jac_null,2.0,33.07963180541992,-0.002753529464825988,2.0916380882263184,0.0010847595985978842,0.0,1.0
deit_small,5,single_corner,jac_null,4.0,66.15926361083984,-0.035943787544965744,7.236509799957275,0.007750899065285921,0.0,1.0
deit_small,5,single_corner,pc1,0.0,0.0,0.0,0.0,0.0,0.0,1.0
deit_small,5,single_corner,pc1,0.1,1.6539815902709962,-0.00014520644617732614,0.0473470576107502,2.160308667953359e-06,0.0,1.0
deit_small,5,single_corner,pc1,0.25,4.13495397567749,-0.0004938411875627935,0.13459467887878418,1.5619218174833804e-05,0.0,1.0
deit_small,5,single_corner,pc1,0.5,8.26990795135498,-0.001442608772777021,0.34980177879333496,6.780894909752533e-05,0.0,1.0
deit_small,5,single_corner,pc1,1.0,16.53981590270996,-0.002337460406124592,0.5459906458854675,0.00011861329403473064,0.0,1.0
deit_small,5,single_corner,pc1,2.0,33.07963180541992,-0.0014179706340655684,0.6213020086288452,0.00016404663620050997,0.0,1.0
deit_small,5,single_corner,pc1,4.0,66.15926361083984,-0.004240493755787611,0.7539039254188538,0.00022920704213902354,0.0,1.0
deit_small,5,single_corner,rand_dir,0.0,0.0,0.0,0.0,0.0,0.0,1.0
deit_small,5,single_corner,rand_dir,0.1,1.6539815902709962,-0.0006463145837187767,0.03455127403140068,1.5659676364521147e-06,0.0,1.0
deit_small,5,single_corner,rand_dir,0.25,4.13495397567749,-0.0016728114569559693,0.08544953912496567,1.027399684971897e-05,0.0,1.0
deit_small,5,single_corner,rand_dir,0.5,8.26990795135498,-0.0037567042745649815,0.15865209698677063,3.694154293043539e-05,0.0,1.0
deit_small,5,single_corner,rand_dir,1.0,16.53981590270996,-0.00885900016874075,0.2610462009906769,0.00010681740968720987,0.0,1.0
deit_small,5,single_corner,rand_dir,2.0,33.07963180541992,-0.013375763781368732,0.49137696623802185,0.00028967324760742486,0.0,1.0
deit_small,5,single_corner,rand_dir,4.0,66.15926361083984,-0.03398413211107254,1.7244797945022583,0.0009178693289868534,0.0,1.0
deit_small,5,single_corner,centroid_dir,0.0,0.0,0.0,0.0,0.0,0.0,1.0
deit_small,5,single_corner,centroid_dir,0.1,1.6539815902709962,-0.00023973941279109567,0.06631246209144592,7.611836736032274e-06,0.0,1.0
deit_small,5,single_corner,centroid_dir,0.25,4.13495397567749,-0.0010388755472376943,0.13521210849285126,3.1185765692498535e-05,0.0,1.0
deit_small,5,single_corner,centroid_dir,0.5,8.26990795135498,-0.0024056672118604183,0.20041051506996155,6.665869295829907e-05,0.0,1.0
deit_small,5,single_corner,centroid_dir,1.0,16.53981590270996,-0.003191986121237278,0.24995164573192596,0.00010221835691481829,0.0,1.0
deit_small,5,single_corner,centroid_dir,2.0,33.07963180541992,-0.003140997840091586,0.2717503011226654,0.00011826087575173005,0.0,1.0
deit_small,5,single_corner,centroid_dir,4.0,66.15926361083984,-0.0032773541752249002,0.2811018228530884,0.0001236739190062508,0.0,1.0
deit_small,5,global_coherent,jac_top,0.0,0.0,0.0,0.0,0.0,0.0,1.0
deit_small,5,global_coherent,jac_top,0.1,1.6539815902709962,0.02943035587668419,0.34998375177383423,0.0009821562562137842,0.009999999776482582,0.9899999499320984
deit_small,5,global_coherent,jac_top,0.25,4.13495397567749,0.07412271201610565,0.8748264312744141,0.005423829425126314,0.019999999552965164,0.9799999594688416
deit_small,5,global_coherent,jac_top,0.5,8.26990795135498,0.146800234913826,1.7465664148330688,0.01650175265967846,0.029999999329447746,0.9699999690055847
deit_small,5,global_coherent,jac_top,1.0,16.53981590270996,0.2745562195777893,3.4599788188934326,0.041692912578582764,0.03999999910593033,0.9599999785423279
deit_small,5,global_coherent,jac_top,2.0,33.07963180541992,0.5012466311454773,6.846705913543701,0.10584767162799835,0.07000000029802322,0.9300000071525574
deit_small,5,global_coherent,jac_top,4.0,66.15926361083984,1.006827712059021,13.949477195739746,0.389628142118454,0.17999999225139618,0.8199999928474426
deit_small,5,global_coherent,jac_null,0.0,0.0,0.0,0.0,0.0,0.0,1.0
deit_small,5,global_coherent,jac_null,0.1,1.6539815902709962,-5.588531166722532e-06,0.10966989398002625,4.064123913849471e-06,0.0,1.0
deit_small,5,global_coherent,jac_null,0.25,4.13495397567749,-3.6034583899891004e-05,0.2745916247367859,2.5469027605140582e-05,0.0,1.0
deit_small,5,global_coherent,jac_null,0.5,8.26990795135498,-0.0001318168651778251,0.550665557384491,0.0001023862132569775,0.0,1.0
deit_small,5,global_coherent,jac_null,1.0,16.53981590270996,-0.0004163837293162942,1.10798180103302,0.00041867527761496603,0.0,1.0
deit_small,5,global_coherent,jac_null,2.0,33.07963180541992,-0.0008143996819853783,2.2486441135406494,0.0018243228551000357,0.0,1.0
deit_small,5,global_coherent,jac_null,4.0,66.15926361083984,0.00394425867125392,4.689558029174805,0.010035903193056583,0.009999999776482582,0.9899999499320984
deit_small,5,global_coherent,pc1,0.0,0.0,0.0,0.0,0.0,0.0,1.0
deit_small,5,global_coherent,pc1,0.1,1.6539815902709962,-0.0018165444489568472,0.11940249800682068,9.26202119444497e-06,0.0,1.0
deit_small,5,global_coherent,pc1,0.25,4.13495397567749,-0.004658560734242201,0.30049437284469604,5.9229638281976804e-05,0.0,1.0
deit_small,5,global_coherent,pc1,0.5,8.26990795135498,-0.009440798312425613,0.609730064868927,0.0002470789768267423,0.0,1.0
deit_small,5,global_coherent,pc1,1.0,16.53981590270996,-0.018308095633983612,1.2497867345809937,0.0010566404089331627,0.0,1.0
deit_small,5,global_coherent,pc1,2.0,33.07963180541992,-0.03326132148504257,2.611865758895874,0.004665505141019821,0.0,1.0
deit_small,5,global_coherent,pc1,4.0,66.15926361083984,-0.02219102345407009,5.80224609375,0.023734457790851593,0.019999999552965164,0.9799999594688416
deit_small,5,global_coherent,rand_dir,0.0,0.0,0.0,0.0,0.0,0.0,1.0
deit_small,5,global_coherent,rand_dir,0.1,1.6539815902709962,-0.004197497386485338,0.15490935742855072,1.6232561392826028e-05,0.0,1.0
deit_small,5,global_coherent,rand_dir,0.25,4.13495397567749,-0.010320520028471947,0.3870958685874939,0.00010193846537731588,0.0,1.0
deit_small,5,global_coherent,rand_dir,0.5,8.26990795135498,-0.020065393298864365,0.7735729217529297,0.0004130749439354986,0.0,1.0
deit_small,5,global_coherent,rand_dir,1.0,16.53981590270996,-0.03773132711648941,1.54380202293396,0.0017103340942412615,0.0,1.0
deit_small,5,global_coherent,rand_dir,2.0,33.07963180541992,-0.06643671542406082,3.067802667617798,0.007559412624686956,0.0,1.0
deit_small,5,global_coherent,rand_dir,4.0,66.15926361083984,-0.1026192232966423,6.060463905334473,0.03669412434101105,0.029999999329447746,0.9699999690055847
deit_small,5,global_coherent,centroid_dir,0.0,0.0,0.0,0.0,0.0,0.0,1.0
deit_small,5,global_coherent,centroid_dir,0.1,1.6539815902709962,-0.0046040965244174,0.2056269347667694,2.8547938200063072e-05,0.0,1.0
deit_small,5,global_coherent,centroid_dir,0.25,4.13495397567749,-0.011196098290383816,0.5102782845497131,0.0001748078502714634,0.0,1.0
deit_small,5,global_coherent,centroid_dir,0.5,8.26990795135498,-0.021237926557660103,1.008222222328186,0.0006772209308110178,0.0,1.0
deit_small,5,global_coherent,centroid_dir,1.0,16.53981590270996,-0.037136610597372055,1.969096302986145,0.0025661862455308437,0.0,1.0
deit_small,5,global_coherent,centroid_dir,2.0,33.07963180541992,-0.05031426250934601,3.768488883972168,0.009663182310760021,0.0,1.0
deit_small,5,global_coherent,centroid_dir,4.0,66.15926361083984,0.0034812975209206343,7.152571201324463,0.04108252376317978,0.029999999329447746,0.9699999690055847
deit_small,5,random_sign,jac_top,0.0,0.0,0.0,0.0,0.0,0.0,1.0
deit_small,5,random_sign,jac_top,0.1,1.6539815902709962,0.000260500906733796,0.059598520398139954,4.817703484150115e-06,0.0,1.0
deit_small,5,random_sign,jac_top,0.25,4.13495397567749,0.0007101965020410717,0.14893241226673126,2.9915812774561346e-05,0.0,1.0
deit_small,5,random_sign,jac_top,0.5,8.26990795135498,0.0016459226608276367,0.2983191907405853,0.00011953931243624538,0.0,1.0
deit_small,5,random_sign,jac_top,1.0,16.53981590270996,0.004389037843793631,0.6058825254440308,0.00048802077071741223,0.0,1.0
deit_small,5,random_sign,jac_top,2.0,33.07963180541992,0.013950500637292862,1.316784381866455,0.0021779669914394617,0.009999999776482582,0.9899999499320984
deit_small,5,random_sign,jac_top,4.0,66.15926361083984,0.04448525980114937,3.732233762741089,0.013301352970302105,0.009999999776482582,0.9899999499320984
deit_small,5,random_sign,jac_null,0.0,0.0,0.0,0.0,0.0,0.0,1.0
deit_small,5,random_sign,jac_null,0.1,1.6539815902709962,0.00012060165317961946,0.04390003904700279,1.2113036973460112e-06,0.0,1.0
deit_small,5,random_sign,jac_null,0.25,4.13495397567749,0.0003099727618973702,0.10979125648736954,7.543060746684205e-06,0.0,1.0
deit_small,5,random_sign,jac_null,0.5,8.26990795135498,0.0006484222249127924,0.2201082557439804,3.0292505471152253e-05,0.0,1.0
deit_small,5,random_sign,jac_null,1.0,16.53981590270996,0.0014425801346078515,0.4450548589229584,0.00012586299271788448,0.0,1.0
deit_small,5,random_sign,jac_null,2.0,33.07963180541992,0.0037762641441076994,0.9302088022232056,0.0005794493481516838,0.0,1.0
deit_small,5,random_sign,jac_null,4.0,66.15926361083984,0.01585782878100872,2.1631734371185303,0.003479092614725232,0.009999999776482582,0.9899999499320984
deit_small,5,random_sign,pc1,0.0,0.0,0.0,0.0,0.0,0.0,1.0
deit_small,5,random_sign,pc1,0.1,1.6539815902709962,-0.00023005485127214342,0.06973343342542648,2.3523996333096875e-06,0.0,1.0
deit_small,5,random_sign,pc1,0.25,4.13495397567749,-0.0009238242637366056,0.17416667938232422,1.453990989830345e-05,0.0,1.0
deit_small,5,random_sign,pc1,0.5,8.26990795135498,-0.0027043246664106846,0.34544509649276733,5.873165719094686e-05,0.0,1.0
deit_small,5,random_sign,pc1,1.0,16.53981590270996,-0.007558727171272039,0.6758198142051697,0.0002377871423959732,0.0,1.0
deit_small,5,random_sign,pc1,2.0,33.07963180541992,-0.019833311438560486,1.3190746307373047,0.0009955614805221558,0.0,1.0
deit_small,5,random_sign,pc1,4.0,66.15926361083984,-0.05076415836811066,2.7948741912841797,0.004521205555647612,0.009999999776482582,0.9899999499320984
deit_small,5,random_sign,rand_dir,0.0,0.0,0.0,0.0,0.0,0.0,1.0
deit_small,5,random_sign,rand_dir,0.1,1.6539815902709962,0.0005165099864825606,0.044581249356269836,1.5915092035356793e-06,0.0,1.0
deit_small,5,random_sign,rand_dir,0.25,4.13495397567749,0.001320156967267394,0.11130177229642868,1.0099093742610421e-05,0.0,1.0
deit_small,5,random_sign,rand_dir,0.5,8.26990795135498,0.002737884409725666,0.22251048684120178,4.131916648475453e-05,0.0,1.0
deit_small,5,random_sign,rand_dir,1.0,16.53981590270996,0.005882873199880123,0.4478514790534973,0.00017787297838367522,0.0,1.0
deit_small,5,random_sign,rand_dir,2.0,33.07963180541992,0.013817839324474335,0.9334428906440735,0.0008666668436489999,0.0,1.0
deit_small,5,random_sign,rand_dir,4.0,66.15926361083984,0.04220762476325035,2.235185146331787,0.00508696585893631,0.009999999776482582,0.9899999499320984
deit_small,5,random_sign,centroid_dir,0.0,0.0,0.0,0.0,0.0,0.0,1.0
deit_small,5,random_sign,centroid_dir,0.1,1.6539815902709962,-0.0013223647838458419,0.12650267779827118,9.95783102553105e-06,0.0,1.0
deit_small,5,random_sign,centroid_dir,0.25,4.13495397567749,-0.0030666349921375513,0.3156324625015259,6.169152038637549e-05,0.0,1.0
deit_small,5,random_sign,centroid_dir,0.5,8.26990795135498,-0.004881210159510374,0.6301124691963196,0.00024432942154817283,0.0,1.0
deit_small,5,random_sign,centroid_dir,1.0,16.53981590270996,-0.0024310206063091755,1.2692774534225464,0.0009621817152947187,0.0,1.0
deit_small,5,random_sign,centroid_dir,2.0,33.07963180541992,0.026452040299773216,2.664090633392334,0.003980572335422039,0.009999999776482582,0.9899999499320984
deit_small,5,random_sign,centroid_dir,4.0,66.15926361083984,0.1519562304019928,6.5529465675354,0.024328656494617462,0.04999999701976776,0.949999988079071
deit_small,5,random_gaussian,jac_top,0.0,0.0,0.0,0.0,0.0,0.0,1.0
deit_small,5,random_gaussian,jac_top,0.1,1.6539815902709962,0.001965475035831332,0.062265608459711075,3.6586773148883367e-06,0.0,1.0
deit_small,5,random_gaussian,jac_top,0.25,4.13495397567749,0.005039028823375702,0.15618981420993805,2.2559868739335798e-05,0.0,1.0
deit_small,5,random_gaussian,jac_top,0.5,8.26990795135498,0.010466051287949085,0.3149750530719757,8.941258420236409e-05,0.0,1.0
deit_small,5,random_gaussian,jac_top,1.0,16.53981590270996,0.02195928990840912,0.6456933617591858,0.0003499701269902289,0.0,1.0
deit_small,5,random_gaussian,jac_top,2.0,33.07963180541992,0.04752955213189125,1.4008315801620483,0.0014902217080816627,0.009999999776482582,0.9899999499320984
deit_small,5,random_gaussian,jac_top,4.0,66.15926361083984,0.11203131079673767,3.885181188583374,0.009427917189896107,0.0,1.0
deit_small,5,random_gaussian,jac_null,0.0,0.0,0.0,0.0,0.0,0.0,1.0
deit_small,5,random_gaussian,jac_null,0.1,1.6539815902709962,-0.0006341218831948936,0.042123373597860336,1.4304299611467286e-06,0.0,1.0
deit_small,5,random_gaussian,jac_null,0.25,4.13495397567749,-0.0015607881359755993,0.10542598366737366,8.916924343793653e-06,0.0,1.0
deit_small,5,random_gaussian,jac_null,0.5,8.26990795135498,-0.0030325555708259344,0.21163246035575867,3.585747253964655e-05,0.0,1.0
deit_small,5,random_gaussian,jac_null,1.0,16.53981590270996,-0.005656380672007799,0.42924079298973083,0.00014767311222385615,0.0,1.0
deit_small,5,random_gaussian,jac_null,2.0,33.07963180541992,-0.008847374469041824,0.9041626453399658,0.0006629073759540915,0.0,1.0
deit_small,5,random_gaussian,jac_null,4.0,66.15926361083984,-0.0009942817268893123,2.1070234775543213,0.003682343987748027,0.009999999776482582,0.9899999499320984
deit_small,5,random_gaussian,pc1,0.0,0.0,0.0,0.0,0.0,0.0,1.0
deit_small,5,random_gaussian,pc1,0.1,1.6539815902709962,-0.0006711673340760171,0.06602919846773148,2.011896640397026e-06,0.0,1.0
deit_small,5,random_gaussian,pc1,0.25,4.13495397567749,-0.0018046617042273283,0.16546016931533813,1.2130127288401127e-05,0.0,1.0
deit_small,5,random_gaussian,pc1,0.5,8.26990795135498,-0.003824214916676283,0.3355339467525482,4.68133766844403e-05,0.0,1.0
deit_small,5,random_gaussian,pc1,1.0,16.53981590270996,-0.006925282534211874,0.6853697896003723,0.0001788469380699098,0.0,1.0
deit_small,5,random_gaussian,pc1,2.0,33.07963180541992,-0.011625881306827068,1.372135877609253,0.0006973236449994147,0.0,1.0
deit_small,5,random_gaussian,pc1,4.0,66.15926361083984,-0.003284892998635769,2.7480971813201904,0.003085602540522814,0.0,1.0
deit_small,5,random_gaussian,rand_dir,0.0,0.0,0.0,0.0,0.0,0.0,1.0
deit_small,5,random_gaussian,rand_dir,0.1,1.6539815902709962,0.00018335341883357614,0.04644725099205971,1.655602773098508e-06,0.0,1.0
deit_small,5,random_gaussian,rand_dir,0.25,4.13495397567749,0.0005621862364932895,0.11600322276353836,1.0218913303106092e-05,0.0,1.0
deit_small,5,random_gaussian,rand_dir,0.5,8.26990795135498,0.001453294767998159,0.23206013441085815,4.139158772886731e-05,0.0,1.0
deit_small,5,random_gaussian,rand_dir,1.0,16.53981590270996,0.004107294138520956,0.4672778248786926,0.00017465627752244473,0.0,1.0
deit_small,5,random_gaussian,rand_dir,2.0,33.07963180541992,0.012811493128538132,0.9671931266784668,0.000812027370557189,0.0,1.0
deit_small,5,random_gaussian,rand_dir,4.0,66.15926361083984,0.04591239243745804,2.249116897583008,0.004533639643341303,0.009999999776482582,0.9899999499320984
deit_small,5,random_gaussian,centroid_dir,0.0,0.0,0.0,0.0,0.0,0.0,1.0
deit_small,5,random_gaussian,centroid_dir,0.1,1.6539815902709962,0.0017412566812708974,0.1324595957994461,1.2057926142006181e-05,0.0,1.0
deit_small,5,random_gaussian,centroid_dir,0.25,4.13495397567749,0.004769487306475639,0.33158957958221436,7.441721390932798e-05,0.0,1.0
deit_small,5,random_gaussian,centroid_dir,0.5,8.26990795135498,0.010867004282772541,0.6629493832588196,0.0002929149486590177,0.0,1.0
deit_small,5,random_gaussian,centroid_dir,1.0,16.53981590270996,0.026130113750696182,1.334403395652771,0.0011436037020757794,0.0,1.0
deit_small,5,random_gaussian,centroid_dir,2.0,33.07963180541992,0.06317358464002609,2.795109748840332,0.004461809992790222,0.0,1.0
deit_small,5,random_gaussian,centroid_dir,4.0,66.15926361083984,0.1559658646583557,6.956110000610352,0.021895630285143852,0.019999999552965164,0.9799999594688416
deit_small,5,spatial_cluster_25%,jac_top,0.0,0.0,0.0,0.0,0.0,0.0,1.0
deit_small,5,spatial_cluster_25%,jac_top,0.1,1.6539815902709962,0.022266749292612076,0.24367526173591614,0.0006073398981243372,0.009999999776482582,0.9899999499320984
deit_small,5,spatial_cluster_25%,jac_top,0.25,4.13495397567749,0.05652250349521637,0.6096057295799255,0.0035566824954003096,0.019999999552965164,0.9799999594688416
deit_small,5,spatial_cluster_25%,jac_top,0.5,8.26990795135498,0.11415085196495056,1.2192350625991821,0.01185712032020092,0.029999999329447746,0.9699999690055847
deit_small,5,spatial_cluster_25%,jac_top,1.0,16.53981590270996,0.22164809703826904,2.4236583709716797,0.032265327870845795,0.029999999329447746,0.9699999690055847
deit_small,5,spatial_cluster_25%,jac_top,2.0,33.07963180541992,0.4073905050754547,4.779535293579102,0.07802510261535645,0.04999999701976776,0.949999988079071
deit_small,5,spatial_cluster_25%,jac_top,4.0,66.15926361083984,0.7746447324752808,9.59560489654541,0.2245769500732422,0.12999999523162842,0.8700000047683716
deit_small,5,spatial_cluster_25%,jac_null,0.0,0.0,0.0,0.0,0.0,0.0,1.0
deit_small,5,spatial_cluster_25%,jac_null,0.1,1.6539815902709962,-0.0009414672385901213,0.09260249882936478,5.684476036549313e-06,0.0,1.0
deit_small,5,spatial_cluster_25%,jac_null,0.25,4.13495397567749,-0.0023288154043257236,0.232230544090271,3.5551784094423056e-05,0.0,1.0
deit_small,5,spatial_cluster_25%,jac_null,0.5,8.26990795135498,-0.004543557297438383,0.46707427501678467,0.00014376550097949803,0.0,1.0
deit_small,5,spatial_cluster_25%,jac_null,1.0,16.53981590270996,-0.00836662296205759,0.9459582567214966,0.0005945112206973135,0.0,1.0
deit_small,5,spatial_cluster_25%,jac_null,2.0,33.07963180541992,-0.011651439592242241,1.9522370100021362,0.002651700284332037,0.0,1.0
deit_small,5,spatial_cluster_25%,jac_null,4.0,66.15926361083984,0.018836455419659615,4.300051689147949,0.01483248546719551,0.009999999776482582,0.9899999499320984
deit_small,5,spatial_cluster_25%,pc1,0.0,0.0,0.0,0.0,0.0,0.0,1.0
deit_small,5,spatial_cluster_25%,pc1,0.1,1.6539815902709962,-0.000865669222548604,0.10692144185304642,7.288651431736071e-06,0.0,1.0
deit_small,5,spatial_cluster_25%,pc1,0.25,4.13495397567749,-0.002246212912723422,0.268341064453125,4.5882836275268346e-05,0.0,1.0
deit_small,5,spatial_cluster_25%,pc1,0.5,8.26990795135498,-0.004503326490521431,0.5419644713401794,0.0001881553907878697,0.0,1.0
deit_small,5,spatial_cluster_25%,pc1,1.0,16.53981590270996,-0.008880757726728916,1.116078495979309,0.0008050018223002553,0.0,1.0
deit_small,5,spatial_cluster_25%,pc1,2.0,33.07963180541992,-0.019001951441168785,2.3231589794158936,0.0036812066100537777,0.0,1.0
deit_small,5,spatial_cluster_25%,pc1,4.0,66.15926361083984,-0.0160935390740633,5.157376766204834,0.016007430851459503,0.019999999552965164,0.9799999594688416
deit_small,5,spatial_cluster_25%,rand_dir,0.0,0.0,0.0,0.0,0.0,0.0,1.0
deit_small,5,spatial_cluster_25%,rand_dir,0.1,1.6539815902709962,-0.0034049558453261852,0.11265701055526733,1.4006625860929489e-05,0.0,1.0
deit_small,5,spatial_cluster_25%,rand_dir,0.25,4.13495397567749,-0.008341126143932343,0.2809203565120697,8.551440987503156e-05,0.0,1.0
deit_small,5,spatial_cluster_25%,rand_dir,0.5,8.26990795135498,-0.01613716036081314,0.5594006180763245,0.0003311482141725719,0.0,1.0
deit_small,5,spatial_cluster_25%,rand_dir,1.0,16.53981590270996,-0.030153021216392517,1.1096293926239014,0.001251280540600419,0.0,1.0
deit_small,5,spatial_cluster_25%,rand_dir,2.0,33.07963180541992,-0.0506816990673542,2.1883456707000732,0.004652103409171104,0.0,1.0
deit_small,5,spatial_cluster_25%,rand_dir,4.0,66.15926361083984,-0.05198347941040993,4.347980976104736,0.01822374016046524,0.0,1.0
deit_small,5,spatial_cluster_25%,centroid_dir,0.0,0.0,0.0,0.0,0.0,0.0,1.0
deit_small,5,spatial_cluster_25%,centroid_dir,0.1,1.6539815902709962,-0.00645664194598794,0.19259127974510193,4.273262675269507e-05,0.0,1.0
deit_small,5,spatial_cluster_25%,centroid_dir,0.25,4.13495397567749,-0.0154437106102705,0.4741407036781311,0.0002624526678118855,0.0,1.0
deit_small,5,spatial_cluster_25%,centroid_dir,0.5,8.26990795135498,-0.028197988867759705,0.9247987866401672,0.0010140833910554647,0.0,1.0
deit_small,5,spatial_cluster_25%,centroid_dir,1.0,16.53981590270996,-0.043617743998765945,1.7497354745864868,0.0037242393009364605,0.0,1.0
deit_small,5,spatial_cluster_25%,centroid_dir,2.0,33.07963180541992,-0.03549117594957352,3.172666549682617,0.01248506736010313,0.0,1.0
deit_small,5,spatial_cluster_25%,centroid_dir,4.0,66.15926361083984,0.09553979337215424,5.575406551361084,0.04910523444414139,0.029999999329447746,0.9699999690055847
deit_small,5,checkerboard,jac_top,0.0,0.0,0.0,0.0,0.0,0.0,1.0
deit_small,5,checkerboard,jac_top,0.1,1.6539815902709962,0.001477255835197866,0.04899454116821289,2.492489329597447e-06,0.0,1.0
deit_small,5,checkerboard,jac_top,0.25,4.13495397567749,0.003777208272367716,0.12261287122964859,1.5061697922647e-05,0.0,1.0
deit_small,5,checkerboard,jac_top,0.5,8.26990795135498,0.007837838493287563,0.24667640030384064,5.8411762438481674e-05,0.0,1.0
deit_small,5,checkerboard,jac_top,1.0,16.53981590270996,0.01674491912126541,0.5079747438430786,0.0002262963680550456,0.0,1.0
deit_small,5,checkerboard,jac_top,2.0,33.07963180541992,0.036859799176454544,1.1522579193115234,0.0009432341903448105,0.009999999776482582,0.9899999499320984
deit_small,5,checkerboard,jac_top,4.0,66.15926361083984,0.0891912430524826,3.638603925704956,0.007638191804289818,0.019999999552965164,0.9799999594688416
deit_small,5,checkerboard,jac_null,0.0,0.0,0.0,0.0,0.0,0.0,1.0
deit_small,5,checkerboard,jac_null,0.1,1.6539815902709962,-0.00035433768061921,0.03714286908507347,1.4823372112005018e-06,0.0,1.0
deit_small,5,checkerboard,jac_null,0.25,4.13495397567749,-0.0008619356085546315,0.0927928164601326,9.004747880680952e-06,0.0,1.0
deit_small,5,checkerboard,jac_null,0.5,8.26990795135498,-0.0016403389163315296,0.18592795729637146,3.590653432183899e-05,0.0,1.0
deit_small,5,checkerboard,jac_null,1.0,16.53981590270996,-0.002907881746068597,0.37731775641441345,0.000145109006552957,0.0,1.0
deit_small,5,checkerboard,jac_null,2.0,33.07963180541992,-0.003879284719005227,0.8061052560806274,0.0006222450756467879,0.0,1.0
deit_small,5,checkerboard,jac_null,4.0,66.15926361083984,0.004470739047974348,1.9888635873794556,0.003361217211931944,0.0,1.0
deit_small,5,checkerboard,pc1,0.0,0.0,0.0,0.0,0.0,0.0,1.0
deit_small,5,checkerboard,pc1,0.1,1.6539815902709962,-0.001463608699850738,0.06582354754209518,2.9018240184086608e-06,0.0,1.0
deit_small,5,checkerboard,pc1,0.25,4.13495397567749,-0.003969092387706041,0.16375936567783356,1.7822914742282592e-05,0.0,1.0
deit_small,5,checkerboard,pc1,0.5,8.26990795135498,-0.008684219792485237,0.32531028985977173,6.925355410203338e-05,0.0,1.0
deit_small,5,checkerboard,pc1,1.0,16.53981590270996,-0.018164820969104767,0.6461674571037292,0.0002595418773125857,0.0,1.0
deit_small,5,checkerboard,pc1,2.0,33.07963180541992,-0.03676948323845863,1.299410104751587,0.000936129130423069,0.0,1.0
deit_small,5,checkerboard,pc1,4.0,66.15926361083984,-0.07210302352905273,2.6584129333496094,0.0035112272016704082,0.0,1.0
deit_small,5,checkerboard,rand_dir,0.0,0.0,0.0,0.0,0.0,0.0,1.0
deit_small,5,checkerboard,rand_dir,0.1,1.6539815902709962,0.00044927120325155556,0.04024827480316162,1.6388902395192417e-06,0.0,1.0
deit_small,5,checkerboard,rand_dir,0.25,4.13495397567749,0.0011590194189921021,0.10092395544052124,1.0238084541924763e-05,0.0,1.0
deit_small,5,checkerboard,rand_dir,0.5,8.26990795135498,0.002429862041026354,0.20338286459445953,4.202239142614417e-05,0.0,1.0
deit_small,5,checkerboard,rand_dir,1.0,16.53981590270996,0.005245656706392765,0.41657400131225586,0.00018083627219311893,0.0,1.0
deit_small,5,checkerboard,rand_dir,2.0,33.07963180541992,0.01170732919126749,0.8974607586860657,0.0008468292653560638,0.009999999776482582,0.9899999499320984
deit_small,5,checkerboard,rand_dir,4.0,66.15926361083984,0.03163222596049309,2.196671962738037,0.00425448315218091,0.009999999776482582,0.9899999499320984
deit_small,5,checkerboard,centroid_dir,0.0,0.0,0.0,0.0,0.0,0.0,1.0
deit_small,5,checkerboard,centroid_dir,0.1,1.6539815902709962,-0.0024209164548665285,0.11794888228178024,7.778919098200276e-06,0.0,1.0
deit_small,5,checkerboard,centroid_dir,0.25,4.13495397567749,-0.0056954906322062016,0.2959592938423157,4.769221777678467e-05,0.0,1.0
deit_small,5,checkerboard,centroid_dir,0.5,8.26990795135498,-0.010144762694835663,0.5971033573150635,0.0001858463801909238,0.0,1.0
deit_small,5,checkerboard,centroid_dir,1.0,16.53981590270996,-0.014741468243300915,1.2270572185516357,0.0007214085781015456,0.0,1.0
deit_small,5,checkerboard,centroid_dir,2.0,33.07963180541992,-0.005455565173178911,2.670722484588623,0.0030422781128436327,0.0,1.0
deit_small,5,checkerboard,centroid_dir,4.0,66.15926361083984,0.07123757898807526,6.584483623504639,0.01968981884419918,0.029999999329447746,0.9699999690055847
deit_small,5,smooth_spatial,jac_top,0.0,0.0,0.0,0.0,0.0,0.0,1.0
deit_small,5,smooth_spatial,jac_top,0.1,1.6539815902709962,-0.0007213783101178706,0.0863935798406601,6.084917004045565e-06,0.0,1.0
deit_small,5,smooth_spatial,jac_top,0.25,4.13495397567749,-0.0016988991992548108,0.21599943935871124,3.757352533284575e-05,0.0,1.0
deit_small,5,smooth_spatial,jac_top,0.5,8.26990795135498,-0.0030181072652339935,0.4329255223274231,0.0001497372577432543,0.0,1.0
deit_small,5,smooth_spatial,jac_top,1.0,16.53981590270996,-0.004344634711742401,0.8754298686981201,0.0006120846373960376,0.0,1.0
deit_small,5,smooth_spatial,jac_top,2.0,33.07963180541992,-0.0022443770430982113,1.8669679164886475,0.0028231965843588114,0.0,1.0
deit_small,5,smooth_spatial,jac_top,4.0,66.15926361083984,0.015138539485633373,5.0540995597839355,0.016576969996094704,0.009999999776482582,0.9899999499320984
deit_small,5,smooth_spatial,jac_null,0.0,0.0,0.0,0.0,0.0,0.0,1.0
deit_small,5,smooth_spatial,jac_null,0.1,1.6539815902709962,0.0005953359650447965,0.05700463056564331,2.7634062007564353e-06,0.0,1.0
deit_small,5,smooth_spatial,jac_null,0.25,4.13495397567749,0.0015736388741061091,0.14263774454593658,1.7064456187654287e-05,0.0,1.0
deit_small,5,smooth_spatial,jac_null,0.5,8.26990795135498,0.0034402322489768267,0.2860200107097626,6.867328193038702e-05,0.0,1.0
deit_small,5,smooth_spatial,jac_null,1.0,16.53981590270996,0.008094978518784046,0.5774276852607727,0.00027981787570752203,0.0,1.0
deit_small,5,smooth_spatial,jac_null,2.0,33.07963180541992,0.020958632230758667,1.1945000886917114,0.001183545682579279,0.009999999776482582,0.9899999499320984
deit_small,5,smooth_spatial,jac_null,4.0,66.15926361083984,0.055294621735811234,2.660850763320923,0.005435113795101643,0.009999999776482582,0.9899999499320984
deit_small,5,smooth_spatial,pc1,0.0,0.0,0.0,0.0,0.0,0.0,1.0
deit_small,5,smooth_spatial,pc1,0.1,1.6539815902709962,0.0006935691926628351,0.08823180943727493,4.728960448119324e-06,0.0,1.0
deit_small,5,smooth_spatial,pc1,0.25,4.13495397567749,0.0015020418213680387,0.22245192527770996,2.9961587642901577e-05,0.0,1.0
deit_small,5,smooth_spatial,pc1,0.5,8.26990795135498,0.0022626733407378197,0.4527425765991211,0.00012487760977819562,0.0,1.0
deit_small,5,smooth_spatial,pc1,1.0,16.53981590270996,0.0024378965608775616,0.9079934358596802,0.0005118953413330019,0.0,1.0
deit_small,5,smooth_spatial,pc1,2.0,33.07963180541992,-0.0037598370108753443,1.796346664428711,0.001959378132596612,0.0,1.0
deit_small,5,smooth_spatial,pc1,4.0,66.15926361083984,-0.012381205335259438,3.463139533996582,0.007217980921268463,0.009999999776482582,0.9899999499320984
deit_small,5,smooth_spatial,rand_dir,0.0,0.0,0.0,0.0,0.0,0.0,1.0
deit_small,5,smooth_spatial,rand_dir,0.1,1.6539815902709962,0.00015470980724785477,0.05798539146780968,3.7284089557942934e-06,0.0,1.0
deit_small,5,smooth_spatial,rand_dir,0.25,4.13495397567749,0.0004411077534314245,0.1451406627893448,2.341311119380407e-05,0.0,1.0
deit_small,5,smooth_spatial,rand_dir,0.5,8.26990795135498,0.001065754913724959,0.2914031445980072,9.515879355603829e-05,0.0,1.0
deit_small,5,smooth_spatial,rand_dir,1.0,16.53981590270996,0.0028952311258763075,0.5909810066223145,0.00039266084786504507,0.0,1.0
deit_small,5,smooth_spatial,rand_dir,2.0,33.07963180541992,0.009385790675878525,1.242418646812439,0.0016562489327043295,0.0,1.0
deit_small,5,smooth_spatial,rand_dir,4.0,66.15926361083984,0.039381466805934906,2.8384289741516113,0.0073064398020505905,0.009999999776482582,0.9899999499320984
deit_small,5,smooth_spatial,centroid_dir,0.0,0.0,0.0,0.0,0.0,0.0,1.0
deit_small,5,smooth_spatial,centroid_dir,0.1,1.6539815902709962,0.0007961654337123036,0.14611102640628815,1.372092174278805e-05,0.0,1.0
deit_small,5,smooth_spatial,centroid_dir,0.25,4.13495397567749,0.002006311435252428,0.3642074167728424,8.37976549519226e-05,0.0,1.0
deit_small,5,smooth_spatial,centroid_dir,0.5,8.26990795135498,0.004189119208604097,0.7266717553138733,0.0003256697382312268,0.0,1.0
deit_small,5,smooth_spatial,centroid_dir,1.0,16.53981590270996,0.009225158020853996,1.4607219696044922,0.001252140966244042,0.0,1.0
deit_small,5,smooth_spatial,centroid_dir,2.0,33.07963180541992,0.02688400261104107,3.110950469970703,0.005122766364365816,0.009999999776482582,0.9899999499320984
deit_small,5,smooth_spatial,centroid_dir,4.0,66.15926361083984,0.05828680470585823,7.851726055145264,0.026260003447532654,0.009999999776482582,0.9899999499320984
deit_small,8,single_central,jac_top,0.0,0.0,0.0,0.0,0.0,0.0,1.0
deit_small,8,single_central,jac_top,0.1,3.0932895660400392,0.00014754771837033331,0.04499812051653862,1.5888734878899413e-06,0.0,1.0
deit_small,8,single_central,jac_top,0.25,7.733223915100098,0.002131666988134384,0.13623975217342377,1.3982802556711249e-05,0.0,1.0
deit_small,8,single_central,jac_top,0.5,15.466447830200195,0.010670866817235947,0.416561484336853,0.00012763444101437926,0.0,1.0
deit_small,8,single_central,jac_top,1.0,30.93289566040039,0.04329170659184456,1.505630612373352,0.001406865194439888,0.0,1.0
deit_small,8,single_central,jac_top,2.0,61.86579132080078,0.22119177877902985,4.500845432281494,0.022311892360448837,0.019999999552965164,0.9799999594688416
deit_small,8,single_central,jac_top,4.0,123.73158264160156,1.0149118900299072,10.143183708190918,0.4996894598007202,0.04999999701976776,0.949999988079071
deit_small,8,single_central,jac_null,0.0,0.0,0.0,0.0,0.0,0.0,1.0
deit_small,8,single_central,jac_null,0.1,3.0932895660400392,0.00011301040649414062,0.023480163887143135,4.4899758222527453e-07,0.0,1.0
deit_small,8,single_central,jac_null,0.25,7.733223915100098,0.0006046867347322404,0.06333041936159134,3.320802761663799e-06,0.0,1.0
deit_small,8,single_central,jac_null,0.5,15.466447830200195,0.0021814394276589155,0.1524406522512436,2.0981651687179692e-05,0.0,1.0
deit_small,8,single_central,jac_null,1.0,30.93289566040039,0.004190258681774139,0.5424133539199829,0.00016488038818351924,0.0,1.0
deit_small,8,single_central,jac_null,2.0,61.86579132080078,0.0020271444227546453,2.2588210105895996,0.0014306969242170453,0.0,1.0
deit_small,8,single_central,jac_null,4.0,123.73158264160156,0.03872977942228317,5.522594451904297,0.009984597563743591,0.0,1.0
deit_small,8,single_central,pc1,0.0,0.0,0.0,0.0,0.0,0.0,1.0
deit_small,8,single_central,pc1,0.1,3.0932895660400392,-0.0004959774087183177,0.022352857515215874,5.84586530294473e-07,0.0,1.0
deit_small,8,single_central,pc1,0.25,7.733223915100098,-0.0006992292474023998,0.05706200376152992,2.6669631552067585e-06,0.0,1.0
deit_small,8,single_central,pc1,0.5,15.466447830200195,0.000610299117397517,0.12258439511060715,9.475126717006788e-06,0.0,1.0
deit_small,8,single_central,pc1,1.0,30.93289566040039,0.0058095455169677734,0.2911543548107147,5.70593292650301e-05,0.0,1.0
deit_small,8,single_central,pc1,2.0,61.86579132080078,0.012920159846544266,0.5910512208938599,0.00013879037578590214,0.0,1.0
deit_small,8,single_central,pc1,4.0,123.73158264160156,0.014584140852093697,0.9132413864135742,0.0002493273641448468,0.0,1.0
deit_small,8,single_central,rand_dir,0.0,0.0,0.0,0.0,0.0,0.0,1.0
deit_small,8,single_central,rand_dir,0.1,3.0932895660400392,-5.673408304573968e-05,0.02421068213880062,4.35999226056083e-07,0.0,1.0
deit_small,8,single_central,rand_dir,0.25,7.733223915100098,0.0003818416444119066,0.05590220168232918,2.8589170142367948e-06,0.0,1.0
deit_small,8,single_central,rand_dir,0.5,15.466447830200195,0.002109575318172574,0.10387642681598663,1.770041126292199e-05,0.0,1.0
deit_small,8,single_central,rand_dir,1.0,30.93289566040039,0.003394174389541149,0.2450028359889984,6.755672075087205e-05,0.0,1.0
deit_small,8,single_central,rand_dir,2.0,61.86579132080078,-0.007293505594134331,0.8668809533119202,0.00021733451285399497,0.0,1.0
deit_small,8,single_central,rand_dir,4.0,123.73158264160156,-0.036069583147764206,1.9387686252593994,0.0008295068982988596,0.0,1.0
deit_small,8,single_central,centroid_dir,0.0,0.0,0.0,0.0,0.0,0.0,1.0
deit_small,8,single_central,centroid_dir,0.1,3.0932895660400392,0.0027451037894934416,0.0759529396891594,1.6813808542792685e-05,0.0,1.0
deit_small,8,single_central,centroid_dir,0.25,7.733223915100098,0.005864052567631006,0.1266537457704544,6.669409776804969e-05,0.0,1.0
deit_small,8,single_central,centroid_dir,0.5,15.466447830200195,0.007940263487398624,0.1536453366279602,0.0001123112378991209,0.0,1.0
deit_small,8,single_central,centroid_dir,1.0,30.93289566040039,0.008537434972822666,0.16291354596614838,0.00012636772589758039,0.0,1.0
deit_small,8,single_central,centroid_dir,2.0,61.86579132080078,0.008650689385831356,0.16498035192489624,0.00012822687858715653,0.0,1.0
deit_small,8,single_central,centroid_dir,4.0,123.73158264160156,0.008667259477078915,0.16561207175254822,0.0001285047474084422,0.0,1.0
deit_small,8,single_corner,jac_top,0.0,0.0,0.0,0.0,0.0,0.0,1.0
deit_small,8,single_corner,jac_top,0.1,3.0932895660400392,0.0009558963356539607,0.03226469084620476,8.218502216550405e-07,0.0,1.0
deit_small,8,single_corner,jac_top,0.25,7.733223915100098,0.0031668234150856733,0.10881185531616211,9.34075524128275e-06,0.0,1.0
deit_small,8,single_corner,jac_top,0.5,15.466447830200195,0.0105313491076231,0.3981516659259796,0.00011382106458768249,0.0,1.0
deit_small,8,single_corner,jac_top,1.0,30.93289566040039,0.050442833453416824,1.682842493057251,0.0018819639226421714,0.0,1.0
deit_small,8,single_corner,jac_top,2.0,61.86579132080078,0.23938003182411194,4.847281455993652,0.023841308429837227,0.029999999329447746,0.9699999690055847
deit_small,8,single_corner,jac_top,4.0,123.73158264160156,1.042829990386963,10.39749526977539,0.5395314693450928,0.04999999701976776,0.949999988079071
deit_small,8,single_corner,jac_null,0.0,0.0,0.0,0.0,0.0,0.0,1.0
deit_small,8,single_corner,jac_null,0.1,3.0932895660400392,0.00028323649894446135,0.018983256071805954,3.653671569736616e-07,0.0,1.0
deit_small,8,single_corner,jac_null,0.25,7.733223915100098,0.0008303022477775812,0.055686380714178085,2.9978295970067848e-06,0.0,1.0
deit_small,8,single_corner,jac_null,0.5,15.466447830200195,0.002067351248115301,0.15536610782146454,1.977631836780347e-05,0.0,1.0
deit_small,8,single_corner,jac_null,1.0,30.93289566040039,0.0049086762592196465,0.6452470421791077,0.00018264255777467042,0.0,1.0
deit_small,8,single_corner,jac_null,2.0,61.86579132080078,0.004368390887975693,2.670414686203003,0.0017577916150912642,0.0,1.0
deit_small,8,single_corner,jac_null,4.0,123.73158264160156,0.04173965007066727,5.904576301574707,0.0095841558650136,0.009999999776482582,0.9899999499320984
deit_small,8,single_corner,pc1,0.0,0.0,0.0,0.0,0.0,0.0,1.0
deit_small,8,single_corner,pc1,0.1,3.0932895660400392,0.00026178837288171053,0.019521541893482208,2.8720359068756807e-07,0.0,1.0
deit_small,8,single_corner,pc1,0.25,7.733223915100098,0.0006137799937278032,0.05334900692105293,1.8767965457300306e-06,0.0,1.0
deit_small,8,single_corner,pc1,0.5,15.466447830200195,0.0012236738111823797,0.12184600532054901,8.075814548647031e-06,0.0,1.0
deit_small,8,single_corner,pc1,1.0,30.93289566040039,0.003181314328685403,0.30325064063072205,3.101013498962857e-05,0.0,1.0
deit_small,8,single_corner,pc1,2.0,61.86579132080078,0.006177577655762434,0.5902674198150635,7.579143857583404e-05,0.0,1.0
deit_small,8,single_corner,pc1,4.0,123.73158264160156,0.005453076213598251,0.8963234424591064,0.00017659342847764492,0.0,1.0
deit_small,8,single_corner,rand_dir,0.0,0.0,0.0,0.0,0.0,0.0,1.0
deit_small,8,single_corner,rand_dir,0.1,3.0932895660400392,-0.0008440398960374296,0.02034476213157177,3.9795062889425026e-07,0.0,1.0
deit_small,8,single_corner,rand_dir,0.25,7.733223915100098,-0.001950817066244781,0.045402105897665024,1.8061115270029404e-06,0.0,1.0
deit_small,8,single_corner,rand_dir,0.5,15.466447830200195,-0.00339523795992136,0.08013121783733368,5.219513241172535e-06,0.0,1.0
deit_small,8,single_corner,rand_dir,1.0,30.93289566040039,-0.005908655934035778,0.20634245872497559,2.3353941287496127e-05,0.0,1.0
deit_small,8,single_corner,rand_dir,2.0,61.86579132080078,-0.017705030739307404,0.8495965600013733,0.00019502200302667916,0.0,1.0
deit_small,8,single_corner,rand_dir,4.0,123.73158264160156,-0.04607505351305008,1.9173671007156372,0.0008584650349803269,0.0,1.0
deit_small,8,single_corner,centroid_dir,0.0,0.0,0.0,0.0,0.0,0.0,1.0
deit_small,8,single_corner,centroid_dir,0.1,3.0932895660400392,-0.0023175382521003485,0.06116190180182457,3.4017348298220895e-06,0.0,1.0
deit_small,8,single_corner,centroid_dir,0.25,7.733223915100098,-0.0035947225987911224,0.09613923728466034,8.097858881228603e-06,0.0,1.0
deit_small,8,single_corner,centroid_dir,0.5,15.466447830200195,-0.004100980702787638,0.11374299973249435,1.1083334356953856e-05,0.0,1.0
deit_small,8,single_corner,centroid_dir,1.0,30.93289566040039,-0.004258541855961084,0.12158588320016861,1.2474218237912282e-05,0.0,1.0
deit_small,8,single_corner,centroid_dir,2.0,61.86579132080078,-0.004291081335395575,0.12422002851963043,1.2960153981111944e-05,0.0,1.0
deit_small,8,single_corner,centroid_dir,4.0,123.73158264160156,-0.004308695904910564,0.1250700205564499,1.3098138879286125e-05,0.0,1.0
deit_small,8,global_coherent,jac_top,0.0,0.0,0.0,0.0,0.0,0.0,1.0
deit_small,8,global_coherent,jac_top,0.1,3.0932895660400392,0.026638025417923927,0.3594062030315399,0.0009395438246428967,0.009999999776482582,0.9899999499320984
deit_small,8,global_coherent,jac_top,0.25,7.733223915100098,0.06886110454797745,0.9123632311820984,0.0051362523809075356,0.019999999552965164,0.9799999594688416
deit_small,8,global_coherent,jac_top,0.5,15.466447830200195,0.142173171043396,1.8717718124389648,0.0152649637311697,0.029999999329447746,0.9699999690055847
deit_small,8,global_coherent,jac_top,1.0,30.93289566040039,0.29047891497612,3.9293813705444336,0.03783141449093819,0.029999999329447746,0.9699999690055847
deit_small,8,global_coherent,jac_top,2.0,61.86579132080078,0.6374342441558838,8.643572807312012,0.12586604058742523,0.08999999612569809,0.9099999666213989
deit_small,8,global_coherent,jac_top,4.0,123.73158264160156,1.587320327758789,18.94183349609375,0.7326143980026245,0.26999998092651367,0.7299999594688416
deit_small,8,global_coherent,jac_null,0.0,0.0,0.0,0.0,0.0,0.0,1.0
deit_small,8,global_coherent,jac_null,0.1,3.0932895660400392,3.360748087288812e-05,0.1424046903848648,4.454824193089735e-06,0.0,1.0
deit_small,8,global_coherent,jac_null,0.25,7.733223915100098,0.0002091026253765449,0.35627859830856323,2.7535748813534155e-05,0.0,1.0
deit_small,8,global_coherent,jac_null,0.5,15.466447830200195,0.0008347940165549517,0.7136860489845276,0.00011032264592358842,0.0,1.0
deit_small,8,global_coherent,jac_null,1.0,30.93289566040039,0.003331136656925082,1.43368399143219,0.0004496715555433184,0.0,1.0
deit_small,8,global_coherent,jac_null,2.0,61.86579132080078,0.013287195935845375,2.9071435928344727,0.0019641586113721132,0.0,1.0
deit_small,8,global_coherent,jac_null,4.0,123.73158264160156,0.05356072261929512,6.097135543823242,0.01054699532687664,0.009999999776482582,0.9899999499320984
deit_small,8,global_coherent,pc1,0.0,0.0,0.0,0.0,0.0,0.0,1.0
deit_small,8,global_coherent,pc1,0.1,3.0932895660400392,-0.005360455252230167,0.12144283205270767,1.2581422197399661e-05,0.0,1.0
deit_small,8,global_coherent,pc1,0.25,7.733223915100098,-0.013021345250308514,0.30077114701271057,7.582157559227198e-05,0.0,1.0
deit_small,8,global_coherent,pc1,0.5,15.466447830200195,-0.02482263557612896,0.5926108956336975,0.0002864255802705884,0.0,1.0
deit_small,8,global_coherent,pc1,1.0,30.93289566040039,-0.04501676931977272,1.1534197330474854,0.0010263642761856318,0.0,1.0
deit_small,8,global_coherent,pc1,2.0,61.86579132080078,-0.07290060818195343,2.210353136062622,0.003375382861122489,0.0,1.0
deit_small,8,global_coherent,pc1,4.0,123.73158264160156,-0.08947553485631943,4.24268913269043,0.010484818369150162,0.0,1.0
deit_small,8,global_coherent,rand_dir,0.0,0.0,0.0,0.0,0.0,0.0,1.0
deit_small,8,global_coherent,rand_dir,0.1,3.0932895660400392,-0.0023436069022864103,0.15762591361999512,1.1932824236282613e-05,0.0,1.0
deit_small,8,global_coherent,rand_dir,0.25,7.733223915100098,-0.005650119855999947,0.39434123039245605,7.425953663187101e-05,0.0,1.0
deit_small,8,global_coherent,rand_dir,0.5,15.466447830200195,-0.010592483915388584,0.7898994088172913,0.00029557975358329713,0.0,1.0
deit_small,8,global_coherent,rand_dir,1.0,30.93289566040039,-0.018249450251460075,1.5869710445404053,0.0011776387691497803,0.0,1.0
deit_small,8,global_coherent,rand_dir,2.0,61.86579132080078,-0.023747973144054413,3.222562074661255,0.0048013851046562195,0.0,1.0
deit_small,8,global_coherent,rand_dir,4.0,123.73158264160156,0.012236352078616619,6.823464393615723,0.02256588451564312,0.0,1.0
deit_small,8,global_coherent,centroid_dir,0.0,0.0,0.0,0.0,0.0,0.0,1.0
deit_small,8,global_coherent,centroid_dir,0.1,3.0932895660400392,-0.002522811759263277,0.31143489480018616,5.1413997425697744e-05,0.0,1.0
deit_small,8,global_coherent,centroid_dir,0.25,7.733223915100098,-0.004949817433953285,0.7674585580825806,0.00030819958192296326,0.0,1.0
deit_small,8,global_coherent,centroid_dir,0.5,15.466447830200195,-0.005317368544638157,1.5006670951843262,0.001158138969913125,0.0,1.0
deit_small,8,global_coherent,centroid_dir,1.0,30.93289566040039,0.007370943669229746,2.8835525512695312,0.004197229631245136,0.0,1.0
deit_small,8,global_coherent,centroid_dir,2.0,61.86579132080078,0.08104879409074783,5.418516159057617,0.014741792343556881,0.019999999552965164,0.9799999594688416
deit_small,8,global_coherent,centroid_dir,4.0,123.73158264160156,0.403605192899704,10.55403995513916,0.059619221836328506,0.05999999865889549,0.9399999976158142
deit_small,8,random_sign,jac_top,0.0,0.0,0.0,0.0,0.0,0.0,1.0
deit_small,8,random_sign,jac_top,0.1,3.0932895660400392,0.00022763251035939902,0.06319030374288559,5.900542873860104e-06,0.0,1.0
deit_small,8,random_sign,jac_top,0.25,7.733223915100098,0.0008681106264702976,0.16089725494384766,4.452496796147898e-05,0.0,1.0
deit_small,8,random_sign,jac_top,0.5,15.466447830200195,0.00310173025354743,0.33608657121658325,0.00022313430963549763,0.0,1.0
deit_small,8,random_sign,jac_top,1.0,30.93289566040039,0.012309107929468155,0.7602105736732483,0.0012435643002390862,0.0,1.0
deit_small,8,random_sign,jac_top,2.0,61.86579132080078,0.0505162850022316,2.044262647628784,0.007610917091369629,0.0,1.0
deit_small,8,random_sign,jac_top,4.0,123.73158264160156,0.24172061681747437,6.627805709838867,0.039763644337654114,0.03999999910593033,0.9599999785423279
deit_small,8,random_sign,jac_null,0.0,0.0,0.0,0.0,0.0,0.0,1.0
deit_small,8,random_sign,jac_null,0.1,3.0932895660400392,0.00017866611597128212,0.03386688604950905,6.541231414303184e-07,0.0,1.0
deit_small,8,random_sign,jac_null,0.25,7.733223915100098,0.0005078983376733959,0.08488894999027252,4.207649908494204e-06,0.0,1.0
deit_small,8,random_sign,jac_null,0.5,15.466447830200195,0.00122194760479033,0.1712954342365265,1.6761980077717453e-05,0.0,1.0
deit_small,8,random_sign,jac_null,1.0,30.93289566040039,0.003273334354162216,0.3541572391986847,6.88132640789263e-05,0.0,1.0
deit_small,8,random_sign,jac_null,2.0,61.86579132080078,0.01005257572978735,0.7904981970787048,0.0003198260674253106,0.0,1.0
deit_small,8,random_sign,jac_null,4.0,123.73158264160156,0.036306317895650864,2.0722851753234863,0.002083182567730546,0.0,1.0
deit_small,8,random_sign,pc1,0.0,0.0,0.0,0.0,0.0,0.0,1.0
deit_small,8,random_sign,pc1,0.1,3.0932895660400392,0.0009148454410023987,0.03308508172631264,1.03556544672756e-06,0.0,1.0
deit_small,8,random_sign,pc1,0.25,7.733223915100098,0.002380595076829195,0.08308667689561844,6.233516614884138e-06,0.0,1.0
deit_small,8,random_sign,pc1,0.5,15.466447830200195,0.005074758548289537,0.16835106909275055,2.5717712560435757e-05,0.0,1.0
deit_small,8,random_sign,pc1,1.0,30.93289566040039,0.011408080346882343,0.3518308103084564,0.00011373135930625722,0.0,1.0
deit_small,8,random_sign,pc1,2.0,61.86579132080078,0.027553876861929893,0.8032733201980591,0.0005855523631908,0.0,1.0
deit_small,8,random_sign,pc1,4.0,123.73158264160156,0.06848830729722977,2.1401126384735107,0.0035516300704330206,0.009999999776482582,0.9899999499320984
deit_small,8,random_sign,rand_dir,0.0,0.0,0.0,0.0,0.0,0.0,1.0
deit_small,8,random_sign,rand_dir,0.1,3.0932895660400392,2.4929046048782766e-05,0.038871996104717255,1.070550638360146e-06,0.0,1.0
deit_small,8,random_sign,rand_dir,0.25,7.733223915100098,0.00022068023099564016,0.09724105894565582,6.4492132878513075e-06,0.0,1.0
deit_small,8,random_sign,rand_dir,0.5,15.466447830200195,0.000968131993431598,0.19565391540527344,2.5380457373103127e-05,0.0,1.0
deit_small,8,random_sign,rand_dir,1.0,30.93289566040039,0.004054703749716282,0.4029853641986847,0.00010453870345372707,0.0,1.0
deit_small,8,random_sign,rand_dir,2.0,61.86579132080078,0.016685012727975845,0.8992407917976379,0.0005254397983662784,0.0,1.0
deit_small,8,random_sign,rand_dir,4.0,123.73158264160156,0.06673397123813629,2.3738155364990234,0.003742505330592394,0.009999999776482582,0.9899999499320984
deit_small,8,random_sign,centroid_dir,0.0,0.0,0.0,0.0,0.0,0.0,1.0
deit_small,8,random_sign,centroid_dir,0.1,3.0932895660400392,-0.0005548429326154292,0.16260917484760284,1.7331316485069692e-05,0.0,1.0
deit_small,8,random_sign,centroid_dir,0.25,7.733223915100098,-0.00010097503400174901,0.41366270184516907,0.00010924629896180704,0.0,1.0
deit_small,8,random_sign,centroid_dir,0.5,15.466447830200195,0.004238014109432697,0.8754518032073975,0.0004758315335493535,0.0,1.0
deit_small,8,random_sign,centroid_dir,1.0,30.93289566040039,0.02767244353890419,2.0713417530059814,0.002759027760475874,0.0,1.0
deit_small,8,random_sign,centroid_dir,2.0,61.86579132080078,0.1303378790616989,5.685873985290527,0.023693641647696495,0.029999999329447746,0.9699999690055847
deit_small,8,random_sign,centroid_dir,4.0,123.73158264160156,0.799179196357727,16.39217185974121,0.288349986076355,0.07999999821186066,0.9199999570846558
deit_small,8,random_gaussian,jac_top,0.0,0.0,0.0,0.0,0.0,0.0,1.0
deit_small,8,random_gaussian,jac_top,0.1,3.0932895660400392,0.00029437063494697213,0.061693429946899414,2.9798923151247436e-06,0.0,1.0
deit_small,8,random_gaussian,jac_top,0.25,7.733223915100098,0.0011051177280023694,0.15743201971054077,2.2167731003719382e-05,0.0,1.0
deit_small,8,random_gaussian,jac_top,0.5,15.466447830200195,0.0026441002264618874,0.33232900500297546,0.00016469493857584894,0.0,1.0
deit_small,8,random_gaussian,jac_top,1.0,30.93289566040039,0.009630313143134117,0.7678016424179077,0.0012752818875014782,0.0,1.0
deit_small,8,random_gaussian,jac_top,2.0,61.86579132080078,0.05001920089125633,2.124709367752075,0.0057135378010571,0.0,1.0
deit_small,8,random_gaussian,jac_top,4.0,123.73158264160156,0.24241621792316437,7.240453720092773,0.031116921454668045,0.019999999552965164,0.9799999594688416
deit_small,8,random_gaussian,jac_null,0.0,0.0,0.0,0.0,0.0,0.0,1.0
deit_small,8,random_gaussian,jac_null,0.1,3.0932895660400392,-0.000509829493239522,0.03450072929263115,6.796640832362755e-07,0.0,1.0
deit_small,8,random_gaussian,jac_null,0.25,7.733223915100098,-0.0011878489749506116,0.086641825735569,4.3109384932904504e-06,0.0,1.0
deit_small,8,random_gaussian,jac_null,0.5,15.466447830200195,-0.002081169979646802,0.17534610629081726,1.686021641944535e-05,0.0,1.0
deit_small,8,random_gaussian,jac_null,1.0,30.93289566040039,-0.0029636144172400236,0.364307165145874,6.753508932888508e-05,0.0,1.0
deit_small,8,random_gaussian,jac_null,2.0,61.86579132080078,-0.0010302542941644788,0.8187940716743469,0.00031400579609908164,0.0,1.0
deit_small,8,random_gaussian,jac_null,4.0,123.73158264160156,0.01853378303349018,2.183029890060425,0.0021984651684761047,0.0,1.0
deit_small,8,random_gaussian,pc1,0.0,0.0,0.0,0.0,0.0,0.0,1.0
deit_small,8,random_gaussian,pc1,0.1,3.0932895660400392,-0.0004983806284144521,0.03293090686202049,7.243619961627701e-07,0.0,1.0
deit_small,8,random_gaussian,pc1,0.25,7.733223915100098,-0.0011145257158204913,0.08250909298658371,4.440460998011986e-06,0.0,1.0
deit_small,8,random_gaussian,pc1,0.5,15.466447830200195,-0.0017958402168005705,0.16641372442245483,1.840118784457445e-05,0.0,1.0
deit_small,8,random_gaussian,pc1,1.0,30.93289566040039,-0.0019089555134996772,0.34414976835250854,8.239001908805221e-05,0.0,1.0
deit_small,8,random_gaussian,pc1,2.0,61.86579132080078,0.0022265766747295856,0.7715495824813843,0.0004352576215751469,0.0,1.0
deit_small,8,random_gaussian,pc1,4.0,123.73158264160156,0.024577923119068146,2.010755777359009,0.0027903190348297358,0.009999999776482582,0.9899999499320984
deit_small,8,random_gaussian,rand_dir,0.0,0.0,0.0,0.0,0.0,0.0,1.0
deit_small,8,random_gaussian,rand_dir,0.1,3.0932895660400392,3.1561849027639255e-05,0.03856474161148071,7.574259939246986e-07,0.0,1.0
deit_small,8,random_gaussian,rand_dir,0.25,7.733223915100098,0.0002603721513878554,0.09637100249528885,4.474031811696477e-06,0.0,1.0
deit_small,8,random_gaussian,rand_dir,0.5,15.466447830200195,0.0011173248058184981,0.19360801577568054,1.772038194758352e-05,0.0,1.0
deit_small,8,random_gaussian,rand_dir,1.0,30.93289566040039,0.004541406407952309,0.39782729744911194,7.502712105633691e-05,0.0,1.0
deit_small,8,random_gaussian,rand_dir,2.0,61.86579132080078,0.017468752339482307,0.8847765922546387,0.0004003009235020727,0.0,1.0
deit_small,8,random_gaussian,rand_dir,4.0,123.73158264160156,0.06280316412448883,2.347790479660034,0.0030150781385600567,0.009999999776482582,0.9899999499320984
deit_small,8,random_gaussian,centroid_dir,0.0,0.0,0.0,0.0,0.0,0.0,1.0
deit_small,8,random_gaussian,centroid_dir,0.1,3.0932895660400392,0.0038222360890358686,0.15977372229099274,1.5154206266743131e-05,0.0,1.0
deit_small,8,random_gaussian,centroid_dir,0.25,7.733223915100098,0.010796837508678436,0.40291494131088257,9.35689895413816e-05,0.0,1.0
deit_small,8,random_gaussian,centroid_dir,0.5,15.466447830200195,0.02577299065887928,0.8467622995376587,0.0004002373607363552,0.0,1.0
deit_small,8,random_gaussian,centroid_dir,1.0,30.93289566040039,0.06874852627515793,2.033820390701294,0.002366189146414399,0.0,1.0
deit_small,8,random_gaussian,centroid_dir,2.0,61.86579132080078,0.19495749473571777,6.141744136810303,0.023673400282859802,0.019999999552965164,0.9799999594688416
deit_small,8,random_gaussian,centroid_dir,4.0,123.73158264160156,1.2895153760910034,19.308210372924805,0.748993992805481,0.11999999731779099,0.8799999952316284
deit_small,8,spatial_cluster_25%,jac_top,0.0,0.0,0.0,0.0,0.0,0.0,1.0
deit_small,8,spatial_cluster_25%,jac_top,0.1,3.0932895660400392,0.028781689703464508,0.3081756830215454,0.0011656297137960792,0.009999999776482582,0.9899999499320984
deit_small,8,spatial_cluster_25%,jac_top,0.25,7.733223915100098,0.07403524219989777,0.7899661660194397,0.006034253630787134,0.019999999552965164,0.9799999594688416
deit_small,8,spatial_cluster_25%,jac_top,0.5,15.466447830200195,0.15034858882427216,1.6444367170333862,0.01654721610248089,0.029999999329447746,0.9699999690055847
deit_small,8,spatial_cluster_25%,jac_top,1.0,30.93289566040039,0.3041788935661316,3.5432002544403076,0.038606565445661545,0.029999999329447746,0.9699999690055847
deit_small,8,spatial_cluster_25%,jac_top,2.0,61.86579132080078,0.6560001969337463,7.987489223480225,0.14102579653263092,0.07000000029802322,0.9300000071525574
deit_small,8,spatial_cluster_25%,jac_top,4.0,123.73158264160156,1.5091571807861328,16.80030632019043,0.6703811287879944,0.2199999988079071,0.7799999713897705
deit_small,8,spatial_cluster_25%,jac_null,0.0,0.0,0.0,0.0,0.0,0.0,1.0
deit_small,8,spatial_cluster_25%,jac_null,0.1,3.0932895660400392,-0.0001650333433644846,0.10144582390785217,4.763365723192692e-06,0.0,1.0
deit_small,8,spatial_cluster_25%,jac_null,0.25,7.733223915100098,-0.00017910957103595138,0.25425758957862854,2.943407707789447e-05,0.0,1.0
deit_small,8,spatial_cluster_25%,jac_null,0.5,15.466447830200195,0.0004057884216308594,0.5112024545669556,0.00011715364962583408,0.0,1.0
deit_small,8,spatial_cluster_25%,jac_null,1.0,30.93289566040039,0.003760876599699259,1.037402629852295,0.00047904797247610986,0.0,1.0
deit_small,8,spatial_cluster_25%,jac_null,2.0,61.86579132080078,0.01860935240983963,2.1714272499084473,0.002187466947361827,0.0,1.0
deit_small,8,spatial_cluster_25%,jac_null,4.0,123.73158264160156,0.0823725089430809,5.034247398376465,0.01266608014702797,0.009999999776482582,0.9899999499320984
deit_small,8,spatial_cluster_25%,pc1,0.0,0.0,0.0,0.0,0.0,0.0,1.0
deit_small,8,spatial_cluster_25%,pc1,0.1,3.0932895660400392,-0.005412254016846418,0.11653118580579758,1.3855737051926553e-05,0.0,1.0
deit_small,8,spatial_cluster_25%,pc1,0.25,7.733223915100098,-0.012967548333108425,0.2873857915401459,8.142457954818383e-05,0.0,1.0
deit_small,8,spatial_cluster_25%,pc1,0.5,15.466447830200195,-0.02415785752236843,0.5627216696739197,0.000295657548122108,0.0,1.0
deit_small,8,spatial_cluster_25%,pc1,1.0,30.93289566040039,-0.04167009890079498,1.085135817527771,0.0009878147393465042,0.0,1.0
deit_small,8,spatial_cluster_25%,pc1,2.0,61.86579132080078,-0.061027444899082184,2.065014362335205,0.0029540597461163998,0.0,1.0
deit_small,8,spatial_cluster_25%,pc1,4.0,123.73158264160156,-0.05603323504328728,3.9795522689819336,0.008922004140913486,0.0,1.0
deit_small,8,spatial_cluster_25%,rand_dir,0.0,0.0,0.0,0.0,0.0,0.0,1.0
deit_small,8,spatial_cluster_25%,rand_dir,0.1,3.0932895660400392,-0.0019472551066428423,0.11487623304128647,9.74516569840489e-06,0.0,1.0
deit_small,8,spatial_cluster_25%,rand_dir,0.25,7.733223915100098,-0.004566483199596405,0.2857895791530609,5.931874693487771e-05,0.0,1.0
deit_small,8,spatial_cluster_25%,rand_dir,0.5,15.466447830200195,-0.008129896596074104,0.5675042867660522,0.0002283458597958088,0.0,1.0
deit_small,8,spatial_cluster_25%,rand_dir,1.0,30.93289566040039,-0.012223639525473118,1.123116135597229,0.0008533081272616982,0.0,1.0
deit_small,8,spatial_cluster_25%,rand_dir,2.0,61.86579132080078,-0.00825953483581543,2.234189748764038,0.0030900719575583935,0.0,1.0
deit_small,8,spatial_cluster_25%,rand_dir,4.0,123.73158264160156,0.034001100808382034,4.709784507751465,0.011533617973327637,0.0,1.0
deit_small,8,spatial_cluster_25%,centroid_dir,0.0,0.0,0.0,0.0,0.0,0.0,1.0
deit_small,8,spatial_cluster_25%,centroid_dir,0.1,3.0932895660400392,-0.0021260357461869717,0.3256250321865082,8.213946421165019e-05,0.0,1.0
deit_small,8,spatial_cluster_25%,centroid_dir,0.25,7.733223915100098,-0.0027472686488181353,0.7761085629463196,0.0004688769404310733,0.0,1.0
deit_small,8,spatial_cluster_25%,centroid_dir,0.5,15.466447830200195,0.001895804307423532,1.4380700588226318,0.0016511378344148397,0.0,1.0
deit_small,8,spatial_cluster_25%,centroid_dir,1.0,30.93289566040039,0.02573154866695404,2.500337839126587,0.00537925073876977,0.009999999776482582,0.9899999499320984
deit_small,8,spatial_cluster_25%,centroid_dir,2.0,61.86579132080078,0.10428071022033691,3.951921224594116,0.015723835676908493,0.009999999776482582,0.9899999499320984
deit_small,8,spatial_cluster_25%,centroid_dir,4.0,123.73158264160156,0.26519009470939636,5.613056659698486,0.03910438343882561,0.029999999329447746,0.9699999690055847
deit_small,8,checkerboard,jac_top,0.0,0.0,0.0,0.0,0.0,0.0,1.0
deit_small,8,checkerboard,jac_top,0.1,3.0932895660400392,0.001607007929123938,0.048885777592659,2.306882379343733e-06,0.0,1.0
deit_small,8,checkerboard,jac_top,0.25,7.733223915100098,0.004208073485642672,0.12321000546216965,1.1265515240665991e-05,0.0,1.0
deit_small,8,checkerboard,jac_top,0.5,15.466447830200195,0.009130329824984074,0.2587204575538635,4.74959597340785e-05,0.0,1.0
deit_small,8,checkerboard,jac_top,1.0,30.93289566040039,0.021595729514956474,0.6146844029426575,0.0004392413829918951,0.0,1.0
deit_small,8,checkerboard,jac_top,2.0,61.86579132080078,0.06264761090278625,1.80324125289917,0.004151588771492243,0.0,1.0
deit_small,8,checkerboard,jac_top,4.0,123.73158264160156,0.2400745302438736,6.263826847076416,0.02476886846125126,0.019999999552965164,0.9799999594688416
deit_small,8,checkerboard,jac_null,0.0,0.0,0.0,0.0,0.0,0.0,1.0
deit_small,8,checkerboard,jac_null,0.1,3.0932895660400392,-0.00021307944552972913,0.028891688212752342,7.029680659798032e-07,0.0,1.0
deit_small,8,checkerboard,jac_null,0.25,7.733223915100098,-0.0004661559942178428,0.07228778302669525,4.01829811380594e-06,0.0,1.0
deit_small,8,checkerboard,jac_null,0.5,15.466447830200195,-0.0007026624516583979,0.14576959609985352,1.554220034449827e-05,0.0,1.0
deit_small,8,checkerboard,jac_null,1.0,30.93289566040039,-0.0004446649400051683,0.30328699946403503,5.9988869907101616e-05,0.0,1.0
deit_small,8,checkerboard,jac_null,2.0,61.86579132080078,0.003311052219942212,0.6973479986190796,0.00025796116096898913,0.0,1.0
deit_small,8,checkerboard,jac_null,4.0,123.73158264160156,0.025742487981915474,1.9311412572860718,0.0017003619577735662,0.0,1.0
deit_small,8,checkerboard,pc1,0.0,0.0,0.0,0.0,0.0,0.0,1.0
deit_small,8,checkerboard,pc1,0.1,3.0932895660400392,-0.00017933368508238345,0.025776833295822144,4.951876917402842e-07,0.0,1.0
deit_small,8,checkerboard,pc1,0.25,7.733223915100098,-0.000360894191544503,0.06475631892681122,3.036712314496981e-06,0.0,1.0
deit_small,8,checkerboard,pc1,0.5,15.466447830200195,-0.0004290151409804821,0.13177335262298584,1.2241122021805495e-05,0.0,1.0
deit_small,8,checkerboard,pc1,1.0,30.93289566040039,0.00031561849755235016,0.2806946933269501,5.389607395045459e-05,0.0,1.0
deit_small,8,checkerboard,pc1,2.0,61.86579132080078,0.0051461742259562016,0.6758134961128235,0.00030701406649313867,0.0,1.0
deit_small,8,checkerboard,pc1,4.0,123.73158264160156,0.02780638076364994,1.9547823667526245,0.0026505726855248213,0.0,1.0
deit_small,8,checkerboard,rand_dir,0.0,0.0,0.0,0.0,0.0,0.0,1.0
deit_small,8,checkerboard,rand_dir,0.1,3.0932895660400392,-0.00036130426451563835,0.03314955160021782,7.283413765435398e-07,0.0,1.0
deit_small,8,checkerboard,rand_dir,0.25,7.733223915100098,-0.0007522153900936246,0.08332538604736328,4.496609108173288e-06,0.0,1.0
deit_small,8,checkerboard,rand_dir,0.5,15.466447830200195,-0.0010017395252361894,0.16937148571014404,1.8902801457443275e-05,0.0,1.0
deit_small,8,checkerboard,rand_dir,1.0,30.93289566040039,8.554458872822579e-06,0.357831746339798,8.833644824335352e-05,0.0,1.0
deit_small,8,checkerboard,rand_dir,2.0,61.86579132080078,0.008143301121890545,0.8389203548431396,0.0005220783641561866,0.0,1.0
deit_small,8,checkerboard,rand_dir,4.0,123.73158264160156,0.0488349050283432,2.324167013168335,0.003938761539757252,0.009999999776482582,0.9899999499320984
deit_small,8,checkerboard,centroid_dir,0.0,0.0,0.0,0.0,0.0,0.0,1.0
deit_small,8,checkerboard,centroid_dir,0.1,3.0932895660400392,-0.001655740663409233,0.14331185817718506,1.1067970262956806e-05,0.0,1.0
deit_small,8,checkerboard,centroid_dir,0.25,7.733223915100098,-0.002842593239620328,0.368448406457901,7.396314322249964e-05,0.0,1.0
deit_small,8,checkerboard,centroid_dir,0.5,15.466447830200195,-0.00120060914196074,0.7996681332588196,0.00036581954918801785,0.0,1.0
deit_small,8,checkerboard,centroid_dir,1.0,30.93289566040039,0.017250413075089455,1.980653166770935,0.0025391310919076204,0.009999999776482582,0.9899999499320984
deit_small,8,checkerboard,centroid_dir,2.0,61.86579132080078,0.11008693277835846,5.639021873474121,0.020288726314902306,0.019999999552965164,0.9799999594688416
deit_small,8,checkerboard,centroid_dir,4.0,123.73158264160156,0.7400323152542114,16.252723693847656,0.2687421441078186,0.04999999701976776,0.949999988079071
deit_small,8,smooth_spatial,jac_top,0.0,0.0,0.0,0.0,0.0,0.0,1.0
deit_small,8,smooth_spatial,jac_top,0.1,3.0932895660400392,-0.003547944827005267,0.09043655544519424,3.781721898121759e-05,0.0,1.0
deit_small,8,smooth_spatial,jac_top,0.25,7.733223915100098,-0.00848437286913395,0.22653315961360931,0.00023710628738626838,0.0,1.0
deit_small,8,smooth_spatial,jac_top,0.5,15.466447830200195,-0.015606307424604893,0.4573226571083069,0.0009252296295017004,0.0,1.0
deit_small,8,smooth_spatial,jac_top,1.0,30.93289566040039,-0.02524433471262455,0.9518249034881592,0.003156194929033518,0.0,1.0
deit_small,8,smooth_spatial,jac_top,2.0,61.86579132080078,-0.02554207667708397,2.2185003757476807,0.008342115208506584,0.0,1.0
deit_small,8,smooth_spatial,jac_top,4.0,123.73158264160156,0.06438690423965454,6.572172164916992,0.026646802201867104,0.009999999776482582,0.9899999499320984
deit_small,8,smooth_spatial,jac_null,0.0,0.0,0.0,0.0,0.0,0.0,1.0
deit_small,8,smooth_spatial,jac_null,0.1,3.0932895660400392,0.0005268526147119701,0.04757833853363991,1.4087418094277382e-06,0.0,1.0
deit_small,8,smooth_spatial,jac_null,0.25,7.733223915100098,0.0013399076415225863,0.11917973309755325,8.703675121068954e-06,0.0,1.0
deit_small,8,smooth_spatial,jac_null,0.5,15.466447830200195,0.002749824430793524,0.23952725529670715,3.545286017470062e-05,0.0,1.0
deit_small,8,smooth_spatial,jac_null,1.0,30.93289566040039,0.005738534964621067,0.486543744802475,0.00014840092626400292,0.0,1.0
deit_small,8,smooth_spatial,jac_null,2.0,61.86579132080078,0.012176408432424068,1.0235008001327515,0.0006505788769572973,0.0,1.0
deit_small,8,smooth_spatial,jac_null,4.0,123.73158264160156,0.02848941646516323,2.3838751316070557,0.003183262888342142,0.009999999776482582,0.9899999499320984
deit_small,8,smooth_spatial,pc1,0.0,0.0,0.0,0.0,0.0,0.0,1.0
deit_small,8,smooth_spatial,pc1,0.1,3.0932895660400392,0.0012762212427332997,0.04835284501314163,1.8338625977776246e-06,0.0,1.0
deit_small,8,smooth_spatial,pc1,0.25,7.733223915100098,0.0032442044466733932,0.12125305086374283,1.1664717021631077e-05,0.0,1.0
deit_small,8,smooth_spatial,pc1,0.5,15.466447830200195,0.006663837470114231,0.2440844476222992,4.8264992074109614e-05,0.0,1.0
deit_small,8,smooth_spatial,pc1,1.0,30.93289566040039,0.014026284217834473,0.49664855003356934,0.0002095666859531775,0.0,1.0
deit_small,8,smooth_spatial,pc1,2.0,61.86579132080078,0.031108593568205833,1.0393662452697754,0.001002970733679831,0.0,1.0
deit_small,8,smooth_spatial,pc1,4.0,123.73158264160156,0.07694465667009354,2.3280234336853027,0.005920708179473877,0.009999999776482582,0.9899999499320984
deit_small,8,smooth_spatial,rand_dir,0.0,0.0,0.0,0.0,0.0,0.0,1.0
deit_small,8,smooth_spatial,rand_dir,0.1,3.0932895660400392,-0.0012687253765761852,0.05489153787493706,1.84068687758554e-06,0.0,1.0
deit_small,8,smooth_spatial,rand_dir,0.25,7.733223915100098,-0.0031073426362127066,0.1371963620185852,1.117214560508728e-05,0.0,1.0
deit_small,8,smooth_spatial,rand_dir,0.5,15.466447830200195,-0.005982155445963144,0.27474477887153625,4.4014956074533984e-05,0.0,1.0
deit_small,8,smooth_spatial,rand_dir,1.0,30.93289566040039,-0.010894508101046085,0.5542569756507874,0.00017501534603070468,0.0,1.0
deit_small,8,smooth_spatial,rand_dir,2.0,61.86579132080078,-0.016502609476447105,1.152319312095642,0.0007369121885858476,0.0,1.0
deit_small,8,smooth_spatial,rand_dir,4.0,123.73158264160156,-0.008428726345300674,2.646529197692871,0.003780535189434886,0.009999999776482582,0.9899999499320984
deit_small,8,smooth_spatial,centroid_dir,0.0,0.0,0.0,0.0,0.0,0.0,1.0
deit_small,8,smooth_spatial,centroid_dir,0.1,3.0932895660400392,0.0002520752022974193,0.207422137260437,2.6447860363987274e-05,0.0,1.0
deit_small,8,smooth_spatial,centroid_dir,0.25,7.733223915100098,0.0011405801633372903,0.5225860476493835,0.00016667728777974844,0.0,1.0
deit_small,8,smooth_spatial,centroid_dir,0.5,15.466447830200195,0.00410990696400404,1.0714402198791504,0.0006911425152793527,0.0,1.0
deit_small,8,smooth_spatial,centroid_dir,1.0,30.93289566040039,0.01627461425960064,2.336897373199463,0.003190357703715563,0.0,1.0
deit_small,8,smooth_spatial,centroid_dir,2.0,61.86579132080078,0.06359534710645676,5.92875337600708,0.02987024560570717,0.009999999776482582,0.9899999499320984
deit_small,8,smooth_spatial,centroid_dir,4.0,123.73158264160156,0.9417243003845215,17.38939094543457,0.5252670049667358,0.11999999731779099,0.8799999952316284
deit_small,10,single_central,jac_top,0.0,0.0,0.0,0.0,0.0,0.0,1.0
deit_small,10,single_central,jac_top,0.1,3.7347026824951173,-0.0008211898384615779,0.024647178128361702,1.0951840749839903e-06,0.0,1.0
deit_small,10,single_central,jac_top,0.25,9.336756706237793,-0.002469778060913086,0.07448841631412506,9.636375580157619e-06,0.0,1.0
deit_small,10,single_central,jac_top,0.5,18.673513412475586,-0.007052249740809202,0.208515003323555,7.23227858543396e-05,0.0,1.0
deit_small,10,single_central,jac_top,1.0,37.34702682495117,-0.02692597359418869,0.8067481517791748,0.0008743670186959207,0.0,1.0
deit_small,10,single_central,jac_top,2.0,74.69405364990234,-0.10013119131326675,3.7619946002960205,0.0114964684471488,0.009999999776482582,0.9899999499320984
deit_small,10,single_central,jac_top,4.0,149.3881072998047,-0.19161921739578247,10.978757858276367,0.05734964832663536,0.019999999552965164,0.9799999594688416
deit_small,10,single_central,jac_null,0.0,0.0,0.0,0.0,0.0,0.0,1.0
deit_small,10,single_central,jac_null,0.1,3.7347026824951173,-8.858203364070505e-05,0.013259682804346085,1.4407967796614685e-07,0.0,1.0
deit_small,10,single_central,jac_null,0.25,9.336756706237793,-0.00026052951579913497,0.0375954806804657,9.241373959412158e-07,0.0,1.0
deit_small,10,single_central,jac_null,0.5,18.673513412475586,-0.0006943368935026228,0.09561055898666382,5.547180535359075e-06,0.0,1.0
deit_small,10,single_central,jac_null,1.0,37.34702682495117,-0.002184157259762287,0.3108355700969696,4.3502746848389506e-05,0.0,1.0
deit_small,10,single_central,jac_null,2.0,74.69405364990234,-0.004613885655999184,1.230062484741211,0.00036064645973965526,0.0,1.0
deit_small,10,single_central,jac_null,4.0,149.3881072998047,0.005803260486572981,3.7794065475463867,0.0024993859697133303,0.0,1.0
deit_small,10,single_central,pc1,0.0,0.0,0.0,0.0,0.0,0.0,1.0
deit_small,10,single_central,pc1,0.1,3.7347026824951173,-0.00016545294784009457,0.016439683735370636,3.9128352113948495e-07,0.0,1.0
deit_small,10,single_central,pc1,0.25,9.336756706237793,-0.0004299211432226002,0.04812774062156677,3.049475935767987e-06,0.0,1.0
deit_small,10,single_central,pc1,0.5,18.673513412475586,-0.0008162450394593179,0.12352683395147324,1.729388714011293e-05,0.0,1.0
deit_small,10,single_central,pc1,1.0,37.34702682495117,-0.00034926889929920435,0.37316662073135376,9.368996688863263e-05,0.0,1.0
deit_small,10,single_central,pc1,2.0,74.69405364990234,0.007568397559225559,1.1733275651931763,0.00049170246347785,0.0,1.0
deit_small,10,single_central,pc1,4.0,149.3881072998047,0.04249441996216774,2.824512004852295,0.0022845794446766376,0.0,1.0
deit_small,10,single_central,rand_dir,0.0,0.0,0.0,0.0,0.0,0.0,1.0
deit_small,10,single_central,rand_dir,0.1,3.7347026824951173,-0.00012201786012155935,0.012500145472586155,1.1744355532528061e-07,0.0,1.0
deit_small,10,single_central,rand_dir,0.25,9.336756706237793,-0.0002966117754112929,0.029392059892416,6.149772957542154e-07,0.0,1.0
deit_small,10,single_central,rand_dir,0.5,18.673513412475586,-0.0006135702133178711,0.058706700801849365,2.1882249257032527e-06,0.0,1.0
deit_small,10,single_central,rand_dir,1.0,37.34702682495117,-0.0016776323318481445,0.1438525915145874,1.0689916052797344e-05,0.0,1.0
deit_small,10,single_central,rand_dir,2.0,74.69405364990234,-0.006485528778284788,0.44402822852134705,6.766299338778481e-05,0.0,1.0
deit_small,10,single_central,rand_dir,4.0,149.3881072998047,-0.019528141245245934,1.2100404500961304,0.00036904445732943714,0.0,1.0
deit_small,10,single_central,centroid_dir,0.0,0.0,0.0,0.0,0.0,0.0,1.0
deit_small,10,single_central,centroid_dir,0.1,3.7347026824951173,0.0008703612838871777,0.04203781858086586,2.55460372500238e-06,0.0,1.0
deit_small,10,single_central,centroid_dir,0.25,9.336756706237793,0.0013941765064373612,0.07053644210100174,6.926599780854303e-06,0.0,1.0
deit_small,10,single_central,centroid_dir,0.5,18.673513412475586,0.001621947274543345,0.08640109747648239,1.0136309356312267e-05,0.0,1.0
deit_small,10,single_central,centroid_dir,1.0,37.34702682495117,0.0016854810528457165,0.09305848926305771,1.1508464922371786e-05,0.0,1.0
deit_small,10,single_central,centroid_dir,2.0,74.69405364990234,0.0016982792876660824,0.0948428139090538,1.1855708180519287e-05,0.0,1.0
deit_small,10,single_central,centroid_dir,4.0,149.3881072998047,0.0017019890947267413,0.09531129896640778,1.1915257346117869e-05,0.0,1.0
deit_small,10,single_corner,jac_top,0.0,0.0,0.0,0.0,0.0,0.0,1.0
deit_small,10,single_corner,jac_top,0.1,3.7347026824951173,-0.00019701004202943295,0.015405659563839436,3.426941077577794e-07,0.0,1.0
deit_small,10,single_corner,jac_top,0.25,9.336756706237793,-0.0007202577544376254,0.05020300671458244,3.2232142075372394e-06,0.0,1.0
deit_small,10,single_corner,jac_top,0.5,18.673513412475586,-0.0032228706404566765,0.1614982634782791,3.0385554055101238e-05,0.0,1.0
deit_small,10,single_corner,jac_top,1.0,37.34702682495117,-0.0222431980073452,0.7538551092147827,0.0005473935743793845,0.0,1.0
deit_small,10,single_corner,jac_top,2.0,74.69405364990234,-0.10601504892110825,3.804046154022217,0.00830833800137043,0.009999999776482582,0.9899999499320984
deit_small,10,single_corner,jac_top,4.0,149.3881072998047,-0.2018168568611145,11.078574180603027,0.04552370309829712,0.019999999552965164,0.9799999594688416
deit_small,10,single_corner,jac_null,0.0,0.0,0.0,0.0,0.0,0.0,1.0
deit_small,10,single_corner,jac_null,0.1,3.7347026824951173,0.0001548910076962784,0.009132301434874535,6.230023785747107e-08,0.0,1.0
deit_small,10,single_corner,jac_null,0.25,9.336756706237793,0.00044230936327949166,0.027824776247143745,6.017542659719766e-07,0.0,1.0
deit_small,10,single_corner,jac_null,0.5,18.673513412475586,0.0009737396030686796,0.07894807308912277,3.956579348596279e-06,0.0,1.0
deit_small,10,single_corner,jac_null,1.0,37.34702682495117,0.0012856387766078115,0.2936323583126068,3.3712683944031596e-05,0.0,1.0
deit_small,10,single_corner,jac_null,2.0,74.69405364990234,-0.0009591674315743148,1.2450079917907715,0.00033300629002042115,0.0,1.0
deit_small,10,single_corner,jac_null,4.0,149.3881072998047,0.006939716171473265,3.848168134689331,0.002535957144573331,0.0,1.0
deit_small,10,single_corner,pc1,0.0,0.0,0.0,0.0,0.0,0.0,1.0
deit_small,10,single_corner,pc1,0.1,3.7347026824951173,0.0003891754022333771,0.014771168120205402,2.742337414929352e-07,0.0,1.0
deit_small,10,single_corner,pc1,0.25,9.336756706237793,0.00112899299710989,0.04526786878705025,2.062534804281313e-06,0.0,1.0
deit_small,10,single_corner,pc1,0.5,18.673513412475586,0.0028527926187962294,0.12373291701078415,1.27217454064521e-05,0.0,1.0
deit_small,10,single_corner,pc1,1.0,37.34702682495117,0.007632102817296982,0.3970927298069,8.661705942358822e-05,0.0,1.0
deit_small,10,single_corner,pc1,2.0,74.69405364990234,0.017441172152757645,1.2288345098495483,0.0004768835788127035,0.0,1.0
deit_small,10,single_corner,pc1,4.0,149.3881072998047,0.05042253062129021,2.8556969165802,0.002146752318367362,0.0,1.0
deit_small,10,single_corner,rand_dir,0.0,0.0,0.0,0.0,0.0,0.0,1.0
deit_small,10,single_corner,rand_dir,0.1,3.7347026824951173,-0.00021331309108063579,0.008264041505753994,7.463152940090367e-08,0.0,1.0
deit_small,10,single_corner,rand_dir,0.25,9.336756706237793,-0.00048510072520002723,0.018458012491464615,2.9078742613819486e-07,0.0,1.0
deit_small,10,single_corner,rand_dir,0.5,18.673513412475586,-0.0008795356843620539,0.03672095015645027,8.638132840133039e-07,0.0,1.0
deit_small,10,single_corner,rand_dir,1.0,37.34702682495117,-0.0019919632468372583,0.10810208320617676,5.11360349264578e-06,0.0,1.0
deit_small,10,single_corner,rand_dir,2.0,74.69405364990234,-0.007119784131646156,0.41324523091316223,5.5983662605285645e-05,0.0,1.0
deit_small,10,single_corner,rand_dir,4.0,149.3881072998047,-0.021076416596770287,1.2019355297088623,0.00037250766763463616,0.0,1.0
deit_small,10,single_corner,centroid_dir,0.0,0.0,0.0,0.0,0.0,0.0,1.0
deit_small,10,single_corner,centroid_dir,0.1,3.7347026824951173,-0.0011606120970100164,0.033804163336753845,1.6507924556208309e-06,0.0,1.0
deit_small,10,single_corner,centroid_dir,0.25,9.336756706237793,-0.0018455409444868565,0.05357054993510246,4.091761184099596e-06,0.0,1.0
deit_small,10,single_corner,centroid_dir,0.5,18.673513412475586,-0.0021426246967166662,0.06314342468976974,5.572097961703548e-06,0.0,1.0
deit_small,10,single_corner,centroid_dir,1.0,37.34702682495117,-0.0022298097610473633,0.0669303610920906,6.128619133960456e-06,0.0,1.0
deit_small,10,single_corner,centroid_dir,2.0,74.69405364990234,-0.00224552140571177,0.06807829439640045,6.264010153245181e-06,0.0,1.0
deit_small,10,single_corner,centroid_dir,4.0,149.3881072998047,-0.002248783130198717,0.06845196336507797,6.2845506363373715e-06,0.0,1.0
deit_small,10,global_coherent,jac_top,0.0,0.0,0.0,0.0,0.0,0.0,1.0
deit_small,10,global_coherent,jac_top,0.1,3.7347026824951173,-0.01581587828695774,0.2580479681491852,0.00010135277989320457,0.0,1.0
deit_small,10,global_coherent,jac_top,0.25,9.336756706237793,-0.03932800516486168,0.6471659541130066,0.0006176460883580148,0.0,1.0
deit_small,10,global_coherent,jac_top,0.5,18.673513412475586,-0.07787702232599258,1.3009145259857178,0.00236161844804883,0.0,1.0
deit_small,10,global_coherent,jac_top,1.0,37.34702682495117,-0.15219010412693024,2.6262035369873047,0.008599484339356422,0.009999999776482582,0.9899999499320984
deit_small,10,global_coherent,jac_top,2.0,74.69405364990234,-0.2883378863334656,5.333311080932617,0.02919500507414341,0.009999999776482582,0.9899999499320984
deit_small,10,global_coherent,jac_top,4.0,149.3881072998047,-0.5155418515205383,10.868398666381836,0.09340723603963852,0.03999999910593033,0.9599999785423279
deit_small,10,global_coherent,jac_null,0.0,0.0,0.0,0.0,0.0,0.0,1.0
deit_small,10,global_coherent,jac_null,0.1,3.7347026824951173,3.2091140838019783e-06,0.15921418368816376,3.15134707307152e-06,0.0,1.0
deit_small,10,global_coherent,jac_null,0.25,9.336756706237793,2.0885467165498994e-05,0.39821383357048035,1.9609238734119572e-05,0.0,1.0
deit_small,10,global_coherent,jac_null,0.5,18.673513412475586,8.605480252299458e-05,0.7970383763313293,7.836056465748698e-05,0.0,1.0
deit_small,10,global_coherent,jac_null,1.0,37.34702682495117,0.00036282537621445954,1.5966236591339111,0.0003149504482280463,0.0,1.0
deit_small,10,global_coherent,jac_null,2.0,74.69405364990234,0.0016309976344928145,3.20403790473938,0.0012810445623472333,0.0,1.0
deit_small,10,global_coherent,jac_null,4.0,149.3881072998047,0.008451723493635654,6.451143264770508,0.005461310036480427,0.0,1.0
deit_small,10,global_coherent,pc1,0.0,0.0,0.0,0.0,0.0,0.0,1.0
deit_small,10,global_coherent,pc1,0.1,3.7347026824951173,0.0007001876947470009,0.07235077768564224,1.5035550404718379e-06,0.0,1.0
deit_small,10,global_coherent,pc1,0.25,9.336756706237793,0.001747083617374301,0.18061235547065735,9.324988241132814e-06,0.0,1.0
deit_small,10,global_coherent,pc1,0.5,18.673513412475586,0.0034857033751904964,0.36039504408836365,3.7297679227776825e-05,0.0,1.0
deit_small,10,global_coherent,pc1,1.0,37.34702682495117,0.00695051159709692,0.7178360819816589,0.00014905295392964035,0.0,1.0
deit_small,10,global_coherent,pc1,2.0,74.69405364990234,0.01392678264528513,1.4262003898620605,0.000598065264057368,0.0,1.0
deit_small,10,global_coherent,pc1,4.0,149.3881072998047,0.028908519074320793,2.8243770599365234,0.0024503888562321663,0.0,1.0
deit_small,10,global_coherent,rand_dir,0.0,0.0,0.0,0.0,0.0,0.0,1.0
deit_small,10,global_coherent,rand_dir,0.1,3.7347026824951173,-0.0014679240994155407,0.16971664130687714,5.238014182396e-06,0.0,1.0
deit_small,10,global_coherent,rand_dir,0.25,9.336756706237793,-0.003619403811171651,0.4241788387298584,3.26930166920647e-05,0.0,1.0
deit_small,10,global_coherent,rand_dir,0.5,18.673513412475586,-0.007074784953147173,0.8479829430580139,0.00013036958989687264,0.0,1.0
deit_small,10,global_coherent,rand_dir,1.0,37.34702682495117,-0.013528837822377682,1.6944890022277832,0.0005204344051890075,0.0,1.0
deit_small,10,global_coherent,rand_dir,2.0,74.69405364990234,-0.02481844462454319,3.3833260536193848,0.0020915986970067024,0.0,1.0
deit_small,10,global_coherent,rand_dir,4.0,149.3881072998047,-0.04215516149997711,6.745556354522705,0.008697215467691422,0.0,1.0
deit_small,10,global_coherent,centroid_dir,0.0,0.0,0.0,0.0,0.0,0.0,1.0
deit_small,10,global_coherent,centroid_dir,0.1,3.7347026824951173,0.00527579290792346,0.1917835772037506,1.1986498066107742e-05,0.0,1.0
deit_small,10,global_coherent,centroid_dir,0.25,9.336756706237793,0.013245443813502789,0.4781453311443329,7.423076749546453e-05,0.0,1.0
deit_small,10,global_coherent,centroid_dir,0.5,18.673513412475586,0.02666565403342247,0.951888382434845,0.0002939735713880509,0.0,1.0
deit_small,10,global_coherent,centroid_dir,1.0,37.34702682495117,0.05398670583963394,1.8858541250228882,0.001159589970484376,0.0,1.0
deit_small,10,global_coherent,centroid_dir,2.0,74.69405364990234,0.11087913066148758,3.69636607170105,0.004604029469192028,0.0,1.0
deit_small,10,global_coherent,centroid_dir,4.0,149.3881072998047,0.246001198887825,7.079683303833008,0.02000659890472889,0.009999999776482582,0.9899999499320984
deit_small,10,random_sign,jac_top,0.0,0.0,0.0,0.0,0.0,0.0,1.0
deit_small,10,random_sign,jac_top,0.1,3.7347026824951173,-0.0004121923411730677,0.0401327982544899,1.1868215779031743e-06,0.0,1.0
deit_small,10,random_sign,jac_top,0.25,9.336756706237793,-0.0014979123370721936,0.10114054381847382,7.941089279484004e-06,0.0,1.0
deit_small,10,random_sign,jac_top,0.5,18.673513412475586,-0.004539451561868191,0.20650170743465424,3.7135927414055914e-05,0.0,1.0
deit_small,10,random_sign,jac_top,1.0,37.34702682495117,-0.015085062943398952,0.4400050640106201,0.00021013646619394422,0.0,1.0
deit_small,10,random_sign,jac_top,2.0,74.69405364990234,-0.052008286118507385,1.0476059913635254,0.001511224778369069,0.0,1.0
deit_small,10,random_sign,jac_top,4.0,149.3881072998047,-0.1655840277671814,2.9015519618988037,0.011192369274795055,0.009999999776482582,0.9899999499320984
deit_small,10,random_sign,jac_null,0.0,0.0,0.0,0.0,0.0,0.0,1.0
deit_small,10,random_sign,jac_null,0.1,3.7347026824951173,-1.672267899266444e-05,0.02410019375383854,1.4601049258544663e-07,0.0,1.0
deit_small,10,random_sign,jac_null,0.25,9.336756706237793,-7.60889015509747e-05,0.06041205674409866,6.881323884044832e-07,0.0,1.0
deit_small,10,random_sign,jac_null,0.5,18.673513412475586,-0.0002663421619217843,0.12171249836683273,2.77164213002834e-06,0.0,1.0
deit_small,10,random_sign,jac_null,1.0,37.34702682495117,-0.0009881305741146207,0.24946455657482147,1.2131866242270917e-05,0.0,1.0
deit_small,10,random_sign,jac_null,2.0,74.69405364990234,-0.0037717579398304224,0.5399869680404663,6.410685455193743e-05,0.0,1.0
deit_small,10,random_sign,jac_null,4.0,149.3881072998047,-0.014403852634131908,1.3274656534194946,0.0004699890851043165,0.0,1.0
deit_small,10,random_sign,pc1,0.0,0.0,0.0,0.0,0.0,0.0,1.0
deit_small,10,random_sign,pc1,0.1,3.7347026824951173,0.0003745508147403598,0.026976877823472023,3.455928379025863e-07,0.0,1.0
deit_small,10,random_sign,pc1,0.25,9.336756706237793,0.0009255838231183589,0.06755940616130829,1.9042194026042125e-06,0.0,1.0
deit_small,10,random_sign,pc1,0.5,18.673513412475586,0.0018153238343074918,0.1358214169740677,7.69073812989518e-06,0.0,1.0
deit_small,10,random_sign,pc1,1.0,37.34702682495117,0.003479218343272805,0.27669963240623474,3.1510713597526774e-05,0.0,1.0
deit_small,10,random_sign,pc1,2.0,74.69405364990234,0.006330995354801416,0.5892068147659302,0.000139046591357328,0.0,1.0
deit_small,10,random_sign,pc1,4.0,149.3881072998047,0.010484480299055576,1.4008129835128784,0.0007479473715648055,0.0,1.0
deit_small,10,random_sign,rand_dir,0.0,0.0,0.0,0.0,0.0,0.0,1.0
deit_small,10,random_sign,rand_dir,0.1,3.7347026824951173,-5.28001764905639e-05,0.025780729949474335,1.9890575231329422e-07,0.0,1.0
deit_small,10,random_sign,rand_dir,0.25,9.336756706237793,-0.00015684604295529425,0.06454403698444366,9.755132168720593e-07,0.0,1.0
deit_small,10,random_sign,rand_dir,0.5,18.673513412475586,-0.0003971481346525252,0.13005875051021576,3.783283773373114e-06,0.0,1.0
deit_small,10,random_sign,rand_dir,1.0,37.34702682495117,-0.0011240815510973334,0.26873019337654114,1.61634980031522e-05,0.0,1.0
deit_small,10,random_sign,rand_dir,2.0,74.69405364990234,-0.003509898204356432,0.6040401458740234,8.279191388282925e-05,0.0,1.0
deit_small,10,random_sign,rand_dir,4.0,149.3881072998047,-0.011149721220135689,1.6216448545455933,0.000584048219025135,0.0,1.0
deit_small,10,random_sign,centroid_dir,0.0,0.0,0.0,0.0,0.0,0.0,1.0
deit_small,10,random_sign,centroid_dir,0.1,3.7347026824951173,-0.0011398839997127652,0.11732304096221924,6.830931852164213e-06,0.0,1.0
deit_small,10,random_sign,centroid_dir,0.25,9.336756706237793,-0.003544025355949998,0.2938735783100128,4.306718255975284e-05,0.0,1.0
deit_small,10,random_sign,centroid_dir,0.5,18.673513412475586,-0.009335965849459171,0.5936239361763,0.00017624444444663823,0.0,1.0
deit_small,10,random_sign,centroid_dir,1.0,37.34702682495117,-0.026921972632408142,1.23750901222229,0.0007650100160390139,0.0,1.0
deit_small,10,random_sign,centroid_dir,2.0,74.69405364990234,-0.07848358154296875,2.8139193058013916,0.003863000776618719,0.0,1.0
deit_small,10,random_sign,centroid_dir,4.0,149.3881072998047,-0.1882696896791458,7.260827541351318,0.024036739021539688,0.019999999552965164,0.9799999594688416
deit_small,10,random_gaussian,jac_top,0.0,0.0,0.0,0.0,0.0,0.0,1.0
deit_small,10,random_gaussian,jac_top,0.1,3.7347026824951173,-0.0007861709455028176,0.04262620955705643,1.1125532637379365e-06,0.0,1.0
deit_small,10,random_gaussian,jac_top,0.25,9.336756706237793,-0.0024206875823438168,0.1075650081038475,7.630242180312052e-06,0.0,1.0
deit_small,10,random_gaussian,jac_top,0.5,18.673513412475586,-0.00635544303804636,0.2201392948627472,3.693915641633794e-05,0.0,1.0
deit_small,10,random_gaussian,jac_top,1.0,37.34702682495117,-0.01869613118469715,0.47187182307243347,0.00021972990361973643,0.0,1.0
deit_small,10,random_gaussian,jac_top,2.0,74.69405364990234,-0.06001169979572296,1.1381094455718994,0.001690118690021336,0.0,1.0
deit_small,10,random_gaussian,jac_top,4.0,149.3881072998047,-0.18770435452461243,3.2651591300964355,0.013225583359599113,0.009999999776482582,0.9899999499320984
deit_small,10,random_gaussian,jac_null,0.0,0.0,0.0,0.0,0.0,0.0,1.0
deit_small,10,random_gaussian,jac_null,0.1,3.7347026824951173,-0.00016879080794751644,0.026335587725043297,1.6047022199927596e-07,0.0,1.0
deit_small,10,random_gaussian,jac_null,0.25,9.336756706237793,-0.0004527950077317655,0.06603298336267471,7.783551723150595e-07,0.0,1.0
deit_small,10,random_gaussian,jac_null,0.5,18.673513412475586,-0.001007833401672542,0.13308651745319366,3.1673628200223902e-06,0.0,1.0
deit_small,10,random_gaussian,jac_null,1.0,37.34702682495117,-0.002422504359856248,0.2728947699069977,1.3577332538261544e-05,0.0,1.0
deit_small,10,random_gaussian,jac_null,2.0,74.69405364990234,-0.006468601059168577,0.5907114148139954,7.106646080501378e-05,0.0,1.0
deit_small,10,random_gaussian,jac_null,4.0,149.3881072998047,-0.019395889714360237,1.4635463953018188,0.0005304281949065626,0.0,1.0
deit_small,10,random_gaussian,pc1,0.0,0.0,0.0,0.0,0.0,0.0,1.0
deit_small,10,random_gaussian,pc1,0.1,3.7347026824951173,-0.0004999113152734935,0.027472523972392082,3.2340059874513827e-07,0.0,1.0
deit_small,10,random_gaussian,pc1,0.25,9.336756706237793,-0.0012628126423805952,0.06890983134508133,1.7967865915125003e-06,0.0,1.0
deit_small,10,random_gaussian,pc1,0.5,18.673513412475586,-0.002566552022472024,0.13893797993659973,7.380218903563218e-06,0.0,1.0
deit_small,10,random_gaussian,pc1,1.0,37.34702682495117,-0.00527561642229557,0.2849065363407135,3.1095936719793826e-05,0.0,1.0
deit_small,10,random_gaussian,pc1,2.0,74.69405364990234,-0.010885524563491344,0.6160228848457336,0.00014644443581346422,0.0,1.0
deit_small,10,random_gaussian,pc1,4.0,149.3881072998047,-0.020423712208867073,1.5138450860977173,0.0008521459531039,0.0,1.0
deit_small,10,random_gaussian,rand_dir,0.0,0.0,0.0,0.0,0.0,0.0,1.0
deit_small,10,random_gaussian,rand_dir,0.1,3.7347026824951173,7.671833009226248e-05,0.027797682210803032,1.930957580498216e-07,0.0,1.0
deit_small,10,random_gaussian,rand_dir,0.25,9.336756706237793,0.00017005919653456658,0.06939633935689926,1.0737101092672674e-06,0.0,1.0
deit_small,10,random_gaussian,rand_dir,0.5,18.673513412475586,0.00026644227909855545,0.13913880288600922,4.295869530324126e-06,0.0,1.0
deit_small,10,random_gaussian,rand_dir,1.0,37.34702682495117,0.00023606776085216552,0.28464004397392273,1.7857224520412274e-05,0.0,1.0
deit_small,10,random_gaussian,rand_dir,2.0,74.69405364990234,-0.0006936073186807334,0.6303187608718872,8.673907723277807e-05,0.0,1.0
deit_small,10,random_gaussian,rand_dir,4.0,149.3881072998047,-0.005215811543166637,1.6848485469818115,0.0006084631313569844,0.0,1.0
deit_small,10,random_gaussian,centroid_dir,0.0,0.0,0.0,0.0,0.0,0.0,1.0
deit_small,10,random_gaussian,centroid_dir,0.1,3.7347026824951173,0.0021196985617280006,0.11685960739850998,5.6033345572359394e-06,0.0,1.0
deit_small,10,random_gaussian,centroid_dir,0.25,9.336756706237793,0.004530844744294882,0.29393866658210754,3.4608543501235545e-05,0.0,1.0
deit_small,10,random_gaussian,centroid_dir,0.5,18.673513412475586,0.00655160890892148,0.60201495885849,0.00014203786849975586,0.0,1.0
deit_small,10,random_gaussian,centroid_dir,1.0,37.34702682495117,0.003499250393360853,1.3186920881271362,0.0006905734189786017,0.0,1.0
deit_small,10,random_gaussian,centroid_dir,2.0,74.69405364990234,-0.027053650468587875,3.530989646911621,0.006144706625491381,0.0,1.0
deit_small,10,random_gaussian,centroid_dir,4.0,149.3881072998047,-0.02793831005692482,13.43313980102539,0.10347001999616623,0.029999999329447746,0.9699999690055847
deit_small,10,spatial_cluster_25%,jac_top,0.0,0.0,0.0,0.0,0.0,0.0,1.0
deit_small,10,spatial_cluster_25%,jac_top,0.1,3.7347026824951173,-0.012699408456683159,0.15222831070423126,8.454460476059467e-05,0.0,1.0
deit_small,10,spatial_cluster_25%,jac_top,0.25,9.336756706237793,-0.0320286750793457,0.3859092593193054,0.000520553847309202,0.0,1.0
deit_small,10,spatial_cluster_25%,jac_top,0.5,18.673513412475586,-0.06489082425832748,0.7899006605148315,0.002014711033552885,0.0,1.0
deit_small,10,spatial_cluster_25%,jac_top,1.0,37.34702682495117,-0.13230420649051666,1.6534419059753418,0.007408743724226952,0.009999999776482582,0.9899999499320984
deit_small,10,spatial_cluster_25%,jac_top,2.0,74.69405364990234,-0.2681747376918793,3.599736213684082,0.02461196668446064,0.009999999776482582,0.9899999499320984
deit_small,10,spatial_cluster_25%,jac_top,4.0,149.3881072998047,-0.506762683391571,8.227686882019043,0.07701974362134933,0.029999999329447746,0.9699999690055847
deit_small,10,spatial_cluster_25%,jac_null,0.0,0.0,0.0,0.0,0.0,0.0,1.0
deit_small,10,spatial_cluster_25%,jac_null,0.1,3.7347026824951173,-0.0005656576249748468,0.07776243984699249,1.3305281072462094e-06,0.0,1.0
deit_small,10,spatial_cluster_25%,jac_null,0.25,9.336756706237793,-0.0014439057558774948,0.19576461613178253,8.351232281711418e-06,0.0,1.0
deit_small,10,spatial_cluster_25%,jac_null,0.5,18.673513412475586,-0.002984218532219529,0.3964540362358093,3.4302072890568525e-05,0.0,1.0
deit_small,10,spatial_cluster_25%,jac_null,1.0,37.34702682495117,-0.006333775352686644,0.8155078887939453,0.0001464243687223643,0.0,1.0
deit_small,10,spatial_cluster_25%,jac_null,2.0,74.69405364990234,-0.013929767534136772,1.7431424856185913,0.000673955655656755,0.0,1.0
deit_small,10,spatial_cluster_25%,jac_null,4.0,149.3881072998047,-0.03019547462463379,4.067870140075684,0.0036226101219654083,0.0,1.0
deit_small,10,spatial_cluster_25%,pc1,0.0,0.0,0.0,0.0,0.0,0.0,1.0
deit_small,10,spatial_cluster_25%,pc1,0.1,3.7347026824951173,-0.0006820916896685958,0.0550469309091568,1.52401162267779e-06,0.0,1.0
deit_small,10,spatial_cluster_25%,pc1,0.25,9.336756706237793,-0.0017294645076617599,0.1393725425004959,9.560100806993432e-06,0.0,1.0
deit_small,10,spatial_cluster_25%,pc1,0.5,18.673513412475586,-0.0035339784808456898,0.2847413122653961,3.9769485738361254e-05,0.0,1.0
deit_small,10,spatial_cluster_25%,pc1,1.0,37.34702682495117,-0.007315812166780233,0.5945299863815308,0.0001729380601318553,0.0,1.0
deit_small,10,spatial_cluster_25%,pc1,2.0,74.69405364990234,-0.015183176845312119,1.2965426445007324,0.0008123427396640182,0.0,1.0
deit_small,10,spatial_cluster_25%,pc1,4.0,149.3881072998047,-0.028130998834967613,3.0330357551574707,0.004208848346024752,0.0,1.0
deit_small,10,spatial_cluster_25%,rand_dir,0.0,0.0,0.0,0.0,0.0,0.0,1.0
deit_small,10,spatial_cluster_25%,rand_dir,0.1,3.7347026824951173,-0.00036322115920484066,0.08661280572414398,2.3631400836165994e-06,0.0,1.0
deit_small,10,spatial_cluster_25%,rand_dir,0.25,9.336756706237793,-0.0009285116102546453,0.21484385430812836,1.4460221791523509e-05,0.0,1.0
deit_small,10,spatial_cluster_25%,rand_dir,0.5,18.673513412475586,-0.0019317722180858254,0.4245343804359436,5.6496970501029864e-05,0.0,1.0
deit_small,10,spatial_cluster_25%,rand_dir,1.0,37.34702682495117,-0.004218201618641615,0.8319534659385681,0.00021770100283902138,0.0,1.0
deit_small,10,spatial_cluster_25%,rand_dir,2.0,74.69405364990234,-0.010153321549296379,1.6217550039291382,0.0008282941416837275,0.0,1.0
deit_small,10,spatial_cluster_25%,rand_dir,4.0,149.3881072998047,-0.027739547193050385,3.243877410888672,0.0032303950283676386,0.0,1.0
deit_small,10,spatial_cluster_25%,centroid_dir,0.0,0.0,0.0,0.0,0.0,0.0,1.0
deit_small,10,spatial_cluster_25%,centroid_dir,0.1,3.7347026824951173,0.007534455973654985,0.21889124810695648,2.648918416525703e-05,0.0,1.0
deit_small,10,spatial_cluster_25%,centroid_dir,0.25,9.336756706237793,0.018313564360141754,0.5296313762664795,0.0001575502974446863,0.0,1.0
deit_small,10,spatial_cluster_25%,centroid_dir,0.5,18.673513412475586,0.03495841845870018,1.0027202367782593,0.0005825972184538841,0.0,1.0
deit_small,10,spatial_cluster_25%,centroid_dir,1.0,37.34702682495117,0.06379680335521698,1.7944406270980835,0.002005449729040265,0.0,1.0
deit_small,10,spatial_cluster_25%,centroid_dir,2.0,74.69405364990234,0.10740365833044052,2.873051166534424,0.006028912495821714,0.009999999776482582,0.9899999499320984
deit_small,10,spatial_cluster_25%,centroid_dir,4.0,149.3881072998047,0.15813343226909637,3.8367435932159424,0.014489393681287766,0.019999999552965164,0.9799999594688416
deit_small,10,checkerboard,jac_top,0.0,0.0,0.0,0.0,0.0,0.0,1.0
deit_small,10,checkerboard,jac_top,0.1,3.7347026824951173,-0.0006868362543173134,0.035181522369384766,6.726267542944697e-07,0.0,1.0
deit_small,10,checkerboard,jac_top,0.25,9.336756706237793,-0.002195010194554925,0.08811569213867188,4.376411652629031e-06,0.0,1.0
deit_small,10,checkerboard,jac_top,0.5,18.673513412475586,-0.005970754660665989,0.17899104952812195,2.068128014798276e-05,0.0,1.0
deit_small,10,checkerboard,jac_top,1.0,37.34702682495117,-0.01810470037162304,0.38337278366088867,0.00013126246631145477,0.0,1.0
deit_small,10,checkerboard,jac_top,2.0,74.69405364990234,-0.05870066583156586,0.9439361095428467,0.0011814326280727983,0.0,1.0
deit_small,10,checkerboard,jac_top,4.0,149.3881072998047,-0.18075256049633026,2.750977039337158,0.010271554812788963,0.0,1.0
deit_small,10,checkerboard,jac_null,0.0,0.0,0.0,0.0,0.0,0.0,1.0
deit_small,10,checkerboard,jac_null,0.1,3.7347026824951173,-2.810001387842931e-05,0.02110615000128746,1.0818795459499597e-07,0.0,1.0
deit_small,10,checkerboard,jac_null,0.25,9.336756706237793,-0.00010514259338378906,0.05282329395413399,6.234264446902671e-07,0.0,1.0
deit_small,10,checkerboard,jac_null,0.5,18.673513412475586,-0.0003268670989200473,0.1063181534409523,2.5141109745163703e-06,0.0,1.0
deit_small,10,checkerboard,jac_null,1.0,37.34702682495117,-0.0011157083790749311,0.2185785472393036,1.0977617421303876e-05,0.0,1.0
deit_small,10,checkerboard,jac_null,2.0,74.69405364990234,-0.004052557982504368,0.4813988506793976,5.8802368585020304e-05,0.0,1.0
deit_small,10,checkerboard,jac_null,4.0,149.3881072998047,-0.015035872347652912,1.233145833015442,0.0004564807750284672,0.0,1.0
deit_small,10,checkerboard,pc1,0.0,0.0,0.0,0.0,0.0,0.0,1.0
deit_small,10,checkerboard,pc1,0.1,3.7347026824951173,-0.00023515224165748805,0.024054940789937973,3.9434002019334e-07,0.0,1.0
deit_small,10,checkerboard,pc1,0.25,9.336756706237793,-0.00060030457098037,0.06023925542831421,2.375421900069341e-06,0.0,1.0
deit_small,10,checkerboard,pc1,0.5,18.673513412475586,-0.0012405251618474722,0.12120053917169571,9.670508916315157e-06,0.0,1.0
deit_small,10,checkerboard,pc1,1.0,37.34702682495117,-0.0026305578649044037,0.2480422556400299,4.097068449482322e-05,0.0,1.0
deit_small,10,checkerboard,pc1,2.0,74.69405364990234,-0.005757470149546862,0.5375432372093201,0.0001886351383291185,0.0,1.0
deit_small,10,checkerboard,pc1,4.0,149.3881072998047,-0.012216190807521343,1.328947901725769,0.0010123976971954107,0.0,1.0
deit_small,10,checkerboard,rand_dir,0.0,0.0,0.0,0.0,0.0,0.0,1.0
deit_small,10,checkerboard,rand_dir,0.1,3.7347026824951173,-2.7270316422800533e-05,0.02291850559413433,1.468229982037883e-07,0.0,1.0
deit_small,10,checkerboard,rand_dir,0.25,9.336756706237793,-9.344100544694811e-05,0.057742878794670105,1.02873889318289e-06,0.0,1.0
deit_small,10,checkerboard,rand_dir,0.5,18.673513412475586,-0.0002722024801187217,0.11778491735458374,4.266302312316839e-06,0.0,1.0
deit_small,10,checkerboard,rand_dir,1.0,37.34702682495117,-0.0008807897102087736,0.25012367963790894,1.8906332115875557e-05,0.0,1.0
deit_small,10,checkerboard,rand_dir,2.0,74.69405364990234,-0.003035540459677577,0.5883711576461792,9.855471580522135e-05,0.0,1.0
deit_small,10,checkerboard,rand_dir,4.0,149.3881072998047,-0.010133619420230389,1.6310224533081055,0.0006683150422759354,0.0,1.0
deit_small,10,checkerboard,centroid_dir,0.0,0.0,0.0,0.0,0.0,0.0,1.0
deit_small,10,checkerboard,centroid_dir,0.1,3.7347026824951173,0.0006645011599175632,0.10793081670999527,9.309874258178752e-06,0.0,1.0
deit_small,10,checkerboard,centroid_dir,0.25,9.336756706237793,0.0009123086929321289,0.2707098126411438,5.594546382781118e-05,0.0,1.0
deit_small,10,checkerboard,centroid_dir,0.5,18.673513412475586,-0.0006474399706348777,0.5491852760314941,0.0002139122225344181,0.0,1.0
deit_small,10,checkerboard,centroid_dir,1.0,37.34702682495117,-0.01070803590118885,1.1607096195220947,0.0008257852168753743,0.0,1.0
deit_small,10,checkerboard,centroid_dir,2.0,74.69405364990234,-0.05214272066950798,2.7201929092407227,0.003662239294499159,0.0,1.0
deit_small,10,checkerboard,centroid_dir,4.0,149.3881072998047,-0.164762943983078,7.230998516082764,0.021814236417412758,0.019999999552965164,0.9799999594688416
deit_small,10,smooth_spatial,jac_top,0.0,0.0,0.0,0.0,0.0,0.0,1.0
deit_small,10,smooth_spatial,jac_top,0.1,3.7347026824951173,0.000273637764621526,0.059543296694755554,2.1797231966047548e-06,0.0,1.0
deit_small,10,smooth_spatial,jac_top,0.25,9.336756706237793,0.0003906965139321983,0.1495998352766037,1.3375384696701076e-05,0.0,1.0
deit_small,10,smooth_spatial,jac_top,0.5,18.673513412475586,-0.00019305228488519788,0.30266180634498596,5.4242758778855205e-05,0.0,1.0
deit_small,10,smooth_spatial,jac_top,1.0,37.34702682495117,-0.004245133139193058,0.6263369917869568,0.00023236557899508625,0.0,1.0
deit_small,10,smooth_spatial,jac_top,2.0,74.69405364990234,-0.02340276725590229,1.385516881942749,0.0011702406918630004,0.0,1.0
deit_small,10,smooth_spatial,jac_top,4.0,149.3881072998047,-0.09799365699291229,3.4973983764648438,0.007632412016391754,0.009999999776482582,0.9899999499320984
deit_small,10,smooth_spatial,jac_null,0.0,0.0,0.0,0.0,0.0,0.0,1.0
deit_small,10,smooth_spatial,jac_null,0.1,3.7347026824951173,9.194851008942351e-05,0.03666340932250023,3.2811891514938907e-07,0.0,1.0
deit_small,10,smooth_spatial,jac_null,0.25,9.336756706237793,0.00021188735263422132,0.09187928587198257,1.8389499700788292e-06,0.0,1.0
deit_small,10,smooth_spatial,jac_null,0.5,18.673513412475586,0.0003628873673733324,0.1847684383392334,7.36632819098304e-06,0.0,1.0
deit_small,10,smooth_spatial,jac_null,1.0,37.34702682495117,0.0004797553992830217,0.37550339102745056,3.0271452487795614e-05,0.0,1.0
deit_small,10,smooth_spatial,jac_null,2.0,74.69405364990234,-6.804466102039441e-05,0.7881609797477722,0.00013571932504419237,0.0,1.0
deit_small,10,smooth_spatial,jac_null,4.0,149.3881072998047,-0.0047978926450014114,1.7980016469955444,0.000757521134801209,0.0,1.0
deit_small,10,smooth_spatial,pc1,0.0,0.0,0.0,0.0,0.0,0.0,1.0
deit_small,10,smooth_spatial,pc1,0.1,3.7347026824951173,0.00036032198113389313,0.0406714491546154,9.423628171134624e-07,0.0,1.0
deit_small,10,smooth_spatial,pc1,0.25,9.336756706237793,0.0009108066442422569,0.10181158035993576,5.823292212880915e-06,0.0,1.0
deit_small,10,smooth_spatial,pc1,0.5,18.673513412475586,0.0018521260935813189,0.20430487394332886,2.3371403585770167e-05,0.0,1.0
deit_small,10,smooth_spatial,pc1,1.0,37.34702682495117,0.0038064145483076572,0.41305068135261536,9.590599802322686e-05,0.0,1.0
deit_small,10,smooth_spatial,pc1,2.0,74.69405364990234,0.007925333455204964,0.8560360670089722,0.00040886393981054425,0.0,1.0
deit_small,10,smooth_spatial,pc1,4.0,149.3881072998047,0.017397765070199966,1.9005473852157593,0.001896267756819725,0.0,1.0
deit_small,10,smooth_spatial,rand_dir,0.0,0.0,0.0,0.0,0.0,0.0,1.0
deit_small,10,smooth_spatial,rand_dir,0.1,3.7347026824951173,-7.88021061453037e-05,0.039076026529073715,3.601936668928829e-07,0.0,1.0
deit_small,10,smooth_spatial,rand_dir,0.25,9.336756706237793,-0.0002043628628598526,0.09749662131071091,2.1877476683584973e-06,0.0,1.0
deit_small,10,smooth_spatial,rand_dir,0.5,18.673513412475586,-0.0004332685493864119,0.19487681984901428,8.53660731081618e-06,0.0,1.0
deit_small,10,smooth_spatial,rand_dir,1.0,37.34702682495117,-0.0009680414223112166,0.393097460269928,3.385153104318306e-05,0.0,1.0
deit_small,10,smooth_spatial,rand_dir,2.0,74.69405364990234,-0.0023545122239738703,0.8258216381072998,0.00014280019968282431,0.0,1.0
deit_small,10,smooth_spatial,rand_dir,4.0,149.3881072998047,-0.006095390301197767,1.9612336158752441,0.0007808401132933795,0.0,1.0
deit_small,10,smooth_spatial,centroid_dir,0.0,0.0,0.0,0.0,0.0,0.0,1.0
deit_small,10,smooth_spatial,centroid_dir,0.1,3.7347026824951173,-0.0003098297165706754,0.1662219613790512,1.760110717441421e-05,0.0,1.0
deit_small,10,smooth_spatial,centroid_dir,0.25,9.336756706237793,-0.0008672904805280268,0.41568732261657715,0.00011204079783055931,0.0,1.0
deit_small,10,smooth_spatial,centroid_dir,0.5,18.673513412475586,-0.002009263029322028,0.839606523513794,0.0004695987154264003,0.0,1.0
deit_small,10,smooth_spatial,centroid_dir,1.0,37.34702682495117,-0.005197195801883936,1.7638180255889893,0.0021427113097161055,0.0,1.0
deit_small,10,smooth_spatial,centroid_dir,2.0,74.69405364990234,-0.01964767836034298,4.1985182762146,0.01343329157680273,0.0,1.0
deit_small,10,smooth_spatial,centroid_dir,4.0,149.3881072998047,0.06885802745819092,13.185442924499512,0.13355034589767456,0.07000000029802322,0.9300000071525574
vit_base,5,single_central,jac_top,0.0,0.0,0.0,0.0,0.0,0.0,1.0
vit_base,5,single_central,jac_top,0.1,5.6560207366943365,-0.005683159921318293,0.08551505208015442,5.1305294618941844e-05,0.0,1.0
vit_base,5,single_central,jac_top,0.25,14.14005184173584,-0.01411124225705862,0.21624286472797394,0.00032457313500344753,0.019999999552965164,0.9799999594688416
vit_base,5,single_central,jac_top,0.5,28.28010368347168,-0.025124944746494293,0.3959231376647949,0.0009649184066802263,0.019999999552965164,0.9799999594688416
vit_base,5,single_central,jac_top,1.0,56.56020736694336,-0.03213628754019737,0.5897498726844788,0.0015756877837702632,0.029999999329447746,0.9699999690055847
vit_base,5,single_central,jac_top,2.0,113.12041473388672,-0.051019880920648575,0.8992263078689575,0.002422685967758298,0.029999999329447746,0.9699999690055847
vit_base,5,single_central,jac_top,4.0,226.24082946777344,-0.042907971888780594,2.5145182609558105,0.0035610434133559465,0.019999999552965164,0.9799999594688416
vit_base,5,single_central,jac_null,0.0,0.0,0.0,0.0,0.0,0.0,1.0
vit_base,5,single_central,jac_null,0.1,5.6560207366943365,8.654594421386719e-05,0.03349299728870392,4.751393589685904e-06,0.0,1.0
vit_base,5,single_central,jac_null,0.25,14.14005184173584,0.0006481504533439875,0.08276208490133286,3.0297616831376217e-05,0.0,1.0
vit_base,5,single_central,jac_null,0.5,28.28010368347168,0.0026061534881591797,0.16342398524284363,0.00012920680455863476,0.009999999776482582,0.9899999499320984
vit_base,5,single_central,jac_null,1.0,56.56020736694336,0.00617029657587409,0.2773634195327759,0.00036834218190051615,0.009999999776482582,0.9899999499320984
vit_base,5,single_central,jac_null,2.0,113.12041473388672,0.005221714731305838,0.3625160753726959,0.0004933974705636501,0.009999999776482582,0.9899999499320984
vit_base,5,single_central,jac_null,4.0,226.24082946777344,0.004299297463148832,0.5352576971054077,0.0005169378127902746,0.009999999776482582,0.9899999499320984
vit_base,5,single_central,pc1,0.0,0.0,0.0,0.0,0.0,0.0,1.0
vit_base,5,single_central,pc1,0.1,5.6560207366943365,-0.0005512427887879312,0.06710462272167206,6.879579814267345e-06,0.0,1.0
vit_base,5,single_central,pc1,0.25,14.14005184173584,0.002881827298551798,0.2315085381269455,0.0001166356960311532,0.009999999776482582,0.9899999499320984
vit_base,5,single_central,pc1,0.5,28.28010368347168,0.010674661956727505,0.38871318101882935,0.0004249785852152854,0.019999999552965164,0.9799999594688416
vit_base,5,single_central,pc1,1.0,56.56020736694336,0.01336449570953846,0.43036162853240967,0.0005007458967156708,0.009999999776482582,0.9899999499320984
vit_base,5,single_central,pc1,2.0,113.12041473388672,0.016780400648713112,0.4658566117286682,0.0005552470684051514,0.009999999776482582,0.9899999499320984
vit_base,5,single_central,pc1,4.0,226.24082946777344,0.020437879487872124,0.5261954665184021,0.0006015320541337132,0.019999999552965164,0.9799999594688416
vit_base,5,single_central,rand_dir,0.0,0.0,0.0,0.0,0.0,0.0,1.0
vit_base,5,single_central,rand_dir,0.1,5.6560207366943365,0.0008448457811027765,0.03741259500384331,3.867251507472247e-06,0.0,1.0
vit_base,5,single_central,rand_dir,0.25,14.14005184173584,0.0023548363242298365,0.09588064253330231,2.7791224056272767e-05,0.0,1.0
vit_base,5,single_central,rand_dir,0.5,28.28010368347168,0.0062689827755093575,0.1947830468416214,0.00015435158275067806,0.0,1.0
vit_base,5,single_central,rand_dir,1.0,56.56020736694336,0.01090875081717968,0.3211386799812317,0.000458328053355217,0.0,1.0
vit_base,5,single_central,rand_dir,2.0,113.12041473388672,0.013013129122555256,0.4647771418094635,0.0006120780599303544,0.009999999776482582,0.9899999499320984
vit_base,5,single_central,rand_dir,4.0,226.24082946777344,0.035617366433143616,0.9634339809417725,0.0009012329974211752,0.009999999776482582,0.9899999499320984
vit_base,5,single_central,centroid_dir,0.0,0.0,0.0,0.0,0.0,0.0,1.0
vit_base,5,single_central,centroid_dir,0.1,5.6560207366943365,0.0023204325698316097,0.05511006340384483,1.7498419765615836e-05,0.0,1.0
vit_base,5,single_central,centroid_dir,0.25,14.14005184173584,0.005801062565296888,0.1326953023672104,9.888201748253778e-05,0.0,1.0
vit_base,5,single_central,centroid_dir,0.5,28.28010368347168,0.008669719099998474,0.2311858832836151,0.00033727145637385547,0.0,1.0
vit_base,5,single_central,centroid_dir,1.0,56.56020736694336,0.009083938784897327,0.3187572658061981,0.0005391651066020131,0.009999999776482582,0.9899999499320984
vit_base,5,single_central,centroid_dir,2.0,113.12041473388672,0.0065126800909638405,0.3988872170448303,0.0005449208547361195,0.009999999776482582,0.9899999499320984
vit_base,5,single_central,centroid_dir,4.0,226.24082946777344,0.00770364748314023,0.5232772827148438,0.0005786605179309845,0.009999999776482582,0.9899999499320984
vit_base,5,single_corner,jac_top,0.0,0.0,0.0,0.0,0.0,0.0,1.0
vit_base,5,single_corner,jac_top,0.1,5.6560207366943365,-0.007407116703689098,0.09293734282255173,4.4480264477897435e-05,0.0,1.0
vit_base,5,single_corner,jac_top,0.25,14.14005184173584,-0.019493479281663895,0.23377956449985504,0.0002619484148453921,0.009999999776482582,0.9899999499320984
vit_base,5,single_corner,jac_top,0.5,28.28010368347168,-0.03729727491736412,0.4256254732608795,0.0007340955780819058,0.019999999552965164,0.9799999594688416
vit_base,5,single_corner,jac_top,1.0,56.56020736694336,-0.053515441715717316,0.6384912133216858,0.0012098228326067328,0.029999999329447746,0.9699999690055847
vit_base,5,single_corner,jac_top,2.0,113.12041473388672,-0.07433868199586868,0.9688789248466492,0.0019930636044591665,0.029999999329447746,0.9699999690055847
vit_base,5,single_corner,jac_top,4.0,226.24082946777344,-0.058309655636548996,2.597144603729248,0.0032060497906059027,0.019999999552965164,0.9799999594688416
vit_base,5,single_corner,jac_null,0.0,0.0,0.0,0.0,0.0,0.0,1.0
vit_base,5,single_corner,jac_null,0.1,5.6560207366943365,-0.0010810613166540861,0.03526870906352997,2.489425241947174e-06,0.0,1.0
vit_base,5,single_corner,jac_null,0.25,14.14005184173584,-0.0028755043167620897,0.08905908465385437,1.5307068679248914e-05,0.0,1.0
vit_base,5,single_corner,jac_null,0.5,28.28010368347168,-0.005768733099102974,0.17259913682937622,4.977766366209835e-05,0.0,1.0
vit_base,5,single_corner,jac_null,1.0,56.56020736694336,-0.007610540371388197,0.28069356083869934,0.00014292384730651975,0.009999999776482582,0.9899999499320984
vit_base,5,single_corner,jac_null,2.0,113.12041473388672,-0.003741211723536253,0.3670143783092499,0.00022052094573155046,0.009999999776482582,0.9899999499320984
vit_base,5,single_corner,jac_null,4.0,226.24082946777344,-7.905482925707474e-05,0.5515994429588318,0.00025609901058487594,0.009999999776482582,0.9899999499320984
vit_base,5,single_corner,pc1,0.0,0.0,0.0,0.0,0.0,0.0,1.0
vit_base,5,single_corner,pc1,0.1,5.6560207366943365,-0.0004633617354556918,0.07925565540790558,8.699139470991213e-06,0.0,1.0
vit_base,5,single_corner,pc1,0.25,14.14005184173584,-0.00601382227614522,0.23617248237133026,5.334729212336242e-05,0.0,1.0
vit_base,5,single_corner,pc1,0.5,28.28010368347168,-0.005111293867230415,0.37998607754707336,0.00010476418538019061,0.0,1.0
vit_base,5,single_corner,pc1,1.0,56.56020736694336,0.002567305462434888,0.4058804214000702,0.00012051140947733074,0.009999999776482582,0.9899999499320984
vit_base,5,single_corner,pc1,2.0,113.12041473388672,0.0060801077634096146,0.43601274490356445,0.0001495501201134175,0.009999999776482582,0.9899999499320984
vit_base,5,single_corner,pc1,4.0,226.24082946777344,0.009742136113345623,0.5034923553466797,0.00020212068920955062,0.009999999776482582,0.9899999499320984
vit_base,5,single_corner,rand_dir,0.0,0.0,0.0,0.0,0.0,0.0,1.0
vit_base,5,single_corner,rand_dir,0.1,5.6560207366943365,5.216121644480154e-05,0.037397317588329315,2.2821780021331506e-06,0.0,1.0
vit_base,5,single_corner,rand_dir,0.25,14.14005184173584,-0.0002133083326043561,0.09463778138160706,1.4489321074506734e-05,0.0,1.0
vit_base,5,single_corner,rand_dir,0.5,28.28010368347168,-0.0006489610532298684,0.18092046678066254,5.447784496936947e-05,0.009999999776482582,0.9899999499320984
vit_base,5,single_corner,rand_dir,1.0,56.56020736694336,-0.0008731556008569896,0.2898356020450592,0.0001395006402162835,0.009999999776482582,0.9899999499320984
vit_base,5,single_corner,rand_dir,2.0,113.12041473388672,0.0077119492925703526,0.4519060552120209,0.00022724858717992902,0.009999999776482582,0.9899999499320984
vit_base,5,single_corner,rand_dir,4.0,226.24082946777344,0.03547516092658043,1.0125658512115479,0.0004762376775033772,0.009999999776482582,0.9899999499320984
vit_base,5,single_corner,centroid_dir,0.0,0.0,0.0,0.0,0.0,0.0,1.0
vit_base,5,single_corner,centroid_dir,0.1,5.6560207366943365,-0.0010021829511970282,0.05574421212077141,4.451665972737828e-06,0.0,1.0
vit_base,5,single_corner,centroid_dir,0.25,14.14005184173584,-0.002025008201599121,0.1243426576256752,2.5101098799495958e-05,0.0,1.0
vit_base,5,single_corner,centroid_dir,0.5,28.28010368347168,-0.00211350922472775,0.2050844132900238,9.6477750048507e-05,0.009999999776482582,0.9899999499320984
vit_base,5,single_corner,centroid_dir,1.0,56.56020736694336,-0.0013607310829684138,0.294930636882782,0.00017150274652522057,0.009999999776482582,0.9899999499320984
vit_base,5,single_corner,centroid_dir,2.0,113.12041473388672,-0.00037979125045239925,0.3718015253543854,0.00017836957704275846,0.009999999776482582,0.9899999499320984
vit_base,5,single_corner,centroid_dir,4.0,226.24082946777344,0.0023103903513401747,0.4860638380050659,0.0001957337517524138,0.009999999776482582,0.9899999499320984
vit_base,5,global_coherent,jac_top,0.0,0.0,0.0,0.0,0.0,0.0,1.0
vit_base,5,global_coherent,jac_top,0.1,5.6560207366943365,-0.08713168650865555,0.8751441836357117,0.003306221915408969,0.029999999329447746,0.9699999690055847
vit_base,5,global_coherent,jac_top,0.25,14.14005184173584,-0.21506530046463013,2.242924451828003,0.020560288801789284,0.029999999329447746,0.9699999690055847
vit_base,5,global_coherent,jac_top,0.5,28.28010368347168,-0.41806432604789734,4.577205657958984,0.07532559335231781,0.04999999701976776,0.949999988079071
vit_base,5,global_coherent,jac_top,1.0,56.56020736694336,-0.6920485496520996,8.254497528076172,0.2163441777229309,0.07999999821186066,0.9199999570846558
vit_base,5,global_coherent,jac_top,2.0,113.12041473388672,-0.8343839645385742,10.57335090637207,0.33987852931022644,0.11999999731779099,0.8799999952316284
vit_base,5,global_coherent,jac_top,4.0,226.24082946777344,-0.6949185132980347,13.221508026123047,0.49719101190567017,0.17999999225139618,0.8199999928474426
vit_base,5,global_coherent,jac_null,0.0,0.0,0.0,0.0,0.0,0.0,1.0
vit_base,5,global_coherent,jac_null,0.1,5.6560207366943365,1.9311904907226562e-05,0.11677496880292892,3.3659255223028595e-06,0.0,1.0
vit_base,5,global_coherent,jac_null,0.25,14.14005184173584,0.00012563704513013363,0.2915537655353546,2.1195224690018222e-05,0.0,1.0
vit_base,5,global_coherent,jac_null,0.5,28.28010368347168,0.0005295324372127652,0.5817698836326599,8.759483171161264e-05,0.0,1.0
vit_base,5,global_coherent,jac_null,1.0,56.56020736694336,0.0023463869001716375,1.1580473184585571,0.00038614097866229713,0.0,1.0
vit_base,5,global_coherent,jac_null,2.0,113.12041473388672,0.01155021134763956,2.3007311820983887,0.0019734117668122053,0.009999999776482582,0.9899999499320984
vit_base,5,global_coherent,jac_null,4.0,226.24082946777344,0.060144226998090744,4.619747638702393,0.01237192377448082,0.009999999776482582,0.9899999499320984
vit_base,5,global_coherent,pc1,0.0,0.0,0.0,0.0,0.0,0.0,1.0
vit_base,5,global_coherent,pc1,0.1,5.6560207366943365,-0.002408041851595044,0.139922097325325,1.954321669472847e-05,0.0,1.0
vit_base,5,global_coherent,pc1,0.25,14.14005184173584,-0.005466184578835964,0.3538196384906769,0.00012536055874079466,0.009999999776482582,0.9899999499320984
vit_base,5,global_coherent,pc1,0.5,28.28010368347168,-0.009356102906167507,0.7224781513214111,0.0005282010533846915,0.009999999776482582,0.9899999499320984
vit_base,5,global_coherent,pc1,1.0,56.56020736694336,-0.014520200900733471,1.5186268091201782,0.0023984743747860193,0.029999999329447746,0.9699999690055847
vit_base,5,global_coherent,pc1,2.0,113.12041473388672,-0.026888838037848473,3.497103214263916,0.013570181094110012,0.05999999865889549,0.9399999976158142
vit_base,5,global_coherent,pc1,4.0,226.24082946777344,0.8731793165206909,13.29738998413086,0.3143690526485443,0.11999999731779099,0.8799999952316284
vit_base,5,global_coherent,rand_dir,0.0,0.0,0.0,0.0,0.0,0.0,1.0
vit_base,5,global_coherent,rand_dir,0.1,5.6560207366943365,0.001151876407675445,0.1479397416114807,3.6184879718348384e-05,0.0,1.0
vit_base,5,global_coherent,rand_dir,0.25,14.14005184173584,0.0030341576784849167,0.3695259392261505,0.00022450096730608493,0.0,1.0
vit_base,5,global_coherent,rand_dir,0.5,28.28010368347168,0.006565188989043236,0.7376449704170227,0.0008896845392882824,0.0,1.0
vit_base,5,global_coherent,rand_dir,1.0,56.56020736694336,0.01495513878762722,1.467718482017517,0.0035128751769661903,0.019999999552965164,0.9799999594688416
vit_base,5,global_coherent,rand_dir,2.0,113.12041473388672,0.03690687566995621,2.89965558052063,0.013870694674551487,0.019999999552965164,0.9799999594688416
vit_base,5,global_coherent,rand_dir,4.0,226.24082946777344,0.11912595480680466,5.8084869384765625,0.05835742875933647,0.07000000029802322,0.9300000071525574
vit_base,5,global_coherent,centroid_dir,0.0,0.0,0.0,0.0,0.0,0.0,1.0
vit_base,5,global_coherent,centroid_dir,0.1,5.6560207366943365,0.0026653290260583162,0.15456411242485046,4.120442827115767e-05,0.0,1.0
vit_base,5,global_coherent,centroid_dir,0.25,14.14005184173584,0.006664457265287638,0.3856043815612793,0.0002515747328288853,0.009999999776482582,0.9899999499320984
vit_base,5,global_coherent,centroid_dir,0.5,28.28010368347168,0.0133645199239254,0.7684173583984375,0.000968707783613354,0.009999999776482582,0.9899999499320984
vit_base,5,global_coherent,centroid_dir,1.0,56.56020736694336,0.0268859900534153,1.524904489517212,0.0036022786516696215,0.009999999776482582,0.9899999499320984
vit_base,5,global_coherent,centroid_dir,2.0,113.12041473388672,0.0547243095934391,2.996411085128784,0.01298104040324688,0.009999999776482582,0.9899999499320984
vit_base,5,global_coherent,centroid_dir,4.0,226.24082946777344,0.12470603734254837,5.905154705047607,0.05345464497804642,0.03999999910593033,0.9599999785423279
vit_base,5,random_sign,jac_top,0.0,0.0,0.0,0.0,0.0,0.0,1.0
vit_base,5,random_sign,jac_top,0.1,5.6560207366943365,-0.0038478898350149393,0.06296856701374054,2.019718158408068e-05,0.0,1.0
vit_base,5,random_sign,jac_top,0.25,14.14005184173584,-0.010422978550195694,0.16476161777973175,0.00014045416901353747,0.009999999776482582,0.9899999499320984
vit_base,5,random_sign,jac_top,0.5,28.28010368347168,-0.02355203591287136,0.3585193455219269,0.0006692776223644614,0.019999999552965164,0.9799999594688416
vit_base,5,random_sign,jac_top,1.0,56.56020736694336,-0.0583234541118145,0.8594396710395813,0.0036835724022239447,0.029999999329447746,0.9699999690055847
vit_base,5,random_sign,jac_top,2.0,113.12041473388672,-0.16064944863319397,2.326887369155884,0.02128594182431698,0.029999999329447746,0.9699999690055847
vit_base,5,random_sign,jac_top,4.0,226.24082946777344,-0.2788768410682678,5.164625644683838,0.06926944851875305,0.05999999865889549,0.9399999976158142
vit_base,5,random_sign,jac_null,0.0,0.0,0.0,0.0,0.0,0.0,1.0
vit_base,5,random_sign,jac_null,0.1,5.6560207366943365,0.0005112504586577415,0.03623447194695473,3.1559156923322007e-06,0.0,1.0
vit_base,5,random_sign,jac_null,0.25,14.14005184173584,0.0012908648932352662,0.09085713326931,1.9875513316947035e-05,0.0,1.0
vit_base,5,random_sign,jac_null,0.5,28.28010368347168,0.0026240681763738394,0.1836460828781128,8.253076521214098e-05,0.009999999776482582,0.9899999499320984
vit_base,5,random_sign,jac_null,1.0,56.56020736694336,0.005476393736898899,0.3821536898612976,0.0003651553706731647,0.009999999776482582,0.9899999499320984
vit_base,5,random_sign,jac_null,2.0,113.12041473388672,0.012362703680992126,0.8672417998313904,0.0018747547874227166,0.029999999329447746,0.9699999690055847
vit_base,5,random_sign,jac_null,4.0,226.24082946777344,0.03216325864195824,2.2766904830932617,0.012104766443371773,0.029999999329447746,0.9699999690055847
vit_base,5,random_sign,pc1,0.0,0.0,0.0,0.0,0.0,0.0,1.0
vit_base,5,random_sign,pc1,0.1,5.6560207366943365,0.000781907991040498,0.06933578103780746,7.675210326851811e-06,0.0,1.0
vit_base,5,random_sign,pc1,0.25,14.14005184173584,0.002015128033235669,0.17423385381698608,4.8848174628801644e-05,0.0,1.0
vit_base,5,random_sign,pc1,0.5,28.28010368347168,0.0041080042719841,0.3552686870098114,0.00020473350014071912,0.009999999776482582,0.9899999499320984
vit_base,5,random_sign,pc1,1.0,56.56020736694336,0.00786400306969881,0.7577335834503174,0.0009225492249242961,0.009999999776482582,0.9899999499320984
vit_base,5,random_sign,pc1,2.0,113.12041473388672,0.008696970529854298,1.927329421043396,0.005235062912106514,0.029999999329447746,0.9699999690055847
vit_base,5,random_sign,pc1,4.0,226.24082946777344,0.13260376453399658,5.9734086990356445,0.03893772140145302,0.03999999910593033,0.9599999785423279
vit_base,5,random_sign,rand_dir,0.0,0.0,0.0,0.0,0.0,0.0,1.0
vit_base,5,random_sign,rand_dir,0.1,5.6560207366943365,0.0006808852776885033,0.03731874004006386,2.349791884626029e-06,0.0,1.0
vit_base,5,random_sign,rand_dir,0.25,14.14005184173584,0.0017649650108069181,0.09356178343296051,1.4459639714914374e-05,0.0,1.0
vit_base,5,random_sign,rand_dir,0.5,28.28010368347168,0.003726425115019083,0.1890983134508133,5.7703589845914394e-05,0.0,1.0
vit_base,5,random_sign,rand_dir,1.0,56.56020736694336,0.008200335316359997,0.39354372024536133,0.00023818243062123656,0.009999999776482582,0.9899999499320984
vit_base,5,random_sign,rand_dir,2.0,113.12041473388672,0.020181473344564438,0.8916730880737305,0.0011213964316993952,0.019999999552965164,0.9799999594688416
vit_base,5,random_sign,rand_dir,4.0,226.24082946777344,0.06445357203483582,2.3494768142700195,0.007090219762176275,0.019999999552965164,0.9799999594688416
vit_base,5,random_sign,centroid_dir,0.0,0.0,0.0,0.0,0.0,0.0,1.0
vit_base,5,random_sign,centroid_dir,0.1,5.6560207366943365,0.0002525329473428428,0.06098421290516853,7.945462130010128e-06,0.0,1.0
vit_base,5,random_sign,centroid_dir,0.25,14.14005184173584,0.00036254883161745965,0.1529548466205597,4.9293106712866575e-05,0.0,1.0
vit_base,5,random_sign,centroid_dir,0.5,28.28010368347168,-0.00015696525224484503,0.30891695618629456,0.0001978415239136666,0.0,1.0
vit_base,5,random_sign,centroid_dir,1.0,56.56020736694336,-0.003658470930531621,0.6389257311820984,0.0008191961678676307,0.009999999776482582,0.9899999499320984
vit_base,5,random_sign,centroid_dir,2.0,113.12041473388672,-0.01932373456656933,1.4114099740982056,0.0038233224768191576,0.029999999329447746,0.9699999690055847
vit_base,5,random_sign,centroid_dir,4.0,226.24082946777344,-0.05957052484154701,3.476840019226074,0.021580440923571587,0.03999999910593033,0.9599999785423279
vit_base,5,random_gaussian,jac_top,0.0,0.0,0.0,0.0,0.0,0.0,1.0
vit_base,5,random_gaussian,jac_top,0.1,5.6560207366943365,-0.006197056733071804,0.08403913676738739,1.956563392013777e-05,0.0,1.0
vit_base,5,random_gaussian,jac_top,0.25,14.14005184173584,-0.01641281135380268,0.22008879482746124,0.00013840317842550576,0.0,1.0
vit_base,5,random_gaussian,jac_top,0.5,28.28010368347168,-0.03587980195879936,0.47458145022392273,0.0006723005790263414,0.019999999552965164,0.9799999594688416
vit_base,5,random_gaussian,jac_top,1.0,56.56020736694336,-0.08359355479478836,1.0867441892623901,0.0037217079661786556,0.029999999329447746,0.9699999690055847
vit_base,5,random_gaussian,jac_top,2.0,113.12041473388672,-0.19789528846740723,2.5611560344696045,0.020549310371279716,0.029999999329447746,0.9699999690055847
vit_base,5,random_gaussian,jac_top,4.0,226.24082946777344,-0.33520179986953735,5.147191524505615,0.07081520557403564,0.07000000029802322,0.9300000071525574
vit_base,5,random_gaussian,jac_null,0.0,0.0,0.0,0.0,0.0,0.0,1.0
vit_base,5,random_gaussian,jac_null,0.1,5.6560207366943365,-0.0003922033356502652,0.038004789501428604,3.6078597531741252e-06,0.0,1.0
vit_base,5,random_gaussian,jac_null,0.25,14.14005184173584,-0.0010404157219454646,0.09503699839115143,2.253290222142823e-05,0.0,1.0
vit_base,5,random_gaussian,jac_null,0.5,28.28010368347168,-0.0022801589220762253,0.19111177325248718,9.128147212322801e-05,0.0,1.0
vit_base,5,random_gaussian,jac_null,1.0,56.56020736694336,-0.005248202942311764,0.392918199300766,0.00037769932532683015,0.0,1.0
vit_base,5,random_gaussian,jac_null,2.0,113.12041473388672,-0.01173742301762104,0.8662734627723694,0.0016508764820173383,0.019999999552965164,0.9799999594688416
vit_base,5,random_gaussian,jac_null,4.0,226.24082946777344,-0.01847187429666519,2.122497320175171,0.008766697719693184,0.019999999552965164,0.9799999594688416
vit_base,5,random_gaussian,pc1,0.0,0.0,0.0,0.0,0.0,0.0,1.0
vit_base,5,random_gaussian,pc1,0.1,5.6560207366943365,-0.00039695738814771175,0.06761947274208069,4.528053068497684e-06,0.0,1.0
vit_base,5,random_gaussian,pc1,0.25,14.14005184173584,-0.000904622080270201,0.17087766528129578,3.0054859962547198e-05,0.0,1.0
vit_base,5,random_gaussian,pc1,0.5,28.28010368347168,-0.002002458553761244,0.35089224576950073,0.00013061793288215995,0.0,1.0
vit_base,5,random_gaussian,pc1,1.0,56.56020736694336,-0.007708349265158176,0.7868075370788574,0.0007047816761769354,0.009999999776482582,0.9899999499320984
vit_base,5,random_gaussian,pc1,2.0,113.12041473388672,-0.0237105842679739,2.0084495544433594,0.004652094561606646,0.019999999552965164,0.9799999594688416
vit_base,5,random_gaussian,pc1,4.0,226.24082946777344,0.09448043256998062,4.2843122482299805,0.023593762889504433,0.05999999865889549,0.9399999976158142
vit_base,5,random_gaussian,rand_dir,0.0,0.0,0.0,0.0,0.0,0.0,1.0
vit_base,5,random_gaussian,rand_dir,0.1,5.6560207366943365,-0.00042926310561597347,0.039693038910627365,2.845078597601969e-06,0.0,1.0
vit_base,5,random_gaussian,rand_dir,0.25,14.14005184173584,-0.001008691731840372,0.09953983873128891,1.748622344166506e-05,0.0,1.0
vit_base,5,random_gaussian,rand_dir,0.5,28.28010368347168,-0.0017642449820414186,0.20116789638996124,6.983799539739266e-05,0.0,1.0
vit_base,5,random_gaussian,rand_dir,1.0,56.56020736694336,-0.0021718167699873447,0.41740280389785767,0.00028441273025237024,0.0,1.0
vit_base,5,random_gaussian,rand_dir,2.0,113.12041473388672,0.0031444549094885588,0.926084041595459,0.0012139930622652173,0.0,1.0
vit_base,5,random_gaussian,rand_dir,4.0,226.24082946777344,0.046309974044561386,2.239792823791504,0.006545419339090586,0.009999999776482582,0.9899999499320984
vit_base,5,random_gaussian,centroid_dir,0.0,0.0,0.0,0.0,0.0,0.0,1.0
vit_base,5,random_gaussian,centroid_dir,0.1,5.6560207366943365,0.0002883767883758992,0.06424400955438614,9.517073522147257e-06,0.0,1.0
vit_base,5,random_gaussian,centroid_dir,0.25,14.14005184173584,0.0004685735621023923,0.16070792078971863,5.671093094861135e-05,0.0,1.0
vit_base,5,random_gaussian,centroid_dir,0.5,28.28010368347168,0.0002233457489637658,0.3228486478328705,0.00021075627591926605,0.0,1.0
vit_base,5,random_gaussian,centroid_dir,1.0,56.56020736694336,-0.001462049433030188,0.6580671668052673,0.0007296241819858551,0.0,1.0
vit_base,5,random_gaussian,centroid_dir,2.0,113.12041473388672,-0.0034845161717385054,1.3901798725128174,0.002522697439417243,0.029999999329447746,0.9699999690055847
vit_base,5,random_gaussian,centroid_dir,4.0,226.24082946777344,0.014428438618779182,3.0457115173339844,0.014805003069341183,0.03999999910593033,0.9599999785423279
vit_base,5,spatial_cluster_25%,jac_top,0.0,0.0,0.0,0.0,0.0,0.0,1.0
vit_base,5,spatial_cluster_25%,jac_top,0.1,5.6560207366943365,-0.06193254515528679,0.5343042612075806,0.0013206320581957698,0.019999999552965164,0.9799999594688416
vit_base,5,spatial_cluster_25%,jac_top,0.25,14.14005184173584,-0.15239271521568298,1.3590807914733887,0.008384227752685547,0.029999999329447746,0.9699999690055847
vit_base,5,spatial_cluster_25%,jac_top,0.5,28.28010368347168,-0.29377511143684387,2.7753899097442627,0.03343063220381737,0.03999999910593033,0.9599999785423279
vit_base,5,spatial_cluster_25%,jac_top,1.0,56.56020736694336,-0.5134577751159668,5.360241413116455,0.11366116255521774,0.04999999701976776,0.949999988079071
vit_base,5,spatial_cluster_25%,jac_top,2.0,113.12041473388672,-0.6861072182655334,8.42214584350586,0.2420298308134079,0.07000000029802322,0.9300000071525574
vit_base,5,spatial_cluster_25%,jac_top,4.0,226.24082946777344,-0.6598716378211975,10.969218254089355,0.3776988387107849,0.12999999523162842,0.8700000047683716
vit_base,5,spatial_cluster_25%,jac_null,0.0,0.0,0.0,0.0,0.0,0.0,1.0
vit_base,5,spatial_cluster_25%,jac_null,0.1,5.6560207366943365,0.0013305902248248458,0.0986165776848793,1.3049747394688893e-05,0.0,1.0
vit_base,5,spatial_cluster_25%,jac_null,0.25,14.14005184173584,0.0034490919206291437,0.24587436020374298,8.105482993414626e-05,0.0,1.0
vit_base,5,spatial_cluster_25%,jac_null,0.5,28.28010368347168,0.007329415995627642,0.48972633481025696,0.0003225906111765653,0.009999999776482582,0.9899999499320984
vit_base,5,spatial_cluster_25%,jac_null,1.0,56.56020736694336,0.016644004732370377,0.9733253121376038,0.0012905136682093143,0.009999999776482582,0.9899999499320984
vit_base,5,spatial_cluster_25%,jac_null,2.0,113.12041473388672,0.04419013857841492,1.9394805431365967,0.005464031361043453,0.029999999329447746,0.9699999690055847
vit_base,5,spatial_cluster_25%,jac_null,4.0,226.24082946777344,0.15579096972942352,4.001709938049316,0.026241671293973923,0.04999999701976776,0.949999988079071
vit_base,5,spatial_cluster_25%,pc1,0.0,0.0,0.0,0.0,0.0,0.0,1.0
vit_base,5,spatial_cluster_25%,pc1,0.1,5.6560207366943365,-0.0010105085093528032,0.1452394276857376,2.3174132365966216e-05,0.0,1.0
vit_base,5,spatial_cluster_25%,pc1,0.25,14.14005184173584,-0.0017465876881033182,0.37472909688949585,0.00015406117017846555,0.019999999552965164,0.9799999594688416
vit_base,5,spatial_cluster_25%,pc1,0.5,28.28010368347168,-0.0008609580690972507,0.8018882274627686,0.0007018050528131425,0.019999999552965164,0.9799999594688416
vit_base,5,spatial_cluster_25%,pc1,1.0,56.56020736694336,-5.416870044427924e-05,1.9204273223876953,0.0037845419719815254,0.03999999910593033,0.9599999785423279
vit_base,5,spatial_cluster_25%,pc1,2.0,113.12041473388672,0.1371660679578781,5.315715312957764,0.025619952008128166,0.04999999701976776,0.949999988079071
vit_base,5,spatial_cluster_25%,pc1,4.0,226.24082946777344,0.6938953995704651,9.283537864685059,0.19847415387630463,0.07999999821186066,0.9199999570846558
vit_base,5,spatial_cluster_25%,rand_dir,0.0,0.0,0.0,0.0,0.0,0.0,1.0
vit_base,5,spatial_cluster_25%,rand_dir,0.1,5.6560207366943365,0.004283613990992308,0.11671613156795502,2.8347354600555263e-05,0.0,1.0
vit_base,5,spatial_cluster_25%,rand_dir,0.25,14.14005184173584,0.011019415222108364,0.2924911081790924,0.00017817493062466383,0.0,1.0
vit_base,5,spatial_cluster_25%,rand_dir,0.5,28.28010368347168,0.023123839870095253,0.5872158408164978,0.0007197615341283381,0.0,1.0
vit_base,5,spatial_cluster_25%,rand_dir,1.0,56.56020736694336,0.051107291132211685,1.183029294013977,0.0029478599317371845,0.009999999776482582,0.9899999499320984
vit_base,5,spatial_cluster_25%,rand_dir,2.0,113.12041473388672,0.1269272416830063,2.4145874977111816,0.012743734754621983,0.029999999329447746,0.9699999690055847
vit_base,5,spatial_cluster_25%,rand_dir,4.0,226.24082946777344,0.4083605110645294,5.221687316894531,0.060054175555706024,0.05999999865889549,0.9399999976158142
vit_base,5,spatial_cluster_25%,centroid_dir,0.0,0.0,0.0,0.0,0.0,0.0,1.0
vit_base,5,spatial_cluster_25%,centroid_dir,0.1,5.6560207366943365,0.0008610915974713862,0.14230598509311676,4.147559229750186e-05,0.0,1.0
vit_base,5,spatial_cluster_25%,centroid_dir,0.25,14.14005184173584,0.0025867701042443514,0.35718268156051636,0.0002615186385810375,0.0,1.0
vit_base,5,spatial_cluster_25%,centroid_dir,0.5,28.28010368347168,0.00667448528110981,0.7178164720535278,0.0010540857911109924,0.019999999552965164,0.9799999594688416
vit_base,5,spatial_cluster_25%,centroid_dir,1.0,56.56020736694336,0.018476814031600952,1.442795991897583,0.004162379540503025,0.019999999552965164,0.9799999594688416
vit_base,5,spatial_cluster_25%,centroid_dir,2.0,113.12041473388672,0.05108587071299553,2.89483904838562,0.015363863669335842,0.019999999552965164,0.9799999594688416
vit_base,5,spatial_cluster_25%,centroid_dir,4.0,226.24082946777344,0.2588459849357605,6.157529830932617,0.06258901208639145,0.05999999865889549,0.9399999976158142
vit_base,5,checkerboard,jac_top,0.0,0.0,0.0,0.0,0.0,0.0,1.0
vit_base,5,checkerboard,jac_top,0.1,5.6560207366943365,-0.0013178634690120816,0.03632338345050812,2.993228690684191e-06,0.0,1.0
vit_base,5,checkerboard,jac_top,0.25,14.14005184173584,-0.004071888979524374,0.09412369877099991,2.0857462004642002e-05,0.0,1.0
vit_base,5,checkerboard,jac_top,0.5,28.28010368347168,-0.010752563364803791,0.2069949507713318,0.00010882265632972121,0.0,1.0
vit_base,5,checkerboard,jac_top,1.0,56.56020736694336,-0.03224577382206917,0.5338887572288513,0.0008061169646680355,0.019999999552965164,0.9799999594688416
vit_base,5,checkerboard,jac_top,2.0,113.12041473388672,-0.10919414460659027,1.6939135789871216,0.008532291278243065,0.029999999329447746,0.9699999690055847
vit_base,5,checkerboard,jac_top,4.0,226.24082946777344,-0.22262056171894073,4.413595676422119,0.0482550710439682,0.05999999865889549,0.9399999976158142
vit_base,5,checkerboard,jac_null,0.0,0.0,0.0,0.0,0.0,0.0,1.0
vit_base,5,checkerboard,jac_null,0.1,5.6560207366943365,0.00035244939499534667,0.02928098663687706,1.1102202961410512e-06,0.0,1.0
vit_base,5,checkerboard,jac_null,0.25,14.14005184173584,0.0008727312088012695,0.07345540821552277,6.80210041537066e-06,0.0,1.0
vit_base,5,checkerboard,jac_null,0.5,28.28010368347168,0.0017056893557310104,0.1490633189678192,2.783123272820376e-05,0.0,1.0
vit_base,5,checkerboard,jac_null,1.0,56.56020736694336,0.00320526584982872,0.31591707468032837,0.0001313201355515048,0.009999999776482582,0.9899999499320984
vit_base,5,checkerboard,jac_null,2.0,113.12041473388672,0.005487904418259859,0.7591705322265625,0.0008942038984969258,0.009999999776482582,0.9899999499320984
vit_base,5,checkerboard,jac_null,4.0,226.24082946777344,0.010227913968265057,2.181150197982788,0.008924110792577267,0.029999999329447746,0.9699999690055847
vit_base,5,checkerboard,pc1,0.0,0.0,0.0,0.0,0.0,0.0,1.0
vit_base,5,checkerboard,pc1,0.1,5.6560207366943365,-0.0005987739423289895,0.05193697661161423,3.971329533669632e-06,0.0,1.0
vit_base,5,checkerboard,pc1,0.25,14.14005184173584,-0.0013584517873823643,0.13107986748218536,2.5776585971470922e-05,0.0,1.0
vit_base,5,checkerboard,pc1,0.5,28.28010368347168,-0.002342820167541504,0.2682012617588043,0.00011172516678925604,0.0,1.0
vit_base,5,checkerboard,pc1,1.0,56.56020736694336,-0.005175556987524033,0.5950855016708374,0.0005653700209222734,0.019999999552965164,0.9799999594688416
vit_base,5,checkerboard,pc1,2.0,113.12041473388672,-0.016797251999378204,1.6956610679626465,0.004444650840014219,0.03999999910593033,0.9599999785423279
vit_base,5,checkerboard,pc1,4.0,226.24082946777344,0.046442728489637375,5.697275638580322,0.04451856389641762,0.07000000029802322,0.9300000071525574
vit_base,5,checkerboard,rand_dir,0.0,0.0,0.0,0.0,0.0,0.0,1.0
vit_base,5,checkerboard,rand_dir,0.1,5.6560207366943365,0.0002685499202925712,0.031102770939469337,2.3408886136166984e-06,0.0,1.0
vit_base,5,checkerboard,rand_dir,0.25,14.14005184173584,0.000748972874134779,0.07831088453531265,1.5100240489118733e-05,0.0,1.0
vit_base,5,checkerboard,rand_dir,0.5,28.28010368347168,0.0017568158218637109,0.15981437265872955,6.392795330611989e-05,0.0,1.0
vit_base,5,checkerboard,rand_dir,1.0,56.56020736694336,0.004588603973388672,0.34147194027900696,0.0002923584543168545,0.0,1.0
vit_base,5,checkerboard,rand_dir,2.0,113.12041473388672,0.014378547668457031,0.8205199837684631,0.0015544493217021227,0.0,1.0
vit_base,5,checkerboard,rand_dir,4.0,226.24082946777344,0.05302772298455238,2.3157379627227783,0.009997946210205555,0.009999999776482582,0.9899999499320984
vit_base,5,checkerboard,centroid_dir,0.0,0.0,0.0,0.0,0.0,0.0,1.0
vit_base,5,checkerboard,centroid_dir,0.1,5.6560207366943365,-0.00011213302059331909,0.05108484998345375,3.802471155722742e-06,0.0,1.0
vit_base,5,checkerboard,centroid_dir,0.25,14.14005184173584,-0.00045759676140733063,0.1283542960882187,2.4866963940439746e-05,0.0,1.0
vit_base,5,checkerboard,centroid_dir,0.5,28.28010368347168,-0.0014726733788847923,0.2607448399066925,0.00010868251411011443,0.009999999776482582,0.9899999499320984
vit_base,5,checkerboard,centroid_dir,1.0,56.56020736694336,-0.004963421728461981,0.5503681898117065,0.0005321674980223179,0.019999999552965164,0.9799999594688416
vit_base,5,checkerboard,centroid_dir,2.0,113.12041473388672,-0.016866611316800117,1.2777540683746338,0.0031561418436467648,0.019999999552965164,0.9799999594688416
vit_base,5,checkerboard,centroid_dir,4.0,226.24082946777344,-0.046006444841623306,3.2882983684539795,0.021252837032079697,0.03999999910593033,0.9599999785423279
vit_base,5,smooth_spatial,jac_top,0.0,0.0,0.0,0.0,0.0,0.0,1.0
vit_base,5,smooth_spatial,jac_top,0.1,5.6560207366943365,-0.00016057967150118202,0.09613610804080963,2.2615286070504226e-05,0.0,1.0
vit_base,5,smooth_spatial,jac_top,0.25,14.14005184173584,-0.0011547374306246638,0.24180014431476593,0.00013946682156529278,0.0,1.0
vit_base,5,smooth_spatial,jac_top,0.5,28.28010368347168,-0.0048567247577011585,0.49191808700561523,0.0005658630398102105,0.0,1.0
vit_base,5,smooth_spatial,jac_top,1.0,56.56020736694336,-0.01971937157213688,1.035961389541626,0.0026050671003758907,0.019999999552965164,0.9799999594688416
vit_base,5,smooth_spatial,jac_top,2.0,113.12041473388672,-0.06654810905456543,2.2790560722351074,0.014337999746203423,0.03999999910593033,0.9599999785423279
vit_base,5,smooth_spatial,jac_top,4.0,226.24082946777344,-0.14877735078334808,4.772428512573242,0.054672107100486755,0.04999999701976776,0.949999988079071
vit_base,5,smooth_spatial,jac_null,0.0,0.0,0.0,0.0,0.0,0.0,1.0
vit_base,5,smooth_spatial,jac_null,0.1,5.6560207366943365,0.00152968883048743,0.048223160207271576,5.779820185125573e-06,0.0,1.0
vit_base,5,smooth_spatial,jac_null,0.25,14.14005184173584,0.003880033502355218,0.12056390196084976,3.659935464384034e-05,0.0,1.0
vit_base,5,smooth_spatial,jac_null,0.5,28.28010368347168,0.007926001213490963,0.2417505979537964,0.00015064931358210742,0.009999999776482582,0.9899999499320984
vit_base,5,smooth_spatial,jac_null,1.0,56.56020736694336,0.016309112310409546,0.4901444613933563,0.0006426366744562984,0.019999999552965164,0.9799999594688416
vit_base,5,smooth_spatial,jac_null,2.0,113.12041473388672,0.03275569528341293,1.0294790267944336,0.002917818957939744,0.019999999552965164,0.9799999594688416
vit_base,5,smooth_spatial,jac_null,4.0,226.24082946777344,0.05801273137331009,2.294910192489624,0.013829749077558517,0.03999999910593033,0.9599999785423279
vit_base,5,smooth_spatial,pc1,0.0,0.0,0.0,0.0,0.0,0.0,1.0
vit_base,5,smooth_spatial,pc1,0.1,5.6560207366943365,0.0012501335004344583,0.10288892686367035,1.678748412814457e-05,0.0,1.0
vit_base,5,smooth_spatial,pc1,0.25,14.14005184173584,0.0032954453490674496,0.25776270031929016,0.0001042519579641521,0.0,1.0
vit_base,5,smooth_spatial,pc1,0.5,28.28010368347168,0.00649586645886302,0.5181841850280762,0.00040993071161210537,0.009999999776482582,0.9899999499320984
vit_base,5,smooth_spatial,pc1,1.0,56.56020736694336,0.011472606100142002,1.069447636604309,0.001593729481101036,0.009999999776482582,0.9899999499320984
vit_base,5,smooth_spatial,pc1,2.0,113.12041473388672,0.019581379368901253,2.4136195182800293,0.0061021000146865845,0.019999999552965164,0.9799999594688416
vit_base,5,smooth_spatial,pc1,4.0,226.24082946777344,0.08845359832048416,4.638161659240723,0.024039439857006073,0.029999999329447746,0.9699999690055847
vit_base,5,smooth_spatial,rand_dir,0.0,0.0,0.0,0.0,0.0,0.0,1.0
vit_base,5,smooth_spatial,rand_dir,0.1,5.6560207366943365,-0.00022106646792963147,0.05468415096402168,7.924437340989243e-06,0.0,1.0
vit_base,5,smooth_spatial,rand_dir,0.25,14.14005184173584,-0.0004832601407542825,0.13695357739925385,5.021510514779948e-05,0.0,1.0
vit_base,5,smooth_spatial,rand_dir,0.5,28.28010368347168,-0.000753917673137039,0.2751770317554474,0.00020646805933211,0.0,1.0
vit_base,5,smooth_spatial,rand_dir,1.0,56.56020736694336,-0.0008005904965102673,0.5584048628807068,0.0008760614437051117,0.019999999552965164,0.9799999594688416
vit_base,5,smooth_spatial,rand_dir,2.0,113.12041473388672,0.000743651355151087,1.1651859283447266,0.003901445772498846,0.029999999329447746,0.9699999690055847
vit_base,5,smooth_spatial,rand_dir,4.0,226.24082946777344,0.011524643748998642,2.5636088848114014,0.01732637733221054,0.04999999701976776,0.949999988079071
vit_base,5,smooth_spatial,centroid_dir,0.0,0.0,0.0,0.0,0.0,0.0,1.0
vit_base,5,smooth_spatial,centroid_dir,0.1,5.6560207366943365,0.0004536437918432057,0.07783766835927963,1.4215940609574318e-05,0.0,1.0
vit_base,5,smooth_spatial,centroid_dir,0.25,14.14005184173584,0.0008198547293432057,0.19451351463794708,8.607036579633132e-05,0.0,1.0
vit_base,5,smooth_spatial,centroid_dir,0.5,28.28010368347168,0.0006292819743975997,0.3892380893230438,0.0003281029930803925,0.009999999776482582,0.9899999499320984
vit_base,5,smooth_spatial,centroid_dir,1.0,56.56020736694336,-0.0022998428903520107,0.7820709347724915,0.0012122668558731675,0.009999999776482582,0.9899999499320984
vit_base,5,smooth_spatial,centroid_dir,2.0,113.12041473388672,-0.01463127601891756,1.589032769203186,0.004519338253885508,0.009999999776482582,0.9899999499320984
vit_base,5,smooth_spatial,centroid_dir,4.0,226.24082946777344,-0.04566026106476784,3.2695939540863037,0.01899164915084839,0.019999999552965164,0.9799999594688416
vit_base,7,single_central,jac_top,0.0,0.0,0.0,0.0,0.0,0.0,1.0
vit_base,7,single_central,jac_top,0.1,9.64642562866211,-0.008898763917386532,0.08597827702760696,4.20703727286309e-05,0.0,1.0
vit_base,7,single_central,jac_top,0.25,24.116064071655273,-0.01657167822122574,0.17394371330738068,0.00018970415112562478,0.009999999776482582,0.9899999499320984
vit_base,7,single_central,jac_top,0.5,48.23212814331055,-0.02042698860168457,0.2614995241165161,0.000656245625577867,0.009999999776482582,0.9899999499320984
vit_base,7,single_central,jac_top,1.0,96.4642562866211,-0.02460281364619732,0.3556908071041107,0.001374248880892992,0.009999999776482582,0.9899999499320984
vit_base,7,single_central,jac_top,2.0,192.9285125732422,-0.02958168461918831,0.8835885524749756,0.0010788899380713701,0.009999999776482582,0.9899999499320984
vit_base,7,single_central,jac_top,4.0,385.8570251464844,-0.038853395730257034,2.228379964828491,0.0030482118017971516,0.019999999552965164,0.9799999594688416
vit_base,7,single_central,jac_null,0.0,0.0,0.0,0.0,0.0,0.0,1.0
vit_base,7,single_central,jac_null,0.1,9.64642562866211,0.002010784111917019,0.03516417741775513,3.8058658446971094e-06,0.0,1.0
vit_base,7,single_central,jac_null,0.25,24.116064071655273,0.004147343337535858,0.08411161601543427,2.022681655944325e-05,0.0,1.0
vit_base,7,single_central,jac_null,0.5,48.23212814331055,0.005878262221813202,0.16187453269958496,0.00010762393503682688,0.0,1.0
vit_base,7,single_central,jac_null,1.0,96.4642562866211,0.006522245239466429,0.3103213310241699,0.00026360273477621377,0.0,1.0
vit_base,7,single_central,jac_null,2.0,192.9285125732422,0.010218357667326927,0.7588996887207031,0.0004784263437613845,0.009999999776482582,0.9899999499320984
vit_base,7,single_central,jac_null,4.0,385.8570251464844,0.011027531698346138,1.2324939966201782,0.0006185091915540397,0.009999999776482582,0.9899999499320984
vit_base,7,single_central,pc1,0.0,0.0,0.0,0.0,0.0,0.0,1.0
vit_base,7,single_central,pc1,0.1,9.64642562866211,-0.0006585168885067105,0.060568246990442276,9.046540981216822e-06,0.0,1.0
vit_base,7,single_central,pc1,0.25,24.116064071655273,0.0018023633165284991,0.15626676380634308,2.6522166081122123e-05,0.0,1.0
vit_base,7,single_central,pc1,0.5,48.23212814331055,0.010399584658443928,0.2915872633457184,0.00012892849917989224,0.019999999552965164,0.9799999594688416
vit_base,7,single_central,pc1,1.0,96.4642562866211,0.013696813024580479,0.38964736461639404,0.0002714408910833299,0.009999999776482582,0.9899999499320984
vit_base,7,single_central,pc1,2.0,192.9285125732422,0.012163309380412102,0.45389434695243835,0.00036955432733520865,0.009999999776482582,0.9899999499320984
vit_base,7,single_central,pc1,4.0,385.8570251464844,0.009450635872781277,0.5175521969795227,0.00043158032349310815,0.009999999776482582,0.9899999499320984
vit_base,7,single_central,rand_dir,0.0,0.0,0.0,0.0,0.0,0.0,1.0
vit_base,7,single_central,rand_dir,0.1,9.64642562866211,0.0018879460403695703,0.039574671536684036,5.187815986573696e-06,0.0,1.0
vit_base,7,single_central,rand_dir,0.25,24.116064071655273,0.004989347420632839,0.10164136439561844,4.251549034961499e-05,0.0,1.0
vit_base,7,single_central,rand_dir,0.5,48.23212814331055,0.01106848195195198,0.194233700633049,0.00019135072943754494,0.0,1.0
vit_base,7,single_central,rand_dir,1.0,96.4642562866211,0.014993066899478436,0.3143105208873749,0.00030440185219049454,0.009999999776482582,0.9899999499320984
vit_base,7,single_central,rand_dir,2.0,192.9285125732422,0.030290188267827034,0.7117764353752136,0.00048413907643407583,0.009999999776482582,0.9899999499320984
vit_base,7,single_central,rand_dir,4.0,385.8570251464844,0.057247333228588104,1.4479305744171143,0.0008910692995414138,0.009999999776482582,0.9899999499320984
vit_base,7,single_central,centroid_dir,0.0,0.0,0.0,0.0,0.0,0.0,1.0
vit_base,7,single_central,centroid_dir,0.1,9.64642562866211,-0.0001354026753688231,0.04485313221812248,3.16789373755455e-06,0.0,1.0
vit_base,7,single_central,centroid_dir,0.25,24.116064071655273,0.00267604342661798,0.10381265729665756,3.396401007194072e-05,0.0,1.0
vit_base,7,single_central,centroid_dir,0.5,48.23212814331055,0.007540392689406872,0.17416340112686157,0.0001811539550544694,0.009999999776482582,0.9899999499320984
vit_base,7,single_central,centroid_dir,1.0,96.4642562866211,0.00886478926986456,0.2276834100484848,0.0002733173023443669,0.009999999776482582,0.9899999499320984
vit_base,7,single_central,centroid_dir,2.0,192.9285125732422,0.009389853104948997,0.3073626756668091,0.00031540944473817945,0.009999999776482582,0.9899999499320984
vit_base,7,single_central,centroid_dir,4.0,385.8570251464844,0.009680619463324547,0.38853755593299866,0.0003412385703995824,0.009999999776482582,0.9899999499320984
vit_base,7,single_corner,jac_top,0.0,0.0,0.0,0.0,0.0,0.0,1.0
vit_base,7,single_corner,jac_top,0.1,9.64642562866211,-0.004362630657851696,0.062137506902217865,1.9516664906404912e-05,0.009999999776482582,0.9899999499320984
vit_base,7,single_corner,jac_top,0.25,24.116064071655273,-0.008794269524514675,0.1265903264284134,7.96689055277966e-05,0.009999999776482582,0.9899999499320984
vit_base,7,single_corner,jac_top,0.5,48.23212814331055,-0.014383186586201191,0.1984705626964569,0.0001567969738971442,0.009999999776482582,0.9899999499320984
vit_base,7,single_corner,jac_top,1.0,96.4642562866211,-0.02416703663766384,0.3072408139705658,0.00023780926130712032,0.019999999552965164,0.9799999594688416
vit_base,7,single_corner,jac_top,2.0,192.9285125732422,-0.041578248143196106,0.7103666663169861,0.0007156961946748197,0.029999999329447746,0.9699999690055847
vit_base,7,single_corner,jac_top,4.0,385.8570251464844,-0.0535738468170166,2.1316640377044678,0.0028088181279599667,0.019999999552965164,0.9799999594688416
vit_base,7,single_corner,jac_null,0.0,0.0,0.0,0.0,0.0,0.0,1.0
vit_base,7,single_corner,jac_null,0.1,9.64642562866211,-0.00034868717193603516,0.028384890407323837,1.216852069774177e-06,0.0,1.0
vit_base,7,single_corner,jac_null,0.25,24.116064071655273,-0.0009446811745874584,0.0692305639386177,5.854666142113274e-06,0.0,1.0
vit_base,7,single_corner,jac_null,0.5,48.23212814331055,-0.00227075582370162,0.1294565200805664,2.5170556909870356e-05,0.009999999776482582,0.9899999499320984
vit_base,7,single_corner,jac_null,1.0,96.4642562866211,-0.0028958129696547985,0.26312145590782166,6.626935646636412e-05,0.009999999776482582,0.9899999499320984
vit_base,7,single_corner,jac_null,2.0,192.9285125732422,0.0017281388863921165,0.8055247068405151,0.00022532299044542015,0.009999999776482582,0.9899999499320984
vit_base,7,single_corner,jac_null,4.0,385.8570251464844,0.0015219259075820446,1.266925573348999,0.0003562167985364795,0.009999999776482582,0.9899999499320984
vit_base,7,single_corner,pc1,0.0,0.0,0.0,0.0,0.0,0.0,1.0
vit_base,7,single_corner,pc1,0.1,9.64642562866211,-0.0009789132745936513,0.06276123970746994,4.9263794608123135e-06,0.0,1.0
vit_base,7,single_corner,pc1,0.25,24.116064071655273,-0.00376737117767334,0.15641510486602783,2.7242153009865433e-05,0.0,1.0
vit_base,7,single_corner,pc1,0.5,48.23212814331055,-0.008132100105285645,0.2635039985179901,6.423076411010697e-05,0.0,1.0
vit_base,7,single_corner,pc1,1.0,96.4642562866211,-0.010879597626626492,0.344289094209671,0.00010127857240149751,0.0,1.0
vit_base,7,single_corner,pc1,2.0,192.9285125732422,-0.011437458917498589,0.4049510955810547,0.00013560292427428067,0.009999999776482582,0.9899999499320984
vit_base,7,single_corner,pc1,4.0,385.8570251464844,-0.010733566246926785,0.4753633737564087,0.00017112329078372568,0.009999999776482582,0.9899999499320984
vit_base,7,single_corner,rand_dir,0.0,0.0,0.0,0.0,0.0,0.0,1.0
vit_base,7,single_corner,rand_dir,0.1,9.64642562866211,0.0002578783023636788,0.030983926728367805,2.793213297991315e-06,0.0,1.0
vit_base,7,single_corner,rand_dir,0.25,24.116064071655273,3.2238960557151586e-05,0.0758742243051529,1.368566881865263e-05,0.009999999776482582,0.9899999499320984
vit_base,7,single_corner,rand_dir,0.5,48.23212814331055,-0.0006231784936971962,0.14070835709571838,2.9793567591696046e-05,0.009999999776482582,0.9899999499320984
vit_base,7,single_corner,rand_dir,1.0,96.4642562866211,0.0012557839509099722,0.2564481198787689,3.579418989829719e-05,0.009999999776482582,0.9899999499320984
vit_base,7,single_corner,rand_dir,2.0,192.9285125732422,0.023623814806342125,0.720990002155304,0.0001679096749285236,0.009999999776482582,0.9899999499320984
vit_base,7,single_corner,rand_dir,4.0,385.8570251464844,0.05240613967180252,1.4795479774475098,0.0005154441460035741,0.009999999776482582,0.9899999499320984
vit_base,7,single_corner,centroid_dir,0.0,0.0,0.0,0.0,0.0,0.0,1.0
vit_base,7,single_corner,centroid_dir,0.1,9.64642562866211,-0.0003605556266847998,0.040038831532001495,1.0192764420935418e-05,0.009999999776482582,0.9899999499320984
vit_base,7,single_corner,centroid_dir,0.25,24.116064071655273,-0.0010766362538561225,0.08514533936977386,3.905076300725341e-05,0.009999999776482582,0.9899999499320984
vit_base,7,single_corner,centroid_dir,0.5,48.23212814331055,-0.001729407231323421,0.13073275983333588,5.228151349001564e-05,0.009999999776482582,0.9899999499320984
vit_base,7,single_corner,centroid_dir,1.0,96.4642562866211,-0.0019056510645896196,0.18360692262649536,4.940062717651017e-05,0.009999999776482582,0.9899999499320984
vit_base,7,single_corner,centroid_dir,2.0,192.9285125732422,-0.0008336066966876388,0.25925758481025696,5.454754500533454e-05,0.009999999776482582,0.9899999499320984
vit_base,7,single_corner,centroid_dir,4.0,385.8570251464844,0.00017571449279785156,0.3428669273853302,6.462935562012717e-05,0.0,1.0
vit_base,7,global_coherent,jac_top,0.0,0.0,0.0,0.0,0.0,0.0,1.0
vit_base,7,global_coherent,jac_top,0.1,9.64642562866211,-0.11972524225711823,0.9014965891838074,0.004251839593052864,0.029999999329447746,0.9699999690055847
vit_base,7,global_coherent,jac_top,0.25,24.116064071655273,-0.28241413831710815,2.194816827774048,0.022903956472873688,0.029999999329447746,0.9699999690055847
vit_base,7,global_coherent,jac_top,0.5,48.23212814331055,-0.5038790106773376,4.13056755065918,0.07031363993883133,0.03999999910593033,0.9599999785423279
vit_base,7,global_coherent,jac_top,1.0,96.4642562866211,-0.7815664410591125,7.054815292358398,0.17608405649662018,0.04999999701976776,0.949999988079071
vit_base,7,global_coherent,jac_top,2.0,192.9285125732422,-0.9567466378211975,10.242935180664062,0.3155142068862915,0.07000000029802322,0.9300000071525574
vit_base,7,global_coherent,jac_top,4.0,385.8570251464844,-0.7454058527946472,13.781330108642578,0.5049509406089783,0.14000000059604645,0.85999995470047
vit_base,7,global_coherent,jac_null,0.0,0.0,0.0,0.0,0.0,0.0,1.0
vit_base,7,global_coherent,jac_null,0.1,9.64642562866211,6.803512223996222e-05,0.1718306690454483,1.3537793165596668e-05,0.0,1.0
vit_base,7,global_coherent,jac_null,0.25,24.116064071655273,0.0004328250652179122,0.43089088797569275,8.875688217813149e-05,0.0,1.0
vit_base,7,global_coherent,jac_null,0.5,48.23212814331055,0.0018098067957907915,0.8666845560073853,0.0003872151137329638,0.0,1.0
vit_base,7,global_coherent,jac_null,1.0,96.4642562866211,0.008119010366499424,1.756489872932434,0.0018312281463295221,0.0,1.0
vit_base,7,global_coherent,jac_null,2.0,192.9285125732422,0.03901423513889313,3.6340415477752686,0.0097460662946105,0.019999999552965164,0.9799999594688416
vit_base,7,global_coherent,jac_null,4.0,385.8570251464844,0.24942481517791748,8.080060005187988,0.0763968676328659,0.07000000029802322,0.9300000071525574
vit_base,7,global_coherent,pc1,0.0,0.0,0.0,0.0,0.0,0.0,1.0
vit_base,7,global_coherent,pc1,0.1,9.64642562866211,-0.00036653041024692357,0.1552419364452362,2.2059064576751553e-05,0.0,1.0
vit_base,7,global_coherent,pc1,0.25,24.116064071655273,-0.0007763099274598062,0.38934600353240967,0.0001425714435754344,0.0,1.0
vit_base,7,global_coherent,pc1,0.5,48.23212814331055,-0.001116957631893456,0.782223641872406,0.0006042130989953876,0.019999999552965164,0.9799999594688416
vit_base,7,global_coherent,pc1,1.0,96.4642562866211,-0.0005001497338525951,1.5763070583343506,0.002706630155444145,0.029999999329447746,0.9699999690055847
vit_base,7,global_coherent,pc1,2.0,192.9285125732422,0.010159711353480816,3.2166662216186523,0.013092446140944958,0.03999999910593033,0.9599999785423279
vit_base,7,global_coherent,pc1,4.0,385.8570251464844,0.19929248094558716,7.13685417175293,0.05931692570447922,0.05999999865889549,0.9399999976158142
vit_base,7,global_coherent,rand_dir,0.0,0.0,0.0,0.0,0.0,0.0,1.0
vit_base,7,global_coherent,rand_dir,0.1,9.64642562866211,0.006986560765653849,0.2190314382314682,6.92332541802898e-05,0.0,1.0
vit_base,7,global_coherent,rand_dir,0.25,24.116064071655273,0.01811189204454422,0.5460807681083679,0.00043163090595044196,0.0,1.0
vit_base,7,global_coherent,rand_dir,0.5,48.23212814331055,0.038374610245227814,1.0869327783584595,0.0017240449087694287,0.0,1.0
vit_base,7,global_coherent,rand_dir,1.0,96.4642562866211,0.08537673950195312,2.15116286277771,0.006924161687493324,0.0,1.0
vit_base,7,global_coherent,rand_dir,2.0,192.9285125732422,0.20768660306930542,4.216517448425293,0.028191151097416878,0.019999999552965164,0.9799999594688416
vit_base,7,global_coherent,rand_dir,4.0,385.8570251464844,0.628459632396698,8.429906845092773,0.11771878600120544,0.11999999731779099,0.8799999952316284
vit_base,7,global_coherent,centroid_dir,0.0,0.0,0.0,0.0,0.0,0.0,1.0
vit_base,7,global_coherent,centroid_dir,0.1,9.64642562866211,-0.004198865965008736,0.2054612934589386,4.914087912766263e-05,0.0,1.0
vit_base,7,global_coherent,centroid_dir,0.25,24.116064071655273,-0.010023713111877441,0.5125005841255188,0.00030078538111411035,0.009999999776482582,0.9899999499320984
vit_base,7,global_coherent,centroid_dir,0.5,48.23212814331055,-0.01832486130297184,1.0198707580566406,0.001171539886854589,0.009999999776482582,0.9899999499320984
vit_base,7,global_coherent,centroid_dir,1.0,96.4642562866211,-0.029642842710018158,2.013422727584839,0.004628530237823725,0.029999999329447746,0.9699999690055847
vit_base,7,global_coherent,centroid_dir,2.0,192.9285125732422,-0.0412001833319664,3.905710458755493,0.017880665138363838,0.029999999329447746,0.9699999690055847
vit_base,7,global_coherent,centroid_dir,4.0,385.8570251464844,0.1574975997209549,7.834541320800781,0.0607198029756546,0.07000000029802322,0.9300000071525574
vit_base,7,random_sign,jac_top,0.0,0.0,0.0,0.0,0.0,0.0,1.0
vit_base,7,random_sign,jac_top,0.1,9.64642562866211,-0.005028214305639267,0.07481285184621811,1.3579129699792247e-05,0.0,1.0
vit_base,7,random_sign,jac_top,0.25,24.116064071655273,-0.011016773991286755,0.188218891620636,8.928842726163566e-05,0.0,1.0
vit_base,7,random_sign,jac_top,0.5,48.23212814331055,-0.016928404569625854,0.3948885202407837,0.000417879200540483,0.0,1.0
vit_base,7,random_sign,jac_top,1.0,96.4642562866211,-0.015458102338016033,0.9221188426017761,0.0022967217955738306,0.009999999776482582,0.9899999499320984
vit_base,7,random_sign,jac_top,2.0,192.9285125732422,0.04343089088797569,2.3959877490997314,0.01320686936378479,0.009999999776482582,0.9899999499320984
vit_base,7,random_sign,jac_top,4.0,385.8570251464844,0.48539507389068604,7.12872838973999,0.11222546547651291,0.09999999403953552,0.8999999761581421
vit_base,7,random_sign,jac_null,0.0,0.0,0.0,0.0,0.0,0.0,1.0
vit_base,7,random_sign,jac_null,0.1,9.64642562866211,-0.00042683599167503417,0.040024567395448685,2.718619043662329e-06,0.0,1.0
vit_base,7,random_sign,jac_null,0.25,24.116064071655273,-0.0011957358801737428,0.10110612958669662,1.680197601672262e-05,0.0,1.0
vit_base,7,random_sign,jac_null,0.5,48.23212814331055,-0.002800087910145521,0.20874935388565063,6.852248770883307e-05,0.0,1.0
vit_base,7,random_sign,jac_null,1.0,96.4642562866211,-0.0070969294756650925,0.4629920721054077,0.00031084983493201435,0.009999999776482582,0.9899999499320984
vit_base,7,random_sign,jac_null,2.0,192.9285125732422,-0.017594752833247185,1.1957370042800903,0.0018462103325873613,0.019999999552965164,0.9799999594688416
vit_base,7,random_sign,jac_null,4.0,385.8570251464844,0.0027154588606208563,3.619600534439087,0.013989953324198723,0.03999999910593033,0.9599999785423279
vit_base,7,random_sign,pc1,0.0,0.0,0.0,0.0,0.0,0.0,1.0
vit_base,7,random_sign,pc1,0.1,9.64642562866211,-0.0009196996688842773,0.06898468732833862,8.340792192029767e-06,0.0,1.0
vit_base,7,random_sign,pc1,0.25,24.116064071655273,-0.0024414013605564833,0.17513343691825867,5.4410778830060735e-05,0.009999999776482582,0.9899999499320984
vit_base,7,random_sign,pc1,0.5,48.23212814331055,-0.00535599235445261,0.36288928985595703,0.00023475306807085872,0.009999999776482582,0.9899999499320984
vit_base,7,random_sign,pc1,1.0,96.4642562866211,-0.012415504083037376,0.7958087921142578,0.0010900645283982158,0.009999999776482582,0.9899999499320984
vit_base,7,random_sign,pc1,2.0,192.9285125732422,-0.02688261866569519,1.9186336994171143,0.00558296125382185,0.009999999776482582,0.9899999499320984
vit_base,7,random_sign,pc1,4.0,385.8570251464844,0.006781835574656725,4.742690086364746,0.027284473180770874,0.04999999701976776,0.949999988079071
vit_base,7,random_sign,rand_dir,0.0,0.0,0.0,0.0,0.0,0.0,1.0
vit_base,7,random_sign,rand_dir,0.1,9.64642562866211,0.0009673499735072255,0.041746340692043304,2.799229605443543e-06,0.0,1.0
vit_base,7,random_sign,rand_dir,0.25,24.116064071655273,0.002561864908784628,0.10559231787919998,1.803137274691835e-05,0.0,1.0
vit_base,7,random_sign,rand_dir,0.5,48.23212814331055,0.005601439159363508,0.21816778182983398,7.847282540751621e-05,0.0,1.0
vit_base,7,random_sign,rand_dir,1.0,96.4642562866211,0.013192400336265564,0.48191383481025696,0.0003944283234886825,0.009999999776482582,0.9899999499320984
vit_base,7,random_sign,rand_dir,2.0,192.9285125732422,0.0361836776137352,1.2256180047988892,0.0026361620984971523,0.019999999552965164,0.9799999594688416
vit_base,7,random_sign,rand_dir,4.0,385.8570251464844,0.14599725604057312,3.647120237350464,0.020427783951163292,0.04999999701976776,0.949999988079071
vit_base,7,random_sign,centroid_dir,0.0,0.0,0.0,0.0,0.0,0.0,1.0
vit_base,7,random_sign,centroid_dir,0.1,9.64642562866211,0.00029326914227567613,0.05958947539329529,6.703710823785514e-06,0.0,1.0
vit_base,7,random_sign,centroid_dir,0.25,24.116064071655273,0.0006336069200187922,0.1494651734828949,4.116263153264299e-05,0.0,1.0
vit_base,7,random_sign,centroid_dir,0.5,48.23212814331055,0.000824727991130203,0.3050347566604614,0.00016275902453344315,0.009999999776482582,0.9899999499320984
vit_base,7,random_sign,centroid_dir,1.0,96.4642562866211,-2.8977394322282635e-05,0.6610933542251587,0.0006654987810179591,0.019999999552965164,0.9799999594688416
vit_base,7,random_sign,centroid_dir,2.0,192.9285125732422,0.003167080692946911,1.6177618503570557,0.003132750280201435,0.029999999329447746,0.9699999690055847
vit_base,7,random_sign,centroid_dir,4.0,385.8570251464844,0.15099820494651794,4.379369735717773,0.020778588950634003,0.04999999701976776,0.949999988079071
vit_base,7,random_gaussian,jac_top,0.0,0.0,0.0,0.0,0.0,0.0,1.0
vit_base,7,random_gaussian,jac_top,0.1,9.64642562866211,-0.004685916937887669,0.08451196551322937,1.977625288418494e-05,0.0,1.0
vit_base,7,random_gaussian,jac_top,0.25,24.116064071655273,-0.010017838329076767,0.21092021465301514,0.00013389384548645467,0.0,1.0
vit_base,7,random_gaussian,jac_top,0.5,48.23212814331055,-0.014080824330449104,0.42922109365463257,0.0006053204997442663,0.019999999552965164,0.9799999594688416
vit_base,7,random_gaussian,jac_top,1.0,96.4642562866211,-0.003192577278241515,0.9260314702987671,0.00283115915954113,0.019999999552965164,0.9799999594688416
vit_base,7,random_gaussian,jac_top,2.0,192.9285125732422,0.08094846457242966,2.2190256118774414,0.01306677795946598,0.019999999552965164,0.9799999594688416
vit_base,7,random_gaussian,jac_top,4.0,385.8570251464844,0.4406052231788635,5.848033905029297,0.09223956614732742,0.09999999403953552,0.8999999761581421
vit_base,7,random_gaussian,jac_null,0.0,0.0,0.0,0.0,0.0,0.0,1.0
vit_base,7,random_gaussian,jac_null,0.1,9.64642562866211,0.00020060538372490555,0.04109788313508034,3.0051451176404953e-06,0.0,1.0
vit_base,7,random_gaussian,jac_null,0.25,24.116064071655273,0.0004516887420322746,0.10293150693178177,1.930281905515585e-05,0.0,1.0
vit_base,7,random_gaussian,jac_null,0.5,48.23212814331055,0.0007738923886790872,0.2094666212797165,8.444298873655498e-05,0.009999999776482582,0.9899999499320984
vit_base,7,random_gaussian,jac_null,1.0,96.4642562866211,0.00123112672008574,0.4508219361305237,0.0004207473248243332,0.009999999776482582,0.9899999499320984
vit_base,7,random_gaussian,jac_null,2.0,192.9285125732422,0.002758989343419671,1.0904053449630737,0.0024752975441515446,0.029999999329447746,0.9699999690055847
vit_base,7,random_gaussian,jac_null,4.0,385.8570251464844,0.01629599556326866,2.8737633228302,0.013244320638477802,0.03999999910593033,0.9599999785423279
vit_base,7,random_gaussian,pc1,0.0,0.0,0.0,0.0,0.0,0.0,1.0
vit_base,7,random_gaussian,pc1,0.1,9.64642562866211,-0.0006231784936971962,0.0684933140873909,5.787415375380078e-06,0.0,1.0
vit_base,7,random_gaussian,pc1,0.25,24.116064071655273,-0.0016627502627670765,0.17347761988639832,3.515189382596873e-05,0.0,1.0
vit_base,7,random_gaussian,pc1,0.5,48.23212814331055,-0.0035360620822757483,0.3573494553565979,0.00013743064482696354,0.0,1.0
vit_base,7,random_gaussian,pc1,1.0,96.4642562866211,-0.006999177858233452,0.7703174948692322,0.0005722477799281478,0.009999999776482582,0.9899999499320984
vit_base,7,random_gaussian,pc1,2.0,192.9285125732422,-0.011123333126306534,1.7708615064620972,0.002696811454370618,0.029999999329447746,0.9699999690055847
vit_base,7,random_gaussian,pc1,4.0,385.8570251464844,0.03345015272498131,3.771686315536499,0.010652354918420315,0.029999999329447746,0.9699999690055847
vit_base,7,random_gaussian,rand_dir,0.0,0.0,0.0,0.0,0.0,0.0,1.0
vit_base,7,random_gaussian,rand_dir,0.1,9.64642562866211,0.0004534006002359092,0.04269670322537422,4.8816436901688576e-06,0.0,1.0
vit_base,7,random_gaussian,rand_dir,0.25,24.116064071655273,0.0012724875705316663,0.10798755288124084,3.038589784409851e-05,0.009999999776482582,0.9899999499320984
vit_base,7,random_gaussian,rand_dir,0.5,48.23212814331055,0.0030487822368741035,0.2228747308254242,0.00012332368351053447,0.009999999776482582,0.9899999499320984
vit_base,7,random_gaussian,rand_dir,1.0,96.4642562866211,0.008732233196496964,0.4894882142543793,0.0005313475849106908,0.009999999776482582,0.9899999499320984
vit_base,7,random_gaussian,rand_dir,2.0,192.9285125732422,0.02975378930568695,1.1961218118667603,0.0025048148818314075,0.009999999776482582,0.9899999499320984
vit_base,7,random_gaussian,rand_dir,4.0,385.8570251464844,0.12284436821937561,3.08152174949646,0.012195742689073086,0.019999999552965164,0.9799999594688416
vit_base,7,random_gaussian,centroid_dir,0.0,0.0,0.0,0.0,0.0,0.0,1.0
vit_base,7,random_gaussian,centroid_dir,0.1,9.64642562866211,-0.0006571101839654148,0.05886765196919441,3.789011316257529e-06,0.0,1.0
vit_base,7,random_gaussian,centroid_dir,0.25,24.116064071655273,-0.001556773204356432,0.14753219485282898,2.3124925064621493e-05,0.0,1.0
vit_base,7,random_gaussian,centroid_dir,0.5,48.23212814331055,-0.00271138665266335,0.2995120584964752,9.235490142600611e-05,0.0,1.0
vit_base,7,random_gaussian,centroid_dir,1.0,96.4642562866211,-0.0036007785238325596,0.6355291604995728,0.0004173840570729226,0.009999999776482582,0.9899999499320984
vit_base,7,random_gaussian,centroid_dir,2.0,192.9285125732422,0.0026967476587742567,1.455497145652771,0.0022725360468029976,0.029999999329447746,0.9699999690055847
vit_base,7,random_gaussian,centroid_dir,4.0,385.8570251464844,0.07708680629730225,3.2871978282928467,0.012147192843258381,0.04999999701976776,0.949999988079071
vit_base,7,spatial_cluster_25%,jac_top,0.0,0.0,0.0,0.0,0.0,0.0,1.0
vit_base,7,spatial_cluster_25%,jac_top,0.1,9.64642562866211,-0.09901344776153564,0.6753292679786682,0.0027141794562339783,0.029999999329447746,0.9699999690055847
vit_base,7,spatial_cluster_25%,jac_top,0.25,24.116064071655273,-0.23178918659687042,1.6360511779785156,0.014707835391163826,0.029999999329447746,0.9699999690055847
vit_base,7,spatial_cluster_25%,jac_top,0.5,48.23212814331055,-0.40679702162742615,3.0414516925811768,0.04684888571500778,0.04999999701976776,0.949999988079071
vit_base,7,spatial_cluster_25%,jac_top,1.0,96.4642562866211,-0.6160504817962646,5.03666353225708,0.11611226946115494,0.04999999701976776,0.949999988079071
vit_base,7,spatial_cluster_25%,jac_top,2.0,192.9285125732422,-0.7415677309036255,7.337594985961914,0.20703479647636414,0.05999999865889549,0.9399999976158142
vit_base,7,spatial_cluster_25%,jac_top,4.0,385.8570251464844,-0.5281122326850891,9.809516906738281,0.27902132272720337,0.05999999865889549,0.9399999976158142
vit_base,7,spatial_cluster_25%,jac_null,0.0,0.0,0.0,0.0,0.0,0.0,1.0
vit_base,7,spatial_cluster_25%,jac_null,0.1,9.64642562866211,0.0006706571439281106,0.13994374871253967,1.5157246707531158e-05,0.0,1.0
vit_base,7,spatial_cluster_25%,jac_null,0.25,24.116064071655273,0.0015455912798643112,0.35141852498054504,9.466838673688471e-05,0.0,1.0
vit_base,7,spatial_cluster_25%,jac_null,0.5,48.23212814331055,0.002704720478504896,0.7091367840766907,0.000382008875021711,0.0,1.0
vit_base,7,spatial_cluster_25%,jac_null,1.0,96.4642562866211,0.005170922260731459,1.4509429931640625,0.0015800605760887265,0.0,1.0
vit_base,7,spatial_cluster_25%,jac_null,2.0,192.9285125732422,0.03480325639247894,3.062030076980591,0.007543468382209539,0.009999999776482582,0.9899999499320984
vit_base,7,spatial_cluster_25%,jac_null,4.0,385.8570251464844,0.3090745210647583,6.966612339019775,0.07702396810054779,0.07000000029802322,0.9300000071525574
vit_base,7,spatial_cluster_25%,pc1,0.0,0.0,0.0,0.0,0.0,0.0,1.0
vit_base,7,spatial_cluster_25%,pc1,0.1,9.64642562866211,0.0009533071424812078,0.17582079768180847,3.0141165552777238e-05,0.0,1.0
vit_base,7,spatial_cluster_25%,pc1,0.25,24.116064071655273,0.0023239515721797943,0.443071573972702,0.00018636409367900342,0.009999999776482582,0.9899999499320984
vit_base,7,spatial_cluster_25%,pc1,0.5,48.23212814331055,0.00413872255012393,0.8951506614685059,0.000728545943275094,0.009999999776482582,0.9899999499320984
vit_base,7,spatial_cluster_25%,pc1,1.0,96.4642562866211,0.005195789039134979,1.8171627521514893,0.002768481383100152,0.029999999329447746,0.9699999690055847
vit_base,7,spatial_cluster_25%,pc1,2.0,192.9285125732422,0.05228497460484505,3.7978951930999756,0.01010897383093834,0.029999999329447746,0.9699999690055847
vit_base,7,spatial_cluster_25%,pc1,4.0,385.8570251464844,0.4591776132583618,7.313976764678955,0.06401102989912033,0.04999999701976776,0.949999988079071
vit_base,7,spatial_cluster_25%,rand_dir,0.0,0.0,0.0,0.0,0.0,0.0,1.0
vit_base,7,spatial_cluster_25%,rand_dir,0.1,9.64642562866211,0.010941962711513042,0.1655818372964859,4.4590567995328456e-05,0.0,1.0
vit_base,7,spatial_cluster_25%,rand_dir,0.25,24.116064071655273,0.027725128456950188,0.4156932830810547,0.0002845213166438043,0.0,1.0
vit_base,7,spatial_cluster_25%,rand_dir,0.5,48.23212814331055,0.05657607316970825,0.8376467227935791,0.0011827232083305717,0.0,1.0
vit_base,7,spatial_cluster_25%,rand_dir,1.0,96.4642562866211,0.11733857542276382,1.703432559967041,0.005131916143000126,0.0,1.0
vit_base,7,spatial_cluster_25%,rand_dir,2.0,192.9285125732422,0.26029205322265625,3.5465338230133057,0.022802820429205894,0.009999999776482582,0.9899999499320984
vit_base,7,spatial_cluster_25%,rand_dir,4.0,385.8570251464844,0.7246235013008118,7.473654747009277,0.09467698633670807,0.08999999612569809,0.9099999666213989
vit_base,7,spatial_cluster_25%,centroid_dir,0.0,0.0,0.0,0.0,0.0,0.0,1.0
vit_base,7,spatial_cluster_25%,centroid_dir,0.1,9.64642562866211,-0.005606198217719793,0.17787837982177734,5.41841727681458e-05,0.0,1.0
vit_base,7,spatial_cluster_25%,centroid_dir,0.25,24.116064071655273,-0.01397613063454628,0.446683406829834,0.00033900534617714584,0.0,1.0
vit_base,7,spatial_cluster_25%,centroid_dir,0.5,48.23212814331055,-0.027609119191765785,0.8980972170829773,0.0013493613805621862,0.009999999776482582,0.9899999499320984
vit_base,7,spatial_cluster_25%,centroid_dir,1.0,96.4642562866211,-0.04893764853477478,1.8065153360366821,0.005093430168926716,0.009999999776482582,0.9899999499320984
vit_base,7,spatial_cluster_25%,centroid_dir,2.0,192.9285125732422,0.006493920926004648,3.676168203353882,0.015918707475066185,0.019999999552965164,0.9799999594688416
vit_base,7,spatial_cluster_25%,centroid_dir,4.0,385.8570251464844,0.43069615960121155,7.257320404052734,0.08546336740255356,0.07000000029802322,0.9300000071525574
vit_base,7,checkerboard,jac_top,0.0,0.0,0.0,0.0,0.0,0.0,1.0
vit_base,7,checkerboard,jac_top,0.1,9.64642562866211,0.0003253889153711498,0.05476180464029312,5.915937890677014e-06,0.0,1.0
vit_base,7,checkerboard,jac_top,0.25,24.116064071655273,0.0023472642060369253,0.14331002533435822,4.5289983972907066e-05,0.0,1.0
vit_base,7,checkerboard,jac_top,0.5,48.23212814331055,0.009640741162002087,0.325338751077652,0.00027165425126440823,0.009999999776482582,0.9899999499320984
vit_base,7,checkerboard,jac_top,1.0,96.4642562866211,0.03574415296316147,0.8467857241630554,0.001962173730134964,0.019999999552965164,0.9799999594688416
vit_base,7,checkerboard,jac_top,2.0,192.9285125732422,0.1302947849035263,2.382195234298706,0.013315432704985142,0.029999999329447746,0.9699999690055847
vit_base,7,checkerboard,jac_top,4.0,385.8570251464844,0.6152805685997009,7.377073764801025,0.12666518986225128,0.09999999403953552,0.8999999761581421
vit_base,7,checkerboard,jac_null,0.0,0.0,0.0,0.0,0.0,0.0,1.0
vit_base,7,checkerboard,jac_null,0.1,9.64642562866211,-0.0007184314308688045,0.02992388978600502,1.2267391866771504e-06,0.0,1.0
vit_base,7,checkerboard,jac_null,0.25,24.116064071655273,-0.0019455145811662078,0.07594180107116699,7.769418516545556e-06,0.0,1.0
vit_base,7,checkerboard,jac_null,0.5,48.23212814331055,-0.004372439347207546,0.1599620282649994,3.4593958844197914e-05,0.0,1.0
vit_base,7,checkerboard,jac_null,1.0,96.4642562866211,-0.01048352662473917,0.3764333128929138,0.00019619589147623628,0.009999999776482582,0.9899999499320984
vit_base,7,checkerboard,jac_null,2.0,192.9285125732422,-0.02492600865662098,1.0635528564453125,0.0015910513466224074,0.019999999552965164,0.9799999594688416
vit_base,7,checkerboard,jac_null,4.0,385.8570251464844,-0.003296766197308898,3.4172656536102295,0.014655237086117268,0.04999999701976776,0.949999988079071
vit_base,7,checkerboard,pc1,0.0,0.0,0.0,0.0,0.0,0.0,1.0
vit_base,7,checkerboard,pc1,0.1,9.64642562866211,0.0005327415419742465,0.04925331100821495,2.9820575946359895e-06,0.0,1.0
vit_base,7,checkerboard,pc1,0.25,24.116064071655273,0.0011241674656048417,0.12552107870578766,1.9034034266951494e-05,0.0,1.0
vit_base,7,checkerboard,pc1,0.5,48.23212814331055,0.0016057586763054132,0.2652776539325714,8.335757593158633e-05,0.009999999776482582,0.9899999499320984
vit_base,7,checkerboard,pc1,1.0,96.4642562866211,0.0009678697097115219,0.6198602318763733,0.00044182781130075455,0.009999999776482582,0.9899999499320984
vit_base,7,checkerboard,pc1,2.0,192.9285125732422,-0.002268457319587469,1.665563941001892,0.003140784800052643,0.019999999552965164,0.9799999594688416
vit_base,7,checkerboard,pc1,4.0,385.8570251464844,0.043214164674282074,4.523545265197754,0.022873295471072197,0.03999999910593033,0.9599999785423279
vit_base,7,checkerboard,rand_dir,0.0,0.0,0.0,0.0,0.0,0.0,1.0
vit_base,7,checkerboard,rand_dir,0.1,9.64642562866211,0.001034531625919044,0.03240855783224106,2.293465513503179e-06,0.0,1.0
vit_base,7,checkerboard,rand_dir,0.25,24.116064071655273,0.002709255088120699,0.08258718997240067,1.528563916508574e-05,0.0,1.0
vit_base,7,checkerboard,rand_dir,0.5,48.23212814331055,0.005831561051309109,0.17425502836704254,7.069802813930437e-05,0.0,1.0
vit_base,7,checkerboard,rand_dir,1.0,96.4642562866211,0.013345322571694851,0.4061378240585327,0.0003868437488563359,0.009999999776482582,0.9899999499320984
vit_base,7,checkerboard,rand_dir,2.0,192.9285125732422,0.03387877717614174,1.1186150312423706,0.002701017539948225,0.019999999552965164,0.9799999594688416
vit_base,7,checkerboard,rand_dir,4.0,385.8570251464844,0.1292635053396225,3.536176919937134,0.020262183621525764,0.03999999910593033,0.9599999785423279
vit_base,7,checkerboard,centroid_dir,0.0,0.0,0.0,0.0,0.0,0.0,1.0
vit_base,7,checkerboard,centroid_dir,0.1,9.64642562866211,5.4836273193359375e-05,0.04723820462822914,2.963673296108027e-06,0.0,1.0
vit_base,7,checkerboard,centroid_dir,0.25,24.116064071655273,8.579254063079134e-05,0.12013896554708481,1.8969736629514955e-05,0.0,1.0
vit_base,7,checkerboard,centroid_dir,0.5,48.23212814331055,-2.428531661280431e-05,0.25275370478630066,8.197106217266992e-05,0.0,1.0
vit_base,7,checkerboard,centroid_dir,1.0,96.4642562866211,-0.0010355281410738826,0.5842997431755066,0.00040718886884860694,0.009999999776482582,0.9899999499320984
vit_base,7,checkerboard,centroid_dir,2.0,192.9285125732422,0.0006392622017301619,1.541831374168396,0.0024073151871562004,0.009999999776482582,0.9899999499320984
vit_base,7,checkerboard,centroid_dir,4.0,385.8570251464844,0.13263608515262604,4.276134967803955,0.017234623432159424,0.03999999910593033,0.9599999785423279
vit_base,7,smooth_spatial,jac_top,0.0,0.0,0.0,0.0,0.0,0.0,1.0
vit_base,7,smooth_spatial,jac_top,0.1,9.64642562866211,-0.00197600363753736,0.13258711993694305,0.00010762899910332635,0.009999999776482582,0.9899999499320984
vit_base,7,smooth_spatial,jac_top,0.25,24.116064071655273,-0.0031781720463186502,0.3319833278656006,0.0006414814852178097,0.009999999776482582,0.9899999499320984
vit_base,7,smooth_spatial,jac_top,0.5,48.23212814331055,-0.0002940702252089977,0.6687860488891602,0.0024247504770755768,0.009999999776482582,0.9899999499320984
vit_base,7,smooth_spatial,jac_top,1.0,96.4642562866211,0.021339483559131622,1.3577008247375488,0.008857357315719128,0.009999999776482582,0.9899999499320984
vit_base,7,smooth_spatial,jac_top,2.0,192.9285125732422,0.11235150694847107,2.7732977867126465,0.03108857572078705,0.04999999701976776,0.949999988079071
vit_base,7,smooth_spatial,jac_top,4.0,385.8570251464844,0.42604413628578186,6.058462619781494,0.10307621955871582,0.09999999403953552,0.8999999761581421
vit_base,7,smooth_spatial,jac_null,0.0,0.0,0.0,0.0,0.0,0.0,1.0
vit_base,7,smooth_spatial,jac_null,0.1,9.64642562866211,0.0002501630806364119,0.05812963843345642,1.0127028872375377e-05,0.0,1.0
vit_base,7,smooth_spatial,jac_null,0.25,24.116064071655273,0.0007068586419336498,0.1454291045665741,6.37719058431685e-05,0.0,1.0
vit_base,7,smooth_spatial,jac_null,0.5,48.23212814331055,0.0016959189670160413,0.29274624586105347,0.0002616326091811061,0.009999999776482582,0.9899999499320984
vit_base,7,smooth_spatial,jac_null,1.0,96.4642562866211,0.004604768473654985,0.6022630333900452,0.0011114797089248896,0.019999999552965164,0.9799999594688416
vit_base,7,smooth_spatial,jac_null,2.0,192.9285125732422,0.013573408126831055,1.3073383569717407,0.004778179340064526,0.019999999552965164,0.9799999594688416
vit_base,7,smooth_spatial,jac_null,4.0,385.8570251464844,0.0443183034658432,2.9891879558563232,0.01857171207666397,0.05999999865889549,0.9399999976158142
vit_base,7,smooth_spatial,pc1,0.0,0.0,0.0,0.0,0.0,0.0,1.0
vit_base,7,smooth_spatial,pc1,0.1,9.64642562866211,0.0008220577146857977,0.11029490828514099,2.2574122340301983e-05,0.0,1.0
vit_base,7,smooth_spatial,pc1,0.25,24.116064071655273,0.0019206857541576028,0.27624061703681946,0.0001371127727907151,0.0,1.0
vit_base,7,smooth_spatial,pc1,0.5,48.23212814331055,0.0032948683947324753,0.554728627204895,0.0005212309188209474,0.009999999776482582,0.9899999499320984
vit_base,7,smooth_spatial,pc1,1.0,96.4642562866211,0.004564838483929634,1.11567223072052,0.0018408814212307334,0.009999999776482582,0.9899999499320984
vit_base,7,smooth_spatial,pc1,2.0,192.9285125732422,0.0056325290352106094,2.245415687561035,0.005664794240146875,0.009999999776482582,0.9899999499320984
vit_base,7,smooth_spatial,pc1,4.0,385.8570251464844,0.0047055864706635475,4.107188701629639,0.015616695396602154,0.019999999552965164,0.9799999594688416
vit_base,7,smooth_spatial,rand_dir,0.0,0.0,0.0,0.0,0.0,0.0,1.0
vit_base,7,smooth_spatial,rand_dir,0.1,9.64642562866211,0.00027307032723911107,0.06278423219919205,1.3271681382320821e-05,0.0,1.0
vit_base,7,smooth_spatial,rand_dir,0.25,24.116064071655273,0.0008566665346734226,0.1571783423423767,8.107438770821318e-05,0.0,1.0
vit_base,7,smooth_spatial,rand_dir,0.5,48.23212814331055,0.0022967099212110043,0.3163463771343231,0.0003148806863464415,0.009999999776482582,0.9899999499320984
vit_base,7,smooth_spatial,rand_dir,1.0,96.4642562866211,0.007101116236299276,0.6477258801460266,0.0012026331387460232,0.019999999552965164,0.9799999594688416
vit_base,7,smooth_spatial,rand_dir,2.0,192.9285125732422,0.02357945777475834,1.385542869567871,0.0047018988989293575,0.029999999329447746,0.9699999690055847
vit_base,7,smooth_spatial,rand_dir,4.0,385.8570251464844,0.07026215642690659,3.1524577140808105,0.0189205352216959,0.04999999701976776,0.949999988079071
vit_base,7,smooth_spatial,centroid_dir,0.0,0.0,0.0,0.0,0.0,0.0,1.0
vit_base,7,smooth_spatial,centroid_dir,0.1,9.64642562866211,0.0009783697314560413,0.07764384895563126,9.478753781877458e-06,0.0,1.0
vit_base,7,smooth_spatial,centroid_dir,0.25,24.116064071655273,0.002383270300924778,0.19435878098011017,5.813686948386021e-05,0.0,1.0
vit_base,7,smooth_spatial,centroid_dir,0.5,48.23212814331055,0.004596376325935125,0.3911137580871582,0.00022719088883604854,0.009999999776482582,0.9899999499320984
vit_base,7,smooth_spatial,centroid_dir,1.0,96.4642562866211,0.009076733142137527,0.7981957793235779,0.0008773154695518315,0.009999999776482582,0.9899999499320984
vit_base,7,smooth_spatial,centroid_dir,2.0,192.9285125732422,0.016200881451368332,1.6510522365570068,0.003306715050712228,0.019999999552965164,0.9799999594688416
vit_base,7,smooth_spatial,centroid_dir,4.0,385.8570251464844,0.04888484254479408,3.4066667556762695,0.014557639136910439,0.029999999329447746,0.9699999690055847
vit_base,10,single_central,jac_top,0.0,0.0,0.0,0.0,0.0,0.0,1.0
vit_base,10,single_central,jac_top,0.1,13.668135070800782,0.0017059468664228916,0.03172658383846283,3.726707655005157e-05,0.009999999776482582,0.9899999499320984
vit_base,10,single_central,jac_top,0.25,34.17033767700195,0.004154386464506388,0.12580548226833344,0.0002447729930281639,0.009999999776482582,0.9899999499320984
vit_base,10,single_central,jac_top,0.5,68.3406753540039,0.012595662847161293,0.5174344778060913,0.001115878694690764,0.009999999776482582,0.9899999499320984
vit_base,10,single_central,jac_top,1.0,136.6813507080078,0.04926179721951485,1.6716581583023071,0.005815483164042234,0.009999999776482582,0.9899999499320984
vit_base,10,single_central,jac_top,2.0,273.3627014160156,0.08618327975273132,2.9997942447662354,0.016182152554392815,0.019999999552965164,0.9799999594688416
vit_base,10,single_central,jac_top,4.0,546.7254028320312,0.1332952231168747,4.231924057006836,0.028740229085087776,0.029999999329447746,0.9699999690055847
vit_base,10,single_central,jac_null,0.0,0.0,0.0,0.0,0.0,0.0,1.0
vit_base,10,single_central,jac_null,0.1,13.668135070800782,-8.030414755921811e-05,0.017305368557572365,5.827023414894938e-07,0.0,1.0
vit_base,10,single_central,jac_null,0.25,34.17033767700195,-0.00014379023923538625,0.04607367888092995,4.133796210226137e-06,0.0,1.0
vit_base,10,single_central,jac_null,0.5,68.3406753540039,-0.0007186460425145924,0.10666678845882416,1.691448960627895e-05,0.0,1.0
vit_base,10,single_central,jac_null,1.0,136.6813507080078,-0.0034932850394397974,0.30488455295562744,6.385478627635166e-05,0.0,1.0
vit_base,10,single_central,jac_null,2.0,273.3627014160156,-0.00686676474288106,0.9423819780349731,0.00022624176926910877,0.0,1.0
vit_base,10,single_central,jac_null,4.0,546.7254028320312,-0.0011517810635268688,1.756130337715149,0.0005869865999557078,0.0,1.0
vit_base,10,single_central,pc1,0.0,0.0,0.0,0.0,0.0,0.0,1.0
vit_base,10,single_central,pc1,0.1,13.668135070800782,-2.995491013280116e-05,0.019001508131623268,3.491411916911602e-06,0.0,1.0
vit_base,10,single_central,pc1,0.25,34.17033767700195,-0.00020610331557691097,0.06055384874343872,1.9204953787266277e-05,0.0,1.0
vit_base,10,single_central,pc1,0.5,68.3406753540039,-0.0009108352242037654,0.34130415320396423,5.976882312097587e-05,0.0,1.0
vit_base,10,single_central,pc1,1.0,136.6813507080078,-0.006249547004699707,1.523506999015808,0.00040710842586122453,0.0,1.0
vit_base,10,single_central,pc1,2.0,273.3627014160156,-0.007617750205099583,2.5999040603637695,0.000923054467421025,0.009999999776482582,0.9899999499320984
vit_base,10,single_central,pc1,4.0,546.7254028320312,0.015164393931627274,3.127577781677246,0.0015181135386228561,0.009999999776482582,0.9899999499320984
vit_base,10,single_central,rand_dir,0.0,0.0,0.0,0.0,0.0,0.0,1.0
vit_base,10,single_central,rand_dir,0.1,13.668135070800782,0.0009945535566657782,0.017950652167201042,1.368836933579587e-06,0.0,1.0
vit_base,10,single_central,rand_dir,0.25,34.17033767700195,0.0023888777941465378,0.04562733694911003,1.1062662451877259e-05,0.0,1.0
vit_base,10,single_central,rand_dir,0.5,68.3406753540039,0.0041679381392896175,0.09659948199987411,4.36368391092401e-05,0.009999999776482582,0.9899999499320984
vit_base,10,single_central,rand_dir,1.0,136.6813507080078,0.008763866499066353,0.2626103460788727,9.264481195714325e-05,0.009999999776482582,0.9899999499320984
vit_base,10,single_central,rand_dir,2.0,273.3627014160156,0.02138812467455864,0.7444434762001038,0.00024480203865095973,0.009999999776482582,0.9899999499320984
vit_base,10,single_central,rand_dir,4.0,546.7254028320312,0.040331993252038956,1.372975468635559,0.0005397560307756066,0.009999999776482582,0.9899999499320984
vit_base,10,single_central,centroid_dir,0.0,0.0,0.0,0.0,0.0,0.0,1.0
vit_base,10,single_central,centroid_dir,0.1,13.668135070800782,0.0019659518729895353,0.03689645975828171,1.3644625141751021e-05,0.0,1.0
vit_base,10,single_central,centroid_dir,0.25,34.17033767700195,0.0032798671163618565,0.07990727573633194,4.456700480659492e-05,0.0,1.0
vit_base,10,single_central,centroid_dir,0.5,68.3406753540039,0.005942382849752903,0.17417411506175995,6.444096652558073e-05,0.009999999776482582,0.9899999499320984
vit_base,10,single_central,centroid_dir,1.0,136.6813507080078,0.007479142863303423,0.30390477180480957,7.979365182109177e-05,0.009999999776482582,0.9899999499320984
vit_base,10,single_central,centroid_dir,2.0,273.3627014160156,0.007077083457261324,0.4469698369503021,9.697146742837504e-05,0.009999999776482582,0.9899999499320984
vit_base,10,single_central,centroid_dir,4.0,546.7254028320312,0.005662517622113228,0.5464483499526978,0.00011089395411545411,0.009999999776482582,0.9899999499320984
vit_base,10,single_corner,jac_top,0.0,0.0,0.0,0.0,0.0,0.0,1.0
vit_base,10,single_corner,jac_top,0.1,13.668135070800782,0.001893706270493567,0.01792442798614502,3.3447369787609205e-05,0.009999999776482582,0.9899999499320984
vit_base,10,single_corner,jac_top,0.25,34.17033767700195,0.004073314368724823,0.07386944442987442,0.00021214052685536444,0.009999999776482582,0.9899999499320984
vit_base,10,single_corner,jac_top,0.5,68.3406753540039,0.010095166973769665,0.3832581341266632,0.001125855022110045,0.009999999776482582,0.9899999499320984
vit_base,10,single_corner,jac_top,1.0,136.6813507080078,0.04538026824593544,1.5158843994140625,0.00564917316660285,0.019999999552965164,0.9799999594688416
vit_base,10,single_corner,jac_top,2.0,273.3627014160156,0.08724401891231537,2.8858516216278076,0.014891470782458782,0.019999999552965164,0.9799999594688416
vit_base,10,single_corner,jac_top,4.0,546.7254028320312,0.1327376365661621,4.126325607299805,0.026913141831755638,0.029999999329447746,0.9699999690055847
vit_base,10,single_corner,jac_null,0.0,0.0,0.0,0.0,0.0,0.0,1.0
vit_base,10,single_corner,jac_null,0.1,13.668135070800782,0.00029416082543320954,0.015857402235269547,1.0605680245134863e-06,0.0,1.0
vit_base,10,single_corner,jac_null,0.25,34.17033767700195,0.0005021762917749584,0.045095596462488174,6.7285445766174234e-06,0.0,1.0
vit_base,10,single_corner,jac_null,0.5,68.3406753540039,-9.485244663665071e-05,0.10822658985853195,2.0013510948047042e-05,0.009999999776482582,0.9899999499320984
vit_base,10,single_corner,jac_null,1.0,136.6813507080078,-0.0033626079093664885,0.2909717261791229,3.8766349462093785e-05,0.009999999776482582,0.9899999499320984
vit_base,10,single_corner,jac_null,2.0,273.3627014160156,-0.006529412232339382,0.8815836906433105,0.0001481006620451808,0.0,1.0
vit_base,10,single_corner,jac_null,4.0,546.7254028320312,-0.0008962154388427734,1.7131301164627075,0.0005364028038457036,0.0,1.0
vit_base,10,single_corner,pc1,0.0,0.0,0.0,0.0,0.0,0.0,1.0
vit_base,10,single_corner,pc1,0.1,13.668135070800782,-0.000627655943389982,0.01442280039191246,1.8976162152739562e-07,0.0,1.0
vit_base,10,single_corner,pc1,0.25,34.17033767700195,-0.0012913417303934693,0.03758509084582329,1.4819204352534143e-06,0.0,1.0
vit_base,10,single_corner,pc1,0.5,68.3406753540039,-0.0015490817604586482,0.1656997799873352,1.1591836482693907e-05,0.0,1.0
vit_base,10,single_corner,pc1,1.0,136.6813507080078,-0.001957549946382642,1.281368374824524,0.0002785980759654194,0.0,1.0
vit_base,10,single_corner,pc1,2.0,273.3627014160156,-0.0004328775394242257,2.4994986057281494,0.0008831469458527863,0.009999999776482582,0.9899999499320984
vit_base,10,single_corner,pc1,4.0,546.7254028320312,0.017469491809606552,3.0713913440704346,0.0015777584630995989,0.009999999776482582,0.9899999499320984
vit_base,10,single_corner,rand_dir,0.0,0.0,0.0,0.0,0.0,0.0,1.0
vit_base,10,single_corner,rand_dir,0.1,13.668135070800782,2.9850004921172513e-06,0.012592918239533901,2.1701852404021338e-07,0.0,1.0
vit_base,10,single_corner,rand_dir,0.25,34.17033767700195,4.8017500375863165e-06,0.03155036270618439,1.363369506179879e-06,0.0,1.0
vit_base,10,single_corner,rand_dir,0.5,68.3406753540039,0.0002926683227997273,0.07147612422704697,5.537792731047375e-06,0.0,1.0
vit_base,10,single_corner,rand_dir,1.0,136.6813507080078,0.004246678203344345,0.24295523762702942,3.992680285591632e-05,0.0,1.0
vit_base,10,single_corner,rand_dir,2.0,273.3627014160156,0.019052863121032715,0.7526564598083496,0.00020057237998116761,0.0,1.0
vit_base,10,single_corner,rand_dir,4.0,546.7254028320312,0.03884505107998848,1.3702665567398071,0.0004903329536318779,0.009999999776482582,0.9899999499320984
vit_base,10,single_corner,centroid_dir,0.0,0.0,0.0,0.0,0.0,0.0,1.0
vit_base,10,single_corner,centroid_dir,0.1,13.668135070800782,-0.000482964504044503,0.026002410799264908,1.1659425354082487e-06,0.0,1.0
vit_base,10,single_corner,centroid_dir,0.25,34.17033767700195,-0.0009497260907664895,0.04561147466301918,3.653340854725684e-06,0.0,1.0
vit_base,10,single_corner,centroid_dir,0.5,68.3406753540039,-0.0010238742688670754,0.07458492368459702,5.1120737225573976e-06,0.0,1.0
vit_base,10,single_corner,centroid_dir,1.0,136.6813507080078,-5.002021498512477e-05,0.18086957931518555,8.264081770903431e-06,0.0,1.0
vit_base,10,single_corner,centroid_dir,2.0,273.3627014160156,0.00029318808810785413,0.3637678325176239,1.7152800865005702e-05,0.0,1.0
vit_base,10,single_corner,centroid_dir,4.0,546.7254028320312,-0.0005359601927921176,0.49578720331192017,2.6331859771744348e-05,0.0,1.0
vit_base,10,global_coherent,jac_top,0.0,0.0,0.0,0.0,0.0,0.0,1.0
vit_base,10,global_coherent,jac_top,0.1,13.668135070800782,0.01003604382276535,0.28809839487075806,0.0007529219728894532,0.009999999776482582,0.9899999499320984
vit_base,10,global_coherent,jac_top,0.25,34.17033767700195,0.02666413225233555,0.7201367020606995,0.004943545442074537,0.009999999776482582,0.9899999499320984
vit_base,10,global_coherent,jac_top,0.5,68.3406753540039,0.05880124494433403,1.4450091123580933,0.0214243121445179,0.019999999552965164,0.9799999594688416
vit_base,10,global_coherent,jac_top,1.0,136.6813507080078,0.13491126894950867,2.970194101333618,0.06926653534173965,0.03999999910593033,0.9599999785423279
vit_base,10,global_coherent,jac_top,2.0,273.3627014160156,0.3577718138694763,6.9633469581604,0.17688962817192078,0.03999999910593033,0.9599999785423279
vit_base,10,global_coherent,jac_top,4.0,546.7254028320312,1.1017441749572754,15.39388370513916,0.8863130807876587,0.32999998331069946,0.6699999570846558
vit_base,10,global_coherent,jac_null,0.0,0.0,0.0,0.0,0.0,0.0,1.0
vit_base,10,global_coherent,jac_null,0.1,13.668135070800782,6.777763337595388e-05,0.1393623948097229,2.8213578389113536e-06,0.0,1.0
vit_base,10,global_coherent,jac_null,0.25,34.17033767700195,0.0004249000339768827,0.34905120730400085,1.794233867258299e-05,0.0,1.0
vit_base,10,global_coherent,jac_null,0.5,68.3406753540039,0.0017094325739890337,0.7006823420524597,7.585592538816854e-05,0.0,1.0
vit_base,10,global_coherent,jac_null,1.0,136.6813507080078,0.006958241108804941,1.4148446321487427,0.00035106902942061424,0.0,1.0
vit_base,10,global_coherent,jac_null,2.0,273.3627014160156,0.029471082612872124,2.9062397480010986,0.0020781701896339655,0.009999999776482582,0.9899999499320984
vit_base,10,global_coherent,jac_null,4.0,546.7254028320312,0.14028207957744598,6.244900226593018,0.019688036292791367,0.019999999552965164,0.9799999594688416
vit_base,10,global_coherent,pc1,0.0,0.0,0.0,0.0,0.0,0.0,1.0
vit_base,10,global_coherent,pc1,0.1,13.668135070800782,-0.0032451723236590624,0.11051969230175018,3.2534915135329356e-06,0.0,1.0
vit_base,10,global_coherent,pc1,0.25,34.17033767700195,-0.007870616391301155,0.2764284014701843,2.0661353119066916e-05,0.0,1.0
vit_base,10,global_coherent,pc1,0.5,68.3406753540039,-0.014905891381204128,0.5530449748039246,8.6241438111756e-05,0.0,1.0
vit_base,10,global_coherent,pc1,1.0,136.6813507080078,-0.02628137543797493,1.105392575263977,0.0003847633197437972,0.0,1.0
vit_base,10,global_coherent,pc1,2.0,273.3627014160156,-0.036955226212739944,2.202136516571045,0.002013802295550704,0.009999999776482582,0.9899999499320984
vit_base,10,global_coherent,pc1,4.0,546.7254028320312,-0.005751223303377628,4.276264667510986,0.013786754570901394,0.019999999552965164,0.9799999594688416
vit_base,10,global_coherent,rand_dir,0.0,0.0,0.0,0.0,0.0,0.0,1.0
vit_base,10,global_coherent,rand_dir,0.1,13.668135070800782,0.007802519481629133,0.16605260968208313,2.0319566829130054e-05,0.0,1.0
vit_base,10,global_coherent,rand_dir,0.25,34.17033767700195,0.019916754215955734,0.4132484793663025,0.00012642388173844665,0.0,1.0
vit_base,10,global_coherent,rand_dir,0.5,68.3406753540039,0.041141167283058167,0.8202224373817444,0.0005024825222790241,0.009999999776482582,0.9899999499320984
vit_base,10,global_coherent,rand_dir,1.0,136.6813507080078,0.08712568134069443,1.6157207489013672,0.001995496451854706,0.009999999776482582,0.9899999499320984
vit_base,10,global_coherent,rand_dir,2.0,273.3627014160156,0.19095836579799652,3.1417436599731445,0.008074293844401836,0.029999999329447746,0.9699999690055847
vit_base,10,global_coherent,rand_dir,4.0,546.7254028320312,0.43409502506256104,6.047441482543945,0.034693218767642975,0.04999999701976776,0.949999988079071
vit_base,10,global_coherent,centroid_dir,0.0,0.0,0.0,0.0,0.0,0.0,1.0
vit_base,10,global_coherent,centroid_dir,0.1,13.668135070800782,0.01682438887655735,0.2965148687362671,4.1094590415013954e-05,0.0,1.0
vit_base,10,global_coherent,centroid_dir,0.25,34.17033767700195,0.04286094009876251,0.7391064167022705,0.0002504392759874463,0.0,1.0
vit_base,10,global_coherent,centroid_dir,0.5,68.3406753540039,0.0881887823343277,1.4684876203536987,0.0009878186974674463,0.0,1.0
vit_base,10,global_coherent,centroid_dir,1.0,136.6813507080078,0.18683406710624695,2.8877129554748535,0.004083080682903528,0.0,1.0
vit_base,10,global_coherent,centroid_dir,2.0,273.3627014160156,0.40882396697998047,5.484012126922607,0.02141541615128517,0.009999999776482582,0.9899999499320984
vit_base,10,global_coherent,centroid_dir,4.0,546.7254028320312,0.9452807307243347,9.390939712524414,0.1454782783985138,0.019999999552965164,0.9799999594688416
vit_base,10,random_sign,jac_top,0.0,0.0,0.0,0.0,0.0,0.0,1.0
vit_base,10,random_sign,jac_top,0.1,13.668135070800782,0.0013352918904274702,0.03013569675385952,5.531604074349161e-06,0.0,1.0
vit_base,10,random_sign,jac_top,0.25,34.17033767700195,0.0038655423559248447,0.07830356061458588,4.864693619310856e-05,0.009999999776482582,0.9899999499320984
vit_base,10,random_sign,jac_top,0.5,68.3406753540039,0.008971466682851315,0.17069940268993378,0.0003304359852336347,0.009999999776482582,0.9899999499320984
vit_base,10,random_sign,jac_top,1.0,136.6813507080078,0.023590458557009697,0.42603424191474915,0.0027111785020679235,0.009999999776482582,0.9899999499320984
vit_base,10,random_sign,jac_top,2.0,273.3627014160156,0.0564364455640316,1.4847757816314697,0.017093924805521965,0.029999999329447746,0.9699999690055847
vit_base,10,random_sign,jac_top,4.0,546.7254028320312,0.1957177072763443,5.779624938964844,0.07793732732534409,0.07999999821186066,0.9199999570846558
vit_base,10,random_sign,jac_null,0.0,0.0,0.0,0.0,0.0,0.0,1.0
vit_base,10,random_sign,jac_null,0.1,13.668135070800782,-1.7170905266539194e-05,0.022595824673771858,2.9594519901365857e-07,0.0,1.0
vit_base,10,random_sign,jac_null,0.25,34.17033767700195,-0.00013890743139199913,0.05750805884599686,1.834521526689059e-06,0.0,1.0
vit_base,10,random_sign,jac_null,0.5,68.3406753540039,-0.000589613919146359,0.12105963379144669,8.221612915804144e-06,0.0,1.0
vit_base,10,random_sign,jac_null,1.0,136.6813507080078,-0.0023470257874578238,0.2811667323112488,4.452346547623165e-05,0.0,1.0
vit_base,10,random_sign,jac_null,2.0,273.3627014160156,-0.00827054027467966,0.7768021821975708,0.00034273011260665953,0.009999999776482582,0.9899999499320984
vit_base,10,random_sign,jac_null,4.0,546.7254028320312,-0.016844410449266434,2.4559242725372314,0.003946630284190178,0.019999999552965164,0.9799999594688416
vit_base,10,random_sign,pc1,0.0,0.0,0.0,0.0,0.0,0.0,1.0
vit_base,10,random_sign,pc1,0.1,13.668135070800782,-0.0001012992870528251,0.02073567733168602,3.093643954343861e-07,0.0,1.0
vit_base,10,random_sign,pc1,0.25,34.17033767700195,-3.540515899658203e-05,0.05153685435652733,1.911031858981005e-06,0.0,1.0
vit_base,10,random_sign,pc1,0.5,68.3406753540039,0.0006495237466879189,0.10325919836759567,7.5202478910796344e-06,0.0,1.0
vit_base,10,random_sign,pc1,1.0,136.6813507080078,0.004100370220839977,0.2154201716184616,3.155725062242709e-05,0.0,1.0
vit_base,10,random_sign,pc1,2.0,273.3627014160156,0.01823904924094677,0.5092823505401611,0.00016077837790362537,0.0,1.0
vit_base,10,random_sign,pc1,4.0,546.7254028320312,0.06263928860425949,1.406800389289856,0.0012208417756482959,0.009999999776482582,0.9899999499320984
vit_base,10,random_sign,rand_dir,0.0,0.0,0.0,0.0,0.0,0.0,1.0
vit_base,10,random_sign,rand_dir,0.1,13.668135070800782,0.00044825553777627647,0.021884512156248093,2.618390055886266e-07,0.0,1.0
vit_base,10,random_sign,rand_dir,0.25,34.17033767700195,0.001103196176700294,0.05527152121067047,1.6382941794290673e-06,0.0,1.0
vit_base,10,random_sign,rand_dir,0.5,68.3406753540039,0.0021435499656945467,0.11480079591274261,7.204655503301183e-06,0.0,1.0
vit_base,10,random_sign,rand_dir,1.0,136.6813507080078,0.0040430594235658646,0.26060160994529724,3.8975551433395594e-05,0.0,1.0
vit_base,10,random_sign,rand_dir,2.0,273.3627014160156,0.007427115458995104,0.7033206820487976,0.0003154446021653712,0.0,1.0
vit_base,10,random_sign,rand_dir,4.0,546.7254028320312,0.021357331424951553,2.1972923278808594,0.00387027976103127,0.009999999776482582,0.9899999499320984
vit_base,10,random_sign,centroid_dir,0.0,0.0,0.0,0.0,0.0,0.0,1.0
vit_base,10,random_sign,centroid_dir,0.1,13.668135070800782,0.00037237166543491185,0.0599992461502552,2.3416428120981436e-06,0.0,1.0
vit_base,10,random_sign,centroid_dir,0.25,34.17033767700195,-0.00039586066850461066,0.1550801694393158,1.5001250176283065e-05,0.0,1.0
vit_base,10,random_sign,centroid_dir,0.5,68.3406753540039,-0.005057277623564005,0.3497990369796753,7.25602512829937e-05,0.009999999776482582,0.9899999499320984
vit_base,10,random_sign,centroid_dir,1.0,136.6813507080078,-0.02581668272614479,0.956011176109314,0.000506768876221031,0.009999999776482582,0.9899999499320984
vit_base,10,random_sign,centroid_dir,2.0,273.3627014160156,-0.08905354142189026,3.064934253692627,0.005289875902235508,0.009999999776482582,0.9899999499320984
vit_base,10,random_sign,centroid_dir,4.0,546.7254028320312,0.06257356703281403,8.753792762756348,0.07209550589323044,0.03999999910593033,0.9599999785423279
vit_base,10,random_gaussian,jac_top,0.0,0.0,0.0,0.0,0.0,0.0,1.0
vit_base,10,random_gaussian,jac_top,0.1,13.668135070800782,0.00153179164044559,0.031835008412599564,7.240376362460665e-06,0.0,1.0
vit_base,10,random_gaussian,jac_top,0.25,34.17033767700195,0.0038949870504438877,0.08235719799995422,5.507871537702158e-05,0.009999999776482582,0.9899999499320984
vit_base,10,random_gaussian,jac_top,0.5,68.3406753540039,0.008839378133416176,0.18009069561958313,0.00034628473804332316,0.009999999776482582,0.9899999499320984
vit_base,10,random_gaussian,jac_top,1.0,136.6813507080078,0.020942678675055504,0.4711144268512726,0.002302528591826558,0.009999999776482582,0.9899999499320984
vit_base,10,random_gaussian,jac_top,2.0,273.3627014160156,0.055372245609760284,1.807620644569397,0.014449927024543285,0.019999999552965164,0.9799999594688416
vit_base,10,random_gaussian,jac_top,4.0,546.7254028320312,0.23642659187316895,6.211434364318848,0.06772028654813766,0.03999999910593033,0.9599999785423279
vit_base,10,random_gaussian,jac_null,0.0,0.0,0.0,0.0,0.0,0.0,1.0
vit_base,10,random_gaussian,jac_null,0.1,13.668135070800782,-1.060008980857674e-05,0.024530010297894478,4.1666206129775674e-07,0.0,1.0
vit_base,10,random_gaussian,jac_null,0.25,34.17033767700195,-0.000143656725413166,0.06260517239570618,2.619759015942691e-06,0.0,1.0
vit_base,10,random_gaussian,jac_null,0.5,68.3406753540039,-0.0006587314419448376,0.1318633258342743,1.0992745046678465e-05,0.0,1.0
vit_base,10,random_gaussian,jac_null,1.0,136.6813507080078,-0.002672324189916253,0.3034168481826782,5.254741699900478e-05,0.0,1.0
vit_base,10,random_gaussian,jac_null,2.0,273.3627014160156,-0.009280461817979813,0.8130595684051514,0.00033525846083648503,0.009999999776482582,0.9899999499320984
vit_base,10,random_gaussian,jac_null,4.0,546.7254028320312,-0.019276631996035576,2.43906831741333,0.003195773344486952,0.019999999552965164,0.9799999594688416
vit_base,10,random_gaussian,pc1,0.0,0.0,0.0,0.0,0.0,0.0,1.0
vit_base,10,random_gaussian,pc1,0.1,13.668135070800782,-0.00014894484775140882,0.020747117698192596,2.3321480568938568e-07,0.0,1.0
vit_base,10,random_gaussian,pc1,0.25,34.17033767700195,-0.0001875066664069891,0.05148189514875412,1.2843916010751855e-06,0.0,1.0
vit_base,10,random_gaussian,pc1,0.5,68.3406753540039,0.00022830485249869525,0.10298215597867966,5.3417029448610265e-06,0.0,1.0
vit_base,10,random_gaussian,pc1,1.0,136.6813507080078,0.002751636551693082,0.2152077555656433,2.5435983843635768e-05,0.0,1.0
vit_base,10,random_gaussian,pc1,2.0,273.3627014160156,0.012881416827440262,0.5243340134620667,0.00014929861936252564,0.009999999776482582,0.9899999499320984
vit_base,10,random_gaussian,pc1,4.0,546.7254028320312,0.03684891760349274,1.4325355291366577,0.0009895397815853357,0.009999999776482582,0.9899999499320984
vit_base,10,random_gaussian,rand_dir,0.0,0.0,0.0,0.0,0.0,0.0,1.0
vit_base,10,random_gaussian,rand_dir,0.1,13.668135070800782,0.0002834844635799527,0.023487262427806854,3.084400646002905e-07,0.0,1.0
vit_base,10,random_gaussian,rand_dir,0.25,34.17033767700195,0.000681648263707757,0.058914653956890106,1.8817372620105743e-06,0.0,1.0
vit_base,10,random_gaussian,rand_dir,0.5,68.3406753540039,0.0012696695048362017,0.12056831270456314,7.786238711560145e-06,0.0,1.0
vit_base,10,random_gaussian,rand_dir,1.0,136.6813507080078,0.0022178743965923786,0.2651924192905426,3.7305911973817274e-05,0.0,1.0
vit_base,10,random_gaussian,rand_dir,2.0,273.3627014160156,0.0037440394517034292,0.6839038133621216,0.00024369891616515815,0.0,1.0
vit_base,10,random_gaussian,rand_dir,4.0,546.7254028320312,0.010765528306365013,2.04844331741333,0.002225443022325635,0.009999999776482582,0.9899999499320984
vit_base,10,random_gaussian,centroid_dir,0.0,0.0,0.0,0.0,0.0,0.0,1.0
vit_base,10,random_gaussian,centroid_dir,0.1,13.668135070800782,0.0008700990583747625,0.05868978425860405,3.786803972616326e-06,0.0,1.0
vit_base,10,random_gaussian,centroid_dir,0.25,34.17033767700195,0.000936965923756361,0.14786969125270844,2.31481153605273e-05,0.0,1.0
vit_base,10,random_gaussian,centroid_dir,0.5,68.3406753540039,-0.0021736908238381147,0.3303457498550415,9.968351514544338e-05,0.0,1.0
vit_base,10,random_gaussian,centroid_dir,1.0,136.6813507080078,-0.019537819549441338,0.9594499468803406,0.0005916209192946553,0.009999999776482582,0.9899999499320984
vit_base,10,random_gaussian,centroid_dir,2.0,273.3627014160156,-0.07686171680688858,3.433495044708252,0.006644817069172859,0.009999999776482582,0.9899999499320984
vit_base,10,random_gaussian,centroid_dir,4.0,546.7254028320312,0.33722129464149475,12.220784187316895,0.1464480459690094,0.04999999701976776,0.949999988079071
vit_base,10,spatial_cluster_25%,jac_top,0.0,0.0,0.0,0.0,0.0,0.0,1.0
vit_base,10,spatial_cluster_25%,jac_top,0.1,13.668135070800782,0.010224723257124424,0.19008426368236542,0.00044683238957077265,0.009999999776482582,0.9899999499320984
vit_base,10,spatial_cluster_25%,jac_top,0.25,34.17033767700195,0.026204561814665794,0.47925814986228943,0.003024826291948557,0.009999999776482582,0.9899999499320984
vit_base,10,spatial_cluster_25%,jac_top,0.5,68.3406753540039,0.05475594103336334,0.9799528121948242,0.013308241032063961,0.019999999552965164,0.9799999594688416
vit_base,10,spatial_cluster_25%,jac_top,1.0,136.6813507080078,0.11435586959123611,2.2583460807800293,0.046941593289375305,0.029999999329447746,0.9699999690055847
vit_base,10,spatial_cluster_25%,jac_top,2.0,273.3627014160156,0.2712576687335968,5.842695236206055,0.12358666956424713,0.04999999701976776,0.949999988079071
vit_base,10,spatial_cluster_25%,jac_top,4.0,546.7254028320312,0.7347431778907776,12.076346397399902,0.48377013206481934,0.19999998807907104,0.7999999523162842
vit_base,10,spatial_cluster_25%,jac_null,0.0,0.0,0.0,0.0,0.0,0.0,1.0
vit_base,10,spatial_cluster_25%,jac_null,0.1,13.668135070800782,-0.0008937024977058172,0.08457647264003754,3.2575194381934125e-06,0.0,1.0
vit_base,10,spatial_cluster_25%,jac_null,0.25,34.17033767700195,-0.0020876359194517136,0.21265411376953125,1.958450229722075e-05,0.0,1.0
vit_base,10,spatial_cluster_25%,jac_null,0.5,68.3406753540039,-0.0036758421920239925,0.43028685450553894,7.517881749663502e-05,0.0,1.0
vit_base,10,spatial_cluster_25%,jac_null,1.0,136.6813507080078,-0.005313758738338947,0.887926459312439,0.0002895392826758325,0.0,1.0
vit_base,10,spatial_cluster_25%,jac_null,2.0,273.3627014160156,-0.0011346720857545733,1.934206247329712,0.001284032128751278,0.0,1.0
vit_base,10,spatial_cluster_25%,jac_null,4.0,546.7254028320312,0.057338494807481766,4.6384735107421875,0.010357873514294624,0.029999999329447746,0.9699999690055847
vit_base,10,spatial_cluster_25%,pc1,0.0,0.0,0.0,0.0,0.0,0.0,1.0
vit_base,10,spatial_cluster_25%,pc1,0.1,13.668135070800782,-0.0005771446158178151,0.09325335919857025,4.582144356390927e-06,0.0,1.0
vit_base,10,spatial_cluster_25%,pc1,0.25,34.17033767700195,-0.0009902286110445857,0.2325304001569748,2.970159039250575e-05,0.0,1.0
vit_base,10,spatial_cluster_25%,pc1,0.5,68.3406753540039,-0.0004975032643415034,0.46246665716171265,0.0001276778057217598,0.0,1.0
vit_base,10,spatial_cluster_25%,pc1,1.0,136.6813507080078,0.004504112992435694,0.9100432991981506,0.0005859789089299738,0.0,1.0
vit_base,10,spatial_cluster_25%,pc1,2.0,273.3627014160156,0.025867976248264313,1.7318780422210693,0.0028338038828223944,0.009999999776482582,0.9899999499320984
vit_base,10,spatial_cluster_25%,pc1,4.0,546.7254028320312,0.07265953719615936,3.0346362590789795,0.011528408154845238,0.009999999776482582,0.9899999499320984
vit_base,10,spatial_cluster_25%,rand_dir,0.0,0.0,0.0,0.0,0.0,0.0,1.0
vit_base,10,spatial_cluster_25%,rand_dir,0.1,13.668135070800782,0.007077717687934637,0.10488248616456985,1.6011334082577378e-05,0.0,1.0
vit_base,10,spatial_cluster_25%,rand_dir,0.25,34.17033767700195,0.017946485430002213,0.2606855034828186,0.00010002993076341227,0.0,1.0
vit_base,10,spatial_cluster_25%,rand_dir,0.5,68.3406753540039,0.03658662363886833,0.5167146921157837,0.00039849424501881003,0.009999999776482582,0.9899999499320984
vit_base,10,spatial_cluster_25%,rand_dir,1.0,136.6813507080078,0.0751885250210762,1.0169328451156616,0.0015700033400207758,0.009999999776482582,0.9899999499320984
vit_base,10,spatial_cluster_25%,rand_dir,2.0,273.3627014160156,0.15387211740016937,1.980290174484253,0.005967254284769297,0.019999999552965164,0.9799999594688416
vit_base,10,spatial_cluster_25%,rand_dir,4.0,546.7254028320312,0.2993544042110443,3.8427016735076904,0.019284477457404137,0.03999999910593033,0.9599999785423279
vit_base,10,spatial_cluster_25%,centroid_dir,0.0,0.0,0.0,0.0,0.0,0.0,1.0
vit_base,10,spatial_cluster_25%,centroid_dir,0.1,13.668135070800782,0.017310146242380142,0.24412372708320618,4.096570410183631e-05,0.0,1.0
vit_base,10,spatial_cluster_25%,centroid_dir,0.25,34.17033767700195,0.04255243390798569,0.5864569544792175,0.00024866091553121805,0.0,1.0
vit_base,10,spatial_cluster_25%,centroid_dir,0.5,68.3406753540039,0.08277685195207596,1.0998190641403198,0.0009552028495818377,0.0,1.0
vit_base,10,spatial_cluster_25%,centroid_dir,1.0,136.6813507080078,0.15650933980941772,1.9535741806030273,0.003486691042780876,0.0,1.0
vit_base,10,spatial_cluster_25%,centroid_dir,2.0,273.3627014160156,0.2806354761123657,3.192657947540283,0.011055703274905682,0.0,1.0
vit_base,10,spatial_cluster_25%,centroid_dir,4.0,546.7254028320312,0.40761104226112366,4.592695236206055,0.024881184101104736,0.019999999552965164,0.9799999594688416
vit_base,10,checkerboard,jac_top,0.0,0.0,0.0,0.0,0.0,0.0,1.0
vit_base,10,checkerboard,jac_top,0.1,13.668135070800782,0.00041953561594709754,0.024270648136734962,1.389002363794134e-06,0.0,1.0
vit_base,10,checkerboard,jac_top,0.25,34.17033767700195,0.0014246320351958275,0.0640300065279007,1.5511921446886845e-05,0.0,1.0
vit_base,10,checkerboard,jac_top,0.5,68.3406753540039,0.004212841857224703,0.14348044991493225,0.0001349920785287395,0.009999999776482582,0.9899999499320984
vit_base,10,checkerboard,jac_top,1.0,136.6813507080078,0.014229392632842064,0.37630847096443176,0.0013558268547058105,0.009999999776482582,0.9899999499320984
vit_base,10,checkerboard,jac_top,2.0,273.3627014160156,0.04622691124677658,1.4062960147857666,0.011373188346624374,0.019999999552965164,0.9799999594688416
vit_base,10,checkerboard,jac_top,4.0,546.7254028320312,0.19216209650039673,5.644169330596924,0.07075398415327072,0.07000000029802322,0.9300000071525574
vit_base,10,checkerboard,jac_null,0.0,0.0,0.0,0.0,0.0,0.0,1.0
vit_base,10,checkerboard,jac_null,0.1,13.668135070800782,0.00022689819161314517,0.020047396421432495,1.910421900674919e-07,0.0,1.0
vit_base,10,checkerboard,jac_null,0.25,34.17033767700195,0.0004657268291339278,0.05092235282063484,1.0829977554749348e-06,0.0,1.0
vit_base,10,checkerboard,jac_null,0.5,68.3406753540039,0.0005887746810913086,0.10780151933431625,4.909932613372803e-06,0.0,1.0
vit_base,10,checkerboard,jac_null,1.0,136.6813507080078,-0.00016748427879065275,0.25685328245162964,2.934211806859821e-05,0.0,1.0
vit_base,10,checkerboard,jac_null,2.0,273.3627014160156,-0.0048339031636714935,0.7378471493721008,0.0002613762626424432,0.0,1.0
vit_base,10,checkerboard,jac_null,4.0,546.7254028320312,-0.011449079029262066,2.386590003967285,0.003278755582869053,0.019999999552965164,0.9799999594688416
vit_base,10,checkerboard,pc1,0.0,0.0,0.0,0.0,0.0,0.0,1.0
vit_base,10,checkerboard,pc1,0.1,13.668135070800782,-0.00013846397632732987,0.016243362799286842,1.9035766740671534e-07,0.0,1.0
vit_base,10,checkerboard,pc1,0.25,34.17033767700195,-0.00013153075997252017,0.040760088711977005,9.589641649654368e-07,0.0,1.0
vit_base,10,checkerboard,pc1,0.5,68.3406753540039,0.0004437208117451519,0.08358925580978394,3.9288120206038e-06,0.0,1.0
vit_base,10,checkerboard,pc1,1.0,136.6813507080078,0.0036218545865267515,0.1850948929786682,1.791909380699508e-05,0.0,1.0
vit_base,10,checkerboard,pc1,2.0,273.3627014160156,0.017044687643647194,0.480913907289505,0.00011335447197780013,0.0,1.0
vit_base,10,checkerboard,pc1,4.0,546.7254028320312,0.060605816543102264,1.4180560111999512,0.0010924760717898607,0.019999999552965164,0.9799999594688416
vit_base,10,checkerboard,rand_dir,0.0,0.0,0.0,0.0,0.0,0.0,1.0
vit_base,10,checkerboard,rand_dir,0.1,13.668135070800782,0.0003208208072464913,0.019749533385038376,1.50203703697116e-07,0.0,1.0
vit_base,10,checkerboard,rand_dir,0.25,34.17033767700195,0.0007857370073907077,0.05018169805407524,9.267450877814554e-07,0.0,1.0
vit_base,10,checkerboard,rand_dir,0.5,68.3406753540039,0.001511907554231584,0.1057252287864685,4.474860361369792e-06,0.0,1.0
vit_base,10,checkerboard,rand_dir,1.0,136.6813507080078,0.002790045691654086,0.2473670095205307,2.855935053958092e-05,0.0,1.0
vit_base,10,checkerboard,rand_dir,2.0,273.3627014160156,0.004910082556307316,0.6909395456314087,0.0002703556383494288,0.0,1.0
vit_base,10,checkerboard,rand_dir,4.0,546.7254028320312,0.015072926878929138,2.2042698860168457,0.003607512218877673,0.019999999552965164,0.9799999594688416
vit_base,10,checkerboard,centroid_dir,0.0,0.0,0.0,0.0,0.0,0.0,1.0
vit_base,10,checkerboard,centroid_dir,0.1,13.668135070800782,-0.0009369039325974882,0.05098864436149597,2.6519735456531635e-06,0.0,1.0
vit_base,10,checkerboard,centroid_dir,0.25,34.17033767700195,-0.0036587428767234087,0.13686834275722504,1.8017104594036937e-05,0.0,1.0
vit_base,10,checkerboard,centroid_dir,0.5,68.3406753540039,-0.011540303006768227,0.33250948786735535,9.102723561227322e-05,0.0,1.0
vit_base,10,checkerboard,centroid_dir,1.0,136.6813507080078,-0.03821399435400963,0.971933126449585,0.0006262785755097866,0.0,1.0
vit_base,10,checkerboard,centroid_dir,2.0,273.3627014160156,-0.10795623809099197,3.1467103958129883,0.006119705270975828,0.019999999552965164,0.9799999594688416
vit_base,10,checkerboard,centroid_dir,4.0,546.7254028320312,0.050933897495269775,8.875330924987793,0.07607429474592209,0.03999999910593033,0.9599999785423279
vit_base,10,smooth_spatial,jac_top,0.0,0.0,0.0,0.0,0.0,0.0,1.0
vit_base,10,smooth_spatial,jac_top,0.1,13.668135070800782,0.0005576324183493853,0.04828515276312828,2.672689879545942e-05,0.0,1.0
vit_base,10,smooth_spatial,jac_top,0.25,34.17033767700195,0.0017007064307108521,0.12070178985595703,0.00016035817679949105,0.0,1.0
vit_base,10,smooth_spatial,jac_top,0.5,68.3406753540039,0.004395947325974703,0.24524334073066711,0.0006439532153308392,0.0,1.0
vit_base,10,smooth_spatial,jac_top,1.0,136.6813507080078,0.010877327993512154,0.5400846600532532,0.003669481724500656,0.0,1.0
vit_base,10,smooth_spatial,jac_top,2.0,273.3627014160156,0.027180565521121025,1.6256065368652344,0.01870965026319027,0.029999999329447746,0.9699999690055847
vit_base,10,smooth_spatial,jac_top,4.0,546.7254028320312,0.15780100226402283,5.570947647094727,0.060747843235731125,0.07000000029802322,0.9300000071525574
vit_base,10,smooth_spatial,jac_null,0.0,0.0,0.0,0.0,0.0,0.0,1.0
vit_base,10,smooth_spatial,jac_null,0.1,13.668135070800782,0.0001253557129530236,0.03609688952565193,7.74734644437558e-07,0.0,1.0
vit_base,10,smooth_spatial,jac_null,0.25,34.17033767700195,0.0002168226201320067,0.09064405411481857,4.885331691184547e-06,0.0,1.0
vit_base,10,smooth_spatial,jac_null,0.5,68.3406753540039,0.00010960101644741371,0.18402166664600372,2.0601804862963036e-05,0.0,1.0
vit_base,10,smooth_spatial,jac_null,1.0,136.6813507080078,-0.0010807275539264083,0.388333261013031,9.523238986730576e-05,0.0,1.0
vit_base,10,smooth_spatial,jac_null,2.0,273.3627014160156,-0.006873684003949165,0.9072834849357605,0.0005167628987692297,0.009999999776482582,0.9899999499320984
vit_base,10,smooth_spatial,jac_null,4.0,546.7254028320312,-0.022904757410287857,2.438326120376587,0.0035139364190399647,0.019999999552965164,0.9799999594688416
vit_base,10,smooth_spatial,pc1,0.0,0.0,0.0,0.0,0.0,0.0,1.0
vit_base,10,smooth_spatial,pc1,0.1,13.668135070800782,-0.0006490945816040039,0.03606989234685898,8.513463853887515e-07,0.0,1.0
vit_base,10,smooth_spatial,pc1,0.25,34.17033767700195,-0.0014349460834637284,0.09005393087863922,5.0838525567087345e-06,0.0,1.0
vit_base,10,smooth_spatial,pc1,0.5,68.3406753540039,-0.0022303962614387274,0.18010039627552032,1.9964398234151304e-05,0.0,1.0
vit_base,10,smooth_spatial,pc1,1.0,136.6813507080078,-0.0018646812532097101,0.36282721161842346,7.808265218045563e-05,0.0,1.0
vit_base,10,smooth_spatial,pc1,2.0,273.3627014160156,0.00595402205362916,0.7489632368087769,0.00031394039979204535,0.009999999776482582,0.9899999499320984
vit_base,10,smooth_spatial,pc1,4.0,546.7254028320312,0.03489682078361511,1.6199417114257812,0.0014320717891678214,0.019999999552965164,0.9799999594688416
vit_base,10,smooth_spatial,rand_dir,0.0,0.0,0.0,0.0,0.0,0.0,1.0
vit_base,10,smooth_spatial,rand_dir,0.1,13.668135070800782,0.0001973485923372209,0.03446619585156441,1.8604728211357724e-06,0.0,1.0
vit_base,10,smooth_spatial,rand_dir,0.25,34.17033767700195,0.0004759836010634899,0.08674132823944092,1.1850884220621083e-05,0.0,1.0
vit_base,10,smooth_spatial,rand_dir,0.5,68.3406753540039,0.0008886337163858116,0.17649486660957336,4.978783181286417e-05,0.0,1.0
vit_base,10,smooth_spatial,rand_dir,1.0,136.6813507080078,0.0014950847253203392,0.371947705745697,0.00022025560610927641,0.0,1.0
vit_base,10,smooth_spatial,rand_dir,2.0,273.3627014160156,0.001668205251917243,0.8565105199813843,0.001074848580174148,0.009999999776482582,0.9899999499320984
vit_base,10,smooth_spatial,rand_dir,4.0,546.7254028320312,0.0022045469377189875,2.224353075027466,0.005250383634120226,0.029999999329447746,0.9699999690055847
vit_base,10,smooth_spatial,centroid_dir,0.0,0.0,0.0,0.0,0.0,0.0,1.0
vit_base,10,smooth_spatial,centroid_dir,0.1,13.668135070800782,0.00039084910531528294,0.09190673381090164,7.11197708369582e-06,0.0,1.0
vit_base,10,smooth_spatial,centroid_dir,0.25,34.17033767700195,0.0006692599854432046,0.23269084095954895,4.5441694965120405e-05,0.0,1.0
vit_base,10,smooth_spatial,centroid_dir,0.5,68.3406753540039,0.0005230331444181502,0.49699366092681885,0.00020142599532846361,0.009999999776482582,0.9899999499320984
vit_base,10,smooth_spatial,centroid_dir,1.0,136.6813507080078,-0.00221423152834177,1.2275283336639404,0.00112067349255085,0.009999999776482582,0.9899999499320984
vit_base,10,smooth_spatial,centroid_dir,2.0,273.3627014160156,-0.017169756814837456,3.5542917251586914,0.010557679459452629,0.019999999552965164,0.9799999594688416
vit_base,10,smooth_spatial,centroid_dir,4.0,546.7254028320312,0.3335651457309723,11.722208976745605,0.14382882416248322,0.05999999865889549,0.9399999976158142
